DIVIPOLA,viviendas_ocupadas_2018,hogares_por_vivienda,pct_viviendas_multihogar,pct_paredes_precarias,pct_paredes_tapia_bahareque_adobe,pct_paredes_madera_burda,pct_paredes_desecho_sin_paredes,pct_pisos_tierra,pct_pisos_madera_burda,pct_sin_energia,pct_acueducto,pct_alcantarillado,pct_recoleccion_basuras,pct_internet,pct_viviendas_rurales,nbi_pct,miseria_pct,nbi_vivienda_pct,nbi_servicios_pct,nbi_hacinamiento_pct,nbi_rural_pct,deficit_cuantitativo_pct,deficit_cualitativo_pct,deficit_habitacional_pct,poblacion_2018,pct_pob_rural,pct_pob_rural_disperso,pct_pob_0a4,pct_pob_65mas,personas_por_vivienda,area_km2,densidad_hab_km2,imputado
05001,798063.0,1.0215,1.6251,0.784,1.0811,0.7291,0.0416,0.2446,0.5879,0.4844,98.3901,97.152,98.8953,66.2493,1.6787,5.2304,0.4173,0.2846,0.1887,1.5554,8.5683,2.0247,12.9794,15.0041,2372330.0,1.6795,0.835,5.1599,10.603,2.9726,374.7113,6331.0878,0
05002,5935.0,1.0157,1.2805,0.8256,68.711,0.6908,0.0168,1.6007,4.5493,0.9941,68.6268,43.6394,43.4204,19.1407,57.877,13.9589,1.3657,0.3756,0.4951,2.6632,17.3464,1.4103,49.9917,51.402,17599.0,60.4693,57.9862,5.2446,12.8075,2.9653,506.926,34.7171,0
05004,738.0,1.0515,4.878,15.1762,13.2791,14.6341,0.271,3.252,14.6341,5.2846,65.5827,50.9485,42.5474,10.2981,60.8401,11.6301,1.2144,1.7282,1.588,2.3354,15.0035,15.8505,43.1701,59.0206,2159.0,67.207,63.0384,6.0676,12.1816,2.9255,296.3448,7.2854,0
05021,1371.0,1.0095,0.6565,4.2305,7.0751,4.0846,0.1459,2.5529,3.7199,1.0941,73.1583,58.4974,59.5186,13.5667,40.919,12.6764,0.8887,0.7057,0.0784,1.9864,20.4433,4.552,32.7312,37.2832,3839.0,42.3027,42.3027,6.5903,12.7377,2.8001,128.87,29.7897,0
05030,8725.0,1.0182,1.5244,1.0888,21.1347,0.8596,0.1375,1.4327,0.5845,1.2837,95.5759,92.745,83.8395,24.9169,51.6332,9.6639,0.9368,0.5283,0.2773,2.3682,11.3899,2.1614,42.7446,44.906,26821.0,51.4112,21.1923,5.4249,9.9698,3.074,84.0369,319.1574,0
05031,6570.0,1.0347,2.9528,25.5708,7.1385,22.3288,3.0441,9.6956,6.8798,9.9087,59.0107,56.5449,63.1811,21.6286,42.1157,22.3772,4.9352,8.8923,2.984,4.6174,36.924,26.8501,24.1577,51.0078,20265.0,42.339,41.2929,6.4989,8.4974,3.0845,1208.8004,16.7646,0
05034,12078.0,1.0136,1.1674,1.8712,8.4203,1.54,0.2318,0.6872,2.1361,1.1177,68.0576,54.206,70.9472,19.8791,49.3045,12.2883,1.4476,0.5266,1.3828,2.7466,14.6978,2.3595,52.5479,54.9074,38144.0,49.709,40.722,5.786,10.4237,3.1581,401.9502,94.8973,0
05036,1716.0,1.0035,0.3497,2.8555,25.5828,2.5641,0.2914,2.2727,1.1072,1.5152,88.5781,64.2774,80.8858,37.1795,59.0326,13.0261,1.536,1.1969,0.0997,4.628,15.9292,3.4843,47.7352,51.2195,5027.0,60.6923,41.2771,5.5699,11.4183,2.9295,81.8831,61.3924,0
05038,3134.0,1.0581,5.1691,1.0211,55.9987,0.7658,0.0957,10.1149,0.5743,1.9783,74.3778,24.3778,30.8551,8.5833,73.3567,20.5238,3.0762,0.3905,1.0571,7.2286,23.4903,2.2919,67.4306,69.7226,10500.0,77.4381,73.6952,6.6667,9.0381,3.3504,338.3308,31.0347,0
05040,4597.0,1.0313,2.6539,30.4329,6.4607,27.953,2.1971,8.2445,6.4172,11.4858,52.0992,40.0044,55.1012,10.1806,51.7076,27.9961,7.8262,7.17,7.2322,7.2253,36.5565,31.5155,37.1592,68.6747,14502.0,51.4205,47.3107,7.7093,6.406,3.1547,1413.4261,10.2602,0
05042,7702.0,1.0495,3.999,1.9346,37.1592,1.4672,0.2337,9.7247,0.9608,1.7528,90.7297,72.6565,74.4092,29.1483,30.7842,14.1296,2.1249,1.3411,1.2627,6.0263,23.5172,4.096,32.4836,36.5796,23216.0,33.1151,30.1085,6.082,9.9156,3.0143,525.8352,44.1507,0
05044,2096.0,1.0081,0.7634,2.958,21.0401,2.2901,0.0477,8.5401,1.479,3.5782,74.4752,34.3511,34.8282,3.292,78.2443,16.3326,2.161,1.1744,0.5481,5.7783,18.5363,3.7388,62.3758,66.1145,6388.0,81.5279,68.9731,6.7783,9.3613,3.0477,255.7035,24.9821,0
05045,34590.0,1.0424,3.449,11.4831,0.107,11.2084,0.2457,5.2009,1.1477,0.6245,92.0786,88.6644,95.5478,41.3732,18.222,14.674,3.0499,5.1879,1.8115,4.3276,31.3961,14.4275,30.862,45.2895,113469.0,19.0872,7.2786,7.7246,4.7775,3.2804,534.1927,212.4121,0
05051,7273.0,1.0587,5.0323,62.4777,0.1787,62.0239,0.2887,56.3729,1.4299,1.4299,59.714,35.5424,43.6134,8.7172,61.254,62.4872,23.2163,58.1263,11.3437,9.0681,83.6913,63.6907,14.5679,78.2586,26289.0,63.3953,53.8248,8.224,8.0984,3.6146,752.7802,34.9225,0
05055,2245.0,1.0094,0.8018,10.3341,3.2071,9.2205,0.2673,2.6726,7.7506,2.1826,66.8597,42.7617,48.3296,7.8842,50.5568,17.1395,2.1981,1.9605,2.7922,3.1784,20.5053,10.2915,49.0283,59.3198,6752.0,55.6872,55.6872,6.8276,10.4414,3.0076,245.3285,27.5223,0
05059,1373.0,1.1486,12.8915,0.2185,5.3168,0.1457,0.0,0.6555,0.0728,1.8937,73.2702,48.5069,68.8274,7.7932,62.7094,8.3573,0.655,0.1572,0.2358,1.1003,9.6827,2.9169,45.0222,47.9391,3819.0,64.4148,57.502,4.3991,16.9154,2.7815,110.3042,34.6224,0
05079,15915.0,1.0135,1.1184,1.3446,6.3776,1.0619,0.1068,1.2692,0.5655,0.5152,72.5793,53.0317,78.1715,31.7751,54.7345,7.0124,0.6297,0.4572,0.883,1.2886,8.1332,1.8725,45.1079,46.9804,44757.0,51.7863,39.4776,5.0093,10.7983,2.8123,205.5631,217.7288,0
05086,1542.0,1.0136,1.2322,3.3722,48.3787,3.1777,0.1297,1.8807,2.1401,1.4916,57.9118,38.5214,52.8534,16.2127,67.7691,13.3857,0.9348,0.3926,0.9348,3.926,14.972,3.9667,60.0768,64.0435,5349.0,70.0505,65.0776,6.2629,7.9641,3.4689,296.0497,18.0679,0
05088,155029.0,1.0426,3.4768,2.3525,0.3703,2.2634,0.0645,0.7018,1.0721,0.8521,93.3116,92.624,96.9851,62.7373,4.443,5.5753,0.6094,0.6812,0.7865,1.4891,14.9593,4.1652,15.5179,19.6831,481901.0,4.3086,1.7562,5.5955,8.162,3.1085,147.6442,3263.9349,0
05091,2593.0,1.027,2.3139,2.8924,51.1377,1.4269,0.1543,0.9256,2.1211,1.8126,57.0767,45.7,47.0497,13.4207,56.4983,16.2184,2.3402,0.6869,0.2678,5.0879,19.5028,4.0571,57.0248,61.0819,8589.0,60.4145,59.3201,6.2056,10.1874,3.3124,180.3694,47.6189,0
05093,4709.0,1.0096,0.9344,2.2935,44.5105,1.9749,0.1699,5.0754,0.9981,2.6333,72.7543,39.5413,39.0316,10.8516,69.9724,17.181,2.3492,1.1281,0.8096,4.5657,18.7695,2.7141,66.9682,69.6823,15097.0,72.2395,65.6356,6.9418,8.2334,3.206,262.117,57.5964,0
05101,7335.0,1.0218,1.7314,0.8453,40.6271,0.5862,0.1772,1.1588,1.0498,0.9134,79.9182,65.4669,78.2822,24.9761,33.5515,11.847,1.3341,0.4462,0.5501,2.4387,17.1299,1.8835,44.9239,46.8074,23361.0,36.8092,30.5167,5.6034,11.5449,3.1849,263.3563,88.7049,0
05107,1914.0,1.0617,5.1724,9.5611,19.697,8.0982,1.2017,7.0533,6.3741,4.9112,56.6876,50.9404,49.6343,3.187,56.4263,25.6643,5.1463,3.6159,3.3636,7.6186,31.3181,10.876,54.0354,64.9114,5946.0,58.6949,53.1618,7.4672,6.6599,3.1066,376.0958,15.8098,0
05113,2162.0,1.0241,1.9426,2.729,63.5523,2.5439,0.185,14.7549,1.0176,1.6189,84.1813,46.901,38.6679,9.5282,70.8141,29.1395,6.5961,0.4615,3.2845,11.7942,34.6954,4.4736,54.8577,59.3312,7409.0,72.4659,64.6646,7.2749,9.1915,3.4269,354.9829,20.8714,0
05120,7515.0,1.0105,0.9182,45.9348,0.2395,39.4012,4.8303,41.7964,1.7964,13.0539,33.9587,44.0585,55.1963,6.853,80.3194,49.8315,18.4188,38.0475,8.9165,7.3392,53.4422,47.9183,43.0435,90.9618,26460.0,80.1058,34.3764,8.9985,6.5268,3.521,1873.9968,14.1196,0
05125,2223.0,1.0328,3.1039,1.3495,81.1516,1.0796,0.135,22.6721,2.0693,3.6887,76.4283,24.4714,24.8763,5.9829,75.5286,18.6172,3.407,0.8838,2.0242,6.6572,19.9346,1.9164,69.7735,71.6899,7018.0,78.4839,78.4839,7.3383,8.065,3.157,199.9057,35.1066,0
05129,24163.0,1.0129,1.0222,0.7698,6.9611,0.6498,0.0993,0.2773,0.5339,0.2856,95.1537,88.4369,97.1071,63.2041,19.1905,5.4731,0.3949,0.2277,0.1527,1.361,8.982,1.6916,25.8478,27.5394,76260.0,19.3496,6.0766,4.6237,10.5573,3.1561,132.6591,574.8568,0
05134,2187.0,1.011,1.0517,6.813,38.6831,6.1271,0.4572,7.0873,0.9145,5.2583,54.2295,34.7965,34.6594,7.8647,63.9232,24.642,5.539,3.4585,2.0535,9.6866,31.0576,7.1009,64.2696,71.3704,7432.0,68.2723,61.6792,6.4855,8.8805,3.3983,232.0184,32.0319,0
05138,4361.0,1.0131,1.0548,3.7377,31.8734,2.3389,0.5045,11.8092,1.1236,2.8892,65.4896,40.0596,40.8393,8.8512,62.4169,22.7916,4.6158,2.5144,2.5144,7.3809,30.3126,4.3991,58.0726,62.4717,13595.0,64.9503,57.8301,6.3553,11.872,3.1174,364.3602,37.312,0
05142,1483.0,1.0115,1.1463,8.6986,3.5064,8.4963,0.1349,3.5064,1.2812,1.9555,82.5354,40.5934,65.408,13.4187,36.4127,12.1365,1.5929,2.402,2.6802,2.5537,15.748,9.1333,52.3333,61.4667,3967.0,38.4169,38.4169,5.5458,14.9987,2.675,262.6991,15.1009,0
05145,1506.0,1.0133,1.0624,1.2616,59.2297,0.7304,0.2656,0.5976,12.417,1.0624,80.1461,70.5843,48.6056,10.6906,51.2616,8.9248,0.2577,0.2577,0.1874,1.2649,10.6328,1.5082,42.1639,43.6721,4269.0,54.4156,47.8801,4.3336,13.1178,2.8347,92.0311,46.3865,0
05147,13802.0,1.0164,1.4201,16.628,0.0652,16.1933,0.355,9.6073,0.9419,2.1808,82.7923,81.1187,94.2255,20.0551,28.3075,20.9823,5.1876,9.8389,1.819,6.0596,33.9674,18.705,31.5339,50.2389,45936.0,31.1303,16.708,8.0503,4.3909,3.3282,386.511,118.8479,0
05148,16436.0,1.0285,2.4459,0.7179,7.4349,0.6632,0.0243,0.1399,0.5963,0.4137,94.074,66.8472,91.33,40.2896,38.3609,5.8464,0.375,0.0541,0.1809,2.108,8.6948,1.8454,20.3111,22.1565,53949.0,38.9479,36.2361,6.6952,8.1447,3.2824,423.6183,127.3528,0
05150,1258.0,1.031,2.3847,0.6359,44.9921,0.318,0.0795,1.1129,1.4308,0.6359,86.6455,82.9094,90.938,23.3704,20.5882,6.2349,0.3313,0.3313,0.4217,1.1446,8.4165,2.0046,26.8311,28.8358,3343.0,20.9692,20.9692,3.8588,14.8968,2.6574,149.4213,22.373,0
05154,24505.0,1.0331,2.8076,16.9108,0.1102,15.3316,1.3059,13.6829,1.4936,0.9876,86.1702,81.3589,88.031,25.0439,12.2628,22.1042,5.032,14.034,1.1958,5.63,58.5075,19.9485,30.2277,50.1762,84717.0,12.2585,5.8158,8.4363,6.4957,3.4571,1427.5717,59.3434,0
05172,16418.0,1.031,2.6252,14.009,0.3106,13.5217,0.402,6.9131,3.5875,1.9004,80.4848,83.6521,90.9611,22.2926,14.9714,21.1941,6.1251,7.1439,4.7644,6.6777,51.9681,14.2693,27.5014,41.7707,55564.0,16.2317,13.9803,8.1654,5.5,3.3843,720.1634,77.1547,0
05190,3093.0,1.0369,3.3624,3.0715,19.4956,2.5542,0.0647,0.7113,1.7459,0.485,66.311,64.7268,85.2247,26.9318,12.8354,13.2381,1.8108,0.4386,4.5777,2.7331,15.0457,4.0225,48.9866,53.009,8910.0,13.5017,13.5017,5.4994,13.6027,2.8807,46.9388,189.8215,0
05197,5072.0,1.0071,0.6112,3.5883,12.1057,3.2137,0.1577,1.045,1.597,2.3856,67.0741,44.164,58.8525,9.3257,57.6301,14.31,1.6731,0.6257,0.7005,3.7271,17.7168,4.3478,47.3365,51.6843,14743.0,59.5333,56.1283,7.1356,12.372,2.9067,241.6986,60.9974,0
05206,1379.0,1.0181,1.5228,1.3778,40.4641,1.3053,0.0725,0.3626,2.4656,0.9427,51.4141,46.9181,48.4409,12.1827,52.8644,12.484,1.4868,0.1794,0.6921,4.7936,16.8916,2.1368,50.9972,53.1339,3936.0,54.9289,54.9289,5.4878,14.1514,2.8542,201.9046,19.4944,0
05209,5263.0,1.0091,0.836,1.7671,16.3785,1.292,0.133,2.5461,3.9901,0.646,63.2339,53.7906,50.7505,12.0464,53.4676,18.5395,1.9361,0.7408,0.8155,4.3205,21.1794,1.9017,51.4404,53.3421,16095.0,57.726,53.4514,5.6353,11.6123,3.0581,247.6608,64.9881,0
05212,24526.0,1.024,2.0305,0.4974,15.4408,0.4159,0.0652,0.2976,0.2161,0.3751,95.9145,83.4461,95.5354,66.2114,18.6129,3.8079,0.2616,0.2103,0.1433,0.8688,7.0621,1.4814,17.347,18.8284,76479.0,18.6313,17.3656,4.6039,10.212,3.1183,67.7481,1128.8726,0
05234,6450.0,1.0146,1.1008,35.7209,5.4884,25.3798,9.3643,15.7054,18.9302,14.9457,51.3023,44.9767,44.5116,10.4341,56.2636,47.2617,28.6754,24.3055,28.3887,22.4006,67.606,30.1769,33.5805,63.7574,22717.0,60.9235,57.8554,10.1158,7.6551,3.522,1954.3616,11.6237,0
05237,4690.0,1.0062,0.4691,0.1279,3.8166,0.1066,0.0213,0.1919,0.2559,0.1279,89.7228,81.2367,81.4286,39.1471,21.3859,6.1004,0.3389,0.0777,0.0988,0.8402,12.8426,0.7205,23.9034,24.6239,14208.0,22.0861,20.1999,6.06,8.8471,3.0294,203.1086,69.9527,0
05240,3805.0,1.006,0.5519,1.5506,31.774,0.6045,0.4468,6.4389,0.4205,2.1288,90.5388,51.117,35.0854,10.565,80.7884,13.8913,2.0343,1.1721,0.2809,3.3324,15.7338,1.698,50.418,52.116,10338.0,82.2596,70.2554,4.5076,16.0186,2.717,237.5669,43.5162,0
05250,12770.0,1.0279,2.4041,29.8512,0.1175,23.2576,5.9514,24.628,1.4409,4.7063,71.5583,48.52,70.6891,14.9491,37.1026,35.618,13.2369,23.9395,7.7625,7.8004,59.322,32.4897,40.3655,72.8552,47642.0,37.8951,17.9317,9.0005,5.4742,3.7308,1560.1037,30.5377,0
05264,2755.0,1.016,1.4156,0.3267,6.2069,0.3267,0.0,0.3267,0.4356,0.2178,84.1379,62.6497,75.7169,36.2976,39.8911,7.0281,0.3189,0.2848,0.2962,0.6379,10.5121,0.9289,31.3326,32.2615,8820.0,42.0295,42.0295,6.746,7.4263,3.2015,214.0904,41.1975,0
05266,73116.0,1.0185,1.4265,0.0711,0.32,0.0643,0.0027,0.026,0.2763,0.1463,98.9647,97.3412,99.6745,86.7799,4.3602,2.067,0.0577,0.0336,0.043,0.3748,3.2225,0.6902,6.6362,7.3264,212437.0,4.5679,3.7526,3.8167,13.4812,2.9055,83.3434,2548.9363,0
05282,6578.0,1.0143,1.2922,2.2195,23.0009,1.3378,0.2128,3.0404,1.3378,0.9577,82.6087,55.8072,58.7261,16.0991,59.0149,11.1289,1.0563,1.3444,0.9123,2.3688,12.4378,2.3681,38.4592,40.8273,18790.0,58.8345,52.9484,4.5556,14.1671,2.8565,257.4524,72.9844,0
05284,5897.0,1.0112,0.9666,22.2147,4.4599,12.0909,8.4111,6.4779,15.9912,12.7014,71.3414,51.8908,53.3322,14.8041,53.5866,34.0958,20.6355,17.6769,19.0891,19.0692,50.7499,14.2804,38.6784,52.9587,20156.0,59.878,52.6791,9.1288,9.1734,3.418,1381.9577,14.5851,0
05306,1551.0,1.0864,7.2211,0.5158,10.2515,0.3868,0.0645,4.4487,0.7737,1.1605,85.8801,48.227,59.2521,2.7724,62.4113,15.3648,3.3617,0.8503,0.5537,7.633,17.2231,3.5015,51.276,54.7774,5057.0,63.3775,57.979,7.2573,10.2828,3.2605,93.2729,54.2172,0
05308,15096.0,1.0164,1.3712,0.4306,4.6436,0.3047,0.0464,0.6028,0.2318,0.2583,90.163,70.84,90.0437,54.2727,42.4285,5.0507,0.3208,0.2111,0.1097,1.5111,7.9063,1.2777,31.3233,32.601,49045.0,42.5772,29.0672,4.9546,9.842,3.2489,82.7647,592.5838,0
05310,2968.0,1.0077,0.6739,2.1563,31.1321,1.4151,0.6065,3.8073,0.1685,1.5836,76.0108,63.9825,63.1065,23.2143,46.2601,10.3994,1.5587,1.2421,0.6454,3.3488,15.9577,2.541,43.564,46.105,8235.0,48.2453,41.6879,5.1002,13.7462,2.7746,332.082,24.7981,0
05313,3221.0,1.0096,0.8382,2.6079,5.2468,1.9559,0.5588,0.3105,3.1357,1.8628,88.5439,63.3965,56.9078,12.729,41.2915,11.0399,2.1949,0.7498,3.325,4.2377,10.5386,2.2967,34.9162,37.2129,9204.0,41.9709,40.0043,7.9965,11.5493,2.8575,190.1951,48.3924,0
05315,1744.0,1.0642,5.5046,1.4335,44.5528,0.9174,0.344,3.211,0.4587,2.2362,61.0092,43.5206,50.344,13.9335,58.8303,15.3155,2.1827,1.0271,0.752,5.4109,20.9435,3.3944,56.8966,60.2909,5452.0,61.0418,54.0902,5.9428,9.5928,3.1261,118.1329,46.1514,0
05318,13067.0,1.0099,0.8495,2.051,7.9743,1.8061,0.1531,0.7806,1.6224,0.8724,89.5462,46.8662,89.0794,44.157,58.5903,6.214,0.4496,0.3664,0.1927,1.9413,8.012,2.4553,26.3413,28.7966,42500.0,59.0682,56.7788,5.2659,11.2918,3.2525,151.7251,280.1119,0
05321,2435.0,1.014,1.3142,0.4517,2.8337,0.3285,0.0821,0.0821,0.6571,0.616,97.3717,80.0,87.1047,49.4867,26.9815,4.3584,0.1572,0.1143,0.0572,0.4001,5.5866,0.7695,17.983,18.7525,7038.0,25.7033,19.281,5.8681,11.8642,2.8903,83.3282,84.4612,0
05347,1661.0,1.006,0.602,1.4449,48.8862,1.0837,0.2408,0.9031,0.8429,1.5051,93.4377,68.1517,76.8814,10.7766,54.4852,12.423,1.1467,0.4884,0.6795,1.9537,14.8726,1.7964,56.6467,58.4431,4709.0,55.8293,41.58,4.9267,14.1431,2.835,114.7011,41.0545,0
05353,1690.0,1.0154,1.4201,0.1183,1.2426,0.0,0.1183,0.2959,0.4734,0.5917,76.568,70.2959,75.9763,19.8817,29.0533,12.1212,1.4545,0.0606,0.5859,3.697,18.5792,1.1655,35.2564,36.4219,4950.0,33.2727,33.2727,5.8384,13.2727,2.929,54.1317,91.4436,0
05360,82827.0,1.0299,2.3314,0.3707,1.456,0.355,0.0121,0.0978,0.3018,0.4974,98.5621,99.01,99.1126,71.6952,9.9038,3.9465,0.2405,0.1151,0.0577,1.5085,8.8899,1.834,16.8858,18.7198,263332.0,10.118,1.5722,4.8251,10.1176,3.1793,19.6301,13414.7022,0
05361,5550.0,1.0146,1.2252,19.1351,40.991,16.9369,1.8378,20.3243,7.6036,7.7838,61.4054,46.7027,46.8108,12.3964,63.009,35.71,12.5305,9.3098,13.6258,9.0603,45.9931,20.4154,48.2691,68.6845,23784.0,72.0442,63.8665,5.9326,6.7735,4.2854,2837.0477,8.3834,0
05364,4282.0,1.0448,3.9234,5.5114,6.3055,4.4372,0.1868,1.5647,4.1336,1.4012,81.1537,58.2905,59.248,18.099,42.5269,9.7896,1.39,1.3826,0.4609,2.5125,14.4893,6.8695,31.5731,38.4426,13541.0,47.2269,44.6717,5.5609,13.5514,3.1623,201.1575,67.3154,0
05368,3797.0,1.0121,1.1325,1.7382,14.2481,1.3958,0.079,0.158,5.636,0.3687,86.7527,69.3706,67.3163,23.8873,34.6853,9.0531,0.7605,0.1267,0.4164,2.1637,11.6966,2.1337,27.2704,29.4041,11257.0,37.7898,35.5867,4.8503,15.3682,2.9647,204.6456,55.0073,0
05376,17471.0,1.0382,3.1309,0.2404,3.9723,0.2003,0.0229,0.0916,0.5552,0.1488,94.4479,90.7905,97.5388,60.8265,13.2219,4.1098,0.1259,0.0748,0.1344,0.774,6.0423,1.8141,16.6409,18.455,59386.0,12.9172,10.9319,5.306,10.1253,3.3991,132.7095,447.4888,0
05380,21684.0,1.0145,1.1944,0.3597,3.86,0.309,0.0184,0.2813,0.4427,0.2629,97.3529,93.7189,96.1907,68.5667,15.6429,3.5133,0.191,0.1463,0.1851,1.1686,4.9105,1.3002,15.984,17.2842,67881.0,14.2426,9.3148,4.8688,9.8628,3.1305,36.6202,1853.6481,0
05390,2511.0,1.0625,4.9383,3.0267,0.3982,0.5177,0.3584,1.0753,0.3584,1.8718,95.46,71.0076,94.2254,23.178,11.1908,12.8543,1.6428,0.8779,0.1379,7.1482,16.7756,6.7066,41.8883,48.595,7974.0,11.5124,6.2328,6.0196,7.7126,3.1756,54.4625,146.4126,0
05400,6133.0,1.0126,1.0925,0.1794,4.7611,0.1467,0.0,0.1957,1.5327,0.2935,85.5862,67.3732,75.6726,27.9798,38.3662,6.6689,0.3617,0.053,0.0145,1.8806,9.5465,0.9018,31.401,32.3027,20769.0,39.5397,35.943,6.0282,8.7919,3.3864,167.6621,123.8742,0
05411,2544.0,1.0173,1.6116,0.3538,34.6698,0.1965,0.1572,1.3758,0.6682,0.9434,88.2862,53.0267,53.9308,14.6226,69.6148,13.8573,1.7211,0.2151,0.1645,5.8087,17.1203,0.9671,63.9072,64.8743,7928.0,72.1241,48.9531,5.7265,12.9667,3.1164,216.2384,36.6632,0
05425,2500.0,1.0216,2.04,8.96,9.76,8.44,0.36,4.72,2.68,2.24,69.48,51.08,67.92,12.64,59.4,13.1788,2.2902,3.4147,0.7954,4.8546,17.3451,9.7609,51.4308,61.1917,7297.0,59.2846,45.7448,6.8384,11.4842,2.9188,387.0391,18.8534,0
05440,16568.0,1.1138,9.2769,0.2354,3.5792,0.1931,0.0121,0.2113,0.2052,0.3501,98.8411,74.8793,97.6099,46.7769,26.1408,5.0919,0.2535,0.0688,0.0398,1.8923,7.547,3.4288,13.515,16.9438,55230.0,26.08,26.08,6.444,8.5515,3.3335,114.7691,481.2272,0
05467,2022.0,1.0148,1.2859,1.9782,21.5628,0.9891,0.4946,1.3848,1.9288,2.5223,58.6053,34.7676,34.5203,6.8744,69.09,15.5246,2.0235,1.0202,0.4931,4.523,18.0766,2.3879,49.8538,52.2417,5881.0,71.9606,69.0529,4.9651,14.9974,2.9085,75.983,77.3989,0
05475,1127.0,1.0257,2.307,96.5395,0.3549,72.7595,22.0941,2.0408,92.1029,21.118,3.638,2.6619,38.5093,4.8802,57.0541,81.732,34.3171,29.5778,60.3835,14.3688,76.4381,95.3052,3.4038,98.7089,4642.0,66.2861,52.3481,13.3994,3.7053,4.1189,1263.3143,3.6745,0
05480,3626.0,1.0221,1.8478,51.765,0.3585,48.2074,2.2063,15.9956,13.0447,13.8445,50.3309,40.7612,76.2824,9.4595,56.7292,43.3661,21.4966,17.3941,22.6472,16.7434,54.177,48.8804,22.746,71.6264,12607.0,60.6726,40.303,9.7168,5.4494,3.4768,1073.4165,11.7447,0
05483,2834.0,1.0085,0.6351,4.4107,0.8821,4.0932,0.2117,0.9174,4.3402,1.6231,47.1418,43.6838,44.6366,6.2809,63.6203,15.6414,1.8491,0.4768,0.1977,4.0005,18.3339,4.9335,62.0714,67.0049,8603.0,68.0925,61.2228,6.3234,11.8215,3.0356,316.7058,27.164,0
05490,10680.0,1.0846,6.882,57.088,0.3277,52.8371,1.7697,46.7603,3.2116,4.2884,41.0112,25.1873,51.985,10.8895,71.5262,57.6288,28.6127,47.6601,22.0068,10.6767,71.1983,58.0899,26.3571,84.447,38420.0,74.1124,46.114,8.9849,6.3977,3.5974,1253.7186,30.6448,0
05495,6563.0,1.1166,9.8735,52.4303,0.7923,45.2537,5.9576,48.9715,1.0971,4.8453,58.4184,5.3786,51.7446,6.0948,46.3812,54.3446,20.6783,47.3283,14.6567,7.8111,67.5165,54.9221,42.904,97.8261,24066.0,45.9611,28.6587,8.9587,6.503,3.6669,937.1365,25.6804,0
05501,961.0,1.0219,1.9771,3.9542,44.5369,3.0177,0.2081,3.538,0.2081,1.769,90.9469,45.3694,56.8158,9.5734,91.9875,12.0265,1.655,0.8827,0.1839,5.0386,12.2731,4.3788,59.8778,64.2566,2719.0,93.196,59.0291,5.7742,13.8654,2.8293,86.8645,31.3016,0
05541,6069.0,1.0084,0.6426,0.5273,9.6721,0.379,0.033,1.2028,0.5932,0.725,92.9972,62.0531,61.361,22.03,38.0129,6.8571,0.6446,0.1222,0.1056,1.5281,9.1481,1.1275,23.6928,24.8203,18010.0,38.8951,38.8951,6.1966,11.8101,2.9675,118.292,152.2503,0
05543,2112.0,1.0123,1.1837,4.7348,46.0701,4.6875,0.0473,16.1932,4.0246,2.9356,95.4545,42.7557,39.3939,7.0076,67.1402,27.3631,6.6797,0.8122,1.2463,14.0737,32.2071,5.5686,55.1708,60.7394,7155.0,70.7338,64.9336,8.0643,9.9511,3.3878,433.7334,16.4963,0
05576,2323.0,1.0185,1.8511,2.0663,25.5704,1.1192,0.1722,1.0762,2.1954,1.3775,62.118,53.3793,57.7701,15.4111,42.359,15.8567,2.2077,0.9442,2.9159,2.1105,19.1163,2.0745,50.0,52.0745,7202.0,47.1397,47.1397,5.8595,12.3993,3.1003,75.3684,95.5573,0
05579,11974.0,1.0584,4.8522,19.4004,0.3007,18.749,0.3925,4.159,0.8769,1.3112,93.3439,74.5699,87.8904,31.4181,14.8154,13.766,2.4364,4.0373,0.7516,4.2972,24.6086,21.4849,27.0317,48.5166,36801.0,14.5648,8.8829,6.4183,8.5813,3.0734,1220.2265,30.1592,0
05585,4275.0,1.0306,2.7602,14.2924,0.2573,13.8012,0.3977,2.8772,0.7953,1.4737,86.0585,77.5906,78.7602,18.807,67.0643,13.7544,2.0863,2.4161,1.0472,3.1912,15.3502,15.4667,55.9618,71.4286,12161.0,67.9796,18.6416,6.011,10.1883,2.8447,669.371,18.1678,0
05591,5014.0,1.0399,3.0116,7.3793,0.0997,6.8608,0.4787,1.7351,0.8576,1.3961,93.6976,86.9166,84.6031,22.0383,80.8935,13.1504,1.8334,1.6075,0.1937,5.2615,13.7364,10.2687,68.215,78.4837,17231.0,83.1234,22.8309,6.8307,5.9776,3.4366,369.5632,46.6253,0
05604,7192.0,1.0068,0.5562,27.1274,0.8899,25.9038,1.0845,10.3587,3.4344,2.3637,70.6201,47.6224,70.0083,17.9227,50.0417,22.2035,5.4976,10.0804,2.2381,4.2942,28.7093,28.052,40.2323,68.2843,22530.0,50.6347,32.2548,8.1092,5.8899,3.1326,1972.8592,11.42,0
05607,6800.0,1.0309,2.2206,1.4118,2.2794,1.3529,0.0441,0.2206,1.8824,0.5735,88.9412,73.1765,92.8529,57.0735,40.3529,4.6091,0.4133,0.2285,0.0681,1.3468,6.6095,2.8103,23.1241,25.9344,20700.0,41.0966,36.343,4.8019,11.9758,3.0441,238.1491,86.9204,0
05615,38352.0,1.0346,2.7091,0.4224,6.5707,0.3468,0.0495,0.1564,0.6649,0.2268,99.03,74.1865,95.4057,63.7463,32.5172,5.198,0.3065,0.1411,0.0401,1.3478,8.053,2.0037,16.5465,18.5503,116400.0,33.451,28.0464,5.0095,10.3918,3.035,195.7946,594.5004,0
05628,2396.0,1.0146,1.1686,0.5843,44.2821,0.2922,0.2504,14.3573,0.3756,3.5058,75.1669,45.4508,47.621,5.5927,61.6861,27.5694,6.3612,0.8959,3.2894,12.0568,34.1468,2.5926,66.7078,69.3004,7833.0,63.2963,53.2874,7.762,9.1408,3.2692,265.4519,29.5082,0
05631,29310.0,1.0097,0.7677,0.0273,0.0819,0.0136,0.0068,0.0171,0.232,0.0989,99.7509,99.5769,99.7919,86.8646,12.8659,1.5913,0.0772,0.0502,0.0061,0.4018,4.2781,0.4595,12.9718,13.4313,81797.0,14.2903,4.5601,4.7606,10.0187,2.7908,15.8016,5176.5073,0
05642,5204.0,1.0213,1.9408,1.9985,13.2014,1.1722,0.2498,3.4397,1.1914,1.9024,54.3812,48.1168,52.3828,11.9139,59.877,16.5936,2.2824,0.8837,0.9091,4.1325,20.2319,2.5221,61.0013,63.5234,15782.0,62.8564,52.7183,5.9181,10.2395,3.0327,287.9829,54.8019,0
05647,1934.0,1.0207,1.758,5.8428,16.4426,5.4292,0.3619,3.8263,5.9979,1.8097,52.4819,44.7777,44.9328,13.7539,53.9814,24.5433,4.3685,0.8578,2.4782,8.197,28.8877,6.6363,55.5724,62.2087,6295.0,57.4106,57.4106,7.8634,8.7212,3.2549,206.7093,30.4534,0
05649,5269.0,1.0112,0.93,4.3841,1.5753,3.7768,0.4555,1.9548,0.93,2.5811,92.1237,67.9446,68.495,16.0941,51.6037,12.0712,1.7115,1.6907,0.4314,2.6369,14.8728,4.8996,30.8241,35.7237,14480.0,51.2638,41.0221,6.2569,11.5401,2.7481,717.518,20.1807,0
05652,1744.0,1.0424,4.0138,15.7683,1.1468,15.2523,0.344,3.555,3.8417,5.7913,70.4702,52.5803,57.7408,12.0413,50.8028,19.7971,3.0251,2.6613,2.3358,4.2696,26.3666,16.3916,35.8086,52.2002,5365.0,54.6132,41.9199,7.7353,12.0596,3.0763,356.2319,15.0604,0
05656,4208.0,1.0164,1.4734,1.1407,26.2357,0.6892,0.2852,4.1587,0.3327,1.2357,83.2937,47.7424,65.6131,25.6654,49.9049,13.2871,1.8503,1.0584,0.632,4.8351,16.8402,2.1287,41.7076,43.8363,13158.0,50.5396,50.5396,5.7304,9.9635,3.1269,161.1558,81.6477,0
05658,931.0,1.0365,3.2223,0.9667,30.9345,0.9667,0.0,0.2148,1.826,0.3222,79.8067,67.2395,76.9066,23.2009,25.4565,10.2304,1.5921,0.6775,0.0678,3.252,20.2864,2.0747,41.39,43.4647,2952.0,28.3875,28.3875,6.1992,7.2154,3.1708,126.0303,23.4229,0
05659,5555.0,1.045,3.8884,60.288,0.27,56.1836,0.7021,52.2952,0.8821,1.0801,41.5482,30.225,49.1269,3.7264,64.6625,59.8239,28.9416,52.3209,22.579,5.4322,75.1646,59.5103,24.4697,83.98,19992.0,66.8667,53.3013,8.9386,6.4126,3.5989,251.5776,79.4665,0
05660,3643.0,1.0154,1.2901,6.9997,2.443,6.6154,0.3843,1.6195,1.098,1.7568,66.017,61.625,71.4521,15.619,39.5553,12.9922,1.9822,1.4145,0.3964,3.8922,21.0925,7.8962,36.1817,44.0779,11120.0,40.3327,34.2176,8.1205,9.2446,3.0524,425.3967,26.1403,0
05664,5158.0,1.018,1.4734,0.3684,18.67,0.3102,0.0388,0.252,0.601,0.8724,87.437,68.5731,89.938,40.1706,36.5839,6.6686,0.3231,0.1351,0.1293,1.4982,10.2294,1.3521,27.0044,28.3565,17119.0,38.2032,36.9414,6.1978,7.7516,3.3189,220.7963,77.533,0
05665,8096.0,1.0416,3.5203,59.375,0.2717,57.127,0.3829,59.622,0.5805,2.1492,46.455,37.4753,42.2678,8.1398,57.3617,66.1422,33.7746,61.3824,21.7137,11.2593,89.132,59.833,16.9589,76.7919,30527.0,59.1378,55.9308,7.2723,7.4721,3.7706,601.7446,50.7308,0
05667,4330.0,1.0199,1.7783,2.4711,10.254,1.9861,0.3233,3.4411,0.5543,2.7483,67.7598,54.2263,72.3557,18.545,40.6928,11.1173,1.0353,1.2822,1.2662,2.8829,15.8721,3.1257,45.6852,48.8109,12578.0,42.5266,42.4869,6.3047,12.1561,2.9048,363.6733,34.586,0
05670,6122.0,1.0091,0.8331,5.4394,26.8703,4.6553,0.441,5.7171,1.5191,2.2542,72.1333,53.7243,65.0114,14.2437,65.0278,14.8451,1.9887,2.5408,0.9296,4.8056,18.0668,5.8766,57.0827,62.9594,17792.0,65.3833,45.217,6.0196,10.9881,2.9062,424.6802,41.8951,0
05674,5651.0,1.032,2.8137,1.9112,46.7882,1.6988,0.0354,3.0614,2.442,0.9379,86.5334,30.4371,33.7285,12.3164,69.7753,10.9746,1.023,0.3002,0.05,2.9466,13.1452,2.6063,38.203,40.8093,18051.0,70.5556,70.251,5.9941,10.6587,3.1943,230.3248,78.3719,0
05679,7485.0,1.0084,0.7749,0.7214,40.9753,0.4275,0.1069,1.2959,0.5745,0.9753,86.2926,68.2832,64.7161,20.334,52.358,9.8141,1.122,0.3435,0.2152,2.6195,12.6994,1.2853,36.3323,37.6176,22030.0,52.9551,42.6282,4.453,14.6437,2.9432,195.9133,112.4477,0
05686,9140.0,1.0084,0.7112,0.6236,18.151,0.5689,0.0547,1.4223,0.6893,0.7221,71.1707,57.6915,63.7309,27.4617,44.8249,9.2257,0.804,0.3229,0.2603,2.4745,11.9684,1.2043,46.4359,47.6402,31067.0,45.4695,41.7614,6.8755,7.5804,3.399,864.5917,35.9326,0
05690,3292.0,1.0061,0.5468,1.5796,42.2843,1.0632,0.4557,2.1264,2.4301,2.096,53.3414,40.9478,55.4982,7.503,72.9344,11.5441,1.1134,0.7353,0.5147,3.7395,13.0618,1.9324,72.0411,73.9734,9786.0,73.1862,52.1459,5.7225,12.8755,2.9727,266.0119,36.7878,0
05697,8795.0,1.0146,1.1711,0.1592,4.2865,0.1023,0.0341,0.2501,0.4889,0.2729,94.0762,78.7038,87.1404,32.1774,23.3428,6.7956,0.4429,0.0727,0.0297,1.8509,12.0528,1.4459,21.6207,23.0666,30311.0,23.2688,23.2688,7.809,9.7753,3.4464,83.3667,363.5863,0
05736,10719.0,1.0079,0.6437,20.1605,2.5749,18.4625,1.4927,7.3328,4.4127,5.6069,75.007,54.548,86.4073,29.0046,16.6807,23.1492,6.4245,7.8115,4.5422,6.1213,45.5082,21.4676,44.603,66.0706,33690.0,18.1063,11.7097,8.0647,5.233,3.143,1127.3913,29.8831,0
05756,9928.0,1.0148,1.2288,7.7659,32.6853,7.5342,0.0201,1.803,7.2522,1.2691,67.2341,60.2135,64.9275,19.9436,48.5395,13.235,1.3355,1.345,0.8133,2.6236,17.5418,8.5144,46.3432,54.8576,31861.0,49.8352,37.1551,6.0262,10.5866,3.2092,1345.7368,23.6755,0
05761,4819.0,1.0149,1.2658,1.4733,23.4073,0.7885,0.166,7.9892,0.0623,1.2866,88.1926,45.8809,66.4453,24.6524,52.625,11.3064,1.5391,1.1598,0.7003,5.1426,14.941,1.964,42.1031,44.0671,13748.0,53.0186,48.247,5.5499,11.8999,2.8529,218.0612,63.0465,0
05789,5195.0,1.0129,1.1357,2.3869,22.6179,2.0597,0.0962,0.7122,5.6015,1.232,82.3677,60.5967,66.333,21.0587,51.6843,12.4072,1.4378,0.3308,1.0868,2.1534,15.3533,2.9266,45.9331,48.8597,15012.0,54.0168,43.4919,4.6696,14.8748,2.8897,252.1327,59.5401,0
05790,7107.0,1.0141,1.1257,28.6056,1.2382,25.9744,2.3076,15.3651,1.6322,4.8403,78.3734,65.344,83.3404,9.3851,44.5476,32.4167,10.7176,15.1392,6.6435,8.5969,41.1701,30.1693,36.761,66.9303,22826.0,44.7779,14.5623,8.0084,5.5945,3.2118,1148.2619,19.8787,0
05792,1753.0,1.0468,4.0502,2.0536,3.0804,0.6845,0.057,1.0268,1.4261,1.312,63.3771,61.0953,62.9778,15.4022,41.1865,16.2416,1.5409,0.7616,0.3897,4.2508,20.182,4.3621,47.7645,52.1265,5663.0,42.8748,38.4072,5.686,11.5133,3.2305,120.3671,47.0477,0
05809,2772.0,1.0321,2.886,0.3608,21.8254,0.2525,0.0,1.3709,1.1905,0.8658,88.7446,83.9827,79.6176,16.0173,50.2525,11.2239,0.5991,0.269,0.1834,1.5283,11.9399,1.2583,36.4208,37.6791,8316.0,51.2626,39.5503,4.4372,15.4762,3.0,140.2602,59.2898,0
05819,1580.0,1.0133,1.2658,3.9873,45.6962,3.2911,0.5696,6.8354,3.6076,2.4684,78.7342,41.8354,43.038,9.9367,62.2152,23.913,5.3434,1.1377,1.7066,12.2105,29.8452,4.9344,56.6521,61.5865,4930.0,65.5172,59.1684,7.1197,9.1278,3.1203,134.3347,36.6994,0
05837,31599.0,1.0177,1.4146,37.1278,0.25,36.229,0.519,22.5165,5.0635,3.1014,61.9513,32.4156,79.1069,20.7064,58.9322,39.15,14.7244,22.1001,16.9107,6.9818,42.5766,38.6258,47.9946,86.6204,114434.0,60.0879,19.6917,8.8374,5.2773,3.6214,2917.4755,39.2236,0
05842,2046.0,1.02,1.6618,12.1701,22.7761,10.8016,0.5376,13.4409,1.7595,4.0567,49.4135,12.4145,36.8035,5.2786,66.5689,27.1041,7.8032,7.2206,6.8067,8.0331,32.8122,12.3796,70.0385,82.4181,6523.0,69.6152,65.3687,7.4659,10.164,3.1882,265.5623,24.563,0
05847,8866.0,1.0522,4.3537,19.118,2.0528,16.7607,2.0641,3.8574,10.3429,5.4816,71.5881,56.3839,56.5531,15.2267,43.2439,24.4525,9.2516,5.9494,9.7297,8.9605,36.251,18.5136,31.3596,49.8732,29004.0,46.2212,45.5834,7.8369,9.3366,3.2714,2559.5065,11.3319,0
05854,3805.0,1.0431,3.4691,20.2628,0.841,17.0039,3.1012,9.7766,3.4166,6.4652,57.1091,29.4875,75.1117,7.385,72.1682,26.9742,6.7414,8.6092,1.0946,6.2549,30.2658,21.7435,55.3036,77.0471,11511.0,72.2179,57.0324,7.9142,6.6719,3.0252,567.3886,20.2877,0
05856,1911.0,1.0162,1.4129,1.4129,22.9723,0.7849,0.4186,1.5699,1.5699,0.9419,90.1099,72.7368,67.8179,15.28,38.8278,8.8844,0.7204,0.9974,1.0344,2.0133,13.3784,1.8538,25.2317,27.0855,5431.0,40.8765,40.8765,5.0819,13.736,2.842,126.1367,43.0565,0
05858,3572.0,1.0073,0.6999,14.4737,3.3035,13.7178,0.7279,8.6226,1.2598,2.1837,82.9507,70.7447,73.5442,15.6215,30.3191,22.0316,4.7063,7.3199,1.1407,5.317,38.7875,15.6563,29.1435,44.7998,11134.0,32.0011,26.0284,6.1523,8.757,3.117,540.8883,20.5847,0
05861,3563.0,1.0196,1.5717,0.8701,13.977,0.5613,0.1123,0.842,0.8139,0.6736,91.5521,80.9992,83.4409,27.4488,52.3716,9.6272,0.6457,0.362,0.0489,2.3188,11.9731,1.8993,44.5637,46.463,10280.0,53.5409,23.5117,3.8521,13.4922,2.8852,139.5689,73.6554,0
05873,2186.0,1.0517,4.4831,96.1574,0.2745,95.4254,0.4575,1.8298,92.8637,12.9918,6.7246,1.6468,45.6999,5.8097,58.8747,78.255,20.4529,1.7352,72.348,11.4324,67.3801,96.0915,3.5748,99.6663,8139.0,61.9978,34.5128,11.021,5.9098,3.7232,1658.1887,4.9084,0
05885,2192.0,1.0246,2.4179,16.6971,29.3339,15.1004,1.5055,16.0128,1.7336,4.927,64.7354,49.7263,49.9544,10.3558,50.0912,21.7838,5.4379,10.7154,2.6628,4.9246,33.5217,16.919,36.9991,53.9181,6234.0,51.1068,49.7273,6.4966,9.9134,2.844,440.7074,14.1454,0
05887,11148.0,1.02,1.5698,1.7223,9.5533,1.4442,0.2332,1.1572,2.0362,0.906,83.7011,76.8927,80.2386,30.9114,25.314,11.7516,1.2695,0.8844,0.6557,2.3213,16.6509,3.1495,34.2043,37.3537,36337.0,26.2928,18.8375,6.2911,8.567,3.2595,712.1584,51.0238,0
05890,6267.0,1.0069,0.6383,6.8933,24.5572,6.622,0.2393,6.5262,1.9467,3.0956,53.5503,31.9611,46.4177,12.127,65.5976,16.1195,3.2567,2.2945,1.8662,5.5882,20.0592,7.4509,66.0431,73.494,19010.0,67.5171,58.2641,5.939,11.7991,3.0333,1012.3792,18.7775,0
05893,5300.0,1.0319,2.8302,36.6981,0.1698,35.6415,0.7358,18.9057,1.0566,3.4717,73.7547,59.0566,72.4151,10.5094,45.0943,26.0104,6.4197,17.6013,3.8816,2.0865,33.6704,37.8181,24.1076,61.9257,17597.0,45.9283,31.1474,9.4334,6.683,3.3202,1895.1549,9.2853,0
05895,7112.0,1.019,1.4201,47.8909,0.225,40.0169,7.5647,34.0411,3.3746,9.6597,47.694,38.1327,46.2739,9.0692,54.4573,45.7717,16.747,33.3902,11.0511,7.0389,64.909,49.1642,28.1531,77.3173,24067.0,53.8995,42.3692,9.3115,5.4016,3.384,1167.4232,20.6155,0
08001,297776.0,1.0222,1.6875,1.5068,0.0289,1.4195,0.0793,1.3893,0.2777,0.4325,98.97,97.8403,98.516,58.4778,0.0735,9.102,1.3991,1.4499,0.4395,3.8886,45.788,5.1316,20.9036,26.0352,1120103.0,0.0657,0.0657,7.0761,9.6776,3.7616,154.2942,7259.5296,0
08078,15038.0,1.0548,4.2891,4.6948,0.1463,0.9842,3.4912,5.4662,0.1396,1.8221,87.6446,36.4078,92.519,15.8199,17.0235,14.2776,3.582,4.9963,2.3696,5.3185,17.1883,10.8665,66.3787,77.2452,61527.0,16.6431,3.5708,7.6422,9.1456,4.0914,121.3978,506.8215,0
08137,4848.0,1.1328,9.5916,1.6502,1.9596,0.2475,1.0314,8.4365,0.165,13.9026,82.632,5.2393,72.0091,1.2789,12.5825,34.9803,10.719,7.317,15.7606,4.9233,26.3894,15.073,82.7555,97.8285,22810.0,12.5427,2.1613,8.9829,8.733,4.705,100.0184,228.0581,0
08141,3413.0,1.1198,9.288,0.879,0.9376,0.0586,0.3223,5.0396,0.0293,3.3988,87.0788,57.7791,82.6546,0.4981,26.487,32.9601,10.428,3.1156,12.0338,9.1229,27.5784,14.1623,61.911,76.0733,15631.0,28.3475,2.2711,8.8414,7.5683,4.5798,135.6944,115.1927,0
08296,14357.0,1.0691,5.6418,3.8657,0.0627,3.608,0.2438,2.7513,1.3025,0.9194,96.1622,82.7332,95.3263,29.2053,5.3354,13.6529,2.4212,2.4121,1.3815,5.0387,23.2518,9.7224,30.49,40.2124,55123.0,5.2773,4.7947,8.8239,6.3694,3.8395,97.3508,566.2306,0
08372,4665.0,1.1211,9.6463,1.9293,1.9721,0.7288,0.7717,4.8017,0.2144,3.2583,88.4459,2.2294,80.8574,3.3226,36.12,17.8458,3.5904,3.1177,2.2945,5.5556,20.7623,10.6794,84.8038,95.4833,18828.0,34.2787,10.1338,7.781,8.6892,4.036,167.9514,112.1038,0
08421,6716.0,1.0409,3.3949,3.6927,6.9238,0.9083,2.2781,13.9666,0.0596,2.6504,85.6611,27.8737,60.3186,13.8624,49.4044,24.8345,6.2285,7.5704,6.0296,5.3821,22.1962,10.5693,76.8679,87.4373,27647.0,49.3761,2.72,9.1113,8.5362,4.1166,224.2516,123.2856,0
08433,28981.0,1.0327,2.5292,2.2118,0.1449,1.9979,0.1829,3.0158,0.3174,0.8247,94.8,80.5562,88.5649,32.4557,6.1316,12.9152,2.4703,2.9289,1.0041,4.4359,19.295,6.8302,38.5584,45.3886,119920.0,5.9381,2.3783,8.5182,6.6253,4.1379,97.7519,1226.7798,0
08436,3989.0,1.1895,14.6152,1.103,0.2758,0.1504,0.727,4.3119,0.2256,3.7353,87.0394,56.5305,74.5801,1.0278,13.1361,23.8652,6.3017,3.3224,6.7176,6.9984,24.3849,17.1344,55.4969,72.6314,19233.0,9.5097,3.9983,10.3208,7.3623,4.8215,214.1562,89.8083,0
08520,6357.0,1.1809,13.843,4.7192,0.0472,3.7439,0.8023,4.8293,0.5663,3.0518,92.1189,39.0278,88.1233,9.0923,5.3012,18.1637,5.4196,4.6849,6.0361,4.9987,33.0626,16.6533,58.7397,75.393,27098.0,3.181,2.3839,7.8493,8.6464,4.2627,92.3688,293.3674,0
08549,1338.0,1.1472,11.435,3.7369,5.6801,1.9432,1.0463,10.4634,0.299,6.577,76.7564,0.8221,54.559,1.2706,55.157,20.511,4.6487,3.105,5.11,5.7842,21.7555,13.1596,83.7134,96.873,5636.0,51.9517,19.1448,7.3279,9.1732,4.2123,252.9165,22.284,0
08558,3892.0,1.2099,15.4933,4.2138,0.0,0.1285,4.0596,5.036,0.2826,2.518,83.5046,47.4306,85.483,3.6228,17.0606,13.3346,3.4277,4.3277,3.2057,3.7975,21.4023,16.7835,50.3081,67.0916,16222.0,16.792,8.4577,7.7241,9.0988,4.168,73.8648,219.6176,0
08560,5150.0,1.1019,7.5728,6.6796,0.6602,4.1165,1.6311,9.2039,0.1553,4.0971,91.7864,51.9223,85.2233,2.1165,42.0194,23.2146,6.2404,5.715,3.7502,6.7017,25.1895,17.6771,56.7853,74.4625,23420.0,42.2417,4.6712,9.0991,7.3527,4.5476,206.4736,113.4286,0
08573,12648.0,1.0278,2.0557,3.5183,0.1898,3.2891,0.1977,2.2691,1.1227,1.6603,94.4181,84.3137,96.0784,59.1714,12.7372,9.1701,1.5584,1.8893,1.2861,4.0426,15.5007,7.3054,29.8062,37.1117,47899.0,12.3677,1.9144,7.0398,8.5492,3.7871,69.4452,689.738,0
08606,6289.0,1.0808,6.6942,2.0194,10.1288,1.3357,0.3339,10.8125,0.477,0.9063,89.4737,10.0811,81.6982,8.3638,32.1355,29.5323,8.8507,7.2682,14.9331,5.619,22.7141,10.5271,84.4081,94.9352,25467.0,31.048,2.3246,8.8075,8.8389,4.0495,358.4692,71.0438,0
08634,7211.0,1.0731,5.131,3.3421,0.0139,2.8983,0.4438,4.0216,0.1387,1.4838,95.1047,90.8612,92.9552,12.0372,5.4639,16.3327,3.0884,3.6104,1.4254,6.2518,30.3052,11.2691,31.2355,42.5045,32026.0,4.4308,4.4308,8.337,7.4471,4.4413,43.073,743.5278,0
08638,21383.0,1.0479,3.9424,5.2144,1.3048,3.3625,1.0101,6.4818,0.3133,4.1528,84.9694,66.2489,88.7247,14.2403,24.6645,18.1431,4.5491,5.2772,2.6646,6.2493,25.3262,11.3814,46.8556,58.237,92480.0,25.3568,4.215,8.5067,8.6451,4.3249,395.6895,233.7186,0
08675,2816.0,1.3139,22.2301,4.5455,1.1364,0.0,4.5455,8.3097,0.1065,2.9119,85.973,60.4048,54.8295,1.8821,12.429,33.0909,10.7352,8.2134,20.9723,5.8972,20.8578,20.8886,61.0946,81.9832,12650.0,13.4545,2.4585,9.2411,7.8498,4.4922,57.3509,220.5721,0
08685,6783.0,1.0973,7.1797,3.9658,0.0147,3.0075,0.9435,4.2459,0.1769,1.9608,87.7046,80.3479,87.4244,17.9861,5.3811,14.7896,3.8519,4.023,4.3199,5.1161,27.8177,12.0918,30.8367,42.9285,28693.0,4.3913,4.3913,7.2457,9.4727,4.2301,64.9994,441.4348,0
08758,136780.0,1.047,3.801,0.5081,0.0175,0.3765,0.1199,1.0908,0.1236,0.5235,98.4676,89.7149,95.3963,49.8859,0.1616,8.0259,1.1043,0.9981,0.4152,2.7836,73.2708,5.012,27.8851,32.8971,535984.0,0.1591,0.1591,8.096,6.3461,3.9186,59.4003,9023.256,0
08770,2478.0,1.18,14.0436,0.1211,0.0404,0.0,0.1211,1.2914,0.0807,5.0444,93.2203,79.9435,91.6868,11.4205,5.1251,18.2735,2.6363,1.2062,1.1717,7.5816,40.5093,16.2846,47.7249,64.0096,11607.0,3.7219,3.7219,9.0807,7.3059,4.684,42.7179,271.7128,0
08832,3075.0,1.2289,18.5366,5.3984,5.9837,3.6098,1.3984,10.8293,0.9431,8.6179,83.0894,29.1057,74.5366,3.4146,52.7805,16.1346,2.7048,5.7949,3.0587,3.4833,16.9275,16.4336,58.8219,75.2555,12718.0,49.2373,23.1797,7.682,9.0423,4.1359,182.926,69.5254,0
08849,2196.0,1.2978,22.541,3.5974,0.2732,0.5464,2.5956,4.326,0.0455,4.827,83.6976,42.7596,87.3862,0.9563,9.1075,13.6016,1.97,3.3323,2.5359,4.4326,27.7087,20.0562,57.183,77.2392,9543.0,5.8996,5.8996,7.5867,9.7349,4.3456,101.3393,94.1688,0
11001,2345190.0,1.0715,4.7855,0.3225,0.0593,0.144,0.1648,0.2587,1.3684,0.2469,99.4768,99.161,99.352,74.5632,0.2043,3.4712,0.2498,0.3636,0.1031,1.4301,11.167,3.8561,10.2076,14.0636,7181469.0,0.2119,0.1768,5.739,8.8605,3.0622,1622.8768,4425.1474,0
13001,249765.0,1.0423,3.2667,6.2851,0.2975,5.9388,0.2034,4.9418,0.5349,1.2904,93.6737,86.8268,94.2942,42.936,9.1042,12.4895,1.9124,4.9077,0.9901,2.9273,20.6269,10.3005,28.4317,38.7322,887946.0,9.7805,0.6875,7.9157,7.936,3.5551,598.7637,1482.9658,0
13006,5140.0,1.1089,9.2412,50.3891,4.0661,46.5175,1.4202,61.8677,0.5058,7.6459,69.7082,0.7977,13.035,2.5292,76.9261,55.916,20.6213,47.535,12.3198,11.9858,62.579,52.5965,44.3333,96.9298,18879.0,76.2381,45.8976,9.3967,8.7134,3.673,951.5404,19.8405,0
13030,2208.0,1.0856,7.2917,48.5054,0.5888,42.5725,4.529,51.5399,0.2264,14.0399,45.5616,3.4873,1.1775,2.2192,57.9257,58.4527,23.9427,46.8642,16.3725,9.3795,65.1904,50.897,45.7238,96.6208,9009.0,58.8967,45.6654,10.9224,7.0596,4.0802,303.7637,29.6579,0
13042,1909.0,1.0786,6.6003,22.4201,1.781,20.0105,0.7334,25.4584,1.362,18.0199,76.0084,34.4683,58.7742,2.5668,39.759,36.2673,12.4146,21.7604,5.9144,6.7094,51.5276,28.3633,52.9869,81.3502,7169.0,37.439,15.3299,9.4295,8.2438,3.7554,461.8317,15.523,0
13052,16251.0,1.0714,5.8643,7.5442,5.1258,3.8705,1.766,13.3038,0.1785,5.2551,75.4538,7.9995,69.5157,9.8271,19.9372,26.9836,8.5693,11.3458,10.1461,6.3696,24.6222,15.1994,79.3454,94.5448,67118.0,19.8173,3.4343,8.6743,7.8682,4.1301,587.5163,114.2402,0
13062,1585.0,1.0789,6.6877,2.9022,15.7098,1.5773,0.5047,20.7571,0.1262,4.0379,62.8391,14.5741,13.5647,2.0189,42.7129,41.8714,16.7163,11.5165,19.5954,11.4172,27.5388,17.6608,81.7544,99.4152,8058.0,41.5488,4.0829,9.0966,9.109,5.0839,163.857,49.177,0
13074,3539.0,1.0893,7.0359,34.1904,3.5886,28.1153,1.2998,45.0692,0.3108,14.3261,45.9169,4.0972,0.7629,2.5431,60.0735,47.0107,17.0003,33.5573,12.6221,6.5604,56.3857,37.9964,58.8632,96.8596,14435.0,60.6443,42.1753,10.2667,7.1147,4.0788,430.7701,33.5098,0
13140,5366.0,1.035,2.7954,3.4663,7.7898,0.6895,0.6709,17.6854,0.0373,6.2803,52.1245,1.0436,43.4402,2.8327,44.6515,40.8026,13.8771,8.8686,25.9436,7.9362,47.1851,11.1732,88.3613,99.5345,22202.0,42.8025,1.5854,8.4227,8.5353,4.1375,255.2594,86.9782,0
13160,2153.0,1.1152,9.5216,43.8922,0.0929,41.477,1.4399,29.3544,10.2183,23.2699,56.9902,43.6136,54.0641,6.9206,48.5369,39.3512,15.7841,25.7056,13.7038,9.485,64.6018,46.439,30.7788,77.2178,6874.0,46.0285,30.2299,8.3649,6.0518,3.1928,881.3611,7.7993,0
13188,3089.0,1.1363,10.4565,8.2875,8.9673,5.2444,2.8164,27.7436,0.259,5.0178,92.4247,1.651,0.3885,4.2409,31.337,33.9405,11.8369,18.5366,9.6951,6.9284,34.2034,20.2849,79.0883,99.3732,13120.0,33.872,3.5671,9.6951,7.8125,4.2473,133.1563,98.5308,0
13212,3808.0,1.0951,8.2195,3.02,30.1733,1.8382,0.2889,34.6376,0.2889,5.3834,78.8866,1.6544,20.667,2.6523,71.875,29.9493,10.3455,12.2332,8.738,6.3034,21.7857,12.695,86.2731,98.9681,15012.0,72.2022,7.8071,7.9403,9.3792,3.9422,597.185,25.1379,0
13222,3408.0,1.1731,13.5857,20.892,11.3556,11.6491,1.3498,30.9566,0.2641,4.5188,13.2336,0.939,7.1596,5.4871,18.2512,84.9432,32.2191,26.3078,79.7482,4.4787,63.2102,31.2406,68.3342,99.5748,13821.0,15.2811,7.3584,9.9703,6.946,4.0555,85.3833,161.8701,0
13244,17273.0,1.0481,3.8963,13.2808,28.1132,5.9167,3.7573,37.1389,0.2489,10.8261,72.5699,3.5373,61.9927,9.6972,27.6154,41.546,15.8276,26.3952,12.4481,11.1167,65.0335,20.2349,78.3466,98.5816,67461.0,25.8979,17.0321,8.7784,8.9089,3.9056,946.0507,71.308,0
13248,1908.0,1.1646,13.8889,2.6205,36.478,1.2579,1.2055,22.956,0.0524,3.6164,72.1174,0.3669,28.7736,1.6771,46.9602,29.3983,8.3704,11.7797,9.3245,4.4142,24.4692,15.3534,84.0162,99.3697,7861.0,47.9328,3.1548,7.0602,12.4284,4.12,383.2415,20.5119,0
13268,1681.0,1.1898,15.9429,29.7442,2.439,27.1267,0.9518,37.4182,0.119,5.5919,54.7293,2.796,29.6847,5.4729,58.4771,47.8712,20.8322,31.6699,20.4866,8.4739,59.9155,38.8082,59.6895,98.4977,7234.0,62.1786,21.5648,9.8009,9.4968,4.3034,319.0726,22.672,0
13300,2522.0,1.0341,3.0135,25.4956,4.0841,19.548,1.6653,38.1047,0.0,3.41,84.774,21.5305,32.157,5.0357,72.0063,50.4503,19.6771,26.7035,7.9609,13.4664,54.0566,34.4709,57.2853,91.7561,11770.0,73.305,12.277,10.0595,8.7341,4.6669,194.2519,60.5914,0
13430,33257.0,1.0238,2.0206,11.9704,2.8295,7.3699,1.8583,21.8119,0.4029,3.3016,83.5614,30.2763,55.6544,15.5847,30.7875,26.4507,7.1514,15.0976,4.048,5.2632,33.5586,15.45,65.6645,81.1144,128003.0,31.1008,3.7296,8.6154,8.6373,3.8489,1129.5827,113.3188,0
13433,6455.0,1.1535,12.0527,6.4291,16.1115,2.4477,1.6421,15.9566,0.2169,5.1278,82.3548,10.6894,23.6716,2.6181,62.4942,28.6396,8.8973,9.8867,14.2053,3.5387,19.9162,15.8193,82.6163,98.4356,26075.0,60.6251,10.2167,8.4756,9.093,4.0395,432.0599,60.3504,0
13440,2433.0,1.1455,12.6182,14.18,14.1389,12.2894,1.2741,44.4307,1.3564,11.5906,70.2836,0.5343,0.2466,1.9318,80.3124,36.6975,12.1296,17.3045,6.8724,12.6543,38.1169,22.4937,74.4161,96.9098,9720.0,83.5905,32.4691,8.4259,13.3025,3.9951,293.7478,33.0896,0
13442,11414.0,1.0172,1.4193,20.6501,1.4281,4.7486,8.7174,30.0158,3.7848,5.3618,24.6802,9.576,15.0254,2.5407,53.3993,46.5987,16.8068,26.6411,9.9998,4.9359,45.3522,23.9952,72.3823,96.3774,45324.0,55.4519,7.934,9.4917,7.7442,3.9709,561.1513,80.7697,0
13458,3912.0,1.0971,7.4131,75.7157,0.1534,73.3129,1.5593,53.8599,14.5961,42.229,31.0327,0.6135,19.453,10.8129,76.3292,63.1106,30.8909,52.6875,33.1849,3.6971,69.281,77.0975,22.3417,99.4391,13470.0,72.7914,54.1054,11.0319,5.2264,3.4433,2093.086,6.4355,0
13468,10746.0,1.0503,3.8898,9.0545,4.5598,5.3881,1.6192,29.0713,0.2326,0.912,86.0506,31.4722,35.5202,8.7288,45.3192,29.1976,8.8222,14.5155,4.4181,8.0284,38.4693,14.3085,64.2287,78.5372,43217.0,48.3722,9.3343,8.934,9.2857,4.0217,652.1795,66.2655,0
13473,5108.0,1.1983,16.0924,55.3054,0.7635,52.6821,0.6656,56.5388,3.2498,38.6061,47.3375,35.0235,29.6006,1.6445,69.1856,58.6894,18.6048,51.7828,12.9243,4.0261,66.3949,58.3469,30.2679,88.6148,18678.0,68.2835,48.9132,10.2366,6.248,3.6566,1347.7001,13.8592,0
13490,2340.0,1.0774,5.6838,75.2137,0.6838,67.6068,7.2222,64.7863,2.1368,44.5726,3.3333,1.1111,40.5556,0.2137,80.2991,66.3286,30.6034,57.9741,24.1633,11.8408,75.8521,74.4656,22.3674,96.8329,7899.0,74.2879,59.5139,11.6724,3.7853,3.3756,416.4076,18.9694,0
13549,4783.0,1.3232,24.5871,41.9402,1.3381,28.4549,5.8541,68.2835,0.3972,19.632,51.7249,11.9799,0.3136,1.1917,82.7514,62.3667,31.6373,45.1326,27.1746,17.6324,64.4517,53.6273,45.1241,98.7514,23349.0,85.1428,31.4831,9.9019,7.6406,4.8817,775.6383,30.103,0
13580,1426.0,1.2104,15.9888,25.3857,0.1403,24.1234,0.4909,21.4586,1.0519,7.1529,88.9902,6.4516,56.4516,1.7532,41.3745,27.0103,6.4855,17.6195,3.4114,2.8679,31.5741,30.5233,66.5698,97.093,5335.0,40.4873,9.5408,10.7216,6.1481,3.7412,183.4159,29.0869,0
13600,2415.0,1.0816,7.0393,42.7743,3.6439,38.4265,1.4493,42.5673,0.5383,28.8613,64.0994,37.5983,44.8447,8.4472,50.8075,43.5323,17.0215,32.3815,15.4215,4.9108,58.5471,46.1509,34.2781,80.429,8125.0,45.5754,28.3446,9.0585,8.4062,3.3644,845.0308,9.615,0
13620,1784.0,1.2668,20.6839,2.2982,0.7287,0.0,2.2422,11.8274,0.0561,2.074,94.3386,1.5695,47.1973,2.074,24.5516,25.597,7.5664,9.6458,11.1886,4.776,12.5934,17.6288,81.2611,98.8899,7454.0,23.3298,1.744,8.5189,9.8873,4.1783,42.2442,176.4503,0
13647,4018.0,1.2402,18.4918,3.8825,10.3783,0.9706,2.6879,17.7451,0.0996,2.9368,88.9995,0.9457,21.553,2.3395,30.2638,32.8551,11.1212,14.1724,14.4509,5.9935,26.5523,17.7335,81.6023,99.3358,16518.0,31.3961,2.9725,7.9186,9.3837,4.111,211.645,78.0458,0
13650,2319.0,1.2423,18.9737,17.7663,16.2139,16.7745,0.6037,48.3829,0.0431,10.3493,67.1841,12.9366,0.3881,4.0535,78.4821,40.7324,16.6633,22.6678,12.2136,12.3363,45.1152,29.3995,68.6567,98.0562,9776.0,80.8306,31.5671,8.6129,10.7406,4.2156,317.2932,30.8106,0
13654,6193.0,1.0376,3.0841,8.0413,20.0549,3.6977,4.0853,26.2716,0.1615,4.4728,0.6943,0.5006,67.4471,14.4841,14.6779,93.444,29.6081,22.2156,90.5397,4.7344,61.0715,12.2265,87.393,99.6194,23576.0,12.5467,5.9255,7.6094,11.2275,3.8069,442.6811,53.2573,0
13655,2232.0,1.0847,7.7061,58.6918,0.8065,47.7151,5.5556,64.3369,0.7616,5.3763,38.3961,0.8065,10.3047,3.0018,71.6398,65.0452,34.8063,55.8733,29.4467,12.2045,70.059,61.2236,37.1641,98.3878,8079.0,71.2712,42.7033,8.6521,8.1198,3.6196,569.8716,14.1769,0
13657,9072.0,1.061,5.0044,6.9334,5.0595,3.858,2.1715,13.3377,0.1874,5.9634,53.1195,1.2235,76.455,10.6151,26.7857,38.3909,11.4989,10.6602,26.0138,5.2553,25.6333,13.6709,85.747,99.4178,35438.0,25.3965,5.2063,7.3988,10.864,3.9063,631.0535,56.1569,0
13667,3537.0,1.0274,2.5445,36.5281,3.4775,29.0925,1.0178,36.4716,0.311,18.7447,59.0896,35.9627,0.6785,11.1111,52.1063,45.59,18.3022,31.3634,11.2889,8.5925,58.5219,36.5464,62.352,98.8984,14504.0,51.4961,19.4429,9.8938,7.853,4.1007,450.0767,32.2256,0
13670,6891.0,1.044,3.8311,35.5101,0.1161,32.7238,1.6253,31.3017,1.0158,7.5461,75.1415,50.8925,68.4661,8.5038,25.0327,39.0742,12.4796,29.6166,7.3206,5.885,59.489,38.5845,33.9405,72.525,24669.0,23.5761,12.9434,9.6883,5.2292,3.5799,2021.0027,12.2063,0
13673,3596.0,1.0245,2.0578,11.4572,3.4205,8.7875,0.6674,12.1524,0.3337,8.871,2.7809,1.6407,68.1313,2.2525,61.1513,57.7819,13.8115,8.2413,51.2643,4.167,34.9465,15.9652,83.546,99.5113,14039.0,61.9631,4.5231,8.9465,7.8709,3.9041,172.6457,81.3168,0
13683,4716.0,1.1221,9.5632,34.6904,0.1484,34.2027,0.3393,16.391,0.6997,6.9126,32.9941,1.0602,80.3859,5.3647,8.5878,70.9116,20.1034,15.2707,63.8639,1.8776,46.3166,39.7581,59.4671,99.2252,18375.0,6.9442,6.9442,9.219,6.6939,3.8963,154.5084,118.9256,0
13688,7342.0,1.3236,22.0376,30.4141,0.7764,27.9215,2.3699,21.4247,6.96,29.8556,69.6677,66.4805,63.2389,6.0202,44.1978,28.0567,6.7256,16.9257,5.3694,5.4208,49.3444,37.9137,26.6084,64.5221,27825.0,39.1626,28.2013,10.221,4.3953,3.7898,2382.3793,11.6795,0
13744,4193.0,1.0606,5.1753,32.1727,1.0255,29.8116,1.6218,27.2836,0.4531,22.7284,64.5838,1.264,59.1223,8.4426,62.1989,34.5912,12.1593,22.9232,9.3881,6.3679,44.3117,35.6661,62.0387,97.7048,15353.0,63.1538,26.1708,9.3532,6.8716,3.6616,1355.0258,11.3304,0
13760,2303.0,1.2983,24.099,1.2158,11.8975,0.7816,0.3908,14.0252,0.0434,2.5185,88.7538,1.2592,48.4585,2.3013,1.6066,28.29,9.5352,12.9313,17.8622,4.8982,82.3529,14.6203,85.1455,99.7658,9187.0,1.2953,1.2953,7.0643,10.8741,3.9891,92.4794,99.341,0
13780,3030.0,1.0997,7.9208,2.3432,12.1782,1.5182,0.5611,26.0066,0.8581,7.1287,86.9307,19.1419,28.2178,5.4455,52.4752,26.3449,7.1234,8.9218,5.8466,8.7505,27.4952,13.8522,75.0901,88.9423,12845.0,52.8065,9.3577,9.7314,8.1043,4.2393,249.2504,51.5345,0
13810,4219.0,1.0372,3.3657,58.8291,0.9955,55.1078,0.9481,54.3257,0.6874,29.6042,37.5918,1.2325,22.0431,5.0012,66.8879,60.3137,28.982,50.9376,24.4893,7.5622,68.7224,60.7771,38.6514,99.4286,17939.0,65.784,40.6043,11.7844,5.7584,4.252,762.7397,23.5192,0
13836,25910.0,1.0615,5.0637,4.5079,0.2702,3.4195,0.6368,4.1297,0.1042,1.5091,76.0787,23.6588,90.3281,38.406,6.9587,17.1935,3.826,4.0527,10.7969,2.2688,34.7252,9.3802,72.0746,81.4548,98667.0,6.7105,3.302,7.8111,7.4159,3.8081,201.8926,488.7103,0
13838,3939.0,1.032,2.4626,12.2112,3.8081,10.5103,1.2694,6.7784,0.3808,4.7474,57.9589,42.6504,74.4097,4.1127,24.8286,48.5654,9.1611,5.7514,37.6351,4.5548,30.0965,17.1056,64.6074,81.713,15550.0,22.6495,7.8842,8.2058,8.3537,3.9477,190.8827,81.4637,0
13873,5023.0,1.1947,15.6679,31.8137,3.6631,30.3803,0.9556,23.6512,0.3185,2.8071,53.8722,1.3737,63.5676,3.1057,12.6418,39.929,15.9451,21.4952,26.1225,2.5077,43.3268,41.05,57.9333,98.9833,21135.0,12.089,4.5564,8.7533,7.2581,4.2076,137.0499,154.2139,0
13894,2958.0,1.0179,1.5213,12.5423,10.6491,3.0764,8.6207,25.524,0.0676,13.0494,81.4402,1.7241,68.1542,14.3678,14.1312,41.9108,20.8938,20.7267,25.4069,7.7241,66.2075,17.13,82.0361,99.1661,11367.0,9.5804,7.6625,8.4719,9.334,3.8428,309.0395,36.7817,0
15001,54163.0,1.0275,2.2155,0.1459,1.0155,0.0739,0.0572,0.48,1.0782,0.3619,98.8959,95.8717,96.0213,57.3897,3.6224,3.632,0.2865,0.3326,0.2343,1.0183,12.7531,1.4585,12.4928,13.9514,167991.0,4.3633,4.3633,6.4105,7.729,3.1016,119.6312,1404.2409,0
15022,664.0,1.0392,3.4639,4.3675,20.9337,3.6145,0.6024,18.0723,3.3133,5.7229,63.8554,17.3193,16.1145,2.7108,83.4337,7.4589,0.7585,1.5803,0.8217,1.0114,8.9905,5.0725,51.3043,56.3768,1582.0,80.1517,80.1517,4.2351,22.3135,2.3825,57.7344,27.4013,0
15047,4182.0,1.105,7.9866,4.5194,8.2736,4.352,0.1196,9.4692,2.9651,2.8216,73.1707,37.9962,34.0268,4.4955,63.7972,13.0014,1.6306,1.71,3.6075,3.6364,15.2174,9.4609,43.2345,52.6954,13860.0,58.4127,53.456,7.2583,9.8196,3.3142,941.5779,14.72,0
15051,1811.0,1.005,0.3865,0.7731,6.7918,0.3865,0.3865,3.5892,1.8774,1.4357,84.6494,45.1132,45.1684,20.8172,55.9359,8.9407,0.4773,0.459,0.1836,2.2948,12.1864,1.2088,37.1978,38.4066,5465.0,56.4867,56.4867,7.0631,10.0457,3.0177,137.907,39.6282,0
15087,2357.0,1.045,3.9881,0.3394,16.1646,0.1273,0.1697,5.3882,1.2304,2.6729,90.2843,60.0764,58.8884,10.5643,40.8146,7.6345,0.6965,0.3414,1.0243,2.1579,11.7254,1.8692,28.8907,30.7599,7322.0,38.7872,38.7872,6.2688,13.7531,3.1065,163.0239,44.9137,0
15090,550.0,1.0455,4.1818,21.2727,24.3636,21.0909,0.1818,16.3636,9.0909,4.5455,85.6364,25.8182,25.0909,3.4545,74.3636,15.0485,2.7046,5.7559,1.7337,1.0402,19.4471,21.2174,26.4348,47.6522,1453.0,72.1955,72.1955,4.8864,19.1328,2.6418,58.0227,25.0419,0
15092,650.0,1.1508,12.4615,0.3077,45.5385,0.1538,0.1538,26.3077,0.1538,2.6154,67.6923,33.6923,21.3846,1.5385,81.2308,11.1346,1.4776,0.7916,2.058,3.7467,12.218,3.7433,61.0963,64.8396,1895.0,84.2216,79.7889,4.9077,18.8918,2.9154,101.8014,18.6147,0
15097,1647.0,1.1251,9.9575,0.6679,47.7231,0.3643,0.1214,44.2623,0.3643,2.5501,49.6661,41.4693,40.9229,5.5252,58.2878,19.7486,3.3455,1.1963,6.8329,8.09,27.6572,5.4536,60.0432,65.4968,5024.0,54.3989,54.3989,5.6927,19.6656,3.0504,145.1907,34.6028,0
15104,1518.0,1.0059,0.527,1.6469,10.0132,1.2516,0.0659,9.1568,1.4493,2.9644,84.7826,16.996,14.361,6.2582,82.7404,11.2254,0.8274,0.7826,0.805,2.9964,11.7105,1.7693,41.2189,42.9882,4472.0,84.9732,84.9732,5.8363,15.161,2.946,48.0619,93.0467,0
15106,678.0,1.0413,2.9499,40.2655,4.1298,39.528,0.0,5.0147,39.233,5.3097,43.2153,23.0088,23.0088,2.9499,77.4336,15.6143,2.0558,2.9858,1.3216,4.4542,18.0723,42.1277,29.078,71.2057,2054.0,76.777,76.777,5.258,16.1149,3.0295,64.646,31.7731,0
15109,1504.0,1.0226,1.7287,10.5053,20.7447,10.2394,0.0665,10.8378,6.4495,3.4574,50.7979,17.4202,17.0878,1.1968,82.9787,14.5991,0.9434,3.6085,0.7311,1.3443,16.3698,11.0533,53.5761,64.6294,4240.0,83.4198,83.4198,5.1651,15.9434,2.8191,110.1992,38.4758,0
15114,264.0,1.2159,15.9091,0.3788,35.2273,0.3788,0.0,23.1061,0.7576,4.9242,91.6667,48.1061,46.5909,6.4394,50.7576,10.3795,1.2277,2.3438,2.567,1.6741,9.2593,6.2305,39.8754,46.1059,903.0,53.8206,53.8206,7.6412,15.9468,3.4205,25.2789,35.7214,0
15131,995.0,1.0342,3.2161,2.8141,19.397,2.4121,0.402,10.2513,7.7387,1.1055,67.4372,16.2814,15.7789,1.407,91.2563,15.3323,1.8801,1.2642,0.9076,3.8574,15.7193,3.6929,55.102,58.7949,3086.0,92.385,84.6727,4.8931,16.0726,3.1015,78.8638,39.1307,0
15135,946.0,1.0634,5.6025,20.0846,26.1099,19.6617,0.2114,26.4271,8.7738,6.1311,43.7632,33.9323,32.981,3.6998,73.9958,20.7394,1.8484,10.4991,1.4048,2.2921,24.5375,20.1789,52.5845,72.7634,2705.0,75.9335,67.2089,7.4307,15.5638,2.8594,298.601,9.0589,0
15162,1200.0,1.0158,1.25,0.3333,11.0833,0.3333,0.0,5.8333,0.5,0.4167,92.9167,43.5833,41.3333,5.25,57.6667,8.6084,0.5776,0.3025,0.6051,1.9252,11.1276,1.0673,28.7356,29.803,3636.0,55.6106,55.6106,4.648,16.8317,3.03,63.652,57.1231,0
15172,1079.0,1.0463,3.7998,3.1511,10.1019,2.7804,0.278,11.3068,2.6877,2.2243,75.9036,39.1103,38.6469,5.0973,61.9092,13.3593,1.7009,2.0198,0.9213,2.1616,17.6435,4.783,34.101,38.884,2842.0,58.8318,58.8318,4.9613,20.936,2.6339,136.2336,20.8612,0
15176,15980.0,1.0207,1.7397,0.9387,1.9399,0.8323,0.0688,1.1076,2.9349,0.5319,96.7522,88.8924,88.7547,28.8048,10.7447,5.2807,0.3637,0.6477,0.2801,1.1534,12.5533,2.1462,16.3049,18.4511,52321.0,10.7892,10.7892,6.7067,8.6619,3.2742,165.1521,316.8048,0
15180,1210.0,1.0736,6.3636,2.6446,65.124,2.2314,0.0826,53.6364,0.9917,2.4793,72.6446,33.5537,27.7686,4.1322,74.7107,28.8263,7.3878,2.9272,4.4606,17.2568,33.881,4.1602,67.9507,72.1109,3587.0,76.3591,71.787,5.7987,17.6192,2.9645,658.234,5.4494,0
15183,2426.0,1.094,8.0379,9.0272,59.2333,8.6562,0.2885,66.7354,2.3495,16.8178,49.1756,23.042,22.7123,3.9571,76.0511,42.7279,12.1526,10.1875,11.1959,22.6374,48.8177,11.463,69.7964,81.2594,7778.0,75.0321,75.0321,7.1998,15.2996,3.2061,676.7498,11.4932,0
15185,1663.0,1.0427,3.6079,15.9952,3.6079,13.169,0.3608,25.917,1.2628,6.3139,42.0325,22.6699,24.113,4.2694,78.0517,22.9204,4.7277,13.8041,3.0122,1.9549,27.5958,14.5329,54.0369,68.5698,5013.0,78.5757,78.5757,7.0616,12.2881,3.0144,158.4332,31.6411,0
15187,829.0,1.0084,0.8444,1.0856,17.9735,0.7238,0.2413,10.1327,2.8951,5.5489,91.918,17.3703,17.2497,2.6538,82.3884,20.5534,2.4793,0.8264,0.6827,10.8157,21.8764,1.3158,52.9904,54.3062,2783.0,83.1117,83.1117,8.7675,11.6421,3.3571,49.5661,56.1473,0
15189,1381.0,1.0941,7.9652,0.7241,9.9928,0.7241,0.0,3.9102,0.5069,3.1137,87.2556,25.2715,24.9819,3.6206,74.5112,9.9955,0.7124,0.2004,1.0686,3.4728,11.8417,3.245,58.8742,62.1192,4492.0,73.13,73.13,7.6803,13.6687,3.2527,54.0057,83.1764,0
15204,2804.0,1.0346,2.8887,0.1427,8.9872,0.107,0.0357,3.0314,0.9272,3.3167,87.7318,15.5849,17.0471,8.2382,86.234,10.5235,0.8457,0.2034,0.3426,3.5863,10.954,0.7896,56.471,57.2606,12636.0,89.8702,62.686,4.5505,9.5758,4.5064,145.1888,87.0315,0
15212,1134.0,1.0476,4.321,14.1975,2.6455,13.8448,0.0882,5.8201,9.4356,2.2046,35.3616,24.1623,23.8095,3.9683,76.1023,13.8456,1.888,2.9811,1.3249,1.4906,15.8148,14.5623,57.5758,72.138,3019.0,75.8198,75.8198,5.9622,16.7605,2.6623,149.73,20.163,0
15215,713.0,1.1164,10.0982,0.1403,40.1122,0.1403,0.0,10.0982,0.1403,3.9271,93.4081,66.0589,67.8822,4.4881,37.1669,14.6027,2.0976,1.2908,1.3715,5.4054,22.2222,3.8847,33.7093,37.594,2479.0,37.3941,37.3941,6.2525,11.5772,3.4769,60.7996,40.7733,0
15218,851.0,1.0564,4.2303,0.235,47.4736,0.0,0.235,48.0611,0.47,12.3384,54.5241,18.4489,18.0964,1.5276,82.1387,26.8311,5.9368,0.3855,9.4834,11.7965,30.8017,2.2272,71.7149,73.9421,2628.0,81.3927,80.7078,6.0502,17.7702,3.0881,102.4278,25.6571,0
15223,2567.0,1.1028,8.7261,61.8231,0.1948,20.5298,2.1036,52.24,1.753,52.9022,43.8255,26.4901,27.6587,1.5193,74.7176,61.1044,54.1139,55.7433,53.1281,41.5108,72.7959,31.6479,23.3458,54.9938,10164.0,79.0732,69.4904,12.2688,4.9488,3.9595,1176.4529,8.6395,0
15224,969.0,1.0506,4.0248,0.3096,17.2343,0.2064,0.1032,8.2559,2.064,2.3736,95.1496,46.8524,42.5181,3.9216,59.1331,10.963,1.9556,2.4593,0.1481,5.2148,10.8854,3.831,32.22,36.0511,3375.0,56.8889,56.8889,6.8444,10.0444,3.483,42.0198,80.3193,0
15226,588.0,1.017,1.7007,1.3605,20.2381,1.3605,0.0,8.5034,1.3605,7.483,84.0136,19.3878,20.2381,2.8912,83.8435,9.5823,0.86,0.7371,0.86,3.6241,10.8206,2.0067,41.4716,43.4783,1628.0,84.5823,79.0541,7.0025,14.1892,2.7687,44.1929,36.8385,0
15232,1291.0,1.0426,3.1758,0.2324,7.591,0.0775,0.1549,18.5128,0.6197,3.2533,75.1356,8.8304,2.4012,0.6971,92.1766,17.7594,2.2084,0.3911,1.0122,9.2248,17.8536,1.6345,71.8425,73.477,4347.0,92.3856,90.6142,6.6943,11.9163,3.3672,116.5955,37.2827,0
15236,579.0,1.0276,2.418,17.962,16.2349,17.0984,0.8636,16.0622,9.4991,5.5268,68.0484,37.9965,36.2694,6.2176,67.0121,16.8364,0.3595,5.5123,0.4793,2.7561,21.0826,19.3603,41.2458,60.6061,1669.0,63.0917,63.0917,4.7334,15.1588,2.8826,108.5191,15.3798,0
15238,38298.0,1.0106,0.8878,0.2585,1.5902,0.1984,0.0418,0.4935,0.7259,0.4987,98.6657,91.6784,93.9945,41.0048,10.7891,3.3828,0.1259,0.2827,0.1259,0.7101,6.9869,0.8578,14.144,15.0018,117606.0,11.5156,8.8992,6.049,9.5879,3.0708,234.0713,502.4367,0
15244,1214.0,1.0931,7.8254,3.3773,58.4843,1.1532,0.3295,37.6442,5.0247,1.318,84.1021,55.4366,54.6129,6.2603,43.4926,30.8957,7.4899,8.7551,2.1255,15.1063,37.0637,6.4345,52.0061,58.4406,3999.0,45.1363,45.1363,6.5766,12.2781,3.2941,238.1081,16.7949,0
15248,913.0,1.0635,6.2432,0.6572,37.678,0.5476,0.0,23.2202,1.862,2.6287,90.9091,48.5214,45.5641,7.1194,51.8072,13.1305,1.5017,1.4632,0.4621,7.8167,17.1658,1.8538,43.2544,45.1081,2715.0,53.8122,53.8122,5.7827,16.3904,2.9737,69.3029,39.1759,0
15272,2094.0,1.0372,3.4862,0.7641,14.7087,0.5731,0.191,4.6323,1.6237,3.0564,91.6428,47.1347,51.0506,8.0229,62.703,6.5307,0.4752,0.3219,0.8125,1.3951,9.0954,1.3812,29.8343,31.2155,6523.0,61.858,61.858,5.7489,15.9283,3.1151,109.3246,59.6663,0
15276,1040.0,1.0683,6.5385,0.1923,53.6538,0.1923,0.0,23.5577,0.8654,4.3269,86.25,44.0385,37.3077,5.7692,65.7692,15.6721,2.9523,1.5075,0.9422,6.5327,18.2796,1.9802,52.5653,54.5455,3186.0,64.2185,59.9812,5.2103,19.9309,3.0635,88.1656,36.1365,0
15293,962.0,1.0166,1.4553,1.2474,41.8919,0.8316,0.0,22.2453,2.3909,5.4054,63.6175,22.0374,22.1414,3.2225,78.2744,10.4592,1.2755,0.4738,2.0044,3.4621,11.7405,1.0225,62.0654,63.0879,2744.0,79.7741,79.7741,6.2682,15.9257,2.8524,88.2364,31.0983,0
15296,1398.0,1.0372,3.3619,1.073,22.8183,1.0014,0.0715,9.0844,1.1445,2.5036,89.2704,30.4006,28.1116,3.505,69.4564,14.6303,1.8203,0.8419,2.116,6.0751,17.5016,2.1379,47.3103,49.4483,4395.0,69.9431,69.9431,7.1217,11.6268,3.1438,123.6602,35.5409,0
15299,5154.0,1.0068,0.5433,2.8522,8.7311,2.5805,0.2522,4.4237,6.2282,2.1343,84.2841,76.2321,76.1544,17.6756,23.8068,7.312,0.7369,1.3021,0.5581,1.5526,16.2571,3.2389,22.8649,26.1037,14145.0,22.439,22.439,5.7971,16.1188,2.7445,193.5567,73.0794,0
15317,619.0,1.0905,8.2391,0.6462,49.273,0.6462,0.0,17.9321,0.6462,1.1309,80.7754,33.6026,33.2795,5.4927,68.1745,11.678,0.907,1.3605,1.8141,5.8957,9.9145,3.2593,42.5185,45.7778,1790.0,65.3631,65.3631,7.095,19.7765,2.8918,57.6671,31.0402,0
15322,2920.0,1.0394,3.3562,1.4384,12.226,0.9932,0.4452,5.5479,5.3425,1.3014,90.1027,78.3562,77.5342,21.4384,21.0616,6.7788,0.3738,1.5826,0.4984,2.1558,9.108,3.0982,25.2472,28.3454,8123.0,19.5987,19.5987,5.1459,15.5484,2.7818,36.1411,224.7577,0
15325,1264.0,1.0222,1.8987,3.0063,44.0665,2.6899,0.3165,24.8418,7.5949,3.2437,80.8544,44.7785,31.1709,4.193,68.5127,9.9385,1.2302,1.7481,0.6798,3.3344,12.428,3.5604,46.4396,50.0,3112.0,66.9666,66.9666,3.6632,26.8638,2.462,100.0023,31.1193,0
15332,1231.0,1.1478,12.0227,20.5524,39.7238,8.4484,0.0,35.4996,7.8798,20.3899,62.5508,35.0122,34.5248,4.8741,66.3688,29.7449,21.6327,21.4286,20.7143,19.4133,41.5122,7.3456,42.8214,50.1669,3921.0,68.809,68.809,8.7223,11.8337,3.1852,951.2569,4.1219,0
15362,630.0,1.1254,10.3175,1.5873,27.3016,1.4286,0.0,4.7619,0.4762,2.8571,91.1111,61.9048,60.4762,11.9048,39.5238,8.5391,1.0288,1.4918,0.3086,4.1152,12.3567,5.2186,28.4908,33.7094,1944.0,40.3807,40.3807,5.8128,11.8313,3.0857,34.1495,56.9261,0
15367,2091.0,1.0325,2.5347,0.4304,9.6604,0.3348,0.0,10.4256,0.9565,4.352,80.8704,26.638,27.6423,5.6911,73.5055,12.1116,1.4743,0.4122,0.7134,3.2498,14.5329,1.6674,40.7596,42.427,6333.0,73.4091,73.4091,6.5056,15.1587,3.0287,58.9859,107.3646,0
15368,1161.0,1.0861,7.2351,2.8424,56.2446,1.5504,1.0336,52.9716,0.1723,7.4074,55.7278,28.0792,29.199,1.2059,74.7631,36.0734,10.8475,4.3503,15.7062,15.1977,44.5533,6.2649,74.3061,80.571,3540.0,72.0904,67.7119,6.4972,14.1243,3.0491,131.7025,26.8788,0
15377,1044.0,1.0623,5.2682,27.7778,35.1533,26.8199,0.7663,41.5709,5.8429,26.5326,56.8008,32.7586,32.4713,3.0651,66.6667,37.0081,14.2764,19.7724,13.7236,10.0488,50.3748,28.3002,41.4105,69.7107,3075.0,65.0732,65.0732,5.8862,15.252,2.9454,580.845,5.294,0
15380,868.0,1.0392,3.4562,1.2673,21.5438,1.1521,0.0,7.6037,1.7281,4.0323,79.0323,38.1336,38.0184,10.3687,61.9816,7.1366,0.2189,0.8757,0.394,1.9702,9.6774,2.5499,38.6918,41.2417,2300.0,59.3043,59.3043,5.0435,22.7826,2.6498,56.9474,40.3881,0
15401,381.0,1.0131,1.0499,26.2467,4.7244,23.622,0.2625,18.1102,6.5617,9.7113,68.2415,42.7822,41.9948,4.4619,65.0919,16.841,1.569,8.4728,5.4393,0.0,25.4777,24.6114,30.829,55.4404,956.0,65.6904,65.6904,4.1841,14.2259,2.5092,28.0486,34.0837,0
15403,985.0,1.1299,10.3553,1.2183,41.8274,1.0152,0.203,24.9746,2.7411,4.467,79.6954,42.2335,41.3198,4.3655,59.2893,13.1218,2.5595,1.7304,2.8479,5.6957,17.6697,4.3986,47.307,51.7056,2872.0,56.2674,53.7953,5.7799,20.195,2.9157,161.4841,17.785,0
15407,4722.0,1.0258,2.0119,1.3977,7.2003,0.8683,0.2965,3.0284,0.9318,1.4401,95.3621,60.377,70.7751,27.8695,44.7903,8.2708,0.8131,0.9603,0.1892,4.7873,9.8253,2.6642,24.4114,27.0756,14406.0,45.2728,44.7591,6.5806,10.6622,3.0508,126.5762,113.8129,0
15425,1301.0,1.0553,4.7656,7.6864,14.7579,7.2252,0.1537,8.8394,6.1491,1.4604,76.4796,31.4374,26.4412,3.7663,75.0961,7.8783,0.7395,2.5597,0.1422,0.2844,10.6156,8.3758,34.7414,43.1173,3568.0,71.0202,67.7971,5.2691,19.3105,2.7425,199.8823,17.8505,0
15442,1754.0,1.0171,1.4253,39.7948,7.6397,39.5097,0.2281,19.6693,24.8575,9.5781,18.4721,16.4196,17.7879,1.6534,86.146,32.0321,7.1162,11.2253,6.5372,3.941,34.7948,40.157,45.2608,85.4178,5354.0,86.907,78.969,5.7527,12.8876,3.0525,160.7071,33.3153,0
15455,3100.0,1.0194,1.6452,10.2903,15.5484,10.1935,0.0968,3.9677,10.1935,1.4194,86.4194,60.9032,60.871,18.129,39.871,7.6839,0.5123,1.6221,0.4147,1.1587,11.5141,10.5696,20.8228,31.3924,8274.0,40.0532,40.0532,5.4146,15.2526,2.669,258.6273,31.992,0
15464,1353.0,1.0495,3.7694,8.1301,32.003,7.6127,0.3695,29.0466,1.9217,10.7169,83.8877,46.9327,40.5026,3.3259,54.4715,20.814,4.6744,7.5116,4.8605,5.186,28.2496,10.2041,47.7129,57.917,4300.0,53.6744,53.6744,6.5581,12.3488,3.1781,360.1618,11.9391,0
15466,1276.0,1.0619,5.2508,0.7053,14.9687,0.4702,0.1567,8.5423,2.2727,3.0564,92.4765,73.511,53.9969,6.348,41.3009,12.0668,1.258,1.7202,0.4108,5.0578,17.0918,3.0258,30.2583,33.2841,3895.0,40.2567,40.2567,6.5725,13.2734,3.0525,68.8322,56.5869,0
15469,7181.0,1.0205,1.5457,1.6154,4.5258,1.0862,0.3342,4.3727,0.5292,1.4483,79.1951,52.9731,55.2848,19.9694,47.2497,9.8321,0.8371,1.2435,1.1419,1.6306,15.4325,2.5522,35.3624,37.9146,20848.0,46.839,46.839,5.943,14.3851,2.9032,218.2397,95.528,0
15476,1305.0,1.0904,7.6628,0.5364,9.5785,0.0,0.0,11.8008,2.069,2.9119,62.5287,15.0958,15.0958,4.6743,86.0536,15.2698,2.2005,0.3253,0.1339,7.0608,17.0472,2.6001,62.1926,64.7927,5253.0,85.8747,85.8747,7.4243,8.9473,4.0253,60.0853,87.4257,0
15480,2263.0,1.2386,15.3336,38.8422,0.2209,35.9258,2.342,16.8361,6.4074,6.7609,58.0645,50.7291,53.5572,12.5939,45.7357,23.0624,4.5346,12.0839,4.9742,3.4292,31.062,43.1729,23.1729,66.3458,8323.0,35.48,35.48,6.6082,10.0565,3.6779,137.8525,60.3761,0
15491,4470.0,1.0405,3.4228,0.2461,1.9911,0.1119,0.1119,0.4698,0.3803,0.5817,98.7472,91.4989,96.6667,20.7383,65.9284,4.0339,0.116,0.1638,0.0546,1.1399,4.1079,1.8276,53.8379,55.6654,14651.0,66.2958,18.538,6.1771,10.0334,3.2776,55.4664,264.142,0
15494,1605.0,1.0255,2.1807,1.4953,12.0249,0.3738,0.6231,13.0218,1.433,4.7975,80.3738,18.7539,18.0062,4.486,81.1838,15.2157,1.1182,0.9585,0.4792,4.1534,16.4064,2.0049,52.1871,54.192,5025.0,80.2985,80.2985,6.1294,13.8507,3.1308,51.3484,97.861,0
15500,855.0,1.0924,8.3041,0.7018,20.2339,0.4678,0.2339,7.8363,0.7018,2.807,94.0351,14.7368,18.3626,25.848,85.848,6.6142,0.3933,0.6078,0.3575,2.0737,7.4677,2.5696,29.8715,32.4411,2797.0,85.699,85.699,6.4355,13.0854,3.2713,60.3773,46.3253,0
15507,2196.0,1.0956,7.0128,65.6193,0.4098,64.5719,0.6375,18.1694,37.6594,11.1566,44.7632,42.122,42.9872,6.102,56.8306,27.5719,7.4689,15.5101,9.8297,2.5469,43.1044,66.3897,10.7603,77.15,6997.0,52.0223,45.3337,6.6171,9.0324,3.1862,475.0476,14.7291,0
15511,866.0,1.0508,4.2725,1.7321,35.4503,1.3857,0.2309,13.3949,3.3487,4.7344,79.4457,19.515,19.2841,2.5404,80.6005,8.6245,0.8403,0.8403,0.973,1.946,9.5076,2.5275,40.2198,42.7473,2275.0,77.6703,77.6703,4.3516,25.7143,2.627,66.7147,34.1004,0
15514,1064.0,1.0263,2.5376,19.2669,11.3722,19.2669,0.0,11.4662,4.2293,3.9474,50.4699,46.6165,42.7632,6.109,56.5789,13.2308,1.1966,5.3333,0.7179,0.8547,18.2847,20.2381,42.2161,62.4542,2930.0,57.3038,51.1604,6.4505,13.0034,2.7538,338.9247,8.645,0
15516,9862.0,1.0316,2.7479,0.5476,5.577,0.436,0.1014,1.9773,0.8416,0.8822,94.6968,67.2987,73.3725,25.5932,37.4163,5.1162,0.2573,0.3377,0.209,1.5243,8.6801,1.8482,20.7924,22.6406,31141.0,37.8729,36.6045,6.294,11.069,3.1577,304.9713,102.1113,0
15518,659.0,1.0607,5.0076,16.2367,0.1517,15.478,0.607,3.0349,7.8907,4.2489,74.0516,53.566,65.2504,8.0425,51.8968,11.3472,1.658,2.5907,1.9171,3.0052,13.0648,17.0243,35.1931,52.2175,1941.0,52.4472,33.2303,6.8006,10.3555,2.9454,313.4989,6.1914,0
15522,541.0,1.0148,1.4787,3.6969,36.5989,2.7726,0.3697,24.2144,2.5878,2.2181,71.5342,53.9741,48.7985,7.2089,52.4954,15.1946,4.0766,2.4707,1.2353,5.8061,23.185,4.5537,47.7231,52.2769,1644.0,51.9465,51.9465,6.6302,17.5182,3.0388,39.6635,41.4487,0
15531,2307.0,1.0546,4.7248,45.8604,1.5605,44.3,0.13,15.5613,35.5007,6.762,41.6125,24.9675,25.401,3.4244,74.2523,25.9481,5.177,7.8521,9.5201,2.2817,32.8941,45.7049,26.3872,72.0921,6355.0,68.0724,68.0724,4.7994,15.2793,2.7547,252.4754,25.1708,0
15533,583.0,1.0789,7.0326,40.6518,39.1081,38.765,1.0292,66.5523,1.7153,67.9245,36.1921,21.2693,20.4117,3.0875,79.2453,59.3401,31.9748,37.8942,31.7807,11.8389,70.3337,41.242,43.6306,84.8726,2061.0,78.5056,73.8962,7.7147,7.7147,3.5352,443.428,4.6479,0
15537,1391.0,1.0309,2.9475,0.1438,23.5802,0.0,0.1438,8.1237,1.1503,1.4378,91.6607,63.3357,60.9633,14.8095,38.6053,7.104,0.4703,0.2228,0.2475,2.599,11.618,1.3947,32.4965,33.8912,4047.0,34.6677,34.297,6.1774,15.4188,2.9094,122.6704,32.9908,0
15542,2061.0,1.0466,4.0757,1.4071,29.5002,1.213,0.097,19.0684,1.5526,6.1135,85.3469,34.983,34.5463,4.7065,65.5022,12.8558,1.8322,0.8025,2.8013,5.3301,15.7605,3.0107,48.541,51.5516,6604.0,66.0055,66.0055,6.6172,14.3852,3.2043,262.9086,25.119,0
15550,498.0,1.0924,7.8313,10.4418,58.6345,9.6386,0.8032,41.1647,1.6064,55.4217,43.5743,32.1285,31.9277,4.6185,66.8675,34.0076,10.9355,10.7459,10.3666,14.2225,41.572,11.9705,60.9576,72.9282,1582.0,66.7509,66.7509,8.4071,9.5449,3.1767,464.6196,3.4049,0
15572,14755.0,1.0119,1.0573,16.7943,0.1017,15.0254,1.6605,4.9,1.2741,2.3992,88.431,81.4504,88.4514,29.5086,28.0583,14.2073,3.0107,5.1252,1.0255,4.0317,21.2902,17.6332,26.1743,43.8075,44784.0,28.566,12.6496,7.6121,7.6009,3.0352,1513.2202,29.5952,0
15580,1654.0,1.0218,1.8742,57.6784,2.5393,50.4837,4.7763,32.3458,15.2963,16.0822,31.4389,30.1693,26.9649,1.451,74.4256,40.4626,9.2513,26.5379,8.6552,2.289,46.7764,57.8199,24.4668,82.2867,4194.0,69.5279,58.7029,5.2217,13.4001,2.5357,167.3587,25.0599,0
15599,2704.0,1.0092,0.6657,1.0355,11.3905,0.8136,0.1849,5.3624,2.3299,1.4793,80.1036,46.0429,46.5976,14.3861,54.4009,12.2209,1.3924,0.4833,2.1864,3.4753,17.7522,1.5024,38.1458,39.6482,8889.0,54.7531,53.5156,6.3787,11.6999,3.2874,125.6191,70.7615,0
15600,2453.0,1.0188,1.5491,1.7937,16.3881,1.4676,0.2038,10.1508,2.1199,2.6091,69.8329,32.3685,32.0424,4.7697,67.5907,14.0373,1.5749,1.5064,2.424,5.5738,17.299,2.522,52.442,54.964,7312.0,69.68,68.6132,5.8397,10.8862,2.9808,220.6627,33.1365,0
15621,878.0,1.008,0.7973,3.9863,6.7198,3.8724,0.1139,7.0615,2.9613,4.2141,48.4055,36.2187,32.1185,2.5057,73.3485,7.9114,1.2658,1.8083,1.1302,2.6673,9.9572,4.0724,58.5973,62.6697,2230.0,73.4081,70.2242,5.7848,18.5202,2.5399,206.332,10.8078,0
15632,3329.0,1.0228,1.9525,4.8363,26.6446,4.7161,0.0601,10.9342,12.4061,1.5921,64.3737,8.9516,9.4022,3.4545,91.3187,15.9932,1.2185,2.0518,2.7417,3.9692,16.6471,5.4952,50.6906,56.1857,11161.0,91.5509,90.7894,6.8094,12.6602,3.3527,248.523,44.9093,0
15638,1451.0,1.0496,3.9972,0.9649,6.9607,0.2757,0.4824,10.2688,0.4135,5.858,91.4542,52.3777,54.5141,8.8215,47.6223,9.0193,0.6842,0.7257,0.3317,5.0798,12.7319,3.0204,37.4918,40.5121,4823.0,49.181,49.181,7.8582,7.6923,3.3239,63.8682,75.5149,0
15646,4869.0,1.0308,2.5262,0.3697,3.8817,0.1848,0.1232,1.3966,0.8421,0.6161,88.1701,43.9105,43.0684,7.3526,58.8827,9.2822,0.2974,0.1601,0.2402,3.1284,11.0679,1.6736,33.2138,34.8874,17542.0,60.2725,58.1804,7.616,7.1885,3.6028,167.6089,104.6603,0
15660,581.0,1.1256,10.8434,21.1704,10.4991,20.8262,0.1721,6.0241,18.4165,5.1635,74.8709,43.0293,43.8898,5.1635,56.6265,12.0668,1.9897,3.1451,2.8883,1.9255,18.573,22.0521,24.5023,46.5544,1572.0,56.1705,56.1705,5.1527,18.9567,2.7057,109.39,14.3706,0
15664,1638.0,1.0208,1.8315,6.4713,6.6545,4.823,0.1221,10.1343,2.0757,2.3199,45.4212,17.2772,19.1697,2.6862,80.0366,17.7115,1.696,4.5298,1.331,2.3401,18.8847,6.7584,59.9282,66.6866,4658.0,79.6909,79.6909,5.4745,16.5307,2.8437,74.2912,62.6993,0
15667,1640.0,1.0744,6.8293,18.0488,2.378,17.5,0.4268,15.4878,2.9268,5.061,57.439,45.4878,46.4634,7.622,53.4756,15.2845,2.0071,9.6824,1.3674,1.6542,21.6037,19.0125,43.3598,62.3723,4551.0,52.9334,42.5401,5.9108,14.3924,2.775,469.6143,9.6909,0
15673,1146.0,1.0445,4.014,0.8726,50.7853,0.7853,0.0873,33.8569,1.4834,3.0541,71.815,32.7225,32.548,3.2286,67.0157,20.4717,3.417,1.3305,4.2637,8.1343,27.5653,2.4227,53.1328,55.5556,3307.0,64.8322,64.8322,6.3804,21.5301,2.8857,123.7247,26.7287,0
15676,952.0,1.0431,3.7815,4.4118,27.9412,3.8866,0.5252,8.2983,19.2227,3.7815,56.8277,14.6008,57.563,4.7269,86.1345,8.8935,1.2754,1.8614,0.9307,1.2754,8.5439,4.9395,63.4073,68.3468,2901.0,85.9359,85.9359,6.3426,15.8911,3.0473,93.9521,30.8775,0
15681,1916.0,1.0673,5.7411,67.9019,0.1044,66.3361,0.2088,6.524,55.2714,9.7077,30.4802,22.286,39.6138,3.0271,90.2923,22.5502,4.1188,5.1141,6.7445,2.8145,23.9798,66.9927,24.1565,91.1491,5839.0,88.1315,62.819,6.2339,10.8923,3.0475,195.9485,29.7986,0
15686,2186.0,1.0997,8.2342,5.8554,5.9469,3.1565,0.4575,9.0576,0.4575,3.8884,73.0101,34.721,39.204,6.4501,64.9588,15.3575,3.142,5.2122,2.8337,2.9511,18.7978,6.5308,49.2097,55.7404,6826.0,65.2945,61.0607,6.7243,11.2804,3.1226,68.0973,100.2389,0
15690,1142.0,1.0236,2.1016,11.8214,2.1891,10.8581,0.9632,9.3695,1.3135,3.5026,64.711,58.8441,61.8214,16.4623,36.9527,10.8309,1.4226,5.6579,1.6812,1.8105,19.7861,12.6712,39.3836,52.0548,3109.0,36.0888,36.0888,5.854,13.4127,2.7224,309.6615,10.04,0
15693,3995.0,1.0143,1.1014,0.4506,8.01,0.3004,0.0751,2.6533,0.5257,1.1514,92.9412,67.5094,65.8073,19.3992,33.0163,6.2955,0.6913,0.6268,0.2489,0.765,11.7275,1.4811,17.3537,18.8349,11329.0,39.0855,38.9796,5.0225,12.0487,2.8358,116.7296,97.0533,0
15696,939.0,1.099,7.9872,0.639,33.4398,0.3195,0.0,9.1587,4.4728,2.3429,83.2801,24.9201,26.8371,4.1534,73.6954,10.0547,0.7182,0.855,0.4788,4.617,9.4845,4.3732,43.7318,48.105,2959.0,65.5627,65.5627,6.5225,17.9115,3.1512,77.5147,38.1734,0
15720,776.0,1.0284,2.8351,2.0619,52.8351,1.6753,0.0,19.3299,1.8041,3.4794,75.6443,33.2474,31.701,3.2216,67.9124,21.1608,4.8279,1.2327,3.698,10.2722,27.7174,2.381,51.5038,53.8847,2026.0,67.0286,66.0415,4.5903,21.1747,2.6108,161.2515,12.5642,0
15723,337.0,1.1424,13.3531,0.5935,50.7418,0.5935,0.0,16.9139,4.451,2.3739,85.4599,27.003,26.4095,6.5282,71.8101,7.6628,0.8621,0.5747,0.6705,5.5556,8.7766,2.3377,47.7922,50.1299,1048.0,71.7557,71.7557,5.6298,16.3168,3.1098,54.7828,19.1301,0
15740,1897.0,1.0237,2.0559,0.4217,12.6516,0.3163,0.1054,10.4902,1.1597,1.5814,82.9731,20.1898,18.9773,1.6342,81.1281,19.7774,2.8125,0.8723,0.767,9.2646,19.5373,1.6486,48.4286,50.0773,6649.0,83.2155,83.2155,8.0313,10.934,3.505,119.3204,55.7239,0
15753,3205.0,1.0119,1.0608,0.4056,20.8736,0.3432,0.0312,9.4228,0.468,0.9984,91.4821,71.3261,70.7956,13.8222,28.5491,7.5922,0.816,0.6504,0.6977,3.8316,14.6141,0.9254,25.0771,26.0025,8538.0,27.1492,27.1492,5.8445,16.5144,2.664,122.9236,69.4578,0
15755,2220.0,1.0883,7.4775,2.5676,60.1802,2.2072,0.2252,39.1441,3.8739,8.1982,50.9009,19.1441,18.4685,1.3964,81.4865,27.3097,6.838,2.0781,6.7818,14.4061,31.3974,4.63,66.019,70.649,7133.0,81.0178,80.3729,7.3461,13.6268,3.2131,603.1715,11.8258,0
15757,2457.0,1.0497,4.3549,0.5698,23.9723,0.407,0.1221,8.7912,0.8954,1.628,91.7786,54.416,53.8869,4.8026,44.6886,9.0169,0.827,0.7603,0.2534,3.4681,11.4198,2.0955,34.2258,36.3213,7509.0,43.6143,41.7899,6.8185,11.3863,3.0562,150.0745,50.0352,0
15759,41009.0,1.0108,0.912,0.1926,1.3656,0.1341,0.0439,0.8291,0.3219,0.8535,97.8883,91.0215,91.8798,40.4545,10.4343,3.5932,0.1983,0.2494,0.1356,0.8176,7.7843,0.7359,12.9684,13.7042,120462.0,11.3463,10.1376,6.1364,10.3211,2.9375,208.1913,578.6121,0
15761,1008.0,1.0278,2.5794,2.5794,39.3849,2.381,0.1984,13.5913,2.381,2.7778,62.2024,21.8254,24.504,5.6548,78.1746,8.9255,0.6768,0.7191,0.5499,2.2843,11.1488,2.7027,51.7375,54.4402,2377.0,74.8843,74.8843,3.2814,25.6626,2.3581,58.7566,40.455,0
15762,835.0,1.1102,7.7844,0.3593,43.1138,0.2395,0.1198,45.0299,0.8383,1.9162,80.9581,19.2814,17.7246,2.6347,81.5569,14.8105,1.5081,0.3867,1.8175,4.7564,15.829,4.315,72.2762,76.5912,2586.0,82.3279,82.3279,7.0379,11.6396,3.097,47.734,54.1752,0
15763,2423.0,1.0607,5.0351,1.7747,14.3211,1.6096,0.0825,12.7115,2.1874,5.0351,90.7553,17.9942,17.3752,2.4763,89.352,18.3579,2.9549,1.4963,0.8047,7.3557,19.6434,3.2685,50.5447,53.8132,7953.0,89.5511,83.742,7.0288,12.3727,3.2823,285.1684,27.8888,0
15764,1667.0,1.0204,1.6797,0.3599,2.5795,0.06,0.06,4.859,0.5999,2.3395,82.1236,26.6347,26.8746,3.7193,75.165,11.3008,0.6999,0.5292,0.2561,4.4384,12.2862,1.5285,47.2075,48.736,5904.0,75.271,75.271,7.2493,10.5014,3.5417,55.6832,106.0284,0
15774,924.0,1.0801,6.4935,0.4329,55.9524,0.4329,0.0,17.316,1.2987,4.1126,71.1039,21.9697,21.7532,4.0043,78.2468,14.9902,2.6223,0.3914,3.5225,7.5147,16.8016,2.9058,46.0922,48.998,2555.0,77.3386,77.3386,4.3053,19.6477,2.7652,182.6399,13.9893,0
15776,1916.0,1.0151,1.3048,0.261,19.1023,0.1566,0.0522,14.7182,3.7056,3.7578,55.2192,33.9248,36.0647,4.7495,63.9353,11.1381,0.8514,0.2433,3.4231,4.0834,14.1612,0.8226,58.9717,59.7943,5755.0,63.8054,63.8054,6.2033,12.6325,3.0037,103.5391,55.5829,0
15778,1242.0,1.0539,4.7504,2.657,42.9952,1.9324,0.5636,35.2657,2.3349,5.8776,41.7874,19.0016,19.2432,4.0258,81.401,11.7495,1.5226,2.1258,1.0629,4.108,12.8987,3.8226,69.4954,73.318,3501.0,80.6341,80.6341,4.8843,22.2508,2.8188,41.142,85.0955,0
15790,1686.0,1.0985,7.9478,0.5931,38.3749,0.4152,0.0593,16.726,1.0676,1.3049,94.306,35.5279,31.3167,3.3215,71.8861,10.7588,1.4202,0.7004,0.3891,5.214,12.6025,3.7797,42.4946,46.2743,5150.0,71.0291,67.6699,6.1942,13.3592,3.0546,209.5684,24.5743,0
15798,1357.0,1.0111,1.1054,3.7583,24.5394,3.2424,0.2948,12.675,3.832,2.0634,45.2469,31.9086,30.4348,8.1798,70.2284,9.3987,0.8465,3.0064,1.1092,2.5686,11.8487,4.0087,58.6735,62.6822,3461.0,68.7663,68.7663,4.074,21.3811,2.5505,45.7831,75.5955,0
15804,2757.0,1.0203,1.8136,1.3058,29.0533,1.0881,0.0725,21.4726,1.9224,4.7515,78.2372,21.255,20.457,3.9536,78.4186,14.5878,1.309,1.1831,2.3285,2.4166,16.5423,1.7775,56.2744,58.0519,7966.0,79.0736,79.0736,6.1762,17.7755,2.8894,121.7698,65.4185,0
15806,3548.0,1.0189,1.2965,0.8737,4.5941,0.1691,0.1409,0.9583,0.7328,0.6201,95.3213,54.876,63.5569,15.0507,61.1894,6.997,0.3176,0.2995,0.0272,1.443,9.5071,1.575,22.6858,24.2608,11023.0,62.0249,54.5859,6.178,11.7028,3.1068,93.6794,117.6673,0
15808,1010.0,1.0525,4.4554,1.3861,24.2574,0.9901,0.396,7.8218,3.0693,4.4554,53.6634,23.7624,28.8119,6.9307,76.0396,11.8857,0.6623,0.5925,2.8581,4.1478,14.3324,2.7281,57.1966,59.9247,2869.0,74.6602,74.6602,5.9254,15.8592,2.8406,79.7666,35.9674,0
15810,999.0,1.1612,13.1131,0.3003,34.9349,0.1001,0.0,35.7357,0.9009,7.8078,31.8318,26.6266,27.5275,3.1031,71.5716,24.4134,4.7876,1.6804,9.702,13.5701,28.4506,5.2586,69.9138,75.1724,3154.0,71.2112,70.038,5.39,15.3139,3.1572,71.9626,43.8283,0
15814,2670.0,1.0296,2.5843,0.7491,20.5243,0.412,0.1498,13.7453,2.809,1.7228,90.2622,48.0899,47.7903,4.9813,51.4981,9.8886,0.9877,1.0107,0.356,4.4792,12.4389,2.1462,43.1066,45.2528,8707.0,51.7055,51.7055,8.2233,10.7155,3.261,168.1488,51.7815,0
15816,1335.0,1.033,2.8464,10.0375,3.221,8.6891,0.0749,13.9326,2.2472,4.2697,68.1648,16.1049,16.1798,3.221,84.2697,25.3551,3.7879,8.1203,1.5152,5.9422,28.2278,10.7324,44.4525,55.1849,4224.0,85.6297,85.6297,7.0549,13.0445,3.164,101.4312,41.644,0
15820,1164.0,1.0069,0.6014,1.1168,31.0137,1.0309,0.0859,6.0997,1.2887,2.4914,72.9381,47.5945,38.9175,4.6392,69.4158,12.1495,1.0195,1.6143,0.7363,6.3438,11.6574,1.7079,51.2383,52.9462,3531.0,71.4245,59.2184,6.8536,11.2999,3.0335,33.5945,105.1065,0
15822,1429.0,1.0049,0.4899,0.3499,27.6417,0.3499,0.0,18.3345,1.0497,7.2078,83.9748,18.6144,19.944,2.3793,80.9657,16.7108,1.5453,0.4636,1.4349,5.0993,18.5855,0.3484,48.4321,48.7805,4530.0,83.0243,83.0243,7.4172,11.2141,3.17,195.9269,23.1209,0
15832,495.0,1.0626,5.4545,46.2626,2.8283,40.6061,0.202,11.5152,36.3636,12.7273,73.3333,15.1515,15.5556,3.6364,84.0404,20.9043,5.3735,8.3879,3.7353,7.3394,22.902,46.1977,21.4829,67.6806,1526.0,83.5518,83.5518,7.7326,14.0236,3.0828,29.1983,52.2634,0
15835,1989.0,1.0287,2.6647,0.6033,25.8421,0.4525,0.1508,9.8542,4.4243,2.5641,91.1011,34.5902,33.2328,6.8376,64.6053,12.1337,0.9083,0.6341,0.3942,4.9015,14.6103,1.2219,54.8387,56.0606,5856.0,64.6346,64.6346,5.4474,17.7254,2.9442,79.6844,73.4899,0
15837,2504.0,1.0399,3.155,0.7588,8.2268,0.4393,0.2396,7.3083,1.877,1.877,91.1741,29.393,31.3898,8.2668,72.0048,11.7279,1.2772,0.7737,0.2456,2.8614,14.6012,2.7255,38.1574,40.8829,8154.0,71.6458,71.6458,7.1499,13.1714,3.2564,165.4602,49.2807,0
15839,586.0,1.0102,1.0239,0.3413,12.9693,0.3413,0.0,6.8259,0.6826,5.1195,73.5495,17.2355,9.8976,3.5836,89.5904,15.9978,0.8361,0.7246,1.505,5.4069,15.9385,0.846,54.6531,55.4992,1794.0,90.5797,84.0022,6.3545,12.709,3.0614,121.8978,14.7172,0
15842,2377.0,1.021,1.3042,0.7993,12.8734,0.631,0.1262,16.4072,1.2621,1.0097,79.2175,13.883,12.5368,2.987,86.117,10.1955,0.782,0.9848,1.0427,1.4917,10.1137,2.1426,65.5954,67.7379,6905.0,85.344,85.344,6.1115,15.1919,2.9049,146.1196,47.2558,0
15861,4016.0,1.0944,7.8436,0.747,3.2122,0.1992,0.1245,3.8845,0.747,1.3197,93.4512,26.8675,20.6175,4.2082,83.9392,6.7053,0.4294,0.5582,0.1217,1.4813,6.7749,3.1862,37.9836,41.1698,13984.0,83.2809,74.6138,7.0438,10.9768,3.4821,160.1325,87.3277,0
15879,896.0,1.0502,4.4643,0.8929,22.8795,0.4464,0.3348,15.1786,0.7812,1.7857,86.0491,16.6295,14.7321,0.7812,83.1473,13.2455,1.1619,1.2393,0.8133,2.44,14.615,2.0191,44.102,46.1211,2582.0,84.0046,84.0046,5.0349,16.615,2.8817,62.592,41.2513,0
15897,1476.0,1.0718,5.4878,15.9214,30.9621,15.5149,0.4065,19.6477,10.5014,9.8238,62.1274,22.6965,22.8997,2.981,76.7615,19.4054,2.0365,6.9054,2.4345,1.662,23.7088,17.1302,44.9431,62.0733,4301.0,74.7268,74.7268,5.7429,16.159,2.914,251.3594,17.111,0
17001,134587.0,1.0163,1.2728,3.4253,5.6581,1.6814,0.1813,1.4786,9.2037,0.9763,96.2924,93.9771,95.4409,65.6698,5.6358,6.2023,1.4572,1.7516,1.9352,1.2455,12.8995,3.7855,12.506,16.2915,400436.0,6.2442,4.0061,4.7316,12.8572,2.9753,440.7257,908.5833,0
17013,6826.0,1.0189,1.5675,2.1242,26.15,1.421,0.0439,1.2745,12.4377,0.7911,78.7723,58.7606,56.9733,14.8843,48.3153,11.0061,1.0572,0.9501,0.4823,1.6029,13.616,2.8617,39.0998,41.9615,20712.0,49.6427,41.8453,5.6875,12.611,3.0343,475.5427,43.5544,0
17042,10607.0,1.0229,1.8855,5.6849,26.2751,1.1219,0.2734,1.8384,15.7255,0.9145,72.6878,65.3531,65.5605,18.2992,38.2955,10.6654,1.689,1.8513,1.2978,2.2966,13.2969,5.4986,34.0726,39.5712,31811.0,41.5014,39.4926,5.2969,13.0395,2.9991,209.0392,152.1772,0
17050,3349.0,1.0057,0.4479,2.4485,51.4482,1.1048,0.0896,0.1493,45.1179,0.418,87.9964,71.3347,68.1099,18.0352,32.1887,9.8336,0.477,0.2943,0.548,1.3193,16.2599,2.5238,30.196,32.7197,9854.0,35.7621,33.5701,6.2919,14.3901,2.9424,149.4267,65.9454,0
17088,2965.0,1.0661,5.1602,9.4098,29.1062,0.9781,0.371,5.1602,16.2563,2.6644,70.5565,54.4351,60.0675,7.0152,51.9056,17.8242,3.7884,6.9455,0.3312,5.0512,24.6197,7.8366,37.7763,45.6129,9690.0,55.6244,43.3746,6.9556,12.033,3.2681,113.3406,85.4945,0
17174,15528.0,1.0211,1.668,2.956,2.7112,0.8372,0.058,0.4444,4.0379,0.3735,96.2004,93.6888,96.3421,38.6399,9.9176,7.992,0.6501,0.352,0.3996,1.8883,14.8352,4.1493,15.891,20.0404,48484.0,10.8861,7.9263,5.1502,12.2845,3.1224,109.356,443.3592,0
17272,3314.0,1.0208,1.8105,4.9185,41.7019,0.9053,0.2112,1.9312,23.446,0.8147,78.5456,64.7254,53.5003,10.1388,60.4104,10.8499,1.1027,1.3315,0.5097,1.9765,13.8222,2.4859,46.4635,48.9494,9630.0,64.0083,51.5265,5.0571,14.5171,2.9059,192.4783,50.0316,0
17380,22681.0,1.0192,1.552,7.3806,0.9303,6.6002,0.5599,4.0871,1.0185,3.7476,94.2375,87.7783,91.063,29.9105,10.0392,12.6002,2.4332,3.9501,1.9063,3.3654,23.4846,9.1433,21.8243,30.9677,70802.0,12.4827,4.4038,6.4998,10.3316,3.1216,549.1447,128.9314,0
17388,1854.0,1.0259,2.1575,16.5588,14.5631,1.0787,0.0,0.9709,14.9946,0.9169,75.4585,54.9622,61.7044,5.8252,60.4099,12.2464,1.3336,0.5071,0.7513,3.7002,15.2846,15.0894,41.5878,56.6772,5325.0,64.9953,39.5117,5.0892,14.6479,2.8722,88.6245,60.0849,0
17433,5708.0,1.0173,1.5067,17.6945,1.5592,16.9236,0.1752,1.3139,25.2453,1.1913,65.9951,54.5025,62.3336,19.6917,42.3441,17.1373,2.4179,1.1271,7.393,2.3088,16.0183,18.1489,35.9359,54.0848,16532.0,43.691,39.8863,6.188,12.8236,2.8963,197.8473,83.5594,0
17442,2590.0,1.0355,3.0116,3.4363,35.7529,1.583,1.0425,4.0927,1.583,3.2432,71.8919,54.7876,49.8069,11.9691,87.6062,14.6612,2.3335,1.7796,0.6246,5.987,14.9589,4.9831,77.7819,82.7651,8485.0,88.792,42.8757,7.1656,7.8256,3.2761,36.8728,230.1152,0
17444,4328.0,1.0037,0.3235,12.6155,0.3466,11.4834,0.1386,0.9473,10.9982,1.1784,64.7874,48.1285,50.5776,10.6285,51.4094,12.7163,1.4488,0.6871,1.1176,2.9804,15.296,12.8223,38.8122,51.6344,12146.0,53.0792,52.3465,6.4136,12.5885,2.8064,90.2936,134.5167,0
17446,738.0,1.0108,0.6775,40.3794,17.2087,39.8374,0.1355,0.271,62.7371,1.355,70.1897,60.8401,62.0596,11.3821,64.3631,7.8808,0.3364,0.2403,0.4325,0.5766,10.0356,40.4826,32.4397,72.9223,2081.0,67.5156,46.0836,6.3431,11.4368,2.8198,376.6552,5.5249,0
17486,6378.0,1.0088,0.7839,7.4945,27.4067,2.9476,0.2352,1.7404,21.8721,1.2857,86.5789,73.8319,62.7626,15.5378,43.2738,11.776,1.9897,1.2773,0.4913,2.4367,18.1451,7.5666,29.0518,36.6184,20495.0,44.8061,38.1654,5.7038,13.2813,3.2134,369.1087,55.5257,0
17495,1946.0,1.0128,1.1305,20.3494,0.2569,19.1675,0.4625,5.8582,5.7554,2.4152,78.9311,67.4203,76.5673,16.0329,32.0658,18.0121,3.8009,5.5499,2.7918,3.515,33.1663,21.269,24.5178,45.7868,5949.0,33.5519,26.2397,6.5389,9.2116,3.057,227.5862,26.1395,0
17513,4594.0,1.0081,0.7183,2.0244,33.4349,1.2625,0.4571,1.3496,21.3104,0.8925,83.3914,58.4458,58.5329,14.9325,48.2151,13.2553,1.851,0.9484,2.0575,1.9887,15.419,1.9731,41.8257,43.7988,13214.0,50.8476,40.6539,4.6617,14.5755,2.8764,256.8549,51.4454,0
17524,4450.0,1.0146,1.236,7.7528,7.2584,0.4719,0.0899,0.809,6.0,0.382,87.3708,76.5169,78.764,14.2921,65.3933,9.2513,1.1268,0.7042,0.2743,2.4166,9.6332,8.2853,49.4683,57.7537,13560.0,65.3171,27.1681,5.8628,11.1062,3.0472,112.1114,120.9511,0
17541,6004.0,1.0067,0.5829,43.571,1.0493,43.1046,0.0999,1.2991,46.6689,0.8827,64.6569,54.6636,51.6489,15.4564,59.6436,10.7032,1.0288,1.0405,0.6196,1.7946,13.7428,43.5323,26.4511,69.9834,17342.0,60.9157,46.6267,5.9047,13.6259,2.8884,498.2436,34.8063,0
17614,14292.0,1.0132,1.1475,7.1579,26.5743,2.1271,0.2449,3.1136,7.8226,1.9102,80.2687,69.3185,56.92,19.1926,58.991,11.3138,1.5809,1.4163,0.6207,4.7592,14.4019,6.3517,41.9131,48.2649,48329.0,63.8623,46.7401,5.9302,13.3709,3.3815,383.6733,125.9639,0
17616,3221.0,1.0286,2.2353,7.2648,31.0773,3.2288,0.3105,3.9118,18.5036,3.0736,59.702,49.0841,58.6774,7.5132,57.2183,11.4634,1.372,2.5,0.4878,3.4553,14.6742,7.7295,46.2862,54.0157,9840.0,61.2907,55.5793,5.3659,11.8496,3.055,89.7762,109.6059,0
17653,5784.0,1.0109,0.9509,5.5671,50.1037,3.6653,0.4495,1.435,39.9032,1.4177,82.2441,69.0353,68.4129,17.6521,35.8575,10.2974,1.4354,1.6605,2.0923,1.5814,11.3644,5.5517,34.8526,40.4044,16759.0,36.1895,29.8347,4.8452,14.7801,2.8975,387.9598,43.1978,0
17662,6232.0,1.0151,1.3158,21.7426,0.4974,20.7317,0.353,2.4872,15.8858,2.5032,60.5103,43.052,49.0372,7.9268,68.3248,13.5331,1.9169,1.8767,1.452,2.5138,16.2109,21.9319,47.3476,69.2795,17466.0,70.0275,51.4428,6.172,11.7027,2.8026,757.8981,23.0453,0
17665,1439.0,1.0535,5.073,5.6984,21.1953,0.8339,0.2085,1.3204,12.4392,1.1814,60.6671,32.2446,35.5803,8.9646,68.9368,13.7511,1.55,1.1072,0.2879,4.2516,17.3808,4.9538,51.3871,56.3408,4524.0,73.2538,70.5128,5.9019,13.1742,3.1438,60.813,74.392,0
17777,8284.0,1.0115,1.0381,1.8349,19.2178,0.3018,0.2052,3.38,0.6036,1.2554,84.3675,55.2873,57.0014,16.2603,47.5495,11.1814,1.4715,0.986,0.5457,3.5001,15.4413,2.0953,41.7744,43.8697,26571.0,51.5976,46.9233,6.191,10.741,3.2075,121.4856,218.7173,0
17867,2767.0,1.0098,0.9035,7.1919,0.0361,6.18,0.1084,1.8793,1.8793,0.7589,84.6765,59.2338,61.9082,14.5284,47.8497,13.5493,2.2459,1.8164,1.9146,3.2523,16.5789,7.8382,33.7151,41.5533,8172.0,51.1503,38.6442,6.0695,12.5184,2.9534,558.7229,14.6262,0
17873,20065.0,1.0152,1.231,3.3342,3.07,1.55,0.1445,1.3556,5.2878,0.7476,93.6058,87.5455,88.6918,58.8238,13.1722,6.8612,1.235,1.4409,1.5174,1.4297,13.1177,4.0775,18.4497,22.5272,62831.0,13.3549,8.316,5.58,10.3898,3.1314,454.9185,138.1149,0
17877,3978.0,1.0229,1.8854,1.7597,8.8487,0.5279,0.176,1.1564,3.7959,0.5279,93.1121,87.456,87.5817,23.63,13.0719,8.7243,0.9577,1.1348,0.5473,2.165,16.8654,2.3353,19.0511,21.3864,12432.0,14.1651,14.1651,4.9871,14.0283,3.1252,112.8033,110.2096,0
18001,49809.0,1.0323,2.7465,12.9053,0.2208,12.307,0.4818,4.9027,3.8909,2.351,90.7045,82.5915,91.3309,26.8265,8.6249,14.5094,2.7965,5.2245,1.4888,4.484,26.5061,14.8374,20.6949,35.5323,156789.0,10.8082,9.5045,7.7493,6.8308,3.1478,2545.9073,61.5847,0
18029,1409.0,1.1065,9.0845,31.3698,0.1419,30.731,0.1419,11.7104,12.6331,7.736,57.3456,49.8935,51.5969,1.9163,52.0227,20.1696,4.4923,9.8327,3.2088,4.8361,26.8344,33.4199,24.27,57.6898,4514.0,56.1143,46.7878,7.2884,7.8201,3.2037,412.5413,10.9419,0
18094,2883.0,1.0964,7.9431,33.5414,0.7284,31.0787,1.2487,12.2789,17.8633,9.9896,69.9618,62.6431,66.077,2.5321,32.6396,28.4912,7.1257,12.1434,3.9065,5.6822,39.348,34.7055,22.7992,57.5047,9075.0,37.124,32.2094,8.1763,7.1846,3.1478,1190.5529,7.6225,0
18150,7962.0,1.0261,2.0975,60.6757,0.1758,56.9832,3.366,16.4657,28.523,36.2974,57.473,47.9151,55.7146,6.4305,44.4486,38.145,13.0377,16.0854,13.8006,7.5513,47.7884,61.2335,13.9868,75.2203,27939.0,45.5958,41.1611,9.2881,4.6244,3.509,12786.2838,2.1851,0
18205,2278.0,1.0751,6.3652,44.4688,0.0878,43.8982,0.439,5.0044,28.3143,9.6576,68.2177,57.3749,70.3248,7.6822,28.6655,22.9706,4.4722,4.7296,5.9222,4.6077,31.0456,46.9146,21.9044,68.819,7518.0,30.7263,27.8532,8.606,6.5709,3.3003,398.7088,18.8559,0
18247,5767.0,1.0628,5.3754,23.4091,0.2081,22.9409,0.3815,10.3173,8.5833,6.7973,72.3947,74.961,75.3945,3.6587,27.0505,20.4132,3.9665,10.3005,1.4739,3.7674,28.9237,25.5305,26.9833,52.5139,17775.0,29.8228,22.903,7.8425,8.692,3.0822,1105.1181,16.0843,0
18256,4568.0,1.2796,18.9799,44.352,0.1313,41.1559,2.9335,15.5429,22.1322,8.1655,54.838,51.6419,52.8459,2.7364,47.5044,24.2864,5.6699,13.7186,2.8389,5.8259,31.1663,44.6175,18.4494,63.0669,13014.0,40.0569,36.2533,8.56,7.5688,2.8489,1234.7106,10.5401,0
18410,3553.0,1.0549,4.8973,56.206,0.6192,53.87,2.1109,17.5908,29.3273,39.2344,40.5573,37.405,35.8289,1.8013,78.7222,32.8532,9.1114,17.0861,7.0809,5.2846,36.7566,57.2919,24.4581,81.7501,12128.0,81.0933,60.8427,7.5775,5.6893,3.4135,1700.2236,7.1332,0
18460,1985.0,1.0992,7.8589,65.2897,0.7557,63.5768,0.6549,23.6272,26.4987,41.9647,18.0856,29.9748,33.2997,1.9647,83.2746,47.106,25.3582,26.9341,32.765,6.6619,52.1054,58.583,26.3249,84.9078,7507.0,87.3718,65.9118,8.8717,5.1552,3.7819,1220.1896,6.1523,0
18479,1013.0,1.2172,17.1767,29.8124,0.2962,27.8381,1.6782,11.7473,9.4768,8.8845,58.0454,56.5647,58.0454,0.5923,43.1392,21.2239,4.7463,12.0,3.0746,4.2985,29.6834,34.1444,19.6269,53.7713,3350.0,45.2537,45.2537,8.3284,7.5821,3.307,462.0852,7.2497,0
18592,7489.0,1.0235,1.9896,36.587,0.3739,35.2517,1.1083,18.16,12.071,27.8542,65.6162,60.6356,63.7468,4.6335,39.3377,32.0418,9.2395,17.4881,7.8845,3.8491,47.406,37.8541,22.7647,60.6187,24395.0,41.4634,37.9217,8.1492,7.272,3.2574,4144.8936,5.8856,0
18610,3444.0,1.1246,10.5691,38.5017,0.0871,37.6307,0.4355,14.547,14.1115,18.8734,74.7967,61.5854,74.3031,3.8037,42.6249,26.7214,5.8732,13.8076,5.4355,4.0948,36.2334,40.7503,25.6145,66.3648,11364.0,46.4361,26.7863,8.6325,5.7902,3.2997,1308.343,8.6858,0
18753,12008.0,1.0185,1.5989,54.8634,0.6496,53.1063,1.5906,14.0656,25.3997,38.008,56.3791,42.3634,54.7801,12.3917,47.6099,30.4653,8.8812,13.9432,9.4597,4.1207,40.8375,55.5183,19.6842,75.2025,42390.0,49.5188,43.2484,8.9856,4.921,3.5301,20190.4254,2.0995,0
18756,2857.0,1.0077,0.665,69.3035,0.07,67.6584,1.0501,8.5054,51.6626,58.1379,40.042,41.5471,38.5719,2.6251,67.4134,44.7168,12.131,8.6054,26.5985,4.8712,51.6674,69.1171,11.3612,80.4784,10331.0,73.5456,65.3761,9.486,4.3171,3.616,42288.3463,0.2443,0
18785,1687.0,1.0219,2.1932,64.2561,0.0593,62.6556,1.1263,10.2549,32.0688,26.4375,58.1506,53.5862,57.0836,3.3788,37.5815,27.2797,6.1236,7.2873,9.9962,4.2159,34.8735,64.3851,10.6729,75.058,5431.0,40.5082,37.912,8.3594,6.6654,3.2193,476.5137,11.3974,0
18860,1813.0,1.0375,3.144,51.241,0.1103,50.1379,0.7722,12.8516,31.0535,6.3982,42.7468,46.4424,45.0083,2.6475,59.7904,27.6506,5.9704,12.1346,7.4674,1.9901,36.7406,52.2872,16.8085,69.0957,6082.0,63.4331,55.4587,7.2509,7.07,3.3547,1329.2817,4.5754,0
19001,84936.0,1.1416,10.5267,8.2992,1.7531,6.6992,0.2743,5.3005,1.0726,1.2927,96.123,84.9039,88.4678,48.1739,15.2585,9.0974,1.0905,4.4811,0.2561,2.4379,20.0195,12.991,17.9813,30.9724,277270.0,16.9409,9.5683,6.1489,10.071,3.2645,479.141,578.6815,0
19022,5219.0,1.2707,20.2338,0.8431,89.1742,0.6131,0.0192,80.8584,0.8239,17.5321,12.8377,8.5649,7.8751,0.5557,91.7417,33.6985,6.0461,2.0941,24.0029,6.2761,34.6716,8.1208,84.4528,92.5736,16523.0,92.7071,86.1405,6.5061,11.1844,3.1659,236.0732,69.991,0
19050,7488.0,1.027,2.1902,28.1784,16.6132,24.3056,2.8579,28.3654,7.4386,10.1496,50.1736,32.5321,37.273,3.2452,88.5684,23.3977,3.7992,13.5709,1.1694,5.2698,24.0631,28.6105,47.8793,76.4897,20136.0,88.2449,69.1845,7.3252,5.9495,2.6891,773.377,26.0365,0
19075,6722.0,1.0894,7.468,3.7043,56.6498,2.2166,0.9075,50.6397,0.7289,4.5373,46.5635,28.9795,25.4686,1.1157,74.9777,20.3608,3.6659,5.0624,8.5802,4.2478,17.4686,6.3388,76.4481,82.7869,18910.0,72.3215,59.8572,7.0915,9.5188,2.8132,411.9433,45.9044,0
19100,12670.0,1.0613,4.9329,1.2391,87.4349,0.7735,0.0947,71.4207,0.4657,8.4057,23.8911,18.5004,13.457,1.1918,88.5162,27.4863,4.3256,2.3775,14.9754,6.6582,28.5972,3.1038,84.5553,87.6591,35837.0,86.8655,76.7642,6.005,12.0211,2.8285,795.9495,45.0242,0
19110,8398.0,1.082,6.2277,17.6352,39.438,14.7416,0.6311,34.6035,9.6213,13.9795,51.9767,16.5397,5.3584,2.06,95.0941,15.1807,2.1239,4.8066,3.3722,2.647,15.3575,18.9881,66.3086,85.2967,25257.0,95.4706,69.5253,8.4452,7.5306,3.0075,433.7785,58.2256,0
19130,9176.0,1.1652,12.7942,10.2986,46.044,6.833,0.4032,44.551,1.1661,11.1595,34.612,8.0427,7.1273,1.2424,93.2214,23.5582,4.1135,7.0358,5.7453,4.3214,24.6028,14.1546,67.5785,81.733,32237.0,93.9262,88.9227,7.8016,9.9451,3.5132,551.2693,58.4778,0
19137,8201.0,1.3,22.2046,5.1945,54.725,1.9144,0.3414,47.8722,1.8412,8.5965,79.4293,9.5476,9.4501,2.0485,93.3301,23.7753,3.9821,4.0629,3.9403,8.9506,24.1591,10.7767,51.0097,61.7864,36139.0,94.665,87.4319,11.2178,7.0423,4.4067,354.0858,102.0628,0
19142,7274.0,1.2257,16.882,15.5623,33.9291,3.0245,1.7872,34.5615,1.4297,7.5337,54.0005,27.5089,38.342,5.3478,76.7253,22.9101,4.7736,10.9959,7.6947,4.4015,26.6548,14.3545,46.7806,61.1351,25416.0,80.0323,60.1117,8.0422,8.0225,3.4941,264.2314,96.1884,0
19212,7501.0,1.0243,1.8797,13.1449,27.1164,5.5326,0.9732,26.5431,2.8796,3.0663,57.5923,56.4325,57.0057,10.9852,44.6607,18.8416,3.1017,9.7213,3.0509,3.9014,27.6533,10.3639,42.1159,52.4798,21975.0,42.8259,39.3993,7.0125,8.0683,2.9296,325.5588,67.4993,0
19256,12629.0,1.0935,7.4511,26.4946,32.5441,20.9676,0.6255,33.7636,11.4419,14.2687,62.0714,8.1162,6.9047,1.1561,92.9448,23.4049,4.7625,10.9481,5.4117,3.851,24.0221,27.5709,42.873,70.4439,38688.0,93.4398,83.7908,6.5421,11.3653,3.0634,2732.386,14.1591,0
19290,1432.0,1.2968,23.0447,0.7682,54.4693,0.2095,0.3492,18.8547,0.1397,2.1648,88.4078,22.6257,23.4637,2.2346,76.7458,12.2617,0.9236,1.3166,1.179,5.4824,11.9017,7.7503,48.0624,55.8127,5089.0,76.7734,68.3042,5.9737,11.3971,3.5538,56.5068,90.06,0
19300,5452.0,1.2062,16.6911,1.1922,4.9707,0.0917,0.1834,6.0528,0.0917,0.752,88.3896,32.1717,55.8327,4.1269,67.2964,4.9533,0.2053,1.1181,0.5402,0.9669,5.4563,7.2952,63.113,70.4082,18513.0,67.7146,11.257,7.0275,7.3894,3.3956,100.5189,184.1743,0
19318,6157.0,1.072,5.1811,71.0248,0.3086,70.4239,0.3086,1.949,65.8762,48.319,19.1489,10.3297,25.5482,6.1231,43.3003,70.6835,12.0505,1.9264,63.3649,3.0368,53.754,71.4788,26.1839,97.6627,24037.0,42.7216,39.5682,9.9222,6.8935,3.904,2557.4081,9.399,0
19355,6794.0,1.3363,21.8722,8.846,72.2402,7.0798,0.2208,48.484,2.3992,9.4642,24.6394,21.7986,7.1092,1.516,94.0094,19.0034,2.7709,5.1,6.6289,2.4387,19.4327,17.4989,63.6876,81.1865,26571.0,95.4349,81.9239,10.2856,7.8356,3.911,865.2355,30.7096,0
19364,3507.0,1.4405,30.596,3.0225,57.428,1.8249,0.1141,52.1528,1.3402,13.2877,68.7197,20.9866,9.0961,3.4788,89.6208,15.5751,2.2014,2.0057,5.1306,4.5741,16.1846,17.2945,44.5776,61.8721,16353.0,90.9069,90.9069,10.469,5.5892,4.663,234.04,69.8727,0
19392,3078.0,1.2031,16.1793,7.6023,53.5088,1.2671,0.8447,59.5192,0.6173,7.6348,40.1235,12.9305,16.1144,1.332,82.3912,23.0297,3.7041,9.6427,3.8148,7.2572,20.6133,12.127,70.2659,82.3928,9935.0,83.694,79.5773,6.5224,12.612,3.2277,207.9222,47.7823,0
19397,5417.0,1.3825,23.1863,1.8276,78.1244,1.1261,0.2584,67.0666,3.3229,4.5228,39.6529,18.8481,5.4274,0.5538,93.5573,16.9894,1.9568,2.1439,4.5912,4.8288,16.5235,16.0481,75.1402,91.1883,19777.0,94.7414,76.1845,6.993,11.8724,3.6509,515.0356,38.3993,0
19418,3992.0,1.0203,1.478,83.7675,0.1754,82.8657,0.7265,1.6533,79.6343,63.8527,11.6232,10.8968,11.2475,0.3257,87.9509,42.773,9.0494,2.2094,23.1527,6.0197,40.1783,82.961,14.4675,97.4286,15154.0,88.3265,79.2926,11.3963,4.5731,3.7961,3357.6056,4.5133,0
19450,4761.0,1.2245,18.3155,2.5205,51.4178,1.0922,0.5041,45.6207,0.2731,5.104,66.7507,28.7335,40.4957,1.8904,63.8731,25.5032,4.1267,10.8199,8.6519,4.6062,23.1997,8.1016,72.6571,80.7587,14824.0,61.758,36.1104,5.6867,13.3297,3.1136,695.9212,21.3013,0
19455,9329.0,1.0888,6.8067,4.8344,7.8894,2.0688,0.1715,8.9077,0.7075,2.1546,84.8215,76.4819,79.2689,13.3776,39.2325,9.3378,0.9285,3.1815,0.9566,1.4191,13.144,6.1513,33.3741,39.5254,28662.0,37.6492,22.4304,6.7406,8.6316,3.0724,189.468,151.2762,0
19473,8256.0,1.4809,29.0334,25.1332,32.97,13.4327,7.9942,39.7408,6.6618,21.4147,53.1129,8.4545,7.4976,1.0901,91.8605,27.0774,7.5092,16.4105,6.0968,5.8177,28.0423,22.6631,44.3734,67.0365,29737.0,92.6018,88.5227,9.8093,7.5966,3.6019,510.2388,58.2806,0
19513,2877.0,1.1071,8.6201,1.9117,9.6628,0.0,0.1043,9.9409,0.0695,1.2861,93.813,64.9287,56.6215,2.5721,51.2687,8.3191,1.0613,3.5034,0.776,1.358,7.8713,4.1169,43.7775,47.8944,8763.0,50.0171,31.6444,6.3677,9.3803,3.0459,69.5117,126.0651,0
19517,8624.0,1.3489,23.2607,4.7426,68.9007,1.3567,1.4842,51.4842,0.8929,20.3966,14.0538,27.4351,12.5,1.3451,89.5756,21.6575,4.1623,3.6916,6.7821,3.9123,22.5815,16.0096,64.5396,80.5492,37666.0,92.3061,78.5456,12.3135,6.2815,4.3676,1791.2338,21.028,0
19532,8995.0,1.2753,19.6109,6.8705,34.6415,2.8794,1.2785,40.1779,0.4447,9.0272,51.6064,42.5125,41.1895,6.2479,59.2774,20.6763,3.258,9.7564,3.0394,4.8976,24.0405,12.801,59.4782,72.2791,28586.0,58.3992,38.3369,6.846,9.9874,3.178,753.3262,37.9464,0
19533,2172.0,1.2343,18.9227,84.07,0.0921,82.5506,0.2762,6.3076,46.8692,44.9355,70.9945,30.4328,38.8582,0.9669,74.3554,21.6732,3.5514,5.2499,8.4222,2.0354,24.9568,84.5893,7.4228,92.0121,7125.0,73.1789,58.8211,9.2491,4.8,3.2804,1103.0726,6.4592,0
19548,9935.0,1.2167,16.155,6.3815,17.5642,1.3488,0.302,15.4706,0.7247,4.9623,93.3166,40.0,35.692,6.5627,62.7579,13.5159,1.6044,5.4579,0.4678,3.7756,14.6667,12.0172,37.2286,49.2458,33431.0,62.3972,60.076,7.4721,9.9608,3.365,181.0428,184.658,0
19573,12429.0,1.0452,3.6367,0.3379,0.4586,0.0805,0.0402,2.0356,0.1931,0.2333,96.9668,94.0462,96.6047,18.4005,12.2053,7.976,0.6772,1.8966,0.1274,1.4843,6.9451,2.9971,25.6954,28.6925,40244.0,11.306,1.5431,7.0594,8.0211,3.2379,108.9607,369.3443,0
19585,3657.0,1.411,27.5636,36.1225,26.4971,34.1537,0.875,21.8212,9.4613,6.7268,24.0361,22.4501,10.309,0.6016,86.519,20.7504,3.2496,11.3166,1.7286,6.0302,21.4911,45.2888,33.9153,79.2041,14952.0,88.6637,70.9002,8.6811,7.1629,4.0886,847.0191,17.6525,0
19622,3237.0,1.0772,6.3948,12.4189,32.5919,6.8273,0.5252,38.894,0.8032,3.5836,46.3701,14.396,12.4807,0.7414,89.7745,18.1555,2.5278,9.7579,1.0925,2.8706,18.3796,13.8594,55.208,69.0674,9336.0,89.1067,79.4237,5.4734,14.0103,2.8842,168.6666,55.3518,0
19693,2999.0,1.2964,20.0734,2.9343,89.6299,2.6009,0.1334,71.0904,2.2007,7.5692,59.3865,22.8076,7.6692,0.7002,93.3311,15.8358,2.0678,3.3269,3.419,4.6576,15.3242,12.5385,78.2374,90.776,9806.0,93.8099,74.1995,5.7108,11.3196,3.2698,418.2388,23.4459,0
19698,29001.0,1.0742,5.4964,8.6411,19.2028,1.7517,0.3965,17.4925,0.8655,2.7551,82.6558,54.4016,54.3533,22.3992,47.1846,12.1932,1.7169,6.5444,0.5737,2.7845,16.7366,9.2669,34.0279,43.2948,96032.0,50.2728,39.2588,7.4434,8.3764,3.3113,517.2358,185.6639,0
19701,1533.0,1.0685,5.9361,60.274,19.0476,58.317,1.0437,29.9413,37.8343,17.6778,20.0913,19.2433,17.3516,0.7828,84.801,35.6181,7.2764,15.799,10.5126,8.8643,36.2415,59.4142,28.8703,88.2845,5045.0,88.4044,70.1288,7.4331,9.336,3.2909,3612.4552,1.3966,0
19743,7897.0,1.3841,24.2497,2.7732,41.2435,1.6462,0.5192,36.6848,0.5572,9.7252,34.6081,19.3491,15.9428,3.6849,83.576,14.1762,1.8334,2.3607,2.7561,3.6968,15.3542,10.0112,48.7386,58.7498,33508.0,86.839,82.7056,9.5141,7.3356,4.2431,679.8388,49.2882,0
19760,3514.0,1.2994,20.461,16.5623,40.8936,14.0581,0.313,36.8526,3.2726,8.8219,47.4388,11.8384,7.2567,0.7684,95.3614,18.5555,2.9779,10.083,0.562,6.7276,18.5309,24.6494,49.1017,73.7511,11958.0,95.4758,83.6929,6.7904,10.5787,3.403,514.8366,23.2268,0
19780,7090.0,1.1014,7.2355,20.141,28.8999,18.646,0.6347,31.5515,6.1213,7.3202,40.0423,27.3202,22.2849,1.7207,71.4528,28.5722,6.5787,14.4262,7.7099,5.5595,30.901,23.5438,53.0408,76.5846,19690.0,70.9091,64.3321,8.6034,7.3895,2.7772,391.5695,50.2848,0
19785,2121.0,1.2984,21.2636,3.8661,85.2428,2.4517,0.5658,81.5182,0.8958,10.4196,23.1023,19.6605,18.1047,0.6601,79.5851,35.4781,7.4988,12.8528,17.1585,6.2893,30.281,10.7558,82.2674,93.0233,6201.0,82.0674,76.2458,5.741,10.6112,2.9236,135.5154,45.7586,0
19807,9296.0,1.211,16.0499,11.1338,9.3481,3.9802,0.3335,13.8016,1.1833,3.4101,93.0723,39.5331,39.7698,7.1751,58.7457,17.4666,2.8163,8.3743,0.8393,5.1259,20.7069,16.3556,26.5244,42.88,32217.0,58.2643,56.464,6.4066,11.5839,3.4657,200.9358,160.3348,0
19809,5780.0,1.0474,3.5294,84.6367,0.4671,83.91,0.5536,2.4048,78.3218,53.91,18.2526,15.5536,17.5952,0.8997,72.9585,64.1251,22.0551,2.4197,57.9856,15.9619,58.8475,80.9929,15.8704,96.8633,21618.0,71.3803,55.5093,11.7263,5.4029,3.7401,2050.4573,10.543,0
19821,7752.0,1.3577,24.2518,14.0351,41.6022,5.3922,0.903,40.4799,2.6187,4.1538,67.5439,20.1496,19.4272,2.451,91.3313,22.506,3.9669,8.6155,7.7934,3.3633,23.3301,18.3817,51.2414,69.6231,30654.0,93.5734,85.4212,9.4833,5.8687,3.9543,491.5417,62.363,0
19824,4169.0,1.6541,37.7549,10.6021,39.1221,8.0835,0.4078,46.7498,1.1514,10.722,12.3531,11.0098,8.6592,1.6791,92.4682,25.7307,4.3699,8.8884,2.8126,10.7283,25.2336,28.2709,53.8073,82.0782,20870.0,93.8237,84.8251,9.77,6.3297,5.006,403.7217,51.694,0
19845,6326.0,1.0149,1.2014,1.1224,0.822,0.332,0.0316,5.1533,0.1739,1.1856,49.7629,71.5776,83.3544,7.1767,26.3358,11.1774,1.21,3.6725,3.39,1.8869,6.6362,2.1702,57.5488,59.719,18761.0,26.8269,18.0427,7.8407,6.9879,2.9657,81.5313,230.1081,0
20001,121534.0,1.0498,3.9314,5.0118,4.0433,2.9292,1.8176,8.6009,0.39,4.0318,88.8435,81.6989,88.7653,44.3119,12.1373,17.8263,5.3527,6.0728,3.3595,7.4344,45.4326,10.5984,31.7513,42.3496,459349.0,12.5745,5.6691,9.1061,6.1894,3.7796,4188.2331,109.6761,0
20011,27790.0,1.0923,7.7294,6.1929,4.2533,2.0259,3.9906,9.6078,0.2231,4.1094,91.1299,80.0792,88.4383,20.8636,11.6049,18.7947,5.1053,7.8599,3.7813,5.5449,38.5826,12.2286,35.1007,47.3292,95878.0,12.1613,7.1768,8.7497,6.9703,3.4501,877.4119,109.2737,0
20013,16305.0,1.0422,3.5633,7.421,8.1509,4.379,2.306,15.7804,0.3925,8.2306,79.4235,71.8491,67.9301,13.8117,19.4603,28.667,9.8162,13.062,7.3194,8.9936,34.0289,13.0603,49.1975,62.2578,58621.0,18.0669,8.0142,9.5563,7.5263,3.5953,1752.4572,33.4507,0
20032,4418.0,1.2467,19.33,16.8176,17.9493,13.3771,2.1503,32.096,0.1358,6.0661,74.2191,58.0127,60.4572,3.4178,49.0493,37.7509,11.3866,22.5833,7.1498,10.1443,37.5397,27.7485,59.0224,86.7709,18434.0,49.4792,22.6158,10.204,7.318,4.1725,637.9286,28.8967,0
20045,5324.0,1.0182,1.4651,11.9271,16.6604,9.4853,1.7844,23.704,0.2254,14.4816,79.9962,62.0774,65.9091,8.0015,22.5019,35.5231,16.8946,19.8154,14.2815,14.4281,67.1799,13.1626,53.6946,66.8571,20477.0,23.1528,20.5938,11.5398,4.9763,3.8462,1225.2292,16.7128,0
20060,9299.0,1.0897,7.4847,17.1416,1.355,7.3234,9.1838,18.0665,0.2258,3.0003,85.8802,78.1052,82.2669,22.1099,6.0006,31.7715,11.131,19.6352,7.4375,8.4882,43.8383,24.3915,37.844,62.2355,37531.0,5.4701,3.9807,9.3629,5.5607,4.036,586.8127,63.9574,0
20175,7566.0,1.1602,13.5342,9.7938,18.1073,7.2561,1.0309,28.9981,0.1718,7.4412,74.0682,39.0034,27.9408,4.5995,56.9257,30.3713,8.9522,15.3938,3.386,9.2561,30.0182,19.1572,63.3688,82.5261,30289.0,58.0607,19.6969,9.9904,8.3925,4.0033,1376.4597,22.005,0
20178,7252.0,1.0408,3.5714,5.0607,19.9669,1.9857,2.8682,19.0154,0.1517,5.0607,83.053,70.2841,72.2835,13.61,40.3889,25.4597,7.5215,12.222,4.3817,7.4325,20.703,12.6889,60.7531,73.4421,27006.0,39.1876,6.9725,9.846,6.8281,3.7239,1114.2447,24.237,0
20228,9613.0,1.0669,5.763,10.9851,10.361,6.7721,3.8073,18.7767,0.5513,5.3989,83.023,73.463,64.3816,6.4288,28.087,28.6625,7.9781,14.0011,2.9369,8.7503,31.9792,18.0665,44.4542,62.5207,34838.0,28.6871,9.7824,9.3633,7.2938,3.6241,915.172,38.0672,0
20238,7467.0,1.0157,1.3392,7.7809,3.6427,4.7543,2.1829,13.0307,1.1785,4.5266,87.8934,73.5235,73.7512,9.1067,22.1106,26.9842,7.8704,11.8284,4.2767,8.1331,35.28,12.6335,50.7583,63.3918,28550.0,21.8914,11.0893,9.4221,6.9072,3.8235,956.3655,29.8526,0
20250,8931.0,1.0657,5.229,4.322,22.1364,2.3402,1.8475,19.5275,0.1344,1.2876,86.4069,72.769,61.0906,8.1178,80.4501,22.7845,5.7886,7.022,2.7874,9.7227,20.9243,14.3054,76.4475,90.7529,34620.0,81.1294,7.773,10.8925,4.5176,3.8764,813.581,42.5526,0
20295,3502.0,1.2339,19.1034,13.1068,8.9092,8.7664,3.9406,15.6196,0.3141,6.996,90.2056,46.6876,55.0828,3.6265,35.1799,23.3607,5.2395,13.7978,2.3706,4.8296,20.8049,21.0185,52.9167,73.9352,12444.0,34.145,8.6869,8.4458,9.1369,3.5534,326.9201,38.0643,0
20310,1144.0,1.076,6.5559,0.0,49.0385,0.0,0.0,19.1434,0.2622,0.6993,56.3811,32.0804,41.0839,2.7098,65.5594,21.2444,2.8012,1.5121,3.1978,5.3297,24.7949,3.0869,74.9797,78.0666,4053.0,69.1586,53.5899,7.1305,9.6225,3.5428,72.9602,55.5508,0
20383,4097.0,1.1135,8.8601,13.937,12.2773,10.227,1.5133,17.94,0.1709,3.9053,82.7191,58.0181,71.6622,2.27,66.0727,24.5551,7.7475,10.5623,8.3768,4.5132,26.5705,19.9693,58.8119,78.7812,14989.0,66.1819,23.2637,8.8798,7.4988,3.6585,802.7158,18.6729,0
20400,11314.0,1.0974,7.2653,13.8324,6.6555,7.23,4.0127,13.7175,0.3535,1.7059,85.7522,78.6901,73.5019,23.3074,24.0587,21.2796,4.6381,11.354,1.493,5.8023,35.1493,16.7526,36.7526,53.5052,37356.0,23.5464,8.5716,10.2286,4.1519,3.3018,755.69,49.433,0
20443,2702.0,1.0096,0.8512,8.3272,16.5803,6.9948,1.2953,16.1732,0.3701,13.1384,82.5315,59.0303,79.2006,13.1384,18.1347,27.5855,7.3103,12.7069,4.2141,9.0948,51.0569,12.5046,48.5515,61.0561,9313.0,13.2073,13.2073,8.7083,7.4197,3.4467,136.7764,68.0892,0
20517,4865.0,1.0339,3.001,9.5375,8.1192,7.8314,1.295,14.3474,0.1439,12.8469,76.5057,69.5786,69.7636,6.5982,22.0144,25.5774,7.25,9.9286,4.6488,6.6607,36.8942,14.175,45.169,59.3439,16800.0,22.8452,12.4762,8.4405,7.506,3.4532,531.7265,31.5952,0
20550,5549.0,1.0112,0.9551,9.6774,9.299,5.1901,0.7028,14.0025,0.036,3.9467,80.0685,67.3455,78.7349,5.6947,30.0595,26.7593,7.6865,10.7643,4.4518,6.6912,31.3578,11.7794,54.0246,65.804,18497.0,30.1022,13.2616,9.0717,6.7579,3.3334,423.3912,43.6877,0
20570,5337.0,1.0229,1.8175,10.5115,42.1585,7.1014,2.0798,52.2953,1.2179,47.4424,43.0017,35.0384,39.0107,5.5837,57.6541,64.5521,40.3989,10.9696,49.1368,29.8379,86.5762,17.5622,49.9434,67.5057,22929.0,63.6879,61.202,13.5462,4.1563,4.2962,743.9008,30.8227,0
20614,4334.0,1.0688,6.0452,2.0997,25.0577,0.8768,1.1537,11.9982,0.1154,1.246,65.8745,53.7148,58.2141,11.952,53.2303,21.6755,3.97,3.5883,5.3234,5.4969,28.2876,5.937,57.2539,63.1908,14408.0,54.1505,34.4253,7.6208,9.0713,3.3244,549.5428,26.2182,0
20621,6818.0,1.1132,8.8296,12.0123,6.6002,8.9909,2.8014,15.9284,0.5867,13.215,70.6072,67.4391,71.8979,16.0604,30.4928,28.5386,9.7759,13.2082,7.06,11.2699,37.5832,19.3449,46.3503,65.6952,26109.0,28.224,11.9001,9.7361,6.7295,3.8294,1072.7743,24.3378,0
20710,6908.0,1.0792,6.6734,5.8483,1.1581,5.5153,0.2606,4.0243,0.1303,1.187,87.8112,79.2125,85.5385,18.8332,19.0214,13.7346,2.4877,3.4141,1.3526,3.4141,25.5207,9.7263,33.861,43.5873,23040.0,19.987,12.3958,9.2318,5.7856,3.3353,550.1889,41.8765,0
20750,5005.0,1.0849,6.9331,5.0549,8.0519,3.7762,0.3996,11.3287,0.5395,9.6503,79.7003,65.8741,58.9011,9.2707,47.1528,22.5202,5.1268,5.4236,2.1641,10.5451,28.7663,13.1477,52.683,65.8307,18531.0,44.3149,12.0339,9.3897,7.5333,3.7025,645.8929,28.6905,0
20770,5730.0,1.1143,8.9878,15.7592,2.1117,13.0716,1.3089,13.1414,0.349,0.925,84.9913,72.0419,62.4956,12.2339,43.4206,24.0906,5.5251,10.8596,0.753,6.3417,29.4609,20.4011,38.9533,59.3544,20452.0,44.4455,14.4338,8.9282,5.4273,3.5693,992.926,20.5977,0
20787,3731.0,1.1193,10.2385,9.5149,14.2589,7.5315,1.1793,21.2812,0.268,1.7154,77.1911,50.6835,39.6676,4.1812,56.044,25.9049,7.4024,13.7168,4.423,5.5891,22.983,17.4173,58.2894,75.7068,14063.0,57.6406,18.2962,9.6139,8.1135,3.7692,513.5168,27.3857,0
23001,116335.0,1.1166,9.2492,11.503,0.6576,10.1809,0.8845,14.123,0.5364,1.4252,88.4317,67.7672,81.3289,38.4321,17.5347,18.7987,4.4929,13.1453,1.6177,3.7505,46.1291,17.5283,32.9206,50.4489,433723.0,18.0774,9.3541,7.7582,7.6129,3.7282,3133.2825,138.4245,0
23068,9987.0,1.1878,14.9795,29.5184,0.2804,15.5502,9.6926,44.5379,0.3505,8.6112,24.4117,24.602,47.8122,9.5024,37.6489,47.617,14.6872,39.8573,4.5085,8.6743,67.9992,32.7687,58.4959,91.2646,38816.0,36.9281,27.0121,9.0014,8.007,3.8867,1964.097,19.7628,0
23079,4892.0,1.1194,10.1594,32.1341,5.785,24.0392,4.3132,40.6378,0.7563,1.6762,76.3287,33.8512,43.3156,2.6165,58.4628,40.9344,11.6005,31.0674,2.5349,4.143,49.7175,36.0913,43.5982,79.6895,18344.0,59.8234,31.2582,7.9808,8.744,3.7498,834.5529,21.9806,0
23090,3878.0,1.0139,0.9025,74.6777,0.2321,70.7581,1.7019,71.8154,1.0572,1.934,46.3641,20.1392,26.4054,2.2176,73.3368,75.3759,27.6987,71.3236,13.0403,9.5611,87.508,75.4261,15.187,90.6131,14831.0,74.1083,60.0971,7.781,8.0305,3.8244,419.3853,35.3637,0
23162,25113.0,1.2124,16.8399,12.38,2.3972,6.6499,2.7117,23.9,0.3106,1.8238,87.0784,30.0243,52.2996,14.7414,39.828,25.19,6.8767,16.1722,2.6787,8.8982,29.4109,20.1066,55.7918,75.8984,96252.0,40.6838,18.0921,7.1676,9.6299,3.8328,290.4113,331.4334,0
23168,3524.0,1.1887,15.2951,13.6493,17.3666,2.2134,2.6674,48.1271,1.3337,4.8808,31.1294,20.403,21.1975,1.2486,77.2418,37.9114,10.9695,21.4275,10.2653,5.8331,35.4567,20.6122,67.0699,87.6821,13492.0,76.6751,31.3816,6.5076,11.0658,3.8286,323.6779,41.6834,0
23182,11686.0,1.0285,2.3618,11.809,17.4482,0.3166,0.368,27.5372,0.3252,2.6784,87.1727,48.2886,46.8338,10.9105,53.2346,25.0164,4.4639,12.9698,1.2279,3.8429,27.1084,12.5782,54.8953,67.4735,42680.0,53.0084,34.5361,6.6846,10.492,3.6522,625.9892,68.1801,0
23189,14788.0,1.0416,3.4352,17.7982,6.6202,5.1055,1.0887,40.6072,0.4801,2.4953,66.439,26.0414,39.6267,6.2551,59.1696,36.8723,11.6546,22.0495,3.8505,9.8316,42.2381,21.0211,57.8797,78.9008,56278.0,60.1159,40.8828,7.088,10.0359,3.8057,640.9105,87.8094,0
23300,4256.0,1.2267,18.656,6.438,1.7857,2.4671,1.0808,22.8148,0.2115,1.2218,85.0799,2.89,11.9361,3.266,65.5075,24.1998,5.9513,12.6364,2.2448,9.5282,20.2225,13.2882,72.4565,85.7447,16215.0,65.9636,36.4477,6.9072,10.2004,3.8099,88.2369,183.7667,0
23350,3702.0,1.0616,5.2944,14.6137,0.054,12.8309,1.3776,15.8023,0.4052,1.3776,61.8314,51.9449,79.3895,10.0756,19.4489,30.5469,7.2599,14.8839,8.2429,4.5438,24.7601,19.5563,61.0148,80.5711,13742.0,18.9565,8.7469,8.6523,7.8155,3.712,286.7939,47.9159,0
23417,27055.0,1.1419,11.6171,19.8263,8.1279,14.744,0.7281,38.8875,0.4546,0.6357,69.3735,33.7091,38.795,12.9144,49.1074,33.4034,8.2785,24.7227,4.5156,5.6453,39.3466,25.1676,49.3604,74.528,98491.0,49.6634,28.1061,7.6951,9.5207,3.6404,949.582,103.7204,0
23419,5043.0,1.0085,0.6742,74.0631,0.4759,71.1085,1.1898,73.0914,0.8725,0.6544,26.2542,13.9401,22.6056,0.8328,79.6351,70.7919,19.8854,66.9835,10.7831,4.249,76.3117,74.2031,20.2479,94.451,15886.0,77.861,59.159,8.2337,8.1896,3.1501,365.4863,43.4654,0
23464,4016.0,1.2791,21.0657,4.0837,23.0329,1.5189,0.2739,31.9472,0.4731,2.3157,75.4233,43.8745,50.1245,6.3745,32.9681,26.6663,7.8824,17.3819,7.1077,3.1665,16.5996,15.4897,61.2563,76.746,16264.0,33.6326,17.5971,7.3598,10.0283,4.0498,158.6288,102.5287,0
23466,19351.0,1.1842,14.9708,20.4175,0.4961,17.8595,1.478,22.5931,0.5116,3.8241,63.0562,61.9813,78.8486,18.397,21.6526,26.9924,7.4193,22.0741,2.6821,3.9068,65.228,26.0714,35.9017,61.9731,71824.0,22.1625,12.6935,8.5877,6.1595,3.7116,1549.2796,46.3596,0
23500,6629.0,1.1343,11.7363,61.7589,1.946,49.374,2.2175,68.4719,0.7995,4.073,51.154,4.7066,16.8502,1.8404,74.8831,68.3443,30.8946,62.2435,22.7695,10.7272,75.6124,61.2628,35.4469,96.7097,25095.0,76.9436,62.5025,8.5077,7.6111,3.7856,203.3242,123.4236,0
23555,16059.0,1.0462,3.8981,18.98,1.8245,11.9559,2.8956,25.1697,0.3425,3.6677,64.3627,60.7448,64.7051,14.9823,32.6733,33.1048,10.2133,21.4026,7.0462,6.4586,52.4788,21.5572,38.1841,59.7413,60259.0,32.9378,20.6177,7.7449,9.2733,3.7524,1139.6412,52.8754,0
23570,6767.0,1.2224,17.9104,33.0723,7.241,25.9495,1.729,47.6282,0.266,2.8669,85.6214,29.2744,36.5007,6.7386,64.785,42.8619,9.9933,34.6003,1.4276,6.2556,50.439,38.2773,38.5071,76.7844,26968.0,67.1574,46.3067,7.8575,9.1961,3.9852,848.7344,31.7744,0
23574,5235.0,1.0304,2.6361,70.6208,1.2225,66.3228,0.8405,72.1299,2.8653,2.4642,28.4814,1.7765,20.8596,1.9866,79.6944,73.7907,32.6178,67.9111,18.82,13.3563,81.3126,70.8256,28.2406,99.0661,19474.0,80.4303,64.8454,8.2058,8.6885,3.72,410.7455,47.4114,0
23580,11203.0,1.0092,0.8301,52.0575,0.3303,46.9963,4.0525,50.9685,1.6692,9.0958,48.0229,18.1201,28.7602,3.3652,65.5539,55.5534,20.6271,48.6389,10.679,9.798,70.4077,52.633,34.2155,86.8484,35362.0,66.9985,42.7634,9.3151,5.981,3.1565,1645.9527,21.4842,0
23586,3956.0,1.0943,7.634,14.9899,16.001,3.8675,0.7836,37.8918,0.4803,2.8059,56.9262,36.5015,32.1031,2.5784,50.9606,36.0835,11.1754,22.4051,5.2714,8.9988,42.7079,20.1758,63.1421,83.3179,14705.0,51.4315,31.2615,7.9769,10.6358,3.7171,117.6488,124.9906,0
23660,25103.0,1.1396,10.7955,9.4969,21.5871,1.5337,0.4302,35.669,0.1354,2.0555,74.282,51.7627,56.2602,15.6675,45.7913,25.2909,4.8888,15.0197,2.3157,4.8952,27.8791,12.4093,53.9127,66.3221,94020.0,44.6628,28.4163,7.14,10.1734,3.7454,964.1286,97.5181,0
23670,9417.0,1.2122,16.3746,53.0105,17.0543,0.5203,0.2867,73.7071,0.9345,15.0579,26.3141,19.1568,18.9338,5.214,74.5991,72.5791,34.5877,55.1319,16.1295,20.7821,78.3739,38.2618,53.3185,91.5803,42046.0,77.4889,64.477,9.0258,7.3729,4.4649,206.8699,203.2485,0
23672,7760.0,1.1622,13.634,11.0567,15.3351,6.5077,0.5799,29.6907,0.2448,6.0438,71.4046,45.0773,52.3454,6.9072,47.7706,29.5749,7.4445,16.7941,9.0085,4.4095,27.8883,19.2111,61.2444,80.4556,29028.0,48.4842,18.4959,9.0223,7.448,3.7407,207.5801,139.84,0
23675,8130.0,1.1092,9.385,27.4908,11.3653,17.0972,0.8118,45.3137,0.4305,2.2017,58.6101,4.797,17.7122,3.1611,69.6064,41.9846,12.9972,28.685,10.3271,8.153,47.5472,30.2119,62.4209,92.6329,29437.0,70.7035,50.1851,7.9594,9.6036,3.6208,315.3964,93.3333,0
23678,6481.0,1.1128,9.5047,23.1446,12.7758,12.7295,2.0213,53.4023,0.2623,4.7061,38.1577,0.6326,15.1983,11.6803,79.8951,38.6028,13.9427,24.5156,7.0755,13.1608,41.8849,23.362,69.0172,92.3792,23532.0,81.795,59.6677,7.6322,10.0459,3.6309,446.4441,52.7098,0
23682,2566.0,1.2919,22.954,46.9992,0.3118,43.9205,1.8316,42.4786,2.9618,10.0935,39.7896,29.9688,52.9228,0.9743,53.4684,52.8258,22.8683,41.3057,16.5024,10.8961,60.8235,53.2387,33.4978,86.7366,11059.0,53.8023,33.5745,9.6121,5.7691,4.3098,525.4454,21.0469,0
23686,10939.0,1.3126,23.951,27.4705,3.3001,20.0018,1.8923,54.8131,0.6856,3.291,43.2489,8.072,18.2009,5.101,78.1881,37.1744,12.7444,26.449,9.1077,10.681,41.2415,33.6794,58.4616,92.141,40617.0,78.8143,50.8703,6.5121,11.8473,3.713,445.1628,91.2408,0
23807,21821.0,1.0425,3.4875,45.9649,0.6507,41.208,3.7945,38.5225,8.3635,14.8023,42.0375,22.1255,34.2606,9.1426,50.4102,56.0125,26.4995,39.7341,21.7508,14.591,71.8109,44.3142,40.5788,84.8929,86578.0,52.1125,42.2775,10.3537,6.2972,3.9676,4931.8319,17.5549,0
23815,7798.0,1.3905,27.0967,65.3501,11.721,0.6284,1.1028,81.5209,0.1026,12.7853,41.0362,11.8877,12.3493,1.8723,79.6743,77.9757,33.305,69.8699,11.8327,17.9702,83.4264,34.8315,53.8462,88.6776,40033.0,82.7442,48.7523,10.4664,6.04,5.1338,106.2476,376.7898,0
23855,8389.0,1.1947,15.7111,52.688,0.143,51.0788,0.6318,54.4999,1.049,10.1681,55.2628,35.5704,40.0644,4.7205,54.2139,55.9315,17.4735,50.5928,11.3094,2.7086,76.8816,57.2514,22.5587,79.8101,30545.0,52.7648,41.5845,7.5561,8.4662,3.6411,917.8367,33.2793,0
25001,3922.0,1.0571,4.411,1.4023,12.2387,0.4589,0.4844,2.4987,0.255,1.4023,95.232,80.0867,82.05,17.5166,19.2249,8.0798,1.1227,2.4374,0.8253,2.3798,12.8072,3.3808,19.802,23.1828,10742.0,19.8566,19.8566,4.5895,20.3686,2.7389,85.6208,125.4601,0
25019,2127.0,1.0047,0.4231,4.5604,8.0865,2.8679,0.9873,2.4918,4.3724,3.244,82.4165,26.8453,68.9234,7.9455,73.1547,9.9493,1.1149,1.8919,1.4865,2.7703,11.0559,4.3987,42.2087,46.6074,6136.0,72.1806,57.3827,5.9485,13.0052,2.8848,50.875,120.6093,0
25035,4521.0,1.0144,1.2829,6.5472,1.9244,1.3493,1.858,4.4902,0.6857,3.0524,85.3793,52.8202,63.0834,21.6766,53.7934,10.338,1.3603,3.8582,1.1047,4.1055,13.2921,6.6318,39.4197,46.0515,12241.0,55.6981,48.3866,5.841,15.7585,2.7076,124.0703,98.6618,0
25040,4858.0,1.0045,0.3294,5.4343,11.1363,2.3055,0.9881,5.6814,4.2404,4.4669,86.7641,43.6599,46.3977,5.3314,67.3117,9.802,1.4934,2.6568,1.0644,3.6964,11.3814,4.9815,39.7704,44.7519,12204.0,66.2815,52.3189,5.5064,18.7971,2.5121,120.8436,100.99,0
25053,3347.0,1.0281,2.4798,6.8121,9.6206,5.1987,1.3445,5.5273,6.095,1.6134,88.1984,42.2468,44.0096,11.8614,58.4105,10.1425,1.2899,3.0272,0.1456,3.3704,9.7683,7.4419,25.7558,33.1977,10005.0,56.7716,56.042,4.9275,17.5112,2.9892,142.4402,70.24,0
25086,641.0,1.0218,2.1841,1.8721,17.0047,0.936,0.624,4.2122,0.0,11.8565,78.9392,74.883,72.2309,2.8081,78.1591,9.5986,0.4654,1.9197,1.3962,1.5125,9.3842,3.3639,79.6636,83.0275,1720.0,79.3023,29.5349,5.814,15.3488,2.6833,176.6867,9.7347,0
25095,892.0,1.0112,1.1211,5.4933,16.8161,4.5964,0.3363,8.0717,3.3632,10.5381,71.7489,25.8969,25.8969,5.0448,82.0628,9.6716,2.0243,1.9793,2.6991,3.3738,10.7045,5.5432,42.3503,47.8936,2224.0,82.3291,78.2374,4.7212,22.6619,2.4933,61.058,36.4244,0
25099,2989.0,1.0127,1.0037,2.7434,0.8699,2.1077,0.4015,0.8029,1.8066,1.2379,93.6768,81.8668,91.8702,39.9465,21.9806,5.3351,0.259,0.6734,0.1865,1.8751,8.4873,3.7661,19.26,23.0261,9674.0,20.9221,20.9221,6.9258,7.0292,3.2365,102.3033,94.5619,0
25120,1373.0,1.0503,4.4428,32.9206,10.8521,32.4836,0.2913,2.7677,32.1923,9.2498,36.7808,27.6766,28.6963,4.0787,72.1049,10.3044,0.8197,1.4052,1.9204,3.3489,11.22,33.6338,41.0541,74.6879,4512.0,75.4433,75.4433,7.1365,7.9787,3.2862,422.0029,10.6919,0
25123,3481.0,1.025,2.0971,6.2338,3.8495,2.0396,1.4938,3.792,2.7578,3.7346,90.6636,40.362,49.7558,10.744,62.7693,9.3882,1.2949,3.0215,0.5395,3.7661,9.9671,5.3812,27.5785,32.9596,9274.0,62.2601,59.78,5.9413,16.9183,2.6642,53.462,173.4689,0
25126,25280.0,1.0448,3.3663,0.6052,0.1345,0.5063,0.0633,0.1859,0.6883,0.2492,99.6519,98.2199,99.5372,66.4438,33.1725,3.2049,0.2223,0.2359,0.0248,1.1113,3.1909,2.7903,26.4529,29.2432,81111.0,33.9042,12.7134,6.5256,7.5871,3.2085,50.8366,1595.5241,0
25148,3996.0,1.0338,2.6026,25.2753,3.5786,22.9229,1.0511,26.1762,2.7027,4.8549,52.3023,28.1782,32.9079,4.1542,75.2753,29.1837,4.7341,16.5011,5.377,1.6072,32.4031,25.3511,45.7385,71.0896,10301.0,73.4006,62.6347,4.6597,15.9208,2.5778,615.4608,16.7371,0
25151,5470.0,1.0057,0.4753,0.9141,7.4954,0.6581,0.2194,3.0896,0.8044,1.4625,56.2157,48.4461,48.83,16.9653,52.5229,7.5219,0.4859,0.622,1.4318,1.3541,7.6098,1.218,46.3007,47.5186,15594.0,56.8424,56.8424,6.6628,12.3894,2.8508,111.4999,139.8566,0
25154,2280.0,1.0636,5.8333,1.0965,24.1667,0.9211,0.1316,8.0263,4.693,2.7193,83.1579,28.7719,28.7281,1.5351,71.1842,13.0239,1.4198,0.8601,0.4778,4.7372,14.4136,2.4742,38.3093,40.7835,7345.0,71.5044,71.5044,5.8816,12.6208,3.2215,298.7261,24.5877,0
25168,1234.0,1.0656,5.9968,5.5916,40.4376,2.4311,1.0535,28.0389,1.3776,12.3987,43.6791,25.2836,26.2561,4.376,74.3922,14.7758,3.3103,5.1159,4.1228,3.8519,16.8952,6.0076,61.3688,67.3764,3323.0,74.6314,74.6314,4.9052,20.5838,2.6929,172.045,19.3147,0
25175,40162.0,1.0864,6.5908,0.9462,0.376,0.747,0.0921,0.2141,1.4989,0.3287,99.2505,92.9635,99.3626,75.7632,19.7351,3.0376,0.2128,0.226,0.1033,1.214,3.787,4.2242,19.8739,24.0981,129613.0,19.3545,8.6997,5.6105,9.1195,3.2273,80.5736,1608.6286,0
25178,2666.0,1.0559,5.1388,1.7629,13.916,1.4629,0.2251,5.5139,5.3638,3.7509,57.2018,31.1703,31.3578,9.2648,69.3548,9.5199,0.8233,0.7421,1.1943,3.9773,11.6414,2.7709,54.1385,56.9094,8633.0,69.7093,68.7015,6.5447,12.29,3.2382,150.744,57.2693,0
25181,3453.0,1.0324,2.8671,2.7223,8.9777,2.1431,0.3186,2.2589,8.1668,2.4327,85.2302,41.9056,40.7182,15.349,61.338,8.2192,0.3569,0.8779,0.3955,2.7976,10.5787,3.4202,28.8478,32.268,10397.0,61.8255,61.21,5.4343,14.8216,3.011,212.4739,48.9331,0
25183,5907.0,1.0174,1.4728,0.9311,10.8177,0.711,0.1354,2.6748,1.9638,1.4051,86.9815,53.1403,52.4632,18.0125,47.723,7.761,0.7139,0.3263,0.6986,3.447,11.4749,1.8472,32.8674,34.7146,19825.0,47.546,47.546,7.2787,8.2119,3.3562,300.1858,66.0424,0
25200,6164.0,1.0688,6.3595,0.7949,0.6652,0.7625,0.0,0.3407,0.8598,0.3569,94.1596,68.2836,75.3731,22.599,63.6762,3.596,0.1058,0.1346,0.0048,0.9951,4.1244,2.7474,34.578,37.3254,21102.0,63.975,42.3846,6.6297,9.691,3.4234,132.8663,158.8213,0
25214,9589.0,1.0276,1.8772,1.3036,1.2201,0.9594,0.2294,0.2711,1.3661,0.7821,96.7984,86.1612,98.4044,60.9448,35.6033,4.1162,0.2296,0.338,0.051,2.4806,4.0528,3.1183,17.8263,20.9446,31868.0,36.5665,36.5665,6.1064,7.3553,3.3234,53.7546,592.8428,0
25224,2032.0,1.0251,2.1161,3.3957,17.6181,2.8543,0.0492,7.9724,3.3957,5.6594,84.7441,19.1437,22.9823,4.1339,83.0217,11.4967,1.5567,1.2568,1.6138,3.6418,11.8999,4.1287,38.6462,42.7748,7013.0,83.8728,83.8728,8.0137,8.8122,3.4513,109.9042,63.8101,0
25245,8977.0,1.0379,3.2305,4.7455,1.2142,3.4199,0.5681,2.7515,1.1251,1.2588,93.9846,49.5488,57.1572,11.0393,57.7699,6.7557,0.6525,1.9308,0.1287,1.9619,8.4776,5.41,21.3182,26.7282,22775.0,55.3546,47.7717,5.0406,19.5917,2.537,118.2929,192.5305,0
25258,1413.0,1.005,0.4246,18.5421,18.7544,7.1479,0.8493,30.644,1.4862,8.7757,25.1238,18.4713,20.8068,2.0524,87.5442,25.7663,3.8751,15.6449,1.6773,2.2556,27.7944,14.8592,67.7465,82.6056,3458.0,87.1891,80.4222,4.9161,20.2718,2.4473,134.136,25.7798,0
25260,6493.0,1.1358,10.7346,0.154,0.1386,0.1078,0.0308,0.0616,0.3542,0.0924,96.3037,90.8209,95.1332,21.8389,14.2153,7.6121,0.4526,0.128,0.0046,4.6541,5.1161,6.1144,20.2549,26.3693,21887.0,13.5971,11.7193,8.4297,4.7928,3.3709,87.2473,250.8617,0
25269,40555.0,1.1006,7.3431,0.868,0.4315,0.646,0.18,0.3723,0.9469,0.323,97.6748,94.6665,98.3183,55.7539,8.7264,4.0465,0.3284,0.4367,0.1008,1.5035,8.682,5.5038,14.3564,19.8602,136041.0,9.0002,5.147,6.8641,6.462,3.3545,157.9094,861.5129,0
25279,3599.0,1.0439,3.6121,1.6393,10.9753,1.3059,0.3056,4.5013,2.2784,3.9178,83.8566,43.0397,43.6788,8.4746,58.7385,6.5215,0.5861,0.7629,0.3256,2.3537,9.2818,2.5812,30.149,32.7302,10749.0,58.9357,57.4751,6.9867,13.471,2.9867,460.0474,23.365,0
25281,1739.0,1.0535,5.1179,0.8626,13.456,0.7476,0.115,6.728,1.8401,6.038,34.1576,25.3019,29.4997,5.8079,77.2283,13.3429,1.7982,0.5215,2.9851,6.3837,15.4477,1.4192,71.452,72.8712,5578.0,78.6841,75.7619,6.7766,12.8899,3.2076,111.1681,50.1763,0
25286,28755.0,1.041,2.9804,0.2991,0.1148,0.2434,0.0452,0.0974,0.7199,0.1878,99.3879,98.4629,99.2766,68.3359,2.5004,3.3594,0.1941,0.1268,0.0309,1.2209,6.516,2.4756,10.6374,13.1131,90854.0,2.4831,1.9559,6.5941,6.8021,3.1596,67.7057,1341.896,0
25288,1450.0,1.0186,1.5862,2.2759,6.2069,1.8621,0.2759,1.4483,1.7931,1.2414,85.5862,16.7586,16.8966,10.0,96.2759,8.9934,0.4125,0.4744,0.165,3.4241,9.1861,2.7082,44.7529,47.4611,4849.0,96.5354,81.0476,6.1456,12.848,3.3441,77.5295,62.5439,0
25290,47952.0,1.0141,1.1762,0.9614,0.3024,0.6778,0.2127,0.5047,0.6298,0.5714,97.1221,85.6836,93.31,47.1096,15.5176,4.665,0.382,0.5188,0.2772,1.3284,7.7863,1.8263,15.5382,17.3646,134658.0,15.9233,11.9458,5.6677,16.0139,2.8082,193.8942,694.492,0
25293,1551.0,1.0316,2.9014,13.2818,24.8872,11.2186,1.9342,15.6028,10.8317,2.9014,44.423,35.461,44.7453,6.383,66.7311,17.5455,2.9473,5.388,1.1513,4.9275,24.4366,13.5,53.75,67.25,4378.0,64.8698,61.3065,5.0937,17.6565,2.8227,385.0521,11.3699,0
25295,5071.0,1.0651,5.3441,1.124,1.6565,0.9466,0.1183,0.3352,1.3804,0.4141,97.0223,85.1311,96.6279,24.5514,32.2027,4.7648,0.2349,0.3554,0.0361,2.0661,5.9386,3.4994,20.7369,24.2363,16633.0,32.8203,27.9565,7.8519,4.954,3.28,43.1311,385.6381,0
25297,2925.0,1.0161,1.4701,3.453,24.9573,2.9744,0.1709,9.0256,8.2393,2.3932,54.4615,39.9316,41.2991,10.9402,59.3162,15.995,2.4427,1.4011,3.9554,4.0794,23.5749,3.8384,52.3232,56.1616,8203.0,60.0146,59.9659,5.0226,19.2856,2.8044,258.7567,31.7016,0
25299,1034.0,1.0841,7.5435,5.6093,30.2708,5.5126,0.0967,6.9632,16.441,3.2882,22.5338,22.4371,21.7602,7.1567,78.6267,8.7401,0.3958,1.0884,0.7916,2.5726,9.5477,6.2612,68.4258,74.6869,3055.0,78.1669,77.5123,5.5646,19.8363,2.9545,107.6755,28.3723,0
25307,31174.0,1.1258,9.7774,2.2904,1.7964,0.3914,0.5261,1.7418,0.2438,0.9976,98.7457,95.0055,96.0352,49.0729,5.4468,7.5362,0.8859,1.8548,0.1518,2.7626,18.9727,5.9634,16.4806,22.444,92903.0,5.1979,2.1915,6.0041,12.3677,2.9801,130.0605,714.3062,0
25312,2198.0,1.0055,0.4095,1.8653,0.3185,0.9099,0.5005,1.0919,2.7298,0.7734,86.3967,43.3576,72.748,8.6442,73.8399,4.9717,0.2319,0.6668,0.0145,1.9133,4.0119,2.0824,43.1417,45.2241,6922.0,73.4181,58.8703,6.5444,8.5524,3.1492,60.5475,114.3234,0
25317,4123.0,1.0252,2.0616,1.2855,10.0897,1.0429,0.0243,2.9348,1.4795,1.431,90.3711,46.277,45.8404,9.0468,54.1353,11.8923,1.54,0.7418,0.5321,5.4745,12.965,2.6272,33.7515,36.3787,12405.0,52.2289,52.2289,8.2064,7.9242,3.0087,170.0958,72.9295,0
25320,9210.0,1.0052,0.4343,5.1466,4.506,2.899,0.9772,5.2877,0.4343,3.1922,67.785,65.5266,68.5125,16.6667,49.9891,9.415,1.3258,2.7943,1.3584,2.6434,13.6032,5.5327,48.6708,54.2036,27571.0,55.1159,38.1488,5.0053,12.7779,2.9936,763.4758,36.1125,0
25322,4773.0,1.0203,1.5713,1.7809,7.3329,1.5504,0.1467,0.4609,3.3731,0.7752,91.1796,49.5076,85.3551,22.7111,59.4595,4.7479,0.214,0.321,0.0468,2.2736,5.9614,2.1976,24.3993,26.5968,14992.0,59.3183,55.9699,6.4701,8.8981,3.141,360.5686,41.5788,0
25324,663.0,1.5551,33.7858,2.4133,51.8854,0.4525,1.5083,4.6757,0.0,3.0166,79.7888,60.181,65.3092,2.5641,43.8914,12.5127,2.4823,3.4954,1.3678,5.0152,6.9565,7.7295,59.1304,66.8599,1977.0,40.7183,26.3025,4.6535,19.474,2.9819,90.9528,21.7366,0
25326,1966.0,1.0193,1.8311,0.763,13.8352,0.6104,0.1526,2.2889,1.5259,2.6958,81.8413,38.3011,45.2187,15.3611,62.8179,7.795,0.358,0.2929,0.179,1.9691,11.1026,1.0978,37.9242,39.022,6148.0,64.0696,64.0696,6.3598,10.1334,3.1272,252.3888,24.3592,0
25328,1326.0,1.0445,4.1478,5.7315,8.7481,3.6953,1.2821,4.7511,2.7149,7.0136,80.1659,28.8084,38.4615,7.089,71.4178,10.3219,1.4428,2.6082,1.1099,4.162,13.0888,6.2861,33.1647,39.4509,3604.0,71.8646,71.0599,4.828,18.4795,2.7179,61.9077,58.2157,0
25335,1884.0,1.0541,4.5648,6.3694,1.0085,5.7325,0.5839,5.5202,1.327,3.2909,38.3758,38.3227,57.3248,5.0425,69.4798,9.864,1.2739,2.7199,0.6369,3.5118,11.6438,8.5599,59.567,68.1269,5809.0,70.3736,50.6456,8.7967,7.5745,3.0833,222.8024,26.0724,0
25339,1059.0,1.1284,10.3872,9.4429,13.4089,8.6874,0.7554,5.0992,18.7913,6.2323,47.0255,31.4448,31.9169,2.9273,71.1992,11.2957,0.9061,1.8423,1.1477,6.5237,11.5894,12.8033,57.2385,70.0418,3311.0,72.9689,69.2842,7.0674,9.7554,3.1265,453.2214,7.3055,0
25368,786.0,1.2481,18.4478,4.0712,22.3919,2.2901,0.8906,13.3588,0.3817,5.4707,45.0382,27.3537,30.7888,4.3257,69.7201,14.5257,2.1245,3.9526,3.1126,5.0889,13.754,7.6453,67.9918,75.6371,2025.0,61.037,61.037,5.3827,19.9506,2.5763,221.7813,9.1306,0
25372,1811.0,1.0375,3.037,4.6383,38.487,4.1966,0.2761,11.9271,21.4246,1.767,49.862,19.5472,28.106,3.8653,85.9194,16.2017,2.5592,1.9627,1.3662,3.8484,17.5586,5.9606,60.5109,66.4715,5234.0,86.5877,79.5185,4.3752,19.5835,2.8901,343.892,15.2199,0
25377,9212.0,1.0149,1.2701,1.0638,0.4342,0.7924,0.1737,0.4234,2.3013,0.6079,89.036,59.9436,83.2284,56.5132,53.4737,3.1403,0.1197,0.3591,0.0951,0.764,4.2635,1.5511,26.84,28.3911,28501.0,53.1876,42.9073,5.4349,8.6102,3.0939,326.5236,87.2862,0
25386,11097.0,1.0185,1.7032,5.8304,3.3072,1.9284,1.0904,4.7671,0.5767,2.0005,88.8799,58.7366,65.0987,18.113,45.3366,8.9117,1.1947,3.5598,0.7216,2.5378,15.9274,5.707,26.2078,31.9147,29452.0,43.9698,37.6647,5.5412,17.3469,2.6541,148.1603,198.7846,0
25394,3018.0,1.0229,1.9549,16.5673,11.1995,9.112,0.3313,27.1372,2.1869,3.4791,46.9848,43.34,42.2797,9.5427,56.0305,20.2647,4.6186,13.0254,4.1126,1.2844,29.9754,13.0224,43.0191,56.0415,7708.0,52.8023,52.8023,4.8002,19.3046,2.554,190.8801,40.3814,0
25398,2029.0,1.0325,2.76,14.2928,24.7905,3.1543,1.9221,34.3519,1.4293,16.9542,24.0513,15.3277,17.0527,2.4643,83.4894,30.0777,8.3981,11.2283,18.609,3.6996,33.503,13.9857,65.0597,79.0454,5429.0,83.6618,83.6618,4.3102,20.9062,2.6757,128.5084,42.2463,0
25402,4315.0,1.0545,4.5655,4.6582,4.102,2.8042,0.6952,2.6188,1.2978,2.2943,71.263,43.9397,54.4148,15.365,57.7752,7.5303,1.0725,1.9075,0.5286,2.7884,9.2852,5.8888,35.0692,40.958,13085.0,58.4715,55.17,5.8082,14.8491,3.0324,155.2602,84.2779,0
25407,2808.0,1.0199,1.8875,1.1752,7.4786,0.9259,0.1068,2.2792,3.49,4.2379,72.5071,32.3718,32.265,4.0598,67.5214,10.2826,1.1472,0.2018,2.3263,3.7285,12.6508,1.5368,45.7562,47.293,9425.0,70.366,70.366,7.9045,8.0849,3.3565,155.6703,60.5446,0
25426,2208.0,1.0245,2.038,2.4004,29.0761,1.8569,0.4529,21.6938,4.6196,6.2953,65.3986,25.9511,28.5779,6.9293,73.8678,12.7864,0.7805,1.3949,2.8728,5.3471,13.5075,3.0504,56.366,59.4164,6057.0,73.997,73.997,4.4577,17.2693,2.7432,229.1331,26.4344,0
25430,33267.0,1.0684,5.1462,0.3006,0.3126,0.2254,0.0601,0.0992,0.5291,0.1804,99.1343,95.4279,98.999,60.7058,8.2003,3.6644,0.2066,0.1387,0.0615,1.5181,6.6327,3.5164,15.9249,19.4413,109696.0,8.1589,3.8734,7.735,5.384,3.2974,119.5881,917.2817,0
25436,1276.0,1.065,5.3292,1.9592,43.8871,1.8809,0.0784,15.047,3.5266,5.9561,74.0596,24.373,25.8621,5.094,75.8621,7.6022,0.3606,0.7812,0.8413,2.494,8.5182,2.8698,44.7388,47.6085,3354.0,76.0286,76.0286,4.2039,23.554,2.6285,107.8473,31.0995,0
25438,2368.0,1.1533,13.049,22.0439,1.2247,20.3125,1.5203,16.174,2.4071,12.8378,56.25,54.0541,50.8446,5.8277,50.549,21.2409,3.2604,13.1793,1.2794,4.0171,35.0638,24.0836,33.871,57.9545,7281.0,47.3561,43.3045,7.032,11.2073,3.0747,1196.4723,6.0854,0
25473,38559.0,1.079,5.5837,0.1764,0.0674,0.1349,0.0285,0.0856,0.4435,0.0882,98.6099,98.6748,98.9704,68.0749,1.7428,3.4559,0.2398,0.0815,0.0698,1.07,5.9459,4.286,10.6669,14.9529,128893.0,1.5788,1.2646,7.0431,5.261,3.3427,105.9024,1217.0921,0
25483,765.0,1.1242,10.719,1.0458,30.5882,0.1307,0.1307,2.7451,0.1307,3.0065,76.4706,69.1503,67.8431,4.4444,32.4183,9.8571,1.4762,1.4286,1.4762,1.3333,14.1544,3.7209,40.6977,44.4186,2101.0,25.94,25.94,5.664,15.2308,2.7464,55.247,38.0292,0
25486,3674.0,1.1018,8.4377,0.7349,0.6805,0.626,0.1089,0.4627,1.1704,1.0071,97.632,74.5509,66.7665,18.3723,47.7409,4.5007,0.1804,0.2459,0.0082,1.5494,5.6206,3.9526,37.3765,41.3291,12198.0,48.2784,30.0459,8.4358,6.5585,3.3201,98.2982,124.0918,0
25488,2838.0,1.0007,0.0705,3.9817,7.8929,1.6209,0.9161,2.8541,0.4581,0.9514,77.5546,52.7837,67.4771,16.3495,63.1783,7.9167,1.2356,2.3132,0.1868,2.6868,9.5955,5.0405,45.0828,50.1234,10555.0,74.0786,50.7911,4.7181,6.9541,3.7192,224.7445,46.9644,0
25489,1188.0,1.1145,9.0067,7.3232,18.1818,2.9461,1.5993,11.2795,0.0,9.0067,69.7811,33.9226,38.2997,2.9461,79.2929,12.9127,1.5691,5.2305,1.798,2.7133,15.0634,8.3082,50.3021,58.6103,3086.0,80.0389,68.3085,4.407,20.3824,2.5976,59.5481,51.8236,0
25491,1909.0,1.0555,4.9764,6.2336,17.9151,1.8858,1.7287,10.6862,0.5762,5.5526,59.7171,36.8779,38.9733,6.5479,65.2174,10.9164,2.3104,4.0624,2.1948,2.6569,12.9473,6.3027,47.3945,53.6973,5211.0,65.9566,63.4811,5.2965,17.4247,2.7297,68.9927,75.5297,0
25506,1475.0,1.0312,2.5763,24.6102,4.9492,23.5254,1.0169,3.1864,20.2034,9.4915,62.6441,33.8983,35.5932,6.7797,71.7288,13.4194,1.583,2.7034,1.3395,5.0414,15.4802,25.4438,35.24,60.6838,4130.0,72.6634,67.9419,5.8354,13.9467,2.8,122.0779,33.8309,0
25513,8596.0,1.0306,2.6989,6.8869,5.5258,5.2001,0.2443,5.0023,3.7925,3.5365,69.3695,50.3839,52.1405,11.4937,48.0572,8.1575,0.9938,2.6008,1.2264,1.7677,11.1686,7.1251,37.0935,44.2186,23726.0,47.2267,46.4512,6.0609,15.8476,2.7601,402.6059,58.9311,0
25518,1325.0,1.0717,6.4151,48.4528,8.3019,42.4906,0.4528,19.8491,26.1887,21.7358,20.4528,16.4528,18.717,1.5849,88.3774,35.4696,9.2631,16.0872,17.9554,5.2932,38.2449,43.7324,45.6338,89.3662,3865.0,87.5291,77.9301,5.2781,16.4295,2.917,173.707,22.2501,0
25524,1659.0,1.047,4.2194,10.1266,14.4665,8.3785,1.3261,5.8469,4.5811,4.6414,69.9216,24.1109,28.3906,5.003,75.648,12.8644,2.4292,3.3164,0.7816,5.4711,13.9762,10.5476,44.5533,55.1009,4735.0,77.9725,77.9725,6.019,15.2059,2.8541,71.6749,66.0622,0
25530,2532.0,1.0415,2.9621,11.9273,0.7899,9.9131,1.9352,7.3855,1.7378,9.7156,66.7852,62.6382,65.2844,6.8325,58.5308,15.5731,2.9246,6.0492,1.5748,4.8494,17.73,14.5675,50.3414,64.909,8043.0,57.5283,35.5091,8.094,6.975,3.1765,885.6677,9.0813,0
25535,2662.0,1.0781,6.7618,7.7761,4.3576,7.438,0.3381,1.9534,9.429,2.7423,72.6897,24.0421,39.8197,6.5364,69.8723,8.1741,1.0592,1.4391,0.5411,3.5344,8.0452,9.7213,41.3937,51.115,8686.0,68.2593,66.4978,6.4356,10.9602,3.263,271.7494,31.9633,0
25572,4860.0,1.0249,2.2222,9.4033,0.1029,8.5802,0.7613,4.1975,0.6584,4.1564,87.0165,85.0,84.2593,19.8354,25.7613,13.7635,2.4096,4.0093,1.2525,4.2611,25.426,11.2988,23.1805,34.4793,15019.0,26.2401,19.0692,6.6915,9.6411,3.0903,516.2453,29.0928,0
25580,935.0,1.0524,4.2781,3.8503,26.631,2.7807,0.5348,13.0481,0.7487,7.7005,45.9893,18.9305,27.7005,3.4225,79.1444,10.3803,0.5547,2.3376,0.3566,1.664,11.998,4.4715,67.7846,72.2561,2525.0,79.8812,76.5941,5.4257,19.0495,2.7005,197.6618,12.7743,0
25592,1624.0,1.0197,1.8473,9.2365,5.5419,6.5271,1.17,9.7906,0.3695,7.2044,61.6995,26.5394,43.5961,3.8177,91.5025,11.221,2.4286,4.9921,3.4855,1.4841,11.9685,8.9976,58.8164,67.814,4453.0,91.3766,73.501,4.8282,19.0883,2.742,79.813,55.7929,0
25594,1633.0,1.0141,1.1635,2.0208,6.4911,1.4697,0.4899,6.0625,1.4697,4.8377,47.1525,42.4372,49.2345,5.8788,73.4231,9.72,1.2581,1.0958,1.0755,2.5365,10.8761,2.5966,70.7126,73.3092,4929.0,74.8225,53.804,7.8718,9.8397,3.0184,138.0152,35.7135,0
25596,2326.0,1.0434,3.6113,9.5013,21.7541,5.0301,1.5477,20.2494,3.1814,11.178,74.2906,18.7016,21.7971,3.3104,90.4987,18.5925,3.8298,6.2029,4.0426,5.892,19.0215,10.6628,61.7538,72.4166,6114.0,89.614,77.8377,4.7923,21.0664,2.6285,127.8462,47.8231,0
25599,2704.0,1.0625,5.2515,12.463,9.7633,2.145,4.5858,14.8299,0.2589,6.1391,64.1642,46.7456,59.6893,7.2485,54.3269,18.4064,3.081,10.0531,1.753,6.3745,27.327,12.5392,40.1951,52.7342,7533.0,53.3386,53.3386,6.1463,16.4742,2.7859,121.7564,61.8694,0
25612,3965.0,1.1735,11.8789,5.6999,5.6494,0.7314,0.4792,2.8499,0.1513,1.4628,95.4098,55.0063,71.8537,17.2509,47.314,9.3075,1.2422,2.1785,0.2967,4.6816,11.4386,8.5266,28.2002,36.7268,10788.0,44.9759,31.878,6.878,11.9392,2.7208,128.1937,84.1539,0
25645,3901.0,1.0156,1.3843,3.3068,1.5893,2.102,0.4871,3.3325,1.3843,1.6919,78.3902,18.4312,48.7311,6.4599,91.7713,7.3613,0.7253,1.6467,0.0784,2.7152,7.6948,3.2055,45.2802,48.4856,10214.0,91.8543,77.7952,5.0813,19.1208,2.6183,88.5946,115.2892,0
25649,2602.0,1.0265,2.4212,18.9854,18.6779,18.4089,0.269,2.2675,19.1007,4.4197,67.6403,46.0031,46.7333,7.2636,55.8417,8.671,0.5808,1.3101,0.9995,2.7823,11.1164,19.5954,33.0461,52.6414,7417.0,56.7615,56.3975,6.5795,12.8219,2.8505,247.037,30.0238,0
25653,1454.0,1.0138,1.3755,28.0605,6.1898,27.7166,0.0688,1.7882,28.0605,4.0578,21.1829,19.5323,20.7015,1.9945,86.3136,8.0386,0.5194,0.5936,2.0529,1.4593,9.1555,27.8155,55.6309,83.4464,4043.0,86.9899,77.9372,5.0952,13.9995,2.7806,287.7811,14.0489,0
25658,3493.0,1.0057,0.4867,4.2084,1.9468,3.2064,0.7157,1.775,2.9774,2.0326,78.1277,41.9124,51.6748,14.7724,57.4005,7.5085,1.2799,1.4718,0.5973,2.2931,9.5776,4.5843,29.0718,33.656,9644.0,58.4094,58.4094,5.7756,16.321,2.761,118.8102,81.1715,0
25662,2759.0,1.017,1.5223,4.3132,23.6318,2.8271,0.2175,10.8373,1.7035,2.6821,63.465,53.1352,53.7876,7.6115,62.9213,12.9704,1.3878,2.1217,2.3219,2.6021,17.458,4.526,55.2031,59.7292,7547.0,64.741,44.8523,5.3266,19.0804,2.7354,314.1288,24.0252,0
25718,3558.0,1.0365,3.3727,5.9865,2.9792,2.6981,0.8151,5.0309,2.8668,2.1922,78.0495,13.6313,38.6172,7.4199,74.9859,8.517,1.0001,2.9143,0.4302,2.1938,9.2046,6.1618,41.3409,47.5027,9807.0,73.9778,72.6114,4.8435,16.2129,2.7563,111.6106,87.868,0
25736,3352.0,1.0268,2.2971,1.5215,7.1897,1.4021,0.0298,0.9248,3.6396,1.7601,88.1862,58.9499,77.2375,15.1253,68.6754,5.7567,0.353,0.4164,0.0634,2.4167,7.1615,2.4121,42.8364,45.2485,11067.0,69.4226,46.1823,6.6414,8.2407,3.3016,141.0497,78.4617,0
25740,10571.0,1.0229,1.6839,0.8514,0.2838,0.5298,0.3122,0.7757,1.5325,0.4825,98.8364,83.0385,81.4209,43.6666,28.2471,5.9503,0.476,0.4951,0.1238,1.1234,7.7947,2.4494,24.8822,27.3315,32803.0,28.1194,17.3033,6.7677,8.2218,3.1031,122.0808,268.699,0
25743,7130.0,1.0426,3.6606,5.6662,1.9495,4.46,1.0519,2.7209,3.7447,2.2721,71.8934,37.4474,40.8976,12.5806,66.2132,8.0105,0.7933,2.0878,0.4234,3.1293,9.0208,7.1035,40.1588,47.2622,20581.0,66.8529,59.9193,6.2193,14.4016,2.8865,162.6816,126.5109,0
25745,3582.0,1.0927,7.8727,1.1446,5.4718,1.0329,0.0279,2.2334,2.1217,1.0329,94.6957,62.5907,65.6337,17.7275,40.6477,5.2398,0.2437,0.5832,0.1132,1.5406,6.4013,3.5003,24.5784,28.0787,11526.0,38.3568,35.1119,6.9408,10.4893,3.2178,96.7946,119.0768,0
25754,201982.0,1.0417,3.1211,1.1575,0.0906,0.5902,0.5466,1.0075,0.7377,0.8352,93.7826,92.3983,98.1281,55.7738,0.8219,5.3658,0.634,1.1784,0.7189,1.3554,13.3347,3.0401,17.7722,20.8123,645205.0,0.7846,0.489,7.2847,5.3228,3.1944,187.5248,3440.6374,0
25758,7559.0,1.0364,2.8972,0.635,1.0054,0.4763,0.0794,0.1455,3.2941,0.2778,97.8569,85.2097,98.214,55.3248,30.1627,2.8895,0.0928,0.1251,0.0686,1.0573,2.9667,1.8637,16.7603,18.6239,24838.0,30.6989,25.5777,5.5963,7.1745,3.2859,111.0562,223.6525,0
25769,4814.0,1.0052,0.4362,1.0386,2.6174,0.6232,0.187,0.3116,1.7449,0.6024,94.9107,62.4429,89.3851,37.1624,50.9971,3.7483,0.0808,0.3297,0.074,0.8748,4.1661,1.1986,25.4805,26.6791,14874.0,51.4791,40.1775,5.9567,8.4913,3.0897,209.1256,71.1247,0
25772,5657.0,1.0138,1.043,1.4142,3.836,1.2197,0.1237,1.2374,1.1137,0.6717,96.4115,60.1909,60.5091,13.912,55.5418,4.9821,0.3443,0.4742,0.0844,2.4294,5.3712,2.1622,29.4159,31.578,15401.0,53.4381,38.043,7.7138,7.8566,2.7225,173.0448,89.0001,0
25777,1808.0,1.0133,1.3274,14.8783,7.3009,12.6659,0.4978,7.6881,11.615,3.7611,75.719,35.5642,36.1726,5.4757,66.2058,10.4105,1.3542,4.6128,1.3331,2.3487,14.175,13.7705,31.3661,45.1366,4726.0,65.5311,64.2615,4.9937,16.5891,2.6139,130.3128,36.2666,0
25779,1834.0,1.0676,5.8888,0.8724,22.1374,0.5998,0.1091,7.7972,2.072,2.0174,62.1047,31.7884,31.843,5.8888,66.8484,13.0578,1.202,0.7739,0.741,4.8905,15.014,3.2176,34.7293,37.9469,6073.0,64.5974,64.5974,6.8335,12.4485,3.3113,104.0972,58.3397,0
25781,1613.0,1.0217,1.9839,2.4179,7.7495,1.9839,0.062,2.0459,3.9058,3.9678,92.0025,42.9014,45.8153,10.3534,64.3521,7.5884,0.6657,0.5896,0.4564,2.8148,8.3651,3.3374,30.6432,33.9806,5258.0,64.7965,56.2571,8.0449,8.3492,3.2598,64.7664,81.1841,0
25785,6376.0,1.0237,1.835,0.7215,1.1449,0.596,0.0941,0.345,1.1136,0.4391,96.1888,65.4329,93.7422,37.8607,68.7108,3.9339,0.2334,0.1994,0.0146,1.274,4.5833,1.7006,33.0167,34.7173,20602.0,69.4156,45.9664,6.1402,8.4361,3.2312,75.3385,273.4591,0
25793,2004.0,1.0344,3.2435,0.4491,1.2475,0.3493,0.0,0.7485,1.1477,1.7465,78.3433,22.9541,21.6068,2.7445,82.2355,8.0968,0.5229,0.0299,0.1195,1.7478,8.0125,1.3025,38.9773,40.2798,6735.0,81.5739,75.8872,7.9139,7.5872,3.3608,201.828,33.37,0
25797,2983.0,1.0312,2.8495,6.0677,2.2125,3.587,1.3745,3.1847,1.7097,2.4137,92.1555,28.2266,53.1344,3.9893,92.6249,7.1818,0.521,2.8777,0.2481,1.8482,7.5077,6.3719,34.1678,40.5397,8072.0,93.0005,75.2354,5.9341,16.7616,2.706,51.5057,156.7205,0
25799,6189.0,1.1537,11.1488,1.535,1.842,1.3249,0.1293,0.6625,1.9551,0.6463,97.9318,63.8068,97.9964,43.4481,57.7799,4.5905,0.27,0.6235,0.0245,2.1455,4.6677,6.0453,22.9639,29.0092,20386.0,58.0104,44.7758,6.2445,7.8976,3.2939,114.0296,178.7782,0
25805,1650.0,1.0636,5.0303,12.3636,13.2121,9.6364,2.303,10.4242,3.3939,4.3636,71.2727,21.6364,23.8182,5.6364,89.1515,11.1337,1.0905,5.0216,0.6087,3.8042,11.775,13.455,46.2942,59.7491,3944.0,86.5872,71.4503,4.8174,18.6359,2.3903,84.6134,46.612,0
25807,970.0,1.0381,3.4021,3.7113,25.2577,3.299,0.2062,25.0515,2.5773,5.7732,48.5567,19.3814,22.268,6.3918,80.7216,11.6222,1.4374,2.2177,1.3552,3.9014,13.4252,4.2701,58.0933,62.3635,2439.0,80.3198,80.3198,3.936,23.2882,2.5144,56.5579,43.124,0
25815,6158.0,1.0068,0.5359,3.67,16.4664,1.2017,1.5265,6.9178,0.6496,2.3059,86.2293,62.0006,63.0887,11.2374,41.3771,11.1714,1.428,2.9751,1.2049,4.9684,14.7998,4.1774,39.5968,43.7742,13649.0,36.0393,28.3977,5.1432,16.8144,2.2165,245.957,55.4934,0
25817,10674.0,1.2113,13.5844,0.431,0.4778,0.3373,0.0656,0.2248,1.1804,0.3747,98.9132,93.0673,96.3275,48.0982,66.6105,4.2356,0.277,0.1728,0.0229,2.3401,4.0902,9.1561,50.6865,59.8426,39416.0,61.2315,15.3009,7.6999,4.4601,3.6927,73.1,539.2066,0
25823,1424.0,1.0288,2.8792,38.132,14.3961,21.6292,0.7022,27.0365,9.5506,19.5927,30.8989,19.5927,18.9607,1.9663,83.2865,27.4198,7.7207,18.1096,9.6225,1.5612,30.7692,27.4403,55.2218,82.6621,3537.0,81.9621,75.2615,5.1456,18.8861,2.4838,143.5686,24.6363,0
25839,2386.0,1.0222,2.0117,8.005,28.9187,6.8315,0.6706,13.663,8.5918,16.3453,27.0327,21.1232,19.5306,5.0293,86.2531,21.133,4.1239,3.7073,6.9564,6.0678,19.5758,8.7813,77.7185,86.4998,7583.0,81.4453,68.0206,5.275,15.6402,3.1781,522.3785,14.5163,0
25841,2138.0,1.0697,6.0804,5.7063,13.2834,1.637,2.1515,13.0496,1.3096,7.9981,59.1207,17.2591,17.493,6.2675,82.9747,15.3208,2.2848,5.0861,2.6135,4.7105,17.3435,7.5241,50.0875,57.6115,6390.0,84.0063,84.0063,5.3208,15.1487,2.9888,106.9842,59.7284,0
25843,11933.0,1.0351,2.8576,0.9553,1.8604,0.8548,0.0419,0.7961,1.0391,0.3687,97.3184,77.4491,76.8122,19.0396,23.6738,5.2522,0.3172,0.6043,0.1209,1.3168,9.3803,2.5101,22.1053,24.6154,40001.0,25.0519,18.8645,7.1923,7.7948,3.3521,102.1126,391.7343,0
25845,2177.0,1.0583,5.1906,1.6077,14.4695,1.1943,0.4134,1.8374,6.7065,2.5723,80.7993,52.5953,51.9522,6.6146,46.9913,11.9258,0.9564,0.7535,0.5651,7.1729,11.8381,3.9931,41.0156,45.0087,6902.0,47.6094,46.0156,6.1287,11.9096,3.1704,209.1475,33.0006,0
25851,1435.0,1.1463,12.6829,8.9895,14.4251,4.0418,3.3449,11.8467,0.0697,5.4355,64.5296,48.3624,56.7247,7.8746,43.0662,16.9196,3.2098,7.7631,5.9468,3.2346,24.6018,10.2549,48.3617,58.6165,4032.0,42.0387,42.0387,4.8611,18.998,2.8098,92.0909,43.7828,0
25862,2152.0,1.0637,5.5297,18.355,18.5874,5.2045,0.6041,33.6896,1.7193,10.5019,33.1784,15.474,16.0781,2.184,83.4572,22.4155,3.0484,13.8171,2.6176,1.6733,25.5574,9.7422,66.2735,76.0157,6063.0,81.3789,78.1626,4.5192,19.6932,2.8174,144.7075,41.8983,0
25867,1318.0,1.1077,9.0288,5.6146,10.7739,1.4416,0.2276,8.4977,1.1381,3.8695,50.1517,33.915,34.8255,7.4355,65.9332,11.7446,1.3663,3.3894,1.34,2.7588,14.9811,7.3288,44.726,52.0548,3806.0,62.6117,61.9285,5.5964,19.0751,2.8877,67.1261,56.6992,0
25871,617.0,1.0178,1.7828,25.4457,10.859,21.718,0.4862,4.5381,20.9076,15.3971,48.4603,34.1977,36.1426,7.6175,64.8298,10.2655,0.944,3.2448,1.2979,2.1239,11.0811,24.0446,45.8599,69.9045,1712.0,64.8364,64.8364,4.6729,19.4509,2.7747,62.9932,27.1775,0
25873,4496.0,1.0376,3.2918,0.5338,4.8488,0.4004,0.1112,1.9573,2.847,2.6468,88.323,39.9689,43.7278,7.7625,57.4066,8.7581,0.841,0.3921,0.3099,4.3506,10.5641,1.9082,39.3654,41.2736,15834.0,59.7827,59.0123,7.5218,8.7596,3.5218,226.2745,69.977,0
25875,9056.0,1.0377,3.2796,5.466,2.5618,2.9814,1.3251,3.9311,0.7288,1.6784,86.0645,68.8052,72.0958,16.0336,32.4315,8.4148,1.0752,2.8127,0.5571,2.2946,13.7173,6.4358,26.0948,32.5306,25957.0,31.6138,28.7514,5.7942,13.1256,2.8663,140.902,184.2203,0
25878,4527.0,1.0413,3.689,20.455,6.6711,14.7117,1.3254,8.7254,7.3338,6.0305,76.607,33.245,33.0683,3.4681,68.0141,14.5877,2.6958,6.923,1.2362,4.4584,16.3214,20.3138,34.9025,55.2163,12589.0,66.0577,62.2607,5.6001,17.4835,2.7809,201.3643,62.5185,0
25885,3867.0,1.03,2.4308,50.6594,3.1032,46.3926,0.5172,36.0486,4.0083,11.1973,42.617,26.8684,23.8945,4.9909,75.7176,40.6172,11.3805,30.936,9.4057,1.9748,48.6248,48.6812,27.2293,75.9106,10887.0,76.1459,68.072,5.5203,15.8997,2.8154,956.6931,11.3798,0
25898,1434.0,1.0879,7.113,6.3459,5.2999,4.5328,0.9066,2.2315,5.9275,3.6262,86.2622,40.1674,47.0711,8.4379,74.2678,7.7179,0.7599,2.1848,0.0712,2.066,8.2174,7.9487,39.6795,47.6282,4211.0,71.6694,53.6215,6.2218,15.317,2.9365,54.1982,77.6964,0
25899,40409.0,1.0079,0.5865,0.344,0.5618,0.2945,0.0247,0.1386,0.98,0.1856,98.1811,94.5755,95.9069,55.5792,17.2536,3.1163,0.1528,0.1047,0.0659,1.0685,5.1619,1.0583,22.2615,23.3198,129652.0,18.1787,5.1276,7.0543,7.7762,3.2085,194.9351,665.1035,0
27001,35071.0,1.0366,2.7601,25.3343,0.1711,24.7726,0.3108,1.668,20.122,5.563,25.206,17.8096,72.6982,30.8973,9.6918,72.8099,11.56,1.9225,69.7559,5.5716,64.3961,26.4707,63.2312,89.7018,120679.0,10.1335,7.6326,9.9968,5.8875,3.441,3500.1776,34.478,0
27006,3747.0,1.0464,3.4694,42.3005,0.1601,41.0462,1.1209,19.6157,5.2575,19.9893,60.4217,31.1182,57.1924,14.9987,47.2378,36.4448,15.0475,19.0327,23.2327,4.4399,41.7771,43.7117,38.6759,82.3875,12095.0,46.1513,28.0612,10.0703,5.8123,3.2279,795.2067,15.2099,0
27025,5312.0,1.007,0.6589,97.3268,0.5648,62.613,19.5971,3.6521,93.2982,69.3901,20.2748,14.0248,11.8223,1.7131,84.8268,77.8492,52.8889,24.1964,68.8862,49.5074,82.4633,96.5794,2.996,99.5754,23954.0,87.6513,82.7002,12.858,4.4919,4.5094,2045.0607,11.7131,0
27050,1633.0,1.071,6.0012,34.109,0.1225,33.8028,0.0612,2.8781,21.0655,3.9192,48.071,13.0435,52.2964,2.1433,54.8683,42.5009,8.3364,2.2388,34.3648,1.3833,51.0128,36.1556,61.8993,98.0549,5519.0,54.1221,5.1821,9.6394,8.4254,3.3797,420.7385,13.1174,0
27073,2898.0,1.0121,0.9662,64.9758,0.3106,61.2491,0.138,2.795,59.6963,50.7246,28.951,21.2215,25.5003,8.5231,72.3948,70.5202,28.6269,2.9849,62.8163,26.3053,76.6284,57.7476,30.5911,88.3387,10583.0,76.0087,70.4432,15.1375,4.8474,3.6518,806.419,13.1235,0
27075,2487.0,1.0418,3.2971,54.2421,0.2413,53.6389,0.5629,0.5629,48.653,2.4125,82.1472,53.277,60.3538,18.4962,34.6602,24.6086,8.1336,0.6897,14.22,8.4182,28.146,55.716,26.5142,82.2302,9417.0,36.4766,6.8175,10.4173,6.2653,3.7865,892.9045,10.5465,0
27077,4384.0,1.0246,2.0757,80.2235,0.5474,63.7089,9.7856,1.9389,69.708,35.1962,36.7929,12.2263,13.8914,4.1058,76.0721,65.8663,37.7649,12.4275,55.7639,34.0849,71.4256,69.5925,19.8276,89.4201,18561.0,78.832,62.2488,13.3021,4.9081,4.2338,3468.6332,5.3511,0
27099,2856.0,1.062,5.1471,88.0252,0.4552,83.5784,3.5714,2.9412,78.8515,68.8375,21.7787,5.7773,11.0994,1.8557,88.6555,67.5608,33.3864,6.2951,57.6697,32.2632,71.0097,87.5349,10.1257,97.6606,11933.0,90.8824,53.616,15.7882,3.813,4.1782,3620.8541,3.2956,0
27135,1750.0,1.0137,0.9143,29.8286,0.1714,26.7429,1.2571,6.4,15.3143,6.8,35.9429,43.4286,36.9714,2.0,55.5429,43.5159,11.5194,7.9859,35.0707,3.5866,30.5809,28.4726,59.4813,87.9539,5663.0,54.1233,11.7606,11.0719,6.6926,3.236,379.5767,14.9193,0
27150,3754.0,1.0189,1.4917,91.2094,0.5328,88.3058,2.4241,22.8023,66.7821,41.0229,16.7022,7.6452,15.4768,1.5983,85.7219,75.6769,35.2986,22.2104,65.4031,15.5366,76.106,90.6303,4.305,94.9353,13189.0,85.867,77.0187,13.2004,4.246,3.5133,3172.7816,4.1569,0
27160,1629.0,1.0104,0.798,41.2523,0.7366,38.4285,1.4733,3.3149,32.1056,31.4303,36.4641,37.3235,60.9576,1.4119,46.1633,51.7403,9.9082,3.865,49.968,3.438,61.9102,30.7081,39.3064,70.0145,4683.0,37.113,32.0094,9.4811,8.2853,2.8748,422.4826,11.0845,0
27205,3808.0,1.0118,1.0504,18.0147,4.5168,17.1481,0.4727,3.125,10.2679,7.2742,31.9328,51.9958,75.4727,4.8582,23.9496,66.4977,11.1674,3.3519,62.4428,2.0356,42.5837,18.7614,64.7931,83.5545,12251.0,22.1778,8.4891,8.7748,7.4198,3.2172,466.8638,26.2411,0
27245,2411.0,1.0091,0.8295,27.3331,15.2219,26.545,0.3318,2.4471,21.5263,8.0465,62.7126,55.786,67.8142,26.7524,61.8001,36.4776,13.7883,3.0641,26.0319,7.4829,50.4356,21.5598,43.03,64.5899,7900.0,68.2911,52.9747,10.038,7.6962,3.2766,829.1386,9.528,0
27250,2786.0,1.0302,2.4408,94.58,0.2872,93.8263,0.5025,5.1687,87.7961,71.4286,18.234,3.9483,13.4243,1.6511,85.9655,70.222,30.2617,3.8604,60.2556,25.0453,71.9803,91.1911,8.0025,99.1936,11579.0,87.8746,67.0006,14.3795,4.085,4.1561,4124.1902,2.8076,0
27361,8137.0,1.0166,1.3764,31.3998,0.5039,31.2277,0.1352,1.2044,26.3365,10.0406,1.5731,9.721,58.0312,15.4971,23.6328,83.9592,11.7884,0.8373,80.4746,4.3146,57.1494,32.4125,66.8727,99.2851,28087.0,25.4993,22.6012,9.5418,5.4296,3.4518,1875.615,14.9748,0
27372,1033.0,1.0058,0.5808,73.4753,0.3872,70.4743,2.8074,1.4521,71.7328,34.5595,67.0862,47.8219,48.9835,10.7454,51.7909,56.11,25.6573,3.6514,50.3651,16.2123,71.4169,73.8355,14.1724,88.0079,4108.0,59.7858,46.8111,12.9017,4.5278,3.9768,1247.5029,3.293,0
27413,2380.0,1.0244,1.7227,62.437,0.5042,61.2185,0.0,2.0168,57.8571,43.6555,19.5378,22.6471,18.5714,2.0168,59.6218,76.6241,34.991,1.4673,72.6254,26.8705,81.2677,50.6166,41.4798,92.0964,8928.0,63.2616,42.7083,22.9951,5.1075,3.7513,841.5794,10.6086,0
27425,2810.0,1.0655,4.8399,92.5623,0.2847,86.8327,2.7758,2.9537,82.5979,91.1032,5.9431,2.4911,7.1174,0.5338,91.2456,51.6371,15.6706,5.9369,42.2288,9.0039,47.7819,90.0519,9.1938,99.2456,10140.0,91.144,69.4181,9.9112,4.6943,3.6085,1809.1666,5.6048,0
27430,3606.0,1.0352,2.0799,88.325,0.2773,81.0871,4.548,2.2185,81.7249,33.1947,17.5541,2.4681,17.3045,0.6656,87.7981,63.2124,27.9967,6.6528,55.6805,20.2786,58.6567,86.2957,13.2909,99.5866,13423.0,87.7375,43.4553,13.1416,5.3788,3.7224,1368.3728,9.8095,0
27450,2780.0,1.0151,1.4388,57.482,0.2878,56.9784,0.1799,2.2662,48.741,24.7842,14.3885,9.3165,26.4388,2.2662,69.7482,64.0924,13.6007,1.7567,53.7178,9.0929,55.3044,57.1989,40.4134,97.6123,9073.0,71.9277,70.8365,11.2752,8.2663,3.2637,661.8539,13.7085,0
27491,2625.0,1.0312,2.5905,49.6762,0.1905,48.4952,0.4571,2.3619,37.1429,32.0381,36.0381,19.7714,37.9429,15.1619,60.1143,50.0122,9.4561,2.4743,43.4591,1.8986,44.7625,49.6652,37.7604,87.4256,8164.0,59.0519,41.3155,10.8158,6.5042,3.1101,943.3664,8.6541,0
27493,2783.0,1.0232,1.9199,56.1964,0.2875,53.923,0.8668,2.9475,42.331,27.7503,32.3441,20.4965,40.5462,3.1827,65.2129,55.4377,14.6675,3.8627,49.15,9.0081,56.7496,54.8442,37.1411,90.8991,9778.5,67.3721,42.0119,10.9443,5.6425,3.4825,918.1355,10.5776,1
27495,862.0,1.0023,0.116,64.2691,2.6682,56.1485,2.7842,2.0882,64.0371,15.5452,60.9049,9.2807,27.3782,13.8051,65.3132,50.9259,28.2697,4.9769,35.0694,33.3912,58.2925,58.2609,36.5217,94.7826,3456.0,70.8333,50.8102,13.2812,5.4398,4.0093,702.0825,4.9225,0
27580,1287.0,1.0692,5.7498,54.2347,0.0777,50.5828,0.9324,6.6822,42.0357,13.1313,78.7879,27.8943,28.9821,0.3885,65.1127,43.0939,12.6851,6.2762,18.9392,8.0,43.5318,53.738,39.2302,92.9682,4525.0,66.453,34.7403,10.7182,9.0608,3.5159,324.5544,13.9422,0
27600,2134.0,1.007,0.6092,52.015,0.2343,51.7338,0.1874,3.4677,33.1303,11.4808,32.7554,34.5361,45.4545,1.687,69.1659,58.3396,18.1716,3.085,48.3321,9.2927,66.3899,49.5045,31.6155,81.1199,7974.0,72.4981,23.9278,11.1989,5.9192,3.7366,697.198,11.4372,0
27615,12605.0,1.173,11.9794,87.2908,0.238,85.2678,1.8326,26.307,48.4252,30.2578,18.0722,14.3594,43.1495,2.4276,75.7081,75.1529,27.0683,24.6717,61.9757,9.0123,67.2625,88.8106,10.7692,99.5798,48257.0,73.5334,45.5499,8.8298,5.1267,3.8284,7584.1842,6.3628,0
27660,1485.0,1.0343,3.0976,54.9495,3.0303,47.6094,1.8182,5.6566,42.6263,36.5657,58.3165,41.6162,45.4545,3.771,72.9293,29.4641,10.1038,5.3167,11.1417,7.6255,34.3917,53.9724,27.1832,81.1556,4721.0,71.3832,51.451,10.824,5.7403,3.1791,1579.957,2.9881,0
27745,848.0,1.0189,1.8868,60.8491,0.2358,57.4292,0.2358,1.7689,37.5,95.8726,11.5566,47.2877,23.8208,2.5943,74.7642,49.0968,13.2948,1.8786,40.3179,6.4306,45.2743,57.9674,40.6524,98.6198,2768.0,78.3598,20.3757,11.3078,4.8772,3.2642,1574.1329,1.7584,0
27787,5302.0,1.0272,2.0181,21.9351,2.7914,20.9544,0.4149,3.6967,13.5043,11.7314,36.6843,34.8171,58.6382,5.3753,37.3444,54.7654,14.2874,4.1074,45.2346,9.4423,52.0303,20.4515,61.431,81.8825,17000.0,41.2765,23.9059,11.0647,6.9588,3.2063,713.5067,23.826,0
27800,3708.0,1.0089,0.7551,57.4434,0.2697,54.2071,2.1305,32.3894,9.6548,25.2427,57.5243,19.7411,51.2406,12.1629,65.3722,48.5892,23.376,32.997,27.2146,11.2861,56.3498,56.5727,30.3098,86.8825,12192.0,65.748,31.6519,10.6053,5.5446,3.288,1187.2141,10.2694,0
27810,1997.0,1.022,1.9529,26.1893,0.2003,25.2879,0.8012,3.5053,5.4081,4.2564,20.1803,31.8978,84.5268,20.03,56.5348,52.1524,8.4546,3.3602,45.4165,3.7473,23.6214,25.996,69.5219,95.5179,6590.0,55.3869,14.8862,9.044,6.176,3.2999,177.5476,37.1168,0
41001,98405.0,1.0329,2.7326,3.7529,1.3028,2.5273,1.0447,3.3433,0.4136,1.0609,96.8243,93.7635,94.9677,54.5938,5.8727,7.5701,1.1519,3.3076,0.2269,1.8614,13.0854,5.6346,16.6153,22.2499,314526.0,6.2383,2.4672,7.3333,9.0132,3.1962,1269.1372,247.8266,0
41006,7011.0,1.0374,3.1807,9.9415,46.6553,4.7354,0.3423,20.0827,2.9382,14.249,54.7425,23.62,22.8641,3.2235,80.5876,19.3307,2.4957,5.1747,2.2596,3.5339,20.6981,7.303,66.8821,74.1851,24562.0,81.4144,73.6463,9.2663,5.7202,3.5034,521.1751,47.1281,0
41013,2488.0,1.0209,1.8489,7.4357,44.7749,0.8441,0.1608,13.9068,0.1206,3.1752,75.201,68.6093,66.881,5.9887,32.4759,18.326,2.5647,6.2136,2.658,2.4598,19.7776,2.4025,47.6566,50.0591,8593.0,34.5397,31.3278,8.3324,9.4728,3.4538,273.5581,31.412,0
41016,4221.0,1.0907,7.7944,6.515,18.408,2.4876,2.2033,11.0163,1.2082,5.5437,81.5683,71.7602,68.3961,8.8131,32.6226,15.2385,2.5625,6.3961,1.2573,2.6104,17.133,8.9724,39.5394,48.5118,14817.0,32.3885,25.1873,8.5037,9.4486,3.5103,795.2161,18.6327,0
41020,5836.0,1.148,12.3201,8.3276,20.1508,6.5627,1.1995,18.5744,1.6792,7.6422,76.6107,53.7012,56.854,5.7916,48.355,20.2148,4.3917,8.4137,4.1069,3.6273,21.3527,12.1511,46.2905,58.4416,20259.0,50.7725,44.7406,7.5719,8.5444,3.4714,589.4803,34.3676,0
41026,1244.0,1.1045,9.164,1.045,23.0707,0.3215,0.2412,4.2605,0.0804,3.537,89.1479,70.0965,74.8392,7.1543,33.7621,8.8976,0.6562,2.1785,0.8136,2.5197,9.6006,3.7901,35.3499,39.1399,4169.0,42.84,36.3636,6.7162,9.2348,3.3513,180.8204,23.056,0
41078,1988.0,1.1187,10.0604,4.7787,68.5614,3.0684,0.9054,18.0584,1.66,5.6338,71.328,61.5694,56.338,2.163,44.0141,20.791,2.9858,5.4401,5.1118,1.3756,26.2943,7.3774,47.0085,54.386,6679.0,47.8964,47.8964,6.1686,10.9747,3.3597,785.9137,8.4984,0
41132,9112.0,1.0976,8.3406,1.9644,11.7208,0.9219,0.6804,9.7673,0.1207,4.6203,83.5821,76.0645,76.4377,19.0189,22.3771,13.9319,2.2173,5.8208,0.8842,3.4207,16.9634,6.0945,36.7369,42.8315,30183.0,22.357,16.5822,7.4678,9.9924,3.3124,462.496,65.2611,0
41206,2191.0,1.021,2.0082,6.3441,67.3209,5.5226,0.3195,24.1899,4.6554,6.7549,62.0721,41.3966,30.5796,2.2821,69.0552,26.3604,6.8485,4.2355,12.1608,3.1587,32.046,7.1077,59.4546,66.5624,7040.0,70.2131,65.6818,7.9688,10.767,3.2131,1584.7289,4.4424,0
41244,1142.0,1.0858,7.3555,2.8897,48.9492,2.014,0.0,6.3047,1.5762,6.2172,88.2662,65.5867,61.2084,3.2399,64.9737,9.6705,0.9644,0.884,0.8572,1.4198,10.5374,5.2419,46.4516,51.6935,3736.0,63.758,50.9636,6.5846,11.4829,3.2715,80.357,46.4925,0
41298,19983.0,1.0498,4.1035,4.1735,25.9821,1.5413,0.9558,8.7574,0.9408,2.6372,89.7213,64.8201,66.6667,18.0954,42.4811,12.3701,1.4973,3.5916,1.1084,2.4327,13.8206,4.912,35.2425,40.1545,66311.0,44.5522,35.2747,8.24,8.2777,3.3184,606.0067,109.4229,0
41306,6998.0,1.0333,3.0009,4.3012,25.6216,2.5293,0.8002,10.7316,1.6433,4.2869,83.7525,58.8168,63.8611,9.6599,56.902,13.3277,1.5206,3.1164,1.1007,2.6213,15.0532,4.899,46.1666,51.0656,22871.0,58.8912,41.1351,7.2756,9.7503,3.2682,503.5525,45.4193,0
41319,4482.0,1.0609,4.9531,10.8211,31.5484,2.7889,0.2454,17.2691,2.1865,6.2249,71.6421,40.6738,35.9661,3.7706,64.7925,18.4504,2.6898,6.589,3.1244,1.8016,19.9684,5.6806,52.7246,58.4052,15913.0,67.5674,53.8742,8.3579,8.1443,3.5504,249.3598,63.8154,0
41349,2169.0,1.0553,4.7948,10.0046,20.7008,1.8903,3.1351,16.9663,0.0922,17.1969,75.5187,73.8128,73.9972,3.089,23.3287,20.4308,5.6536,12.8777,1.5106,6.222,43.5294,8.3151,42.1444,50.4595,6700.0,21.5672,21.5672,8.4328,9.7463,3.089,194.1374,34.5116,0
41357,2549.0,1.0569,5.1393,9.4155,45.7434,5.767,0.2746,26.8733,2.8246,7.1401,70.0667,58.3758,41.7419,2.0008,66.7713,24.0602,6.402,4.6218,7.5851,8.1048,26.91,8.9458,57.6095,66.5553,9064.0,71.3372,58.3076,9.3226,8.8703,3.5559,356.2851,25.4403,0
41359,7763.0,1.0228,1.8678,21.1001,14.9942,19.7862,0.5281,17.2614,5.2428,10.988,79.2091,25.1063,24.9775,3.5682,74.1466,19.3846,4.2367,7.7408,5.7425,4.0861,21.9923,21.6833,37.2811,58.9643,24593.0,75.2857,71.5285,7.8803,7.86,3.168,370.2032,66.4311,0
41378,3644.0,1.0755,6.449,10.8672,20.3897,9.4951,0.3293,19.7585,5.9001,6.5862,76.5368,40.6147,40.3128,5.955,58.2602,19.4389,3.0701,7.022,2.6774,3.7595,21.7769,12.4487,43.8912,56.3398,12475.0,61.8036,57.2585,8.6814,6.9178,3.4234,356.0548,35.0367,0
41396,14772.0,1.187,14.3312,8.3807,31.0181,4.6304,1.1034,21.4731,2.5183,8.4687,73.4565,53.8316,49.0116,9.2946,52.4167,19.1154,3.4373,6.982,4.5898,3.8616,25.0033,11.5719,44.8343,56.4062,54405.0,55.2137,49.7675,9.2657,7.3817,3.683,813.7496,66.8572,0
41483,1689.0,1.1652,13.4991,2.9011,61.042,1.2433,0.7697,19.8934,6.4535,9.9467,69.9822,45.4115,40.1421,3.2564,58.9106,18.9216,4.3528,4.1416,5.9769,8.0721,22.4605,8.3376,53.1652,61.5028,6168.0,60.4896,52.3995,10.0681,8.7224,3.6519,131.7985,46.7987,0
41503,2892.0,1.0595,5.4979,5.1176,45.1591,3.5961,0.0692,12.2752,4.2185,6.4315,83.1259,38.1051,21.9225,6.2932,76.6252,18.4052,1.719,1.953,0.846,5.1571,19.598,5.746,68.1685,73.9145,11111.0,78.8048,65.9257,9.9091,5.9581,3.842,155.4596,71.4719,0
41518,1882.0,1.059,4.7821,2.9756,50.6908,1.7535,0.2657,12.1148,0.5845,2.6567,74.4952,48.7248,45.0584,4.8353,54.7821,11.3697,1.0932,1.8429,1.9678,2.3114,15.5218,4.2671,45.4819,49.749,6424.0,58.4682,56.3045,8.2192,8.6862,3.4134,277.943,23.1127,0
41524,7460.0,1.0651,5.429,5.7507,19.2895,3.5657,1.3941,8.9946,1.756,3.9008,78.0697,70.563,69.4906,15.0402,53.244,12.5942,1.8678,5.4585,0.8987,1.8512,11.6839,8.1756,47.9309,56.1065,24243.0,51.3963,30.7099,7.7919,9.1697,3.2497,883.8356,27.4293,0
41530,2781.0,1.0759,6.5444,11.4347,43.8332,10.356,0.7551,17.4038,14.0956,6.9759,69.7591,18.7702,18.1949,4.9263,82.5243,20.0019,2.9175,3.5871,4.2567,5.3472,20.955,13.2284,56.3965,69.6249,10454.0,83.5374,83.5374,8.81,6.6864,3.7591,196.6949,53.1483,0
41548,3412.0,1.0844,7.1219,3.1653,43.8159,1.143,0.9965,17.1747,0.9086,3.9273,71.3951,42.9953,40.4162,5.6858,61.1958,15.7421,1.7182,3.641,3.731,2.3973,18.5548,5.0297,50.7301,55.7599,12246.0,65.1641,62.7062,9.8563,8.1333,3.5891,193.4961,63.2881,0
41551,34702.0,1.0419,3.3283,3.9969,10.0225,2.2736,0.3026,5.2706,1.072,3.4638,85.4792,68.5033,72.7019,25.1571,36.629,11.9253,1.4337,2.1329,1.0656,2.7052,17.8505,5.1548,32.4977,37.6525,120287.0,39.9145,34.3495,8.0624,7.2635,3.4663,629.7249,191.0152,0
41615,6550.0,1.0319,2.7023,1.9237,13.0382,0.8092,0.8702,8.5191,0.1679,2.3053,90.9466,75.4046,83.7099,17.5878,45.2214,12.5944,1.5286,4.5099,0.3893,2.6537,13.4896,3.6096,44.8307,48.4403,22877.0,49.7574,30.4542,7.0945,9.162,3.4927,250.9805,91.1505,0
41660,2819.0,1.0365,3.0153,10.5711,43.4551,9.4005,0.3547,10.8904,4.5406,11.3515,77.3324,35.8638,22.2419,3.1571,78.8578,20.616,2.7819,2.8217,1.848,4.5206,22.3286,11.0541,54.449,65.5031,10076.0,81.9174,78.4339,9.5871,7.0861,3.5743,465.9124,21.6264,0
41668,9720.0,1.0777,6.4095,11.2346,23.3539,10.5041,0.2881,10.9259,6.7901,7.0782,82.5514,44.3724,34.3519,8.0453,61.2551,15.2347,2.2267,3.6133,3.3694,3.638,17.9791,13.6068,38.6881,52.2949,32409.0,66.5803,60.8658,7.896,9.0191,3.3343,1388.0623,23.3484,0
41676,2975.0,1.0521,4.4706,9.6134,51.1261,5.2101,1.0084,34.8235,2.7227,9.2101,49.3445,30.6218,32.9076,4.7395,72.5042,20.9594,5.2766,7.9001,2.9271,7.6358,23.8269,8.1496,66.3151,74.4647,10215.0,75.3108,72.0607,9.5546,7.7729,3.4336,339.2686,30.1089,0
41770,5710.0,1.0758,6.3047,6.62,45.394,3.9229,0.8056,22.4518,1.979,14.4834,60.4203,41.6112,38.7741,3.958,76.655,15.2805,1.6588,3.4961,3.3176,2.0274,17.7342,6.9544,59.8208,66.7752,17376.0,76.951,64.5085,9.3692,7.4988,3.0431,429.3861,40.4671,0
41791,4554.0,1.0982,8.52,9.4422,43.8735,0.6807,0.3953,13.5705,0.8783,5.1603,76.7896,55.4238,41.7435,5.2701,67.3913,13.6019,1.8252,2.5515,1.6327,3.0171,15.4322,4.2609,58.3917,62.6525,16108.0,68.227,52.1852,8.4678,7.6732,3.5371,362.6551,44.4169,0
41797,2842.0,1.1006,9.0429,0.9148,29.2752,0.2111,0.3167,7.178,0.4222,3.1668,90.007,70.5137,70.7952,8.6559,45.9536,10.73,1.331,1.4948,1.3515,2.9589,11.8037,4.0921,46.4514,50.5435,9767.0,46.3192,30.8078,7.7915,9.614,3.4367,366.7831,26.6288,0
41799,3076.0,1.0075,0.7152,3.4135,33.9077,2.3407,0.7152,16.1573,0.2926,5.8518,83.3225,58.8101,66.8726,1.7555,49.8049,16.8478,3.0641,5.0612,2.046,4.3465,13.9108,5.144,52.669,57.813,10273.0,49.6447,39.1025,8.0405,10.2794,3.3397,530.1651,19.377,0
41801,2139.0,1.0996,8.8359,1.1688,31.9308,0.561,0.3273,9.2567,0.3273,5.3763,66.4797,56.288,56.288,2.618,43.9458,11.0748,1.5918,1.0748,2.9796,2.3537,16.7106,4.4218,46.4711,50.8929,7376.0,46.2446,46.2446,8.5005,9.7885,3.4483,471.1878,15.6541,0
41807,5994.0,1.152,13.0464,4.8215,38.0714,0.5672,0.2002,6.6233,0.8342,5.1051,87.6877,51.9686,41.9419,9.6763,63.4468,11.118,1.3832,2.1968,1.3257,2.4744,12.6924,5.0847,53.5275,58.6122,20919.0,64.592,53.9175,7.5721,9.7137,3.49,185.4995,112.7712,0
41872,2181.0,1.1371,11.6002,1.9716,40.3026,0.4585,0.1376,12.4255,0.1376,9.0326,86.0614,79.2297,58.597,1.7882,64.3741,14.5182,1.8148,2.8518,2.4917,4.0328,13.7976,6.9007,71.4689,78.3697,6943.0,65.7641,15.1664,7.2591,10.8166,3.1834,543.792,12.7677,0
41885,2275.0,1.0303,2.5495,2.7692,14.8132,0.3516,0.4835,2.5055,0.1319,2.5495,90.8571,83.2088,84.5714,5.0989,16.4835,9.2379,1.2906,1.8883,0.9917,1.3042,13.4291,1.9625,23.5495,25.5119,7380.0,16.0434,16.0434,7.2087,10.2033,3.244,332.7336,22.1799,0
44001,48683.0,1.0422,3.2763,16.7471,11.5174,4.0055,6.8422,26.7198,0.6696,18.5075,69.02,55.1589,67.6971,24.2405,29.4805,36.2721,18.2226,18.4358,9.8343,20.3116,67.3425,14.66,42.0943,56.7543,177573.0,31.6242,22.687,11.5198,4.49,3.6475,3087.6166,57.5113,0
44035,7055.0,1.0738,6.0099,13.2955,21.9702,6.6619,5.287,34.713,0.4111,34.7413,63.4302,56.4422,50.7158,12.8987,41.2332,38.1404,19.4139,13.415,7.1588,26.5189,66.9172,15.355,52.1098,67.4648,26940.0,45.3341,36.9525,11.7186,3.0215,3.8186,545.6193,49.3751,0
44078,7024.0,1.1062,6.5347,15.2904,15.2904,2.1213,12.8559,31.9334,0.3702,12.0444,63.4966,67.91,61.418,4.8121,42.5399,40.6102,18.2051,21.2807,18.093,16.7093,50.87,15.4231,54.2313,69.6545,28549.0,45.0944,28.8346,11.1528,5.3137,4.0645,800.4427,35.6665,0
44090,8516.0,1.0633,5.2959,17.2264,24.4481,4.8614,6.5641,42.2616,1.1508,34.4176,51.8436,27.2546,43.706,3.0648,86.0733,55.4229,37.2819,16.6718,35.6724,37.4477,58.5161,24.7809,66.1529,90.9338,36196.0,86.7748,41.8057,12.5815,3.8181,4.2504,1749.6087,20.6881,0
44098,3279.0,1.0296,2.5923,3.4767,28.3623,0.9149,2.4093,26.8375,0.5489,6.0689,72.1256,66.0262,64.5319,11.5584,51.9976,25.0279,7.2196,7.9759,3.7989,12.196,28.3445,10.4433,62.8979,73.3413,11934.0,53.1926,18.418,9.6866,6.0667,3.6395,231.7567,51.4937,0
44110,1928.0,1.0156,1.4004,6.0685,8.8174,5.9129,0.1556,13.278,1.0373,14.7303,78.6826,76.7116,70.6432,6.4315,12.1369,26.6408,6.4771,10.9579,4.5239,9.2202,53.9773,11.7647,49.5141,61.2788,6963.0,10.1106,10.1106,7.3388,9.2632,3.6115,242.0415,28.7678,0
44279,10847.0,1.0418,3.2544,5.4116,8.076,1.2077,3.0423,11.192,0.1567,4.8861,79.1187,79.9668,78.0308,14.557,15.2024,19.4285,5.4069,8.3895,3.0634,6.9031,27.4707,11.599,43.7206,55.3195,40852.0,14.391,4.6558,10.3447,6.0168,3.7662,473.5549,86.2667,0
44378,4749.0,1.1038,7.37,5.4117,28.2586,1.3055,2.5479,35.6707,0.3159,17.709,60.0337,60.0337,61.1076,5.0116,36.5551,30.0475,8.8728,10.7571,6.83,11.9624,45.1638,11.5695,54.3598,65.9294,17672.0,36.7983,21.0106,10.9043,3.7856,3.7212,214.6327,82.336,0
44420,749.0,1.1976,16.4219,8.6782,18.8251,5.8745,0.534,21.8959,0.4005,10.6809,76.3685,70.761,59.4126,1.8692,38.5848,27.7778,8.1301,11.2127,8.6043,8.8076,42.9711,18.5268,46.875,65.4018,2952.0,33.977,25.6436,9.2818,6.8089,3.9413,179.455,16.4498,0
44430,42626.0,1.0381,2.8644,24.4475,14.28,4.0234,16.1638,38.0707,0.746,31.957,42.1363,44.6183,54.6028,10.1229,35.5886,59.2189,31.2583,26.6242,27.6909,32.3848,81.24,19.3966,51.8276,71.2243,159223.0,39.1438,35.6085,11.9499,4.4786,3.7353,1767.3311,90.0923,0
44560,19150.0,1.0441,3.201,48.7415,28.8773,4.5483,27.2898,83.1645,0.4752,74.9191,4.4178,5.8277,9.2742,1.5666,88.3081,81.1024,50.1121,49.3589,13.5991,57.9793,80.625,40.0963,57.3658,97.4621,74528.0,89.2228,84.4126,15.8102,3.8844,3.8918,1618.4395,46.0493,0
44650,13061.0,1.0242,2.0289,4.4177,12.8321,1.4471,1.5466,13.2532,0.9111,20.7565,72.3681,57.0783,53.809,10.8338,35.9161,24.2378,8.6657,5.4617,7.5423,13.7887,37.7063,9.2069,56.9898,66.1967,46077.0,35.2627,11.292,8.8873,7.7153,3.5278,1310.6357,35.1562,0
44847,38284.0,1.0738,4.942,64.9044,22.3017,6.3943,19.5643,87.4856,1.468,94.102,2.5285,2.8785,3.1972,0.9064,94.7654,88.7492,61.2218,63.1229,16.0218,60.9088,89.5378,34.4024,61.4008,95.8032,160711.0,95.3899,94.0135,12.4522,5.0451,4.1979,7873.9847,20.4104,0
44855,2658.0,1.1298,10.3461,4.6652,16.5914,3.5741,1.0158,15.7637,0.1881,11.2114,84.7254,82.2047,26.1099,11.0233,13.0549,24.9632,6.8421,8.0887,5.6346,11.446,72.6776,15.7842,69.0976,84.8818,10198.0,8.9723,8.9723,8.5017,8.8939,3.8367,246.1988,41.4218,0
44874,6258.0,1.2199,17.0022,2.7645,10.4986,1.1985,1.4861,9.2522,0.0959,5.6887,91.4989,87.4561,84.6117,13.6945,5.1614,18.5973,4.6463,8.9281,2.8919,6.5689,41.7663,15.425,35.5981,51.0231,24996.0,4.3487,4.3487,8.9414,8.5374,3.9942,260.036,96.1251,0
47001,130337.0,1.0214,1.7485,2.8656,0.5739,1.9242,0.8309,3.1204,0.4051,2.5189,78.6231,79.2568,90.6918,47.5629,8.0629,14.3034,3.2968,3.0005,2.8538,6.5177,25.5636,7.3656,40.747,48.1125,479853.0,8.5028,2.9611,7.982,7.1878,3.6816,2347.418,204.4174,0
47030,3379.0,1.1202,10.1805,4.4984,8.612,2.6931,1.5093,12.6961,0.1184,6.4516,87.156,1.0358,81.8881,14.8861,33.2939,29.4809,8.7099,10.1651,7.7935,7.5206,29.5703,16.7283,81.686,98.4144,14294.0,33.2167,9.1997,10.6408,5.8486,4.2302,406.4103,35.1714,0
47053,8887.0,1.1476,11.8938,9.7446,3.0719,4.2534,2.1042,13.9305,0.5401,11.0836,66.7042,33.7009,74.1082,5.3786,36.694,29.4151,14.7302,11.8536,14.6047,12.719,44.8977,17.5775,60.6243,78.2018,37476.0,39.6414,14.8575,9.7156,6.5268,4.2169,1740.6654,21.5297,0
47058,7450.0,1.0376,3.2886,16.8054,5.047,13.5302,1.0604,27.2215,0.2819,12.0134,64.8188,10.7651,58.698,12.8456,33.3423,44.3007,17.1687,21.9665,22.5781,10.536,43.3944,22.812,76.2558,99.0678,28348.0,33.1099,12.7981,9.4045,6.9458,3.8051,1131.7372,25.0482,0
47161,2003.0,1.2851,21.3679,7.5387,3.6445,0.0999,3.2951,26.3605,0.1498,2.8457,69.2961,1.1483,15.1772,0.8987,40.7888,38.1572,14.8726,14.0379,15.1111,12.7154,33.8279,24.2424,75.1748,99.4173,9225.0,43.8374,2.0163,8.5745,10.0271,4.6056,177.2465,52.0462,0
47170,4635.0,1.1666,14.2611,26.7961,4.7249,20.6041,0.5394,40.0431,0.6904,24.1424,65.9115,45.2859,35.4693,3.452,37.6483,44.9088,19.2168,32.4033,20.8095,2.9163,64.4653,31.7114,59.0009,90.7123,18208.0,33.4304,19.5518,9.5013,6.4917,3.9284,536.418,33.9437,0
47189,28217.0,1.0462,3.4766,10.5256,0.6202,5.4329,4.4867,15.3312,0.9037,6.7477,82.0286,62.6714,78.8071,14.7004,12.092,28.5281,9.8969,14.7278,6.0351,11.2423,49.7447,18.4934,46.2095,64.7029,118435.0,11.5785,7.2318,8.9821,7.0621,4.1973,1324.9262,89.3899,0
47205,2583.0,1.1034,9.2141,5.8846,9.2915,0.7743,2.6713,23.9644,0.7356,1.5099,84.3593,7.9365,52.4584,10.2981,58.4204,31.7219,7.2513,10.2159,8.4599,1.7044,27.382,13.1671,82.8652,96.0323,9681.0,58.434,1.3118,7.0447,13.1288,3.748,109.2341,88.6262,0
47245,13987.0,1.2271,17.8594,12.5903,9.5732,6.2773,4.304,32.1799,0.1287,2.5023,55.5802,30.0422,45.6638,8.751,32.8376,32.1749,10.9468,18.8966,9.3447,8.0694,43.7386,24.7944,60.5216,85.3159,59594.0,35.8442,8.578,9.6134,8.3448,4.2607,814.6562,73.1523,0
47258,4154.0,1.2761,21.7622,6.6683,15.3346,1.6851,1.1074,30.6452,0.1926,4.0202,73.9528,28.3823,23.351,3.3462,65.3587,25.7107,7.0257,13.3407,7.2683,2.2475,20.7921,21.2276,69.745,90.9726,17308.0,64.19,4.1946,8.5394,9.7527,4.1666,556.9324,31.0774,0
47268,4360.0,1.0245,2.3624,8.8761,1.2156,2.6835,2.2018,15.8945,0.367,2.9358,82.9817,7.7294,69.5183,2.3624,20.5275,35.4665,9.6097,14.6756,3.9028,8.1571,50.2844,17.0584,79.4941,96.5525,19345.0,19.9948,5.5777,9.8062,5.7431,4.4369,262.0999,73.8077,0
47288,15983.0,1.0306,2.6278,4.0793,6.0877,2.4589,0.8509,11.1806,0.4692,9.7791,85.7098,76.1997,82.3437,20.234,12.1817,25.2337,10.6498,5.6821,10.5202,9.7627,74.6679,9.6911,44.5677,54.2588,64833.0,14.5158,11.7625,9.4967,6.6664,4.0564,971.782,66.7156,0
47318,6054.0,1.0429,3.7826,12.2233,31.5164,6.3429,0.5451,39.2798,0.0991,7.4827,64.8001,34.82,31.6815,5.4014,65.147,33.2464,8.7127,13.4503,2.8647,8.278,38.5789,13.8013,65.5205,79.3218,25312.0,67.5569,29.8396,9.0747,10.975,4.181,564.2853,44.8567,0
47460,4352.0,1.054,4.205,20.7491,17.8998,15.5331,1.057,48.7132,0.2528,14.8208,29.8024,50.5055,41.5901,2.5046,55.1011,68.5454,31.8846,33.5875,51.958,8.9502,46.3616,28.4406,70.9051,99.3457,17470.0,55.7012,23.6348,9.7195,6.1935,4.0142,842.1516,20.7445,0
47541,1943.0,1.1204,10.0875,6.8451,12.3006,2.316,4.1688,36.0782,0.4117,1.8528,79.2074,24.6011,0.3088,0.8235,68.142,35.0509,10.6619,12.1945,7.2136,5.5886,36.2052,17.0037,82.7665,99.7702,7569.0,68.2389,2.6424,8.8123,10.0277,3.8955,305.6003,24.7676,0
47545,2659.0,1.1546,12.5611,26.3257,18.5032,12.9372,0.6017,50.9214,0.0376,25.9496,70.8537,39.5261,31.4404,1.6171,48.7401,48.9387,18.8511,37.6931,11.0469,11.5617,48.7367,23.7227,65.2132,88.9359,11071.0,49.3361,28.4437,10.6585,7.0454,4.1636,661.4929,16.7364,0
47551,9066.0,1.0449,3.8937,5.9453,13.0708,4.8974,0.4191,15.9607,0.0441,11.8465,58.6036,49.4816,43.415,9.9051,39.5433,25.0465,6.4267,7.0697,7.3868,5.647,30.7417,12.4683,65.6567,78.125,34374.0,40.6732,11.9945,8.5355,9.6556,3.7915,1640.3029,20.9559,0
47555,13986.0,1.1541,12.2122,14.157,18.3541,11.4329,1.6231,32.4682,0.1859,10.1888,78.1067,27.456,69.2693,14.4287,24.0526,37.4174,13.5968,25.5605,11.7874,7.3193,61.4463,24.2948,59.5685,83.8634,56210.0,23.1827,10.7365,9.3062,8.0039,4.019,1457.2758,38.572,0
47570,5349.0,1.4264,31.333,11.7218,0.9348,7.908,2.6921,17.1434,2.7482,1.4582,12.4322,1.7947,46.6442,2.1125,67.3958,45.3613,11.7643,10.6249,33.7068,4.8488,32.1993,33.8771,65.3861,99.2633,26419.0,67.5347,2.3771,10.2805,6.0676,4.9391,675.5103,39.1097,0
47605,2128.0,1.383,28.8534,5.0282,9.2105,0.6109,1.7387,22.4624,0.0,8.2237,92.2932,0.6109,58.5996,3.9004,39.1917,21.1617,5.4422,9.5343,4.741,3.2653,22.6317,22.894,76.7323,99.6264,9555.0,34.359,5.8503,8.5714,8.5819,4.4901,594.6806,16.0674,0
47660,3397.0,1.0021,0.2061,35.2958,19.8116,31.2923,1.5896,55.078,0.3238,26.6412,55.9317,19.5467,46.806,15.0132,68.6488,58.8738,27.6572,39.8733,16.6868,13.7609,66.9492,38.4162,52.2814,90.6977,14060.0,67.9587,40.0498,10.2632,6.9346,4.1389,1239.1294,11.3467,0
47675,2533.0,1.1283,11.1725,3.5926,2.724,0.5922,0.6711,17.5286,0.0395,3.4347,91.8279,60.9159,85.985,28.8196,30.6751,26.6774,5.2457,11.3034,2.1368,4.2949,33.824,11.6865,56.543,68.2295,9360.0,32.6603,4.5726,7.7885,10.0748,3.6952,170.4293,54.9201,0
47692,4617.0,1.0483,4.3102,18.1287,21.8757,14.23,0.6065,48.1698,0.2382,4.5917,64.804,24.4748,30.1278,3.2272,66.8833,42.6822,11.1582,23.9385,2.608,10.2094,42.4011,23.7859,64.1455,87.9314,18865.0,69.409,31.524,9.6369,9.7853,4.086,437.7555,43.0948,0
47703,2570.0,1.1311,10.6615,6.1868,18.8716,5.1362,0.428,31.8288,0.0778,5.3696,80.6615,26.8872,23.1518,8.9883,85.6031,27.259,6.8724,6.7749,4.1766,11.1111,27.8724,18.5351,73.315,91.8501,11279.0,86.9669,23.0694,10.4619,8.0238,4.3887,269.0276,41.9251,0
47707,5805.0,1.1426,11.5073,13.5917,9.4057,10.1464,0.6718,31.4384,0.2929,17.6227,73.3678,44.0482,26.7528,2.5668,43.4625,30.6408,8.5796,17.5292,4.7434,7.1218,39.0623,21.6946,64.1791,85.8737,22723.0,42.7232,20.2526,9.563,7.5386,3.9144,1120.4817,20.2797,0
47720,2517.0,1.0489,4.2908,12.9917,28.5658,11.3627,0.1589,33.1347,0.437,19.1895,78.1089,29.4795,67.6599,1.3508,37.505,38.427,10.9684,22.2365,11.1503,2.9642,37.4454,16.1804,71.5044,87.6847,9345.0,36.779,16.1798,8.55,7.7796,3.7128,494.6106,18.8936,0
47745,5955.0,1.139,10.8984,26.1461,0.0672,22.6532,3.3417,30.0924,8.6314,5.0546,47.9933,1.1587,29.7229,4.1142,47.1033,48.5506,22.8104,25.3643,21.3029,11.1029,50.04,35.8997,63.7758,99.6755,25804.0,48.4964,15.4666,9.2118,6.809,4.3332,970.5881,26.5859,0
47798,3048.0,1.1755,15.2887,16.601,13.5827,10.8924,4.6588,37.8281,0.4593,14.3045,62.9265,35.9908,30.9055,4.8228,47.769,39.3805,14.0084,24.1588,14.2915,5.2491,46.7162,26.6257,62.5454,89.1711,12364.0,49.0133,13.8305,8.7269,8.6703,4.0564,492.165,25.1217,0
47960,1976.0,1.1872,15.5364,32.3381,14.5749,26.6194,0.4049,42.3077,0.2024,7.9453,75.7591,1.0628,0.3543,1.164,58.6538,50.1394,20.2185,27.6435,22.7051,3.6021,46.1181,41.0995,58.6387,99.7382,8606.0,57.4715,9.0751,8.099,7.0532,4.3553,372.9448,23.0758,0
47980,15376.0,1.0962,7.7653,14.9584,2.9527,3.3949,4.7802,19.9467,0.1691,1.5414,49.096,1.0731,60.3083,2.9982,92.9956,28.7656,7.5821,12.8918,3.3921,8.109,29.1559,21.9011,76.5264,98.4276,66802.0,93.4807,9.6943,10.2153,5.3801,4.3446,446.3597,149.6596,0
50001,145518.0,1.0353,2.8141,1.9152,0.0935,1.0858,0.7862,1.3352,0.3003,0.8865,92.2738,90.8644,96.8176,51.4761,6.4535,6.3757,0.797,1.7309,0.395,1.891,11.6133,3.6541,20.0266,23.6807,451212.0,6.9934,3.5456,6.8234,7.635,3.1007,1285.7328,350.9376,0
50006,22871.0,1.0869,7.2275,2.2649,0.0918,1.609,0.6034,1.7577,0.4504,1.9063,91.8937,85.4138,90.7219,30.6414,18.5781,6.3416,0.625,1.5854,0.23,1.6855,10.8707,4.8399,19.7457,24.5856,78199.0,23.2164,17.8289,7.229,7.3134,3.4191,1123.4163,69.6082,0
50110,1795.0,1.0262,2.2284,7.7994,0.5571,3.3426,4.4011,7.8552,0.3343,7.2423,79.6657,73.9833,76.8802,19.3872,28.0223,16.2296,2.3308,8.1748,0.5998,4.7129,17.1113,10.0434,35.1249,45.1683,5946.0,26.2866,22.5193,8.964,5.1463,3.3125,403.7479,14.727,0
50124,1598.0,1.0945,7.1965,11.2015,1.1264,3.567,7.572,10.4506,0.8761,9.199,77.0964,71.965,80.2253,14.3304,45.1815,17.632,4.0583,10.5398,1.2017,2.7778,25.5655,15.0057,33.9633,48.9691,5432.0,47.7909,30.6885,8.6892,6.6826,3.3992,913.5666,5.9459,0
50150,3878.0,1.0903,7.2718,8.1227,0.0774,4.8479,3.0686,2.5271,0.2837,3.6617,89.7886,69.9587,77.772,16.2713,52.6044,9.855,1.243,3.9731,0.2072,2.1012,11.9973,11.0691,39.4276,50.4967,13611.0,54.7866,32.0476,7.9862,4.9004,3.5098,514.6638,26.4464,0
50223,2267.0,1.0768,6.5726,8.8663,0.2206,7.9841,0.8381,2.6026,4.4552,6.3961,85.708,69.1222,76.0918,13.9391,31.1425,7.5366,0.4461,2.0076,0.8764,1.5615,11.7974,11.0201,22.6956,33.7157,6377.0,29.6378,25.8115,6.6019,10.1615,2.813,1157.8815,5.5075,0
50226,6262.0,1.2236,16.7518,3.8805,0.2076,1.2616,2.5232,3.6091,0.2076,2.5072,77.1,78.3456,75.9821,19.0355,33.5676,8.3759,0.9879,3.4836,0.1276,1.5078,12.7782,9.4766,31.0142,40.4908,21397.0,32.785,20.4795,7.2814,8.1927,3.417,625.1423,34.2274,0
50245,512.0,1.0488,4.4922,12.8906,32.2266,12.5,0.3906,2.5391,16.0156,10.9375,72.6562,48.6328,48.4375,5.4688,68.1641,4.398,0.0721,0.721,0.2163,0.3605,6.0063,12.8492,48.6034,61.4525,1575.0,66.3492,48.381,5.5873,11.2381,3.0762,270.2964,5.8269,0
50251,2378.0,1.0294,2.3549,25.1051,0.1262,20.3532,3.6165,15.9378,3.9108,13.4987,63.2044,51.7662,52.6913,2.5231,61.1438,26.5407,5.6666,14.4492,3.5985,6.1354,30.0227,26.8791,36.969,63.848,7397.0,60.4569,44.126,7.4084,9.8689,3.1106,568.1109,13.0203,0
50270,1271.0,1.0323,2.5964,17.1518,0.3147,16.0504,0.9441,10.3855,2.2817,7.0024,86.074,57.6711,57.1991,9.8348,63.0212,15.4914,1.3604,7.2737,1.1383,2.4986,18.5903,18.3689,35.6707,54.0396,3699.0,63.9903,41.9303,6.8127,9.1917,2.9103,117.2701,31.5426,0
50287,3665.0,1.0475,4.1473,11.9236,0.3274,7.4216,4.2565,9.0859,0.8186,4.5566,56.3711,70.5048,70.7503,9.2224,42.1555,17.6838,3.6494,8.7725,0.9969,5.0798,25.2317,13.6044,34.3758,47.9802,11599.0,42.2536,27.6144,7.2679,8.4145,3.1648,570.9798,20.3142,0
50313,21751.0,1.0187,1.4482,5.3607,0.1287,2.1838,2.8918,4.694,0.4092,2.7401,54.6458,83.095,84.3088,21.3324,14.4361,11.1681,2.4391,4.9141,1.157,2.6376,19.0591,6.49,48.1338,54.6238,64932.0,15.6733,10.1337,7.6988,7.4694,2.9852,348.1108,186.5268,0
50318,4241.0,1.0684,5.6826,3.419,0.0943,1.3676,1.8156,2.4523,0.1651,3.1361,95.85,66.3051,78.4485,17.5666,31.2898,8.7145,1.0983,2.6736,0.3107,2.847,13.2979,5.8278,21.6556,27.4834,13857.0,31.3343,29.7828,7.3465,8.1186,3.2674,595.752,23.2597,0
50325,1718.0,1.0966,6.752,75.4366,0.2328,69.4412,4.482,43.7136,11.234,64.319,36.4377,31.5483,35.5646,4.0745,60.7101,52.5494,33.1599,47.7627,27.7142,20.2914,66.3761,76.2766,11.9681,88.2447,6036.0,59.6753,51.9052,13.4526,4.6388,3.5134,11931.5886,0.5059,0
50330,3404.0,1.0452,4.1716,40.8049,0.3231,38.4841,1.1457,21.0047,10.282,20.4465,58.5781,46.8273,45.8872,5.5229,58.6075,29.9927,8.7756,19.6074,6.4804,3.8841,42.9599,39.8953,19.337,59.2323,9751.0,58.0966,53.4919,7.8659,7.8864,2.8646,2280.5801,4.2757,0
50350,6966.0,1.0416,3.3018,79.1272,0.3015,74.7918,3.6176,20.5857,38.4869,69.3798,16.3508,22.0069,22.8252,4.1631,82.3572,41.8466,15.0348,18.5307,20.8195,4.5083,45.747,79.1159,13.6502,92.7661,23877.0,82.703,75.4408,9.595,3.6102,3.4276,8120.0425,2.9405,0
50370,2491.0,1.0462,4.2553,79.2051,0.4416,74.9498,3.1313,39.3015,23.8057,52.9105,21.1562,31.2726,27.7399,4.175,80.6503,53.1479,18.4885,36.7581,20.4455,4.4676,60.2605,79.2453,10.6276,89.8729,8549.0,77.2371,63.8905,7.7904,5.6147,3.432,6460.6622,1.3232,0
50400,3257.0,1.121,10.6847,21.1237,0.5834,17.7157,2.3948,12.5269,6.1406,13.2944,70.8014,45.4713,45.8704,4.4827,58.0596,20.458,3.5496,9.9427,1.5076,4.9141,27.0414,23.3709,29.3374,52.7083,10576.0,56.8551,51.91,7.517,9.427,3.2472,815.2904,12.9721,0
50450,2552.0,1.1129,8.9734,65.0862,0.0392,62.4608,2.1552,33.3464,14.3417,43.0643,36.6771,41.4577,39.4984,5.0157,60.1489,46.2594,20.818,31.5255,21.0339,10.3264,66.3851,67.161,13.0297,80.1907,8086.0,59.7329,50.5689,9.0032,6.3196,3.1685,1242.1265,6.5098,0
50568,10466.0,1.0719,5.2073,39.0598,0.4395,29.8395,6.8985,27.5655,1.1084,30.0115,45.3659,45.1749,55.2551,10.7395,43.4263,44.8419,25.7624,35.5737,18.4934,19.6072,70.6894,30.4183,37.4878,67.9062,41017.0,50.3889,43.6014,11.6049,2.8622,3.9191,17215.6563,2.3825,0
50573,8676.0,1.0607,5.0599,9.9124,1.0028,3.1927,6.1549,12.2407,0.242,6.0396,78.746,74.8963,72.6602,10.3043,33.6215,19.1891,3.5575,10.6332,0.5792,4.7982,27.7434,11.9323,36.6546,48.5868,28270.0,35.7835,21.3265,8.0474,6.82,3.2584,6908.9192,4.0918,0
50577,2823.0,1.1321,10.0248,40.4534,0.4251,35.7067,4.6759,29.0825,4.5696,29.1534,27.7719,32.4832,41.7641,4.18,58.7673,32.9844,7.9268,24.6664,4.9011,4.9471,41.9756,42.0625,38.0312,80.0938,8982.0,56.9918,48.0851,8.0272,7.2033,3.1817,2535.2412,3.5429,0
50590,3839.0,1.0656,5.6525,48.2417,0.0781,44.4647,3.5426,30.0078,12.0604,44.9336,32.0917,48.3459,48.1636,5.7307,50.2735,37.1431,10.4051,26.5386,10.6317,4.3415,54.8811,49.5478,29.3816,78.9294,11433.0,44.7826,42.596,8.0381,6.3413,2.9781,3427.6995,3.3355,0
50606,5416.0,1.0598,4.9298,1.9387,1.5325,1.1078,0.7939,1.1078,0.1846,1.3848,82.8102,69.627,84.9151,25.4985,31.5362,6.0569,0.4975,1.2264,0.0463,2.0768,8.5839,4.007,19.7038,23.7108,17610.0,31.1528,31.1528,6.962,8.5917,3.2515,364.9375,48.2548,0
50680,3481.0,1.033,2.9302,7.0382,0.2011,2.1833,4.3378,6.6648,0.2011,5.3433,83.1658,88.308,88.3367,15.9724,46.9118,16.292,2.8211,6.7883,0.3879,4.8841,15.0203,9.1541,53.3945,62.5487,11512.0,48.2019,11.4924,8.9993,4.8471,3.3071,807.8067,14.2509,0
50683,2696.0,1.1402,11.2018,24.2211,1.2611,21.6246,1.9288,18.4718,0.8902,14.2433,57.4926,49.2953,48.8501,7.9748,51.224,22.8311,3.8686,14.8021,1.0147,4.4901,32.5417,26.1789,33.8211,60.0,8242.0,50.6673,41.1672,6.5397,8.6265,3.0571,1169.0802,7.05,0
50686,349.0,1.0372,3.1519,4.0115,42.1203,3.7249,0.2865,15.1862,4.0115,14.0401,65.616,56.1605,56.7335,15.7593,42.4069,10.1266,1.3562,3.7975,0.2712,4.6112,13.0705,5.8011,52.4862,58.2873,1149.0,41.9495,39.8607,8.181,7.6588,3.2923,244.906,4.6916,0
50689,7120.0,1.1298,10.4494,10.4916,0.3933,4.1152,6.264,8.8483,0.1826,5.1404,80.3371,76.8399,80.8427,11.3483,22.4579,16.4695,2.6244,9.4433,0.4098,4.1576,41.4831,13.5307,18.6171,32.1477,22281.0,24.4738,17.1267,7.1945,9.627,3.1294,5931.0712,3.7567,0
50711,5499.0,1.0187,1.5821,43.8807,0.1819,40.5346,2.8732,29.1326,5.0191,31.6057,54.8282,41.5712,51.082,6.9285,57.1558,35.5837,9.5452,25.7985,6.4619,4.5603,44.4628,44.1092,29.4538,73.563,16525.0,56.4599,39.8185,7.2557,7.5098,3.0051,4818.6235,3.4294,0
52001,109715.0,1.0365,2.9094,1.4948,3.6094,1.3088,0.1349,2.2996,1.5549,0.3044,98.3813,89.7644,90.0834,48.5722,19.2389,8.245,0.8816,0.9672,0.2276,4.389,15.1443,3.94,27.3999,31.34,352326.0,22.1743,7.7235,5.5349,10.2703,3.2113,1096.2839,321.3821,0
52019,2485.0,1.3638,25.5131,1.7304,71.6298,0.8853,0.2414,45.7143,5.1107,1.5694,73.2797,39.5573,31.5493,2.0121,70.9457,15.8955,2.7713,5.6159,1.0621,6.1897,13.5599,11.2751,59.1204,70.3955,8197.0,71.7946,67.0977,5.3922,11.9922,3.2986,38.3911,213.5133,0
52022,1876.0,1.2729,21.6418,0.5864,25.8529,0.3198,0.1066,7.516,3.7313,1.4392,82.6226,44.7761,45.6823,6.1301,78.4115,11.6851,0.4075,0.5966,0.0437,8.2072,12.0635,9.396,55.2433,64.6393,6872.0,77.9249,62.0489,5.9808,10.8702,3.6631,47.4457,144.8393,0
52036,2250.0,1.4831,32.0889,0.7111,14.4889,0.6667,0.0444,12.8444,0.2222,1.5556,96.6222,30.7111,29.1111,3.3778,70.8,10.8007,0.6951,1.5239,0.2406,7.0579,10.8541,11.3371,33.2635,44.6007,7481.0,73.3993,71.2472,4.3844,16.4016,3.3249,68.6244,109.0137,0
52051,2116.0,1.1007,7.8922,1.276,59.6408,0.6144,0.3781,35.8223,1.087,3.0718,67.0605,24.5747,35.8223,2.5992,84.0737,25.3082,4.2617,2.2423,3.5143,11.5526,25.3088,5.3938,68.1079,73.5017,7626.0,84.92,78.2324,5.9009,11.6968,3.604,59.9885,127.1244,0
52079,9408.0,1.0402,2.9549,74.1284,0.1594,69.324,0.9354,2.838,60.0446,39.1794,9.7045,9.9702,26.1161,1.4775,65.6356,72.1956,22.8997,2.9878,64.9716,10.2148,67.799,65.8876,31.483,97.3706,34248.0,67.7937,62.5526,10.7977,4.6397,3.6403,2719.2183,12.5948,0
52083,1548.0,1.3953,28.553,0.7752,20.0258,0.646,0.1292,13.7597,3.1654,0.3876,91.2145,60.4005,61.1111,7.1059,50.0,13.3702,1.9124,1.8453,0.6375,8.4046,16.2648,14.2593,41.5782,55.8376,5968.0,46.565,40.8009,5.3619,11.679,3.8553,41.7719,142.8711,0
52110,6398.0,1.1822,14.8015,1.1722,57.643,1.0003,0.1094,27.8368,2.0944,1.8287,68.0369,41.2629,40.4189,4.095,72.085,16.7754,2.2324,2.1571,3.6972,7.5399,18.4492,6.0947,61.7663,67.8609,19951.0,70.7183,56.6438,5.6488,13.1723,3.1183,634.1144,31.4628,0
52203,2589.0,1.0896,7.5319,2.3175,62.1475,1.3519,0.8111,38.5091,0.3862,1.3519,76.7864,27.8486,23.2136,2.6651,86.7903,12.983,0.9016,2.3184,1.5456,2.2926,13.9874,4.6454,59.1844,63.8298,7764.0,87.5708,77.2154,5.1391,14.0778,2.9988,61.5345,126.1732,0
52207,3171.0,1.3141,23.9987,1.7345,50.3627,1.356,0.2838,38.0322,0.4415,1.4822,93.1252,36.7392,30.0536,3.6582,80.7947,13.4284,1.5548,3.9414,0.1882,6.1893,11.6695,9.2197,62.473,71.6927,10117.0,81.4174,63.1116,4.6654,14.0061,3.1905,118.8826,85.1008,0
52210,1821.0,1.2707,21.0873,0.4942,68.8083,0.4393,0.0549,60.5711,3.1301,2.581,88.358,22.6798,18.9456,2.1966,79.9012,18.5485,2.0246,6.323,0.7787,10.3722,14.1389,8.3658,72.2583,80.6242,6421.0,80.299,74.5523,6.2607,13.2067,3.5261,43.0023,149.3175,0
52215,4540.0,1.1392,11.674,2.9956,64.4493,2.5771,0.2863,55.7269,3.8767,3.5242,89.7137,23.326,23.0617,3.4141,78.0176,19.6668,2.6034,3.3992,1.3421,12.5244,19.3187,7.1582,70.4506,77.6087,14827.0,79.389,72.6512,7.048,10.3932,3.2659,303.738,48.8151,0
52224,2350.0,1.2447,18.383,2.3404,44.7234,0.383,0.1277,44.3404,1.7447,3.5319,49.5319,28.383,27.9149,4.1702,70.2553,26.8969,3.9443,7.0864,0.6908,15.8886,26.1387,9.2503,71.1829,80.4333,8975.0,70.2061,70.2061,6.5515,10.6072,3.8191,56.8579,157.8497,0
52227,9916.0,1.0909,6.9988,9.5502,6.4744,7.9568,1.1497,13.4933,7.3114,9.1267,85.1049,39.4816,40.5708,2.6724,79.2658,15.3924,3.8535,4.9186,4.3126,6.2745,17.7037,10.3411,41.4233,51.7644,32672.0,79.7349,68.0215,6.8989,9.1883,3.2949,911.052,35.8618,0
52233,1648.0,1.1117,8.3738,23.301,11.4078,21.6019,1.335,11.7718,7.5243,5.1578,83.7985,51.335,53.216,3.7015,72.0267,20.4514,2.9048,8.1845,0.9225,5.4367,21.9917,26.2987,42.9113,69.21,5096.0,70.938,43.6813,5.887,10.7928,3.0922,353.673,14.4088,0
52240,3732.0,1.0598,4.7696,4.1533,12.1115,3.1886,0.5627,9.9143,0.7503,2.8403,90.0857,45.3912,81.2701,7.6635,66.104,18.0465,2.7515,2.7758,0.3156,11.5076,20.7896,7.1844,48.4189,55.6033,12419.0,65.4723,49.5934,6.0713,11.6354,3.3277,145.8808,85.1311,0
52250,5483.0,1.0564,4.6143,87.5433,0.5289,83.6951,1.2584,5.1067,75.8162,44.2641,15.6119,2.681,17.2716,2.371,67.3719,58.1558,14.361,5.0543,46.2294,6.4022,57.1459,85.507,13.1294,98.6364,21071.0,66.8786,61.9809,10.9677,5.0781,3.843,2480.0826,8.4961,0
52254,1993.0,1.1731,14.1997,6.0712,30.5569,4.3151,1.3547,45.6096,2.1074,3.1109,62.1676,26.0411,55.7451,2.0572,81.6859,16.3196,2.8894,4.1485,3.519,5.2946,18.7935,9.2077,59.4433,68.651,6223.0,80.7167,75.2531,4.0174,13.4662,3.1224,120.6367,51.5846,0
52256,2652.0,1.1361,10.3695,6.9759,71.2293,6.5611,0.2262,54.9397,5.3922,1.9985,75.9804,36.8778,35.1433,1.5083,78.8462,20.2216,3.5242,9.0335,2.0622,7.1714,15.1947,10.156,74.3777,84.5337,6498.0,76.6697,54.0166,5.5709,11.2342,2.4502,518.4535,12.5334,0
52258,4924.0,1.0045,0.4062,3.6759,74.3907,2.7823,0.8733,52.6198,2.0715,13.1397,55.3006,30.0366,24.0049,1.8278,88.9724,25.8104,4.2841,4.6468,6.8002,11.4091,25.964,4.3584,80.073,84.4314,13255.0,88.8495,65.6507,5.3791,9.8982,2.6919,306.052,43.3096,0
52260,4196.0,1.1714,14.1325,5.6482,29.5281,4.9571,0.1668,29.0515,3.8608,1.5729,84.2231,38.0601,38.1792,4.2183,62.5834,16.6479,2.8831,6.5612,1.3331,7.8461,18.4334,9.589,45.4508,55.0399,12457.0,61.4915,61.4915,5.3063,14.0885,2.9688,245.4208,50.7577,0
52287,2018.0,1.2884,21.3082,1.2884,67.2448,1.0406,0.1982,50.1982,1.5362,2.9732,83.9941,47.0268,38.4539,3.3697,57.78,23.3581,3.494,13.0055,1.8926,9.5115,14.4872,9.4267,64.8711,74.2978,6211.0,54.7899,49.9114,4.8784,14.1523,3.0778,393.516,15.7833,0
52317,5688.0,1.157,11.7968,0.8439,24.2089,0.5977,0.0879,13.3615,2.0394,3.4107,90.6997,39.3987,35.654,1.9339,80.5731,14.009,1.3213,2.2234,0.1327,6.1024,13.5392,6.1193,45.9789,52.0983,18845.0,83.8737,73.956,5.8318,10.666,3.3131,154.9901,121.5884,0
52320,3527.0,1.2175,16.8699,0.2835,46.4417,0.1985,0.0567,36.5466,6.0958,1.2759,96.6544,40.516,38.6731,5.6705,62.0924,14.0988,1.6985,3.2671,0.3249,7.3789,14.8154,5.0828,53.2758,58.3586,10774.0,62.3353,61.0822,5.1513,13.1056,3.0547,116.3016,92.6384,0
52323,1873.0,1.2274,18.473,0.4805,52.9098,0.3203,0.1602,29.5782,5.5526,2.4026,90.2296,60.9717,48.2114,4.0577,53.764,15.6439,1.6852,7.4722,0.0954,7.6312,11.2936,7.0931,50.2611,57.3542,6290.0,54.1971,47.027,4.8013,12.9253,3.3582,29.8837,210.4829,0
52352,2281.0,1.1767,14.1605,2.0605,51.9071,1.9728,0.0,56.1157,3.1565,4.5156,85.4011,26.2604,22.3586,0.9206,73.1697,27.1654,5.4837,8.3802,1.7576,16.8026,25.0391,7.4198,73.1171,80.5369,7112.0,71.8785,68.2087,6.482,11.6704,3.1179,80.2213,88.6547,0
52354,2071.0,1.1622,12.5543,0.8209,28.1024,0.6277,0.0966,28.0058,1.2071,2.2694,74.3119,44.6161,40.7533,5.8909,84.6934,14.6434,1.732,2.535,0.803,6.9753,14.3902,5.9875,70.894,76.8815,6351.0,86.1124,58.8884,4.7709,13.5884,3.0666,81.5441,77.8842,0
52356,31622.0,1.0658,5.0914,2.9505,12.3996,2.7228,0.1486,9.0001,3.7537,2.0713,84.6879,71.7127,71.7665,16.2039,31.5919,10.5461,1.1664,1.5271,0.7712,6.3935,16.6025,6.248,37.3032,43.5511,105517.0,32.7606,25.8537,6.4956,8.6536,3.3368,1566.2232,67.3703,0
52378,5431.0,1.1464,12.1709,0.0921,23.9551,0.0921,0.0,25.7595,0.4787,0.534,96.0044,50.7641,48.7387,4.7873,58.4423,11.6019,1.1824,2.6709,0.144,4.1774,10.0307,4.8667,46.6752,51.5419,16674.0,54.648,41.5557,5.3197,12.1027,3.0702,238.3154,69.9661,0
52381,2994.0,1.159,13.8277,15.2639,30.6279,14.5625,0.1002,59.3186,3.1396,2.6052,91.984,27.6219,49.5658,1.0354,81.0621,32.5191,7.5605,18.3486,0.6743,12.004,31.282,17.4114,68.8959,86.3073,9047.0,79.927,62.8053,5.2725,13.9162,3.0217,135.9063,66.5679,0
52385,2178.0,1.0427,3.5354,17.8604,10.8815,16.6208,0.9642,19.6051,7.7135,2.9844,73.1864,56.5657,53.9027,2.5253,46.3269,18.925,2.8942,10.7499,2.4244,3.9466,22.609,19.5412,38.8619,58.4032,5321.0,46.9649,37.7373,7.3294,8.6638,2.4431,243.9547,21.8114,0
52390,1472.0,1.034,2.5136,63.1793,0.0679,62.5679,0.5435,4.6875,55.0951,13.3152,0.5435,0.3397,43.2065,0.6793,52.1739,82.2986,19.4117,5.49,78.2453,4.8914,65.5091,64.4547,35.1511,99.6058,5847.0,50.7269,37.4551,9.9196,7.0121,3.9721,414.0303,14.1222,0
52399,8265.0,1.2788,21.7786,3.0369,51.6152,1.7181,0.5324,36.6606,0.9921,1.4277,48.8808,41.1373,40.8953,4.9123,57.8826,19.157,3.0859,3.8819,4.1484,7.7638,22.3901,10.2006,61.7525,71.9531,28659.0,59.8765,55.2148,5.8446,10.946,3.4675,141.6748,202.2873,0
52405,2709.0,1.2514,18.863,8.5271,60.3544,6.6814,1.3289,44.0753,1.1074,13.7689,52.6024,34.0347,32.4105,0.9967,68.3278,27.0333,5.6213,11.0474,7.8771,6.7309,28.5843,13.2743,66.1947,79.469,8201.0,67.7844,54.1519,6.4504,9.4623,3.0273,309.4218,26.5043,0
52411,2908.0,1.2156,17.5378,4.436,20.4608,4.1609,0.1376,15.5089,1.6506,1.8226,92.641,34.5942,35.5227,4.3329,78.4044,14.4597,2.1343,2.0002,1.1733,8.5596,16.1162,8.5407,50.4525,58.9932,8974.0,78.616,60.8424,4.7136,14.9766,3.086,135.1094,66.4203,0
52418,2792.0,1.1039,9.2407,16.7622,19.5917,15.6519,0.8954,31.5544,3.5458,3.5458,84.4914,52.2206,45.6304,2.6504,51.9699,23.7015,4.5491,12.5417,2.718,6.6337,35.1013,18.5594,38.7735,57.3329,8703.0,53.5218,53.5218,6.4116,10.8468,3.1171,953.2323,9.13,0
52427,3793.0,1.0142,1.2391,80.5431,0.1318,78.5921,1.16,5.1147,68.0728,45.6631,2.3992,4.7719,30.2663,1.1073,60.5062,82.5089,24.3933,4.9575,74.8288,3.2868,75.9382,81.0606,18.652,99.7126,18262.0,63.8046,53.3512,13.2351,3.8714,4.8147,1799.3012,10.1495,0
52435,2297.0,1.2107,16.8045,13.6265,1.4802,13.0605,0.3918,6.0514,10.3178,3.744,75.838,32.7819,54.8542,2.3944,84.5451,11.8038,2.5339,1.5178,2.4586,3.7381,12.0023,19.2502,62.7253,81.9755,8013.0,85.7606,59.6031,6.4146,11.0196,3.4885,566.6965,14.1398,0
52473,2654.0,1.1006,8.1763,92.0121,0.9797,90.8817,1.0173,1.2057,94.3105,62.8485,1.3188,0.9043,7.0836,0.7159,54.9736,79.1806,8.5277,1.7252,76.289,1.2645,60.171,92.2884,7.4605,99.7489,10206.0,50.4311,24.6816,7.7307,5.9377,3.8455,763.5618,13.3663,0
52480,1185.0,1.2236,17.1308,6.4979,19.5781,6.2447,0.0844,15.5274,3.9662,1.097,94.0084,63.3755,72.0675,8.4388,32.0675,25.2308,3.419,9.4584,0.3993,7.5618,26.3422,14.4237,46.1698,60.5935,4007.0,34.864,34.864,5.5403,10.4817,3.3814,25.1116,159.568,0
52490,5526.0,1.0948,6.9309,90.7528,0.7058,89.7032,0.7058,3.9269,86.9526,57.6547,7.9624,2.1173,13.6808,1.6649,54.7412,77.4583,16.0611,3.4885,69.0626,5.8391,73.4697,91.0144,8.6877,99.7021,21415.0,52.7154,43.11,10.3852,5.0665,3.8753,997.2768,21.4735,0
52506,2071.0,1.2081,17.1898,0.2414,40.6567,0.1931,0.0483,29.6958,0.9174,1.2554,96.0406,38.8701,33.8484,6.3737,69.4351,15.8446,1.7109,2.8206,0.2004,10.1418,16.9861,5.6377,56.2975,61.9352,6488.0,70.7768,64.2879,5.5641,11.6215,3.1328,64.5325,100.5385,0
52520,2137.0,1.0599,5.1006,88.3949,0.0468,87.8334,0.2808,0.9359,85.1193,33.0838,32.1947,1.1699,26.2985,0.9827,39.9626,49.9596,8.8022,0.8748,41.319,1.6958,43.0867,88.6182,10.9832,99.6014,7430.0,36.0162,29.5289,9.0175,6.4199,3.4768,521.9646,14.2347,0
52540,2707.0,1.1101,9.2353,15.737,22.4603,14.1485,0.6649,17.0669,9.9741,1.0344,79.867,55.375,54.4884,5.2087,69.819,16.6646,2.9574,3.8164,1.8162,7.4856,17.3419,18.8748,56.3249,75.1997,8149.0,69.0637,36.2253,5.5835,8.4059,3.0103,432.6393,18.8356,0
52560,3087.0,1.0894,7.6126,0.2268,16.197,0.1944,0.0,19.0476,1.976,0.6155,98.3155,26.5306,24.9109,3.4985,77.9074,12.2605,0.8449,0.7958,0.0491,8.7631,12.91,2.6826,48.4352,51.1177,10186.0,79.9234,78.0385,7.0685,11.5354,3.2996,387.0823,26.3148,0
52565,1781.0,1.1965,14.4862,6.5132,36.8894,6.3448,0.0,65.5811,2.9197,2.3021,71.8136,26.502,31.6115,1.5722,71.0837,22.7538,3.6588,13.9641,1.9485,6.1269,18.0597,10.1266,73.5115,83.6381,4619.0,72.5265,70.0585,6.8413,10.9548,2.5935,39.8867,115.8031,0
52573,3047.0,1.0315,2.8553,4.726,52.9045,4.6931,0.0328,28.5855,9.0581,1.8051,88.6117,57.7946,37.2826,3.2163,61.2077,13.9874,2.1948,4.9472,1.0559,7.4505,13.4861,6.3118,59.1329,65.4447,8446.0,59.4364,40.3505,5.8844,13.9474,2.7719,349.0337,24.1982,0
52585,4575.0,1.1729,14.1639,0.765,34.2295,0.5027,0.2404,20.612,7.3224,0.8306,88.0219,40.5246,51.4098,4.918,66.2951,14.71,1.3146,1.9901,0.3834,10.0846,15.8877,6.3806,55.9888,62.3694,16431.0,66.5389,59.6555,5.3436,11.9287,3.5915,129.0633,127.3096,0
52612,5310.0,1.0682,5.0847,82.4859,0.3202,62.806,4.2185,7.5518,74.0866,41.1299,27.9849,12.7684,20.5838,1.1299,86.1017,62.3457,26.5014,9.2544,52.9972,17.5513,67.6651,65.6559,22.3467,88.0026,18067.0,88.3268,78.3639,9.4205,6.332,3.4024,1050.2426,17.2027,0
52621,3007.0,1.0103,0.9977,84.27,0.266,81.9421,0.7649,6.7842,61.9554,60.3259,8.713,10.0765,16.4616,0.4323,78.1842,44.419,10.9902,6.216,23.8614,4.4591,39.7554,83.5935,13.2514,96.8449,10473.0,78.0579,64.1268,10.5223,5.2039,3.4829,1449.6457,7.2245,0
52678,8975.0,1.1614,13.1811,17.6602,24.0334,10.4958,5.4485,40.5125,6.6852,12.6462,72.9582,34.351,33.2033,1.4262,64.4568,26.6447,8.1361,11.0436,8.6213,9.4231,33.673,15.8946,53.6042,69.4988,23727.0,66.9996,60.7704,5.4537,11.2825,2.6437,602.4751,39.3825,0
52683,6059.0,1.1596,12.5433,3.4329,14.2268,3.0863,0.1155,20.2839,1.3699,0.8582,97.8379,60.1254,52.5334,9.3745,52.3354,14.6573,1.8634,5.6538,0.2177,5.5317,16.0258,7.9727,44.2768,52.2494,18859.0,50.9359,32.2021,5.0692,13.1767,3.1126,101.3286,186.1172,0
52685,2415.0,1.3114,24.3478,0.7867,52.7122,0.6211,0.0828,36.8944,3.2712,1.9462,58.5507,40.7867,39.7101,3.4369,68.1573,21.2418,2.7609,2.6144,5.7471,6.3331,22.6909,9.9147,60.8147,70.7294,8874.0,71.8616,71.0052,5.8711,10.6604,3.6745,65.0691,136.3781,0
52687,4703.0,1.252,20.5188,1.212,78.2267,0.5954,0.3402,68.5733,0.3827,2.2751,57.474,23.5382,23.6657,1.4884,87.6887,21.6829,3.1998,6.0327,3.5787,7.801,18.2811,6.8649,79.6941,86.559,16653.0,88.1103,80.478,5.6626,12.0819,3.5409,248.3505,67.0544,0
52693,3749.0,1.2387,18.725,0.5868,32.4086,0.4535,0.08,22.7527,0.2401,1.6804,42.438,36.5698,34.5159,5.6282,70.8722,11.5304,0.9454,0.5037,2.9833,3.9675,13.7942,7.8777,59.9225,67.8003,12929.0,71.591,62.9515,5.2827,13.6979,3.4487,111.4975,115.9578,0
52694,1938.0,1.1548,12.6935,1.1868,63.1063,0.9288,0.1548,38.8545,0.8772,2.7864,31.0114,12.6419,28.1734,2.7348,86.8421,22.4893,3.3628,1.3238,8.871,8.7492,24.2744,5.0045,82.3056,87.3101,6572.0,88.0706,87.1576,6.0712,11.2295,3.3911,55.4727,118.4728,0
52696,2729.0,1.0176,1.3558,85.0861,0.3298,83.4005,1.4657,0.6596,84.4632,63.723,4.727,1.0993,2.4551,0.6229,64.3826,74.2686,16.5202,2.6366,69.852,3.4153,64.982,85.0549,14.359,99.4139,8989.0,64.9349,52.5754,10.0456,5.262,3.2939,1219.4389,7.3714,0
52699,3355.0,1.0575,4.6796,33.3234,24.0835,29.3592,1.5797,37.7049,27.0641,25.4545,48.9717,17.228,24.4411,0.9538,86.1103,41.1389,13.7501,8.0758,18.6544,13.5272,42.953,28.8875,54.9785,83.866,9869.0,84.5476,81.6395,6.7281,9.5146,2.9416,538.3835,18.3308,0
52720,1882.0,1.2327,18.8098,0.6908,12.3804,0.5313,0.1063,30.8714,1.9129,1.3284,89.4793,42.9862,42.0829,1.7535,78.2147,25.9356,4.1485,7.5863,0.4932,16.159,22.2161,7.9345,63.4756,71.4101,7041.0,79.7614,64.4511,5.4822,11.3194,3.7412,115.1116,61.1667,0
52786,4937.0,1.1274,10.3909,1.7825,32.3071,1.0533,0.4659,24.205,0.4456,2.8357,78.8333,45.6958,47.3769,4.2131,75.1469,16.2406,2.2385,2.5954,2.7122,7.6888,17.2537,5.6994,65.9115,71.6109,15412.0,76.2652,45.5749,4.7755,12.4448,3.1217,233.8702,65.8998,0
52788,2926.0,1.1524,12.782,1.2987,57.177,1.1962,0.0684,31.2714,1.2303,1.8113,87.9016,31.9891,28.5373,2.4607,72.0096,22.3696,2.9716,3.9009,0.9292,8.9924,23.0323,5.7567,57.181,62.9377,10331.0,73.4198,70.2255,5.7497,12.2447,3.5308,217.2818,47.5466,0
52835,41720.0,1.0739,5.8078,60.0599,0.5225,57.1596,1.1457,3.1184,52.8667,21.3063,31.7162,5.4626,46.721,7.7565,49.3001,27.6164,6.3102,3.1158,17.0218,4.4512,38.827,58.3617,38.6705,97.0322,138091.0,44.9254,24.3636,8.5987,6.293,3.3099,3588.3875,38.4827,0
52838,13130.0,1.0651,5.4608,2.003,17.5933,1.6603,0.2742,19.7258,3.2521,3.3206,77.4562,48.7814,47.0145,7.243,58.4311,15.1757,2.6295,2.1761,2.9302,7.4638,20.362,4.4126,45.7559,50.1685,42413.0,59.6633,51.0999,5.7199,10.2021,3.2302,215.5146,196.7987,0
52885,2941.0,1.221,18.4631,0.544,52.7372,0.476,0.034,39.6464,0.544,2.2781,84.6991,43.9646,35.4301,4.2163,66.746,18.2059,2.5333,3.5259,0.6711,9.9348,18.5185,6.7112,58.8694,65.5806,10579.0,68.6549,62.9833,5.8796,11.693,3.5971,102.3195,103.3919,0
54001,182692.0,1.015,1.2371,6.5996,0.9081,5.8798,0.5457,3.628,0.3591,1.3471,94.7907,92.6674,97.2484,36.8856,3.6083,13.7501,2.5965,3.8356,0.4884,6.0058,23.8525,9.5329,24.7353,34.2682,629414.0,3.5236,1.1779,7.0423,8.3929,3.4452,1133.0658,555.4964,0
54003,8177.0,1.034,2.8739,1.492,25.9998,1.0517,0.2201,18.8211,0.1468,6.2492,63.2384,54.0051,52.9045,5.7234,46.5085,27.8903,6.1392,1.8726,10.6083,5.1132,40.6235,3.3235,49.0242,52.3477,30191.0,48.9285,48.69,8.4032,7.4625,3.6922,1381.878,21.8478,0
54051,2282.0,1.05,4.3821,6.4855,53.6372,5.7844,0.482,24.3208,0.6573,9.6407,49.0359,28.5714,30.5872,11.3935,73.4005,29.9679,7.2451,3.7645,12.5895,10.3184,37.31,8.107,67.5303,75.6373,8202.0,74.7744,70.5803,6.4375,10.3999,3.5942,456.0916,17.9832,0
54099,2121.0,1.0123,1.0372,5.1862,22.3479,4.479,0.4243,7.6851,0.2829,1.8859,76.7091,71.8529,70.9099,8.4394,59.1231,16.1934,3.5824,3.1455,0.9902,6.0871,19.7353,7.0331,54.7741,61.8072,6972.0,62.9948,31.354,6.2392,11.1302,3.2871,170.1896,40.9661,0
54109,1183.0,1.0685,6.2553,4.0575,56.9738,3.4658,0.4227,29.4167,0.2536,14.1167,38.2079,14.3702,27.5571,9.6365,89.1801,36.6752,9.1954,3.4908,17.1137,10.1533,38.2999,5.6962,86.7089,92.4051,4698.0,91.1452,78.8421,9.1954,7.003,3.9713,270.5612,17.3639,0
54125,783.0,1.0677,6.0026,0.6386,60.7918,0.6386,0.0,27.4585,0.7663,6.6411,40.4853,33.9719,44.6999,1.9157,65.3895,23.7973,3.6724,2.0198,6.4635,12.0455,26.8464,3.9474,71.6507,75.5981,2733.0,67.8741,67.8741,6.7325,10.7208,3.4904,138.7859,19.6922,0
54128,2477.0,1.0375,3.1086,5.4905,40.0888,3.9564,1.1708,16.2293,0.8882,2.0993,33.3064,30.8438,33.0238,3.6738,80.2987,25.0405,5.9824,4.6517,6.0981,6.5841,28.6237,6.8536,74.0265,80.8801,8642.0,82.2263,67.7505,7.1743,11.664,3.4889,615.6097,14.0381,0
54172,4793.0,1.0974,7.5527,3.7346,13.2902,2.9627,0.5842,3.7555,0.2504,1.7734,81.1392,67.0353,73.9829,16.9414,31.9424,15.1166,2.438,2.1873,1.3663,8.3542,22.8057,8.27,37.1863,45.4563,16021.0,32.5947,28.3191,6.6101,11.5786,3.3426,166.1387,96.4315,0
54174,2687.0,1.0886,7.1455,8.8947,28.7309,7.6293,0.1861,21.511,2.233,10.5694,62.1511,48.9766,50.9862,5.4336,56.8664,31.8173,11.5217,9.9299,12.0997,16.9699,40.1951,10.5394,54.8616,65.401,10554.0,59.2382,55.3913,7.3337,8.6697,3.9278,1184.1928,8.9124,0
54206,5066.0,1.0227,1.895,12.5345,38.334,10.0474,2.2306,20.7659,0.4935,13.2846,48.2432,40.4066,46.664,5.2112,58.1721,31.2434,11.2087,11.891,10.9346,8.0541,38.8774,13.7417,58.5787,72.3204,18112.0,59.4909,53.0864,8.9167,7.0616,3.5752,931.6466,19.4408,0
54223,2220.0,1.0486,4.2793,1.8468,69.2342,1.4865,0.1351,56.2162,0.2703,12.4324,21.1261,17.2072,22.027,1.4414,78.1081,36.1794,9.9503,2.5235,11.9247,12.4085,40.8266,3.3104,82.4592,85.7696,7648.0,80.6747,77.6151,6.3677,11.7809,3.445,374.6095,20.4159,0
54239,1225.0,1.0792,6.1224,5.6327,47.3469,4.0816,1.0612,16.6531,0.6531,5.4694,55.102,51.5918,53.4694,3.5918,50.2857,24.0211,5.7935,5.4271,2.0838,11.9304,26.7727,10.7413,53.2526,63.9939,4390.0,50.1139,43.0752,6.5148,12.2779,3.5837,174.8056,25.1136,0
54245,3591.0,1.0109,1.0025,20.3843,49.819,18.073,1.2531,38.1509,1.086,20.5792,42.6065,38.6243,41.9103,3.9543,79.56,48.7164,24.8516,19.4331,30.1865,12.593,55.6354,21.138,67.027,88.165,12001.0,82.6098,60.8033,9.0159,8.5576,3.342,1727.5601,6.9468,0
54250,4940.0,1.1142,8.9676,41.8016,9.9393,40.0202,1.6802,30.5061,1.7206,18.2794,54.7773,34.3927,40.2429,4.919,55.9109,50.5952,21.795,27.3359,16.1856,12.8147,58.9088,45.6115,39.9964,85.6078,19075.0,56.7602,49.6566,11.5229,3.5858,3.8613,703.8583,27.1006,0
54261,7494.0,1.0331,2.7489,10.2215,4.6571,8.6202,1.2143,8.1932,0.3336,7.2992,84.6144,68.1078,82.4126,5.8981,34.2007,22.5547,4.7694,6.5887,2.1347,8.5773,31.9871,13.3833,42.5656,55.9488,26019.0,38.0645,28.6983,8.267,6.6029,3.472,504.9815,51.5247,0
54313,1776.0,1.0907,8.0518,3.9414,28.6599,2.9279,0.9009,9.9099,0.5631,2.9279,56.0811,43.1306,44.2005,1.7455,63.1757,14.2519,2.7388,2.7219,1.1158,6.2215,19.051,5.5269,51.4979,57.0248,6408.0,71.161,67.7591,5.181,10.7834,3.6081,148.9105,43.0326,0
54344,2575.0,1.019,1.6699,13.9806,55.9612,13.6311,0.3495,36.466,0.1553,5.5922,24.7767,14.3689,20.466,2.0583,86.1748,42.3509,14.1343,10.9748,22.0536,5.4043,46.0233,14.9771,75.2668,90.2439,9745.0,86.4443,81.6932,10.7542,4.5049,3.7845,419.0335,23.2559,0
54347,969.0,1.4056,28.999,5.676,33.3333,5.4696,0.1032,3.8184,3.1992,6.6047,29.6182,28.3798,31.063,2.1672,72.4458,29.4306,4.0307,1.0663,1.7061,23.4378,34.4866,19.2223,62.876,82.0983,4702.0,76.2654,76.2654,6.8056,11.4632,4.8524,106.985,43.9501,0
54377,1609.0,1.0677,5.9664,6.4636,31.0131,5.78,0.5594,14.481,0.3729,4.8477,73.5239,31.4481,30.8888,4.7856,68.9869,16.1069,2.7266,3.3767,1.5529,7.602,18.7785,8.0326,47.8463,55.8789,5550.0,71.0991,71.0991,6.7207,12.2523,3.4493,255.8252,21.6945,0
54385,3008.0,1.0342,2.8923,15.359,6.3497,13.5971,1.5293,14.9269,0.9309,3.391,52.6263,44.3484,42.0545,2.3604,83.3777,30.7246,10.308,9.2844,9.1576,7.4638,33.3368,17.8399,65.9274,83.7673,11040.0,85.9692,51.5851,9.683,6.5217,3.6702,669.8202,16.482,0
54398,1924.0,1.0156,1.2994,0.4678,68.5551,0.2599,0.2079,17.4636,0.052,3.9501,29.7817,23.2848,24.896,3.3264,87.0062,24.4053,3.2046,0.6157,2.5469,5.4716,26.3518,1.2794,80.4504,81.7298,7237.0,90.0097,81.6913,8.2216,8.3184,3.7614,242.1782,29.883,0
54405,23308.0,1.0404,3.2993,2.4241,0.1373,1.5574,0.828,1.7333,0.0901,1.1069,95.7911,93.6846,96.941,44.9288,3.1363,9.8592,1.7112,2.0416,0.9012,4.2102,14.9883,6.0051,23.1337,29.1388,81411.0,3.2207,1.77,6.7767,7.8503,3.4928,126.3384,644.3885,0
54418,961.0,1.0624,5.5151,2.1852,38.3975,1.873,0.3122,9.4693,0.4162,3.7461,69.9272,56.0874,56.6077,6.0354,42.4558,22.0433,4.9972,2.332,2.0822,7.5514,27.8237,4.8039,49.1176,53.9216,3609.0,50.2909,50.2909,7.8138,8.8113,3.7555,86.6298,41.66,0
54480,1152.0,1.0608,5.1215,0.6076,42.3611,0.5208,0.0868,9.375,1.3889,3.125,46.9618,28.3854,37.3264,2.7778,79.3403,14.8548,1.9532,0.3598,3.3667,8.6096,16.5875,2.6208,72.0721,74.6929,3891.0,81.1874,73.4002,7.119,9.0979,3.3776,158.8528,24.4944,0
54498,32492.0,1.0217,1.8158,2.0405,6.9371,1.108,0.8802,4.041,0.1293,1.425,92.3304,87.3446,91.2594,29.7519,9.8609,12.5769,1.7791,2.6394,1.1728,2.4948,23.5818,4.133,26.6508,30.7838,111643.0,10.3356,8.4269,6.983,9.0933,3.436,522.527,213.6598,0
54518,13404.0,1.0715,5.0955,0.9102,8.6094,0.7759,0.1044,3.4542,0.3133,0.6789,91.9725,91.8159,91.7562,42.3008,7.7589,8.6865,1.319,0.9686,1.3905,3.08,30.7612,4.3021,18.9001,23.2022,45521.0,8.4379,8.4379,5.9203,10.0239,3.3961,298.1795,152.6631,0
54520,1399.0,1.0815,6.5761,3.2166,27.5197,3.0021,0.0715,11.5082,1.9299,2.9307,48.4632,32.5232,40.243,4.0743,78.5561,16.0479,2.8809,1.5622,2.2114,7.8921,17.7615,5.4858,67.8784,73.3642,4944.0,80.0566,70.9142,6.5939,12.7225,3.534,170.8985,28.9295,0
54553,1924.0,1.2443,16.8919,6.6008,0.104,4.4699,0.5717,3.4823,1.4553,1.1435,90.0728,89.0852,89.9688,2.4948,7.0166,19.3144,4.03,3.7228,0.9092,7.6545,14.5695,22.4771,31.151,53.628,8139.0,5.5658,4.718,9.6326,6.3521,4.2302,44.9116,181.2228,0
54599,1374.0,1.0895,7.2052,5.0946,18.9956,3.8574,1.0189,5.3857,1.1645,6.1863,55.0946,50.3639,57.4964,8.0786,49.4178,19.6246,3.438,2.323,2.3416,8.5858,22.8627,10.8884,51.6366,62.5251,5420.0,47.048,45.2214,6.7528,11.9373,3.9447,97.5238,55.5762,0
54660,2490.0,1.0225,1.9679,3.3333,40.0803,3.0522,0.1606,12.4096,0.8434,3.8956,76.1446,49.4779,53.2932,5.9839,55.0201,18.9821,3.3471,2.9917,2.8886,4.3329,23.2257,5.8153,52.8487,58.664,8768.0,57.208,50.5132,6.7404,11.4621,3.5213,493.6701,17.7608,0
54670,2652.0,1.0939,8.1448,12.4811,55.0528,11.086,1.3952,30.6938,0.8296,12.5943,45.3243,22.7376,18.4389,2.1493,80.2413,38.5174,13.888,9.652,20.0706,6.0111,43.0042,14.9259,65.6325,80.5584,9961.0,81.9396,74.8318,10.009,5.2505,3.756,397.8851,25.0349,0
54673,1954.0,1.0512,4.5548,7.523,13.8178,4.5036,1.74,7.8301,0.2559,6.0389,84.6981,73.2856,82.8045,6.8577,66.8373,22.9295,4.5829,5.0921,0.9585,12.1911,25.7394,11.1003,64.6056,75.7059,6677.0,66.3322,14.1381,7.9826,7.5483,3.4171,138.9086,48.0676,0
54680,824.0,1.1226,10.5583,3.6408,29.1262,3.034,0.2427,7.4029,0.3641,8.8592,68.8107,57.2816,56.6748,2.0631,43.0825,19.9091,2.3709,3.5401,3.67,3.8974,26.3899,9.7297,51.4595,61.1892,3087.0,43.6994,43.6994,6.6731,9.4266,3.7464,172.4243,17.9035,0
54720,5947.0,1.056,4.8764,22.1456,19.4552,21.3889,0.5885,30.1328,0.3867,28.9221,58.7859,55.3556,51.135,4.0188,56.0619,37.1757,16.0216,17.7324,14.2445,10.8323,53.4152,24.295,40.975,65.27,21243.0,56.3903,52.4785,8.7464,6.8823,3.5721,1466.9628,14.4809,0
54743,1668.0,1.0072,0.5396,0.4197,34.1127,0.3597,0.06,10.1918,2.3981,2.1583,47.7218,42.8657,54.6763,1.6787,82.8537,14.7733,1.4703,0.1575,2.8531,2.8706,16.3144,1.5476,74.8214,76.369,5713.0,85.2967,62.5066,7.4917,8.927,3.4251,316.7706,18.0351,0
54800,3814.0,1.0275,2.4122,19.5333,38.4636,18.3534,0.6555,45.936,1.6518,12.1657,40.9806,35.6319,35.4221,2.0189,80.4667,38.2455,11.7939,18.2612,7.9937,5.8143,42.4522,20.2741,65.2702,85.5443,12727.0,80.9382,64.5557,10.2381,5.3587,3.3369,926.8887,13.7309,0
54810,14378.0,1.0257,2.0378,46.8633,0.6955,42.106,4.1591,32.501,1.1963,28.1402,51.3841,45.9661,46.3903,3.8879,61.2463,46.1716,20.8333,30.7543,14.7486,11.5712,57.0936,48.8132,28.3071,77.1203,51399.0,62.9643,39.6623,10.5839,3.9962,3.5748,2678.6471,19.1884,0
54820,4479.0,1.0063,0.5582,22.2594,22.9739,20.7859,0.4019,22.9739,6.4523,14.7578,55.6597,42.2416,40.5224,6.6756,64.1884,33.1166,13.8319,14.516,13.3306,12.1046,44.0481,19.2718,44.1558,63.4276,14962.0,67.765,61.3955,7.1047,10.6938,3.3405,1479.1522,10.1153,0
54871,1224.0,1.0221,2.2059,1.2255,63.8072,1.1438,0.0817,15.8497,0.8987,2.0425,54.8203,46.5686,45.0163,1.5523,53.3497,31.3559,7.2143,4.3677,3.1073,6.8449,37.5184,2.16,57.76,59.92,4602.0,59.1917,59.1917,8.279,8.2138,3.7598,401.016,11.4759,0
54874,25679.0,1.1018,7.6054,3.5282,0.8489,2.2742,1.1916,2.5001,0.1636,1.5421,84.8787,93.4304,97.0676,38.3037,2.6598,14.5644,2.3143,2.9289,0.5227,7.7563,14.9663,11.1056,34.5539,45.6595,93735.0,2.7119,0.973,7.2918,7.4337,3.6503,91.7078,1022.1055,0
63001,93611.0,1.0193,1.5426,3.3874,0.7488,1.1323,0.0662,0.7232,1.9218,0.7969,98.8815,96.166,97.8282,59.4428,3.1866,5.3761,0.5066,0.9135,0.2761,1.0191,5.3439,3.815,9.8111,13.6261,275641.0,2.6106,1.6431,5.1578,13.0648,2.9445,121.6127,2266.547,0
63111,906.0,1.011,0.9934,5.6291,3.532,1.6556,0.0,1.9868,3.6424,2.0971,80.4636,72.0751,70.0883,15.7837,49.7792,11.6374,2.9094,3.0213,2.0142,3.357,15.4461,4.0615,31.9429,36.0044,2741.0,56.5122,50.2371,5.5454,11.2733,3.0254,38.4307,71.3231,0
63130,23385.0,1.0286,2.4588,5.5805,1.2401,0.9365,0.8424,0.8339,3.6733,0.9322,96.2968,91.0712,92.2728,34.783,21.625,7.2499,0.6372,1.6175,0.5031,1.2643,11.2913,6.0457,24.3576,30.4033,70662.0,22.0232,8.2237,5.2192,12.8626,3.0217,220.7771,320.0603,0
63190,8814.0,1.0238,2.0876,4.6517,2.5074,2.3712,0.1588,1.0892,3.8915,0.5786,98.4797,78.9086,87.4745,42.9204,25.3007,6.5227,0.5648,1.1222,0.1809,1.0668,7.0803,5.4429,20.8846,26.3275,27135.0,24.4702,14.0151,5.1594,13.1675,3.0786,90.2545,300.6497,0
63212,1914.0,1.0188,1.5674,7.7325,2.9781,3.9185,0.3135,3.4483,7.21,1.7764,89.1327,61.233,60.1881,8.1505,41.745,10.0798,2.0667,2.6831,1.7223,2.9007,14.0351,6.8678,24.7659,31.6337,5535.0,40.1626,40.1626,6.2692,10.9124,2.8918,92.8339,59.6226,0
63272,3867.0,1.0383,3.3359,7.0339,4.3703,2.6636,0.1034,0.5948,7.008,0.5431,96.4313,62.0119,85.7512,16.059,43.4963,6.2684,0.4024,0.4918,0.1252,1.3234,7.8528,7.9472,14.9477,22.8949,11345.0,43.1027,39.8942,4.4601,13.6095,2.9338,106.632,106.394,0
63302,2305.0,1.0503,3.731,11.3666,28.5466,9.1974,0.6941,2.0824,27.2885,2.2993,66.1605,63.167,61.3449,7.0716,41.3449,11.3901,1.4326,1.4043,0.4539,3.9007,15.706,12.6807,35.1921,47.8728,7121.0,43.8141,43.8141,5.0976,13.2425,3.0894,294.698,24.1637,0
63401,9693.0,1.0582,4.168,5.2409,0.392,0.5365,0.2373,1.857,0.9698,1.3824,97.0701,92.541,95.9662,27.752,9.6255,10.2274,1.2588,2.0344,0.277,2.0436,12.0523,6.5628,16.5725,23.1353,32564.0,9.1174,6.7344,6.1049,11.0459,3.3595,89.1894,365.1104,0
63470,11547.0,1.0144,1.2211,7.5171,2.9531,1.4116,0.3118,1.1691,4.8064,0.944,98.242,91.5043,93.3316,22.4301,15.8396,11.1276,1.2551,1.3831,0.5094,2.5556,12.323,8.0352,18.504,26.5392,35324.0,15.8051,10.6556,5.7864,11.8843,3.0591,148.8694,237.2818,0
63548,1579.0,1.0203,1.6466,4.4965,16.3395,2.7866,0.76,1.4566,14.1862,3.0399,72.1976,66.4345,62.5712,10.0063,38.9487,8.529,1.5039,1.5657,0.5768,2.3692,14.2137,4.9007,36.1663,41.067,4877.0,40.6807,38.8764,5.2491,12.1386,3.0887,248.4251,19.6317,0
63594,9597.0,1.0302,2.4383,3.2927,4.689,0.8961,0.125,0.5731,4.3659,0.521,99.2185,88.9966,88.7465,28.2067,18.016,7.6045,0.6728,0.5658,0.1553,1.3801,9.9099,4.0963,17.2449,21.3412,29117.0,17.9964,14.7749,5.605,13.329,3.034,133.3716,218.3149,0
63690,2836.0,1.0212,1.7278,13.6812,12.835,6.1354,0.2116,0.7052,15.8674,2.6446,83.0042,61.9535,75.0705,22.9901,49.8237,5.8344,0.2804,1.0013,0.2136,1.8825,5.8245,14.0587,27.772,41.8307,7578.0,50.5674,41.185,4.5131,12.4307,2.6721,346.9575,21.8413,0
66001,136803.0,1.0155,1.2529,3.69,1.0665,1.5029,0.1082,0.6608,3.2792,0.4737,98.4628,93.4037,97.7405,60.5199,16.6729,5.8782,0.564,0.7836,0.2203,1.3201,10.2271,4.0348,17.2804,21.3152,409670.0,17.7023,7.1645,5.2049,12.0329,2.9946,607.6218,674.2187,0
66045,3536.0,1.0102,0.7636,4.8925,28.8744,3.7048,0.3676,0.4808,23.3314,0.4525,81.9853,71.4932,53.9876,12.0192,48.7557,9.5667,0.891,0.3189,0.7503,1.9415,12.4247,5.2646,35.9003,41.1649,10707.0,54.2729,51.8633,5.5011,12.6086,3.028,149.7829,71.4835,0
66075,1574.0,1.0108,0.8895,8.831,14.676,2.4142,0.0,2.0966,13.3418,0.6353,65.3748,57.1792,44.2186,9.0216,67.7255,9.9678,1.5273,1.2058,0.3215,2.4317,11.8879,8.5481,40.1006,48.6487,5009.0,70.533,64.5039,5.2306,11.5392,3.1823,119.3966,41.9526,0
66088,6807.0,1.0247,2.0273,3.1732,16.8503,1.1753,0.191,0.7052,13.5155,0.8521,84.7804,71.7497,59.7326,12.1639,43.6022,13.0246,1.7572,0.7664,0.5795,3.7854,19.0618,3.5869,35.7678,39.3547,21450.0,48.7692,43.9767,5.8928,11.6317,3.1512,180.5362,118.8128,0
66170,63439.0,1.0179,1.5148,1.3304,0.5675,0.588,0.0457,0.2554,1.3493,0.2254,96.9104,96.1049,96.4296,65.4471,5.3122,4.3474,0.2373,0.3048,0.2538,0.7162,7.9859,1.9947,11.0717,13.0664,194890.0,5.4451,3.7883,5.3153,11.2684,3.0721,70.0737,2781.2139,0
66318,3949.0,1.0195,1.6966,4.6847,40.7951,3.292,0.2279,1.7979,18.2325,1.2661,82.198,56.3687,51.3548,5.8749,67.764,10.9587,0.9812,0.8163,0.165,3.2911,11.5713,5.0422,54.0487,59.0909,11532.0,70.2307,54.9775,5.5931,11.7152,2.9202,100.6767,114.5449,0
66383,2099.0,1.0105,0.9528,12.0534,14.4354,6.9557,0.2382,2.001,16.2458,1.0005,67.3178,53.0729,51.3578,8.1467,54.2639,12.1384,1.6412,1.17,0.8287,2.8274,15.2626,12.447,40.3583,52.8053,6178.0,59.1777,58.1256,5.2282,13.0787,2.9433,92.2865,66.9437,0
66400,8598.0,1.0219,1.8376,1.0584,0.4652,0.4071,0.0233,0.1512,0.8141,0.2326,99.3603,99.4417,96.8365,43.6032,1.7911,6.5856,0.3213,0.1781,0.0697,0.964,10.4046,2.4243,13.4646,15.8889,25900.0,2.0039,1.5174,5.3707,11.1506,3.0123,32.9295,786.5283,0
66440,5273.0,1.0102,0.8155,9.9185,17.2957,1.3086,0.2276,6.7324,12.7062,2.0482,79.2528,64.1381,65.4466,13.6924,44.3581,17.2935,7.7292,7.4828,6.5102,3.0606,28.4598,4.0,33.4272,37.4272,15455.0,48.0298,43.6687,5.9851,13.8143,2.931,149.078,103.6706,0
66456,4297.0,1.0195,1.4196,44.6125,12.7065,23.5746,0.4189,1.9781,51.1985,4.6311,55.9926,39.353,40.3072,3.6072,68.1173,41.172,18.5918,1.8717,10.6652,19.7349,50.6342,20.0921,30.4176,50.5097,16203.0,77.5289,73.1284,12.1521,6.7148,3.7708,564.3034,28.7133,0
66572,3647.0,1.0304,2.4404,47.3266,2.1936,36.8522,0.3839,2.742,39.4845,7.1566,35.9199,31.7247,38.0313,6.0049,74.9109,55.4716,34.2366,2.3217,37.9929,33.3703,66.0483,36.3549,33.8476,70.2025,14429.0,81.8144,74.5305,14.7897,5.579,3.9564,613.0343,23.537,0
66594,7299.0,1.0392,3.3155,11.3166,23.88,0.5617,0.4247,3.795,8.0285,1.7263,84.2718,42.6771,37.4709,7.4668,67.8449,16.4165,2.6209,1.7433,0.4567,5.7779,19.082,11.2914,46.8936,58.1849,25213.0,73.1607,62.4043,6.6632,11.7082,3.4543,140.0456,180.0342,0
66682,22108.0,1.0111,0.873,3.4015,7.0563,1.2303,0.1131,0.3935,6.7894,0.4116,92.9121,88.6195,90.3338,47.0961,14.2075,7.7083,0.6758,0.4689,0.6489,1.8063,14.9318,4.0932,18.2741,22.3674,71174.0,14.6149,12.1041,5.3531,12.5776,3.2194,543.1041,131.0504,0
66687,3830.0,1.0261,1.9843,5.6397,24.7781,4.5692,0.1828,0.4178,25.4569,0.5483,78.9817,65.6919,58.799,13.3159,46.9974,10.3375,1.4147,0.3665,0.1364,3.1447,13.9785,5.953,40.3935,46.3464,11787.0,52.0743,42.4875,5.7606,12.9719,3.0775,190.5808,61.8478,0
68001,159438.0,1.0979,7.4091,1.5373,1.2136,1.277,0.2365,0.7733,0.3224,0.5124,94.3226,94.6167,97.9359,69.6641,1.7612,5.5586,0.6077,0.867,0.3511,1.8671,11.6868,5.5949,14.4994,20.0944,528855.0,1.8425,1.2398,6.2233,10.5254,3.317,153.7612,3439.4559,0
68013,569.0,1.0211,1.5817,0.8787,46.9244,0.703,0.0,13.5325,3.3392,2.109,94.9033,19.1564,17.7504,5.6239,82.2496,16.5555,1.8193,0.6671,1.0309,3.3354,17.673,1.8933,35.1119,37.0052,1662.0,81.7088,81.7088,4.994,14.6811,2.9209,75.1562,22.1139,0
68020,1177.0,1.0459,3.6534,24.6389,33.6449,24.1291,0.085,6.712,39.0824,0.9346,72.3874,14.3585,14.1886,2.9737,86.4911,15.4823,1.8748,1.9655,2.4796,4.1427,15.535,24.9593,33.9837,58.9431,3317.0,84.8055,82.0018,4.8839,18.2394,2.8182,166.1297,19.9663,0
68051,2322.0,1.0435,3.7468,2.627,33.0319,0.9905,0.5168,27.7347,0.0861,3.1869,49.7847,35.3575,34.9268,3.7468,70.4565,20.1247,3.6509,3.4856,3.8926,6.704,22.6564,2.6826,64.6719,67.3545,7913.0,70.5042,65.0575,6.1671,10.527,3.4078,169.6737,46.6366,0
68077,9503.0,1.0224,1.7994,1.4837,0.2105,1.1681,0.1999,1.5679,0.3788,0.5051,94.1808,83.8051,82.9107,23.8451,20.6987,8.0761,1.0404,1.0717,0.2018,2.4357,10.5322,2.7886,23.4307,26.2194,28769.0,21.77,15.5515,6.9728,9.8335,3.0274,46.651,616.6861,0
68079,2350.0,1.0877,7.2766,0.2979,55.3617,0.0426,0.0426,8.5957,0.2553,0.9362,82.0851,45.4894,44.4255,20.8511,59.5319,11.0025,0.6868,0.634,0.4887,6.3532,14.487,3.1703,40.4697,43.6399,7647.0,62.2597,58.402,5.9631,14.5547,3.254,137.2121,55.7312,0
68081,61381.0,1.0095,0.751,9.1771,0.1336,8.8382,0.2949,5.3355,0.3372,0.5164,93.0223,79.5816,91.6424,39.5318,12.8704,11.6475,1.8164,5.4487,0.2657,2.9514,16.8596,10.7944,27.7615,38.5559,199564.0,11.9926,6.2356,7.8311,7.7629,3.2512,1327.095,150.3766,0
68092,1568.0,1.0555,4.9107,22.7041,27.2959,21.5561,1.148,16.199,2.0408,3.1888,63.9031,56.3138,57.2066,8.6735,72.3214,21.5815,3.6258,10.2025,2.9122,2.0829,25.8838,24.5921,49.1239,73.716,5230.0,75.717,43.7285,7.3996,9.6176,3.3355,431.2345,12.128,0
68101,3093.0,1.0249,2.2632,29.3243,41.4161,28.7423,0.1293,18.461,21.7265,6.4985,70.6757,18.3964,17.5558,4.0737,84.6427,25.6755,4.7579,9.4945,2.7657,5.2771,29.0998,29.7886,33.4175,63.2061,9567.0,84.5615,79.9415,6.0939,13.1598,3.0931,1010.1314,9.471,0
68121,496.0,1.0363,3.0242,0.8065,33.0645,0.4032,0.0,10.2823,0.6048,5.2419,85.2823,22.1774,22.379,4.8387,76.0081,12.8349,0.9346,1.3707,0.3738,3.3022,12.9984,1.5564,46.1089,47.6654,1621.0,77.3597,77.3597,4.5034,14.8674,3.2681,65.5507,24.729,0
68132,537.0,1.0931,7.2626,0.9311,32.0298,0.7449,0.1862,4.6555,2.2346,2.9795,56.797,49.7207,76.7225,35.0093,54.7486,6.8946,0.0,1.4574,0.0561,2.9148,8.4599,5.6218,53.833,59.4549,1832.0,52.9476,46.0699,8.1332,7.9148,3.4115,45.0001,40.711,0
68147,1848.0,1.0335,2.9221,0.2165,35.4978,0.1623,0.0541,16.0714,0.0541,2.1645,76.3528,59.4697,61.039,11.6883,37.7706,16.3571,2.6346,1.4594,5.1175,6.558,29.9237,1.9372,43.6126,45.5497,5328.0,36.8806,36.8806,5.7808,16.5916,2.8831,85.2858,62.4723,0
68152,1223.0,1.0662,6.2142,1.2265,63.8594,0.8994,0.2453,46.2796,0.5724,3.1889,45.1349,20.6051,19.6239,1.7171,82.4203,28.184,4.77,1.477,4.8426,17.5545,30.0,2.9908,78.7577,81.7485,4130.0,84.9879,82.276,6.6102,11.7191,3.3769,258.7894,15.9589,0
68160,558.0,1.0573,4.8387,0.8961,45.3405,0.5376,0.3584,4.3011,0.0,3.9427,81.7204,27.4194,28.1362,5.5556,74.9104,12.6806,2.3542,0.4815,0.6956,5.0829,15.3153,2.2071,37.3514,39.5586,1869.0,77.2071,77.2071,5.725,11.2895,3.3495,107.9693,17.3105,0
68162,1759.0,1.1467,11.6543,2.1035,14.0989,1.6487,0.0569,15.577,0.4548,2.9562,56.9073,49.062,51.2223,5.0028,50.4832,16.0526,2.8173,2.3375,3.2043,5.6347,18.0503,6.9639,51.8036,58.7675,6460.0,49.226,47.678,7.0433,9.644,3.6725,420.7708,15.3528,0
68167,3663.0,1.0243,2.1021,1.6926,19.5468,1.1193,0.1911,7.4256,0.6006,0.8736,91.8646,61.6162,60.9064,11.0292,38.9025,8.4324,0.6585,1.445,0.3384,1.4999,13.937,2.3994,27.9126,30.3119,11035.0,37.1273,35.7771,6.8962,13.0313,3.0126,419.1354,26.328,0
68169,923.0,1.0163,1.6251,1.8418,42.2535,1.4085,0.325,9.2091,0.325,1.6251,39.6533,26.7606,25.6771,6.7172,74.5395,9.9858,0.0,0.9595,0.4975,3.2694,12.2478,1.8124,55.2239,57.0362,2824.0,75.4603,75.4603,6.3031,14.9079,3.0596,126.7047,22.288,0
68176,802.0,1.0636,5.8603,8.8529,16.7082,8.4788,0.0,16.8329,1.1222,1.2469,75.9352,31.7955,30.9227,4.2394,68.9526,19.4585,3.088,6.3452,0.2961,5.6684,24.0979,9.1442,45.1348,54.279,2364.0,69.1624,69.1624,6.2606,12.8596,2.9476,173.0539,13.6605,0
68179,1556.0,1.0077,0.7712,5.2057,3.599,3.4062,0.0643,8.5476,2.635,1.0283,71.7866,13.8817,14.4602,3.3419,85.9254,15.2445,1.6375,3.298,1.6605,3.7592,16.4587,5.3571,41.2628,46.6199,4341.0,86.7772,84.704,4.7915,17.2311,2.7898,94.9512,45.7182,0
68190,8166.0,1.0136,1.2368,23.2795,0.0735,22.6182,0.4898,6.1107,2.5104,2.0206,75.2265,71.2956,67.1443,12.552,49.106,17.8924,3.8441,6.533,1.5578,6.054,25.7278,24.3684,28.9859,53.3543,25782.0,54.2122,36.0911,7.2376,7.1174,3.1572,3173.9858,8.1229,0
68207,1586.0,1.2131,17.3392,2.2068,36.5069,1.8916,0.2522,17.4023,0.6936,3.657,69.6721,49.6217,50.5044,7.2509,48.9281,16.6415,2.8491,3.566,4.2642,9.6226,21.7833,7.2966,49.1339,56.4304,5300.0,48.2453,48.2453,6.717,13.1698,3.3417,336.8283,15.735,0
68209,848.0,1.0236,1.7689,2.7123,5.5425,1.4151,0.7075,5.6604,0.3538,0.9434,62.7358,23.467,24.5283,5.5425,76.533,10.8546,1.7919,1.654,0.448,2.929,10.3556,3.9171,50.576,54.4931,2915.0,77.187,77.187,8.3362,9.1252,3.4375,71.4352,40.8062,0
68211,1184.0,1.0853,6.8412,1.9426,61.9932,1.9426,0.0,5.9966,4.1385,0.9291,83.4459,76.2669,77.5338,12.4155,23.9865,8.7134,1.4155,1.0381,0.8179,1.2583,20.8974,3.1907,28.716,31.9066,3296.0,23.665,22.6335,5.5522,19.4478,2.7838,137.2491,24.0147,0
68217,1605.0,1.0212,2.1184,1.8692,16.0748,1.433,0.1246,15.7632,0.9346,4.9844,64.1121,22.3053,22.243,3.1776,85.2336,21.5497,4.6911,1.6545,2.8063,6.555,24.4455,1.7705,64.1026,65.873,4816.0,86.0465,80.2118,7.1636,10.9842,3.0006,577.3597,8.3414,0
68229,3378.0,1.029,2.6347,0.7697,27.3239,0.148,0.2368,11.2493,0.2368,1.1249,86.7081,43.7537,47.2765,12.2558,59.7099,14.0,1.8966,0.9483,0.5259,5.8017,18.2024,1.8993,39.223,41.1223,11653.0,60.7226,60.7226,6.7965,11.2074,3.4497,244.1812,47.7228,0
68235,6315.0,1.0054,0.3642,47.9335,0.966,45.1465,1.346,41.1085,4.6714,4.038,35.0119,17.4505,16.2787,1.3777,83.6263,43.0694,9.7171,32.7375,4.9695,2.5161,48.8014,48.0624,30.7656,78.828,17638.0,85.8544,81.262,7.189,7.0076,2.793,924.1428,19.0858,0
68245,596.0,1.1376,11.2416,4.8658,33.3893,4.5302,0.1678,6.5436,16.1074,2.6846,58.3893,43.9597,35.4027,7.8859,66.1074,9.8051,0.8526,2.1924,0.9744,3.4105,12.4324,6.9322,54.8673,61.7994,1643.0,67.6202,55.8125,4.93,14.6683,2.7567,92.9964,17.6674,0
68250,1201.0,1.0058,0.5828,33.8052,24.9792,33.7219,0.0833,17.985,31.8068,4.8293,53.622,22.8976,19.7336,1.9151,81.5154,31.9414,7.3748,9.7436,5.3724,11.2332,35.4556,34.0232,44.3709,78.394,4097.0,83.5733,73.1511,7.1272,8.3476,3.4113,398.2359,10.2879,0
68255,3753.0,1.0298,2.6112,17.133,12.0437,14.1753,2.9576,18.332,0.1865,1.5454,55.5822,54.7295,59.579,6.3682,47.6685,27.3131,8.4969,13.1308,6.215,8.2009,33.4159,18.4994,45.6404,64.1397,12966.0,47.3932,40.907,7.7665,9.4169,3.4548,454.8855,28.5039,0
68264,729.0,1.0384,3.7037,1.0974,22.6337,0.9602,0.0,11.1111,1.5089,5.8985,82.0302,22.4966,23.0453,2.4691,76.9547,9.8797,0.6873,0.9021,2.2337,1.0739,11.0254,2.1136,46.4993,48.6129,2334.0,77.7207,77.7207,7.7121,9.4259,3.2016,400.1755,5.8324,0
68266,1020.0,1.0637,5.2941,0.9804,36.5686,0.6863,0.1961,23.4314,0.098,2.2549,80.3922,28.2353,31.9608,4.0196,74.3137,19.4855,3.0751,0.887,1.5967,13.0988,24.1176,3.0443,59.5941,62.6384,3394.0,75.4862,73.3942,6.099,12.8462,3.3275,74.872,45.3307,0
68271,1548.0,1.0071,0.7106,34.3023,6.4599,33.7855,0.0646,13.6305,26.3566,2.1318,63.1137,29.0052,28.1654,3.6176,72.0284,31.2663,7.0496,8.5944,9.6823,7.5718,38.6771,34.2527,30.2117,64.4644,4603.0,75.3422,72.6048,6.1916,11.7967,2.9735,176.7278,26.0457,0
68276,80948.0,1.0527,4.2608,1.1687,0.1717,0.9191,0.2384,0.6053,0.126,0.2088,96.1617,94.9004,98.2112,73.2001,3.8383,3.9719,0.2968,0.6995,0.1049,0.8095,8.4539,3.4495,12.3075,15.757,275109.0,3.8643,2.4307,6.2855,9.8677,3.3986,100.2014,2745.5616,0
68296,872.0,1.0138,1.3761,3.211,59.1743,1.9495,0.2294,25.4587,0.8028,3.7844,75.4587,31.7661,31.078,7.2248,68.0046,17.7044,1.8755,3.1883,0.6002,7.3893,20.8268,3.1674,55.6561,58.8235,2682.0,71.2901,71.2901,6.6368,13.4228,3.0757,201.7846,13.2914,0
68298,1223.0,1.0736,6.0507,17.2527,20.278,15.4538,1.39,27.5552,8.0948,5.8872,38.5119,21.9133,21.1774,2.78,82.4203,23.8597,5.1596,11.4595,6.1288,4.561,27.6632,18.3829,57.5896,75.9725,3529.0,82.488,78.4075,7.5375,11.8447,2.8855,608.0903,5.8034,0
68307,43370.0,1.0598,4.9205,1.7985,1.5817,1.4319,0.3228,1.2774,0.2536,0.7148,86.0895,85.6445,91.4895,54.1342,12.0406,6.6653,0.7389,1.0945,0.2024,2.1312,13.1867,4.7567,25.507,30.2637,150610.0,12.4753,8.6601,7.3176,7.706,3.4727,492.0692,306.0749,0
68318,1668.0,1.0498,4.3165,0.3597,44.5444,0.3597,0.0,16.0072,0.4796,1.0791,64.8082,41.1871,25.4197,5.4556,73.1415,18.5824,3.0477,0.4528,2.055,6.3915,22.723,2.5714,59.1429,61.7143,5762.0,73.898,73.3426,6.8205,11.5758,3.4544,302.1569,19.0696,0
68320,1312.0,1.0442,4.2683,3.7348,5.9451,2.0579,0.8384,7.2409,0.2287,3.0488,61.9665,37.2713,42.378,6.0213,60.5183,13.9864,2.5144,3.2216,2.043,3.0906,18.9863,3.9445,53.0314,56.9759,3880.0,60.0,58.7887,5.0,15.7216,2.9573,146.3762,26.507,0
68322,693.0,1.0231,2.0202,0.8658,13.7085,0.2886,0.1443,5.9163,0.1443,1.0101,85.1371,28.5714,27.8499,6.0606,71.5729,12.5731,0.4873,0.5361,0.2437,1.7057,13.9893,1.8336,34.4147,36.2482,2052.0,72.807,72.807,6.1404,11.5984,2.961,67.1488,30.559,0
68324,1414.0,1.024,1.9095,5.587,16.9731,4.5262,0.0,27.0156,1.768,1.3437,45.1202,25.5304,25.6011,2.8996,73.6209,13.3671,2.0011,6.7236,1.5742,1.9477,13.3919,5.9392,54.9724,60.9116,3751.0,72.8606,72.8606,4.1322,18.875,2.6528,83.7697,44.7775,0
68327,1562.0,1.0775,5.8259,4.0333,1.2804,2.0487,0.5762,5.5698,0.4481,1.0243,82.2023,61.7157,64.5327,14.1485,38.5403,10.6997,2.2717,3.9073,1.1358,3.5438,17.4018,5.7601,29.5131,35.2732,4405.0,37.5709,37.5709,6.2429,11.6686,2.8201,30.1107,146.2934,0
68344,668.0,1.1901,15.1198,2.994,28.5928,2.8443,0.0,19.012,1.1976,2.994,74.7006,28.8922,31.4371,2.8443,67.515,19.9057,3.2547,4.6226,1.4151,3.7736,20.5298,5.283,46.6667,51.9497,2120.0,71.2264,71.2264,6.6038,10.1415,3.1737,168.8823,12.5531,0
68368,1065.0,1.0967,7.6995,9.5775,35.5869,8.8263,0.3756,27.8873,8.9202,1.1268,84.7887,22.0657,21.3146,3.0986,78.3099,12.5209,1.6404,4.8878,0.9039,1.9752,14.9145,11.5582,40.7534,52.3116,2991.0,78.2347,78.2347,4.3798,16.0147,2.8085,89.4114,33.4521,0
68370,322.0,1.0248,2.1739,0.6211,63.0435,0.3106,0.3106,30.7453,0.3106,1.5528,46.5839,9.3168,33.2298,15.8385,90.9938,24.8495,4.7291,0.9458,9.3723,10.834,25.5858,1.8182,74.5455,76.3636,1163.0,91.7455,91.7455,6.8788,9.3723,3.6118,39.9543,29.1082,0
68377,1744.0,1.0648,5.906,33.4289,11.3532,33.4289,0.0,1.9495,37.5573,4.8165,65.7683,27.3509,27.867,7.6261,72.3624,11.3636,1.1455,0.9636,1.7636,3.2727,12.8746,33.9257,30.3716,64.2973,5505.0,71.5531,65.2316,5.5586,11.3715,3.1565,335.1933,16.4234,0
68385,3073.0,1.0436,4.0026,26.9444,0.6183,26.5539,0.358,5.3693,15.0667,3.0264,47.7384,43.2151,32.9645,3.3518,66.1894,17.5387,2.6758,4.3874,3.5749,3.5966,20.963,27.8003,42.9641,70.7644,9238.0,66.7785,57.1661,6.5923,10.6733,3.0062,590.1202,15.6544,0
68397,1405.0,1.0327,2.4199,22.6335,29.0391,22.1352,0.2847,7.6157,27.2598,1.2811,70.1068,18.6477,19.5018,2.9893,83.1317,8.1786,0.5519,0.9032,0.4516,0.6272,9.1821,22.9655,31.7931,54.7586,3989.0,82.4517,76.1344,4.9135,16.0943,2.8391,284.4203,14.025,0
68406,10311.0,1.2057,15.3428,4.5097,4.2673,3.4429,0.9698,3.6563,0.32,0.9504,60.5664,47.3475,54.0879,15.9538,51.4111,10.2152,1.3371,2.5451,0.9685,3.1208,13.4162,9.8082,29.6171,39.4253,37214.0,47.595,45.9451,7.3198,7.1801,3.6092,550.2512,67.6309,0
68418,3617.0,1.0332,2.82,0.9124,24.4954,0.2488,0.6082,6.4418,0.4976,3.0965,24.1913,14.0724,42.4385,5.0871,86.4805,21.1239,3.0073,1.2336,6.7,4.0797,21.4776,2.0621,69.7108,71.7729,12433.0,86.8978,83.2703,6.9895,8.4935,3.4374,290.0791,42.8607,0
68425,672.0,1.125,11.1607,0.744,59.375,0.2976,0.0,36.1607,0.2976,7.5893,38.244,17.4107,16.5179,4.6131,84.6726,24.2723,4.554,0.892,7.3709,12.0657,26.1547,3.0464,78.543,81.5894,2130.0,87.4178,85.3991,6.1972,16.2911,3.1696,102.8847,20.7028,0
68432,6032.0,1.0532,4.128,0.0829,7.7089,0.0166,0.0497,2.7023,0.1989,0.3647,88.3123,86.7208,86.8534,19.9602,13.1963,7.6404,0.5724,0.2658,0.7666,3.6132,20.022,2.5657,23.8313,26.397,19884.0,13.7497,13.3776,6.7592,11.3357,3.2964,57.1216,348.0997,0
68444,1458.0,1.0254,1.8519,3.2236,33.1962,2.6063,0.4801,11.8656,0.4801,3.155,58.4362,35.4595,32.6475,4.4582,69.3416,13.9374,2.2371,2.9306,0.2237,4.6085,16.6154,4.0134,57.3913,61.4047,4499.0,72.2383,68.5041,5.8235,12.8918,3.0857,235.6588,19.0912,0
68464,2967.0,1.0297,2.6289,1.82,42.9053,0.9774,0.3033,22.5817,0.337,1.5504,65.1837,41.3549,40.9168,8.4934,58.8473,20.973,5.4089,2.1655,6.4471,8.7709,28.703,2.7505,53.3071,56.0576,10165.0,60.9051,59.3901,7.5258,11.7757,3.426,483.8165,21.01,0
68468,1206.0,1.0406,3.7313,0.7463,78.524,0.3317,0.1658,58.4577,0.4975,1.2438,21.393,17.7446,6.7164,1.7413,82.9187,26.8455,6.9221,0.7918,9.0932,12.5926,30.0152,1.6733,89.1633,90.8367,3915.0,84.1635,83.295,5.2107,15.0702,3.2463,180.2348,21.7217,0
68498,1423.0,1.0379,3.4434,1.4055,34.9262,0.2811,0.0,8.5032,0.0,2.6001,74.0689,18.4821,18.6226,2.9515,81.5882,12.2328,1.1241,1.102,0.3086,2.9094,13.197,1.4895,39.3365,40.826,4537.0,83.0064,83.0064,6.3258,10.0727,3.1883,75.1952,60.3363,0
68500,3318.0,1.0262,2.2303,5.425,6.3593,4.34,0.4219,6.7511,0.6932,2.2604,74.4424,45.8409,47.9807,14.1953,54.0687,12.5927,1.8385,3.2618,1.1169,2.3722,18.1834,5.7269,38.1498,43.8767,10117.0,55.8268,55.5896,6.3952,10.8234,3.0491,287.7514,35.1588,0
68502,1359.0,1.067,5.4452,0.7358,58.5725,0.3679,0.2208,39.9558,0.5151,5.1508,32.2296,30.9787,29.9485,4.4886,69.0213,26.0438,4.5316,1.1965,7.2811,14.4094,33.4279,2.2759,73.7241,76.0,3955.0,71.3274,69.9368,5.4867,17.8255,2.9102,489.1188,8.086,0
68522,403.0,1.0298,2.2333,0.7444,33.2506,0.4963,0.0,7.4442,0.0,1.4888,100.0,44.1687,49.1315,9.1811,59.8015,14.2283,0.3215,1.4469,0.0,2.5723,18.3698,0.9639,32.2892,33.253,1253.0,65.6026,65.6026,6.1453,13.1684,3.1092,19.7316,63.5023,0
68524,787.0,1.0241,2.4142,1.1436,3.4307,0.6353,0.0,2.4142,0.5083,0.7624,78.7802,31.6391,31.1309,6.4803,69.8856,12.0888,0.1645,0.6168,0.1234,2.7961,13.1224,1.3648,36.7246,38.0893,2467.0,69.1934,69.1934,6.4451,12.6064,3.1347,58.478,42.1868,0
68533,1216.0,1.0469,4.2763,1.8914,17.352,1.0691,0.4112,4.6875,0.4112,1.8914,75.6579,29.6053,38.8158,6.8257,70.8882,10.4247,1.1342,1.5685,0.4344,3.2095,12.0954,2.6709,41.0055,43.6764,4144.0,70.8253,70.8253,7.3118,8.9286,3.4079,73.0253,56.7475,0
68547,44256.0,1.0839,6.5889,0.6914,1.5456,0.4067,0.2553,1.3309,0.0746,0.2824,88.4897,81.0195,87.5972,56.5099,19.9046,5.5522,0.4909,0.5828,0.2209,1.7458,11.8111,4.7509,23.9212,28.6721,157425.0,18.6794,12.4059,6.9627,8.0121,3.5571,484.4514,324.9552,0
68549,1424.0,1.1271,10.1124,1.3343,14.2556,0.5618,0.632,6.3202,0.0702,0.8427,86.7275,34.2697,44.1011,14.677,78.5815,7.0675,0.6955,1.3686,0.1346,2.3783,7.4935,4.5483,40.4984,45.0467,4508.0,76.7968,69.4321,5.7453,12.134,3.1657,55.5908,81.0925,0
68572,4398.0,1.0289,2.3192,2.4329,9.9136,2.0691,0.0682,8.3902,2.342,1.0232,76.08,39.6317,40.0864,11.6871,60.7322,7.2123,1.1244,1.9597,0.2811,2.2247,9.7319,3.2493,35.0354,38.2847,12586.0,59.3676,58.0645,5.3552,17.7578,2.8618,251.651,50.0137,0
68573,2082.0,1.0879,6.8684,29.0106,0.2402,28.4342,0.3842,8.3573,0.7205,0.9606,72.9587,65.1297,68.9241,8.1652,63.4966,18.4521,4.5912,7.7394,3.1191,3.9499,21.2223,31.0913,37.6837,68.7751,6861.0,65.1071,32.211,9.5176,6.3548,3.2954,762.3271,9.0001,0
68575,9385.0,1.0191,1.7155,25.8071,0.3516,22.4081,0.6713,26.5424,0.5434,2.6425,67.6399,62.845,65.2637,10.4955,50.5487,32.0998,8.48,23.7365,5.2842,3.9214,37.3977,27.1938,42.5792,69.773,31698.0,49.3407,13.0387,8.4327,6.8143,3.3775,1507.7706,21.0231,0
68615,7764.0,1.042,3.5291,10.5744,6.865,8.9902,1.3524,10.4714,0.5925,0.9274,56.7491,39.5415,35.7676,7.7666,76.6873,16.2723,2.9208,7.2207,0.4558,3.5271,19.8734,12.4753,53.5361,66.0114,25266.0,75.6392,54.7613,7.1836,9.4554,3.2543,1168.1815,21.6285,0
68655,8307.0,1.0618,5.3569,20.3684,0.2287,15.7939,4.3337,11.4,0.4815,2.0465,73.1191,65.2462,68.4964,15.6374,32.7796,21.0657,5.1663,11.9381,2.7455,4.9499,25.3344,23.1633,28.7528,51.9161,27845.0,32.7599,21.1169,9.0968,6.1016,3.352,1402.7087,19.8509,0
68669,2571.0,1.0576,5.0564,0.2723,60.0933,0.2334,0.0389,13.0688,0.2723,1.2447,66.4722,40.3734,36.7561,9.4905,63.6328,13.4878,1.6281,0.6262,2.0539,4.9969,17.2079,1.986,54.2111,56.1971,8035.0,64.0075,58.6185,5.6752,15.7063,3.1252,281.3951,28.5542,0
68673,907.0,1.0375,3.6384,2.7563,3.5281,1.7641,0.0,8.71,0.441,1.7641,36.3837,12.6792,18.1918,3.4179,90.849,11.9778,0.8872,2.1072,3.0314,1.3309,12.4239,3.0818,77.7896,80.8714,2706.0,91.02,75.6467,4.7672,13.4516,2.9835,59.0321,45.8395,0
68679,16999.0,1.0883,6.9886,0.4647,6.3357,0.2824,0.1118,1.7413,0.0765,0.4412,95.1821,88.5758,89.4582,40.9906,10.9595,5.0235,0.3921,0.5142,0.1757,1.6369,12.0265,3.4815,15.2125,18.6939,54687.0,11.6225,11.6225,6.6506,10.273,3.2171,146.7397,372.6805,0
68682,718.0,1.0432,4.3175,0.4178,41.3649,0.1393,0.2786,16.7131,0.2786,3.4819,52.0891,36.351,37.0474,5.7103,62.9526,12.8749,1.1537,0.5999,1.5228,4.707,17.7683,0.8011,60.7477,61.5487,2167.0,64.9285,64.3747,5.353,16.0129,3.0181,143.0101,15.1528,0
68684,1234.0,1.0389,3.4846,2.4311,46.1912,0.4862,1.5397,24.3922,1.0535,1.3776,48.2982,28.8493,28.0389,5.8347,77.5527,26.2343,5.5179,2.4927,2.2749,14.061,30.2347,3.9002,70.1248,74.025,4153.0,79.0031,72.4055,5.5863,15.4828,3.3655,75.2517,55.1881,0
68686,787.0,1.033,2.7954,1.3977,33.5451,0.5083,0.8895,21.474,0.0,1.2706,83.6086,25.54,28.3355,3.939,73.3164,17.8792,1.4386,2.2606,1.1508,9.1656,18.071,3.444,42.4354,45.8795,2433.0,74.1471,74.1471,6.5351,14.4677,3.0915,71.0622,34.2376,0
68689,9657.0,1.078,6.2338,22.0151,3.6657,21.0624,0.7352,22.1601,1.5015,1.4911,74.6298,42.5494,43.0879,6.6066,63.0113,22.1766,3.4492,14.9339,1.443,2.6182,31.9717,23.5927,33.3429,56.9356,29427.0,62.6601,51.9081,7.014,8.8762,3.0472,1116.0513,26.3671,0
68705,716.0,1.0405,3.6313,2.6536,42.5978,1.9553,0.5587,22.7654,1.9553,4.0503,31.2849,25.5587,17.7374,4.6089,88.6872,16.7485,2.5011,1.8312,2.8584,4.5109,17.2482,2.8188,78.9262,81.745,2239.0,90.8888,90.8888,6.6548,10.987,3.1271,221.2609,10.1193,0
68720,1097.0,1.0055,0.5469,33.2726,23.8833,32.4521,0.1823,8.7511,36.7366,2.0966,63.7192,45.7612,40.8387,4.3756,75.2963,22.6582,3.9557,5.443,3.6076,3.6392,25.4709,33.9383,45.9165,79.8548,3166.0,77.29,55.4011,7.391,7.4226,2.8861,373.7276,8.4714,0
68745,2407.0,1.0345,2.9497,25.1766,16.0366,23.9717,0.5816,15.2472,1.9942,2.7835,56.4188,28.9572,27.0877,8.4753,73.2032,24.797,4.8073,9.692,1.2759,6.3797,30.5134,25.9036,32.7711,58.6747,7842.0,75.2359,70.8875,6.4524,10.074,3.258,904.736,8.6677,0
68755,8938.0,1.0422,3.4795,0.3021,3.6921,0.179,0.1007,0.5594,0.1343,0.2685,93.9808,82.8373,83.3184,45.5247,17.0172,4.1346,0.2105,0.2312,0.145,0.7662,7.7581,1.6103,16.2426,17.8529,29997.0,19.1986,17.3384,6.3073,10.8511,3.3561,127.6913,234.9181,0
68770,3201.0,1.0294,2.6242,7.9038,14.7766,6.1543,0.2812,10.5904,1.9057,1.3121,62.5742,36.5823,43.9863,5.3108,77.6632,14.1664,1.4304,5.5613,1.0413,2.0025,14.9065,8.2878,60.17,68.4578,8771.0,79.2384,56.6526,5.7234,15.2776,2.7401,283.1827,30.9729,0
68773,1953.0,1.0241,1.9969,21.1982,41.2698,21.0958,0.0,10.5991,30.4147,3.8402,59.1398,25.5504,21.8638,3.8914,91.3466,15.3196,2.6499,2.2855,2.9977,4.0411,16.0208,21.6216,56.3564,77.978,6044.0,92.2733,73.0807,5.7578,13.501,3.0947,522.6502,11.5641,0
68780,1071.0,1.0439,3.6415,3.3613,46.4052,2.9879,0.1867,11.2979,2.2409,2.8011,39.4024,30.8123,15.873,2.8945,73.5761,17.8693,2.7273,2.6705,0.8523,5.2841,18.9458,5.0089,77.1914,82.2004,3520.0,74.375,70.2841,6.2784,12.358,3.2866,362.7488,9.7037,0
68820,2078.0,1.0188,1.6843,0.9625,18.3831,0.8662,0.0481,2.5024,0.5775,0.8662,40.6641,25.7459,41.9153,3.6574,90.6641,13.4581,1.3922,0.3593,0.4491,2.6347,13.9298,1.7005,77.5154,79.2159,6680.0,92.5299,75.6138,6.8413,8.8323,3.2146,330.4693,20.2137,0
68855,1648.0,1.0856,6.7961,0.3034,26.4563,0.0607,0.1214,4.3689,0.182,0.7282,61.7112,41.9296,41.8689,9.8908,58.1311,8.9235,0.3364,0.301,0.1062,1.983,11.2046,3.242,46.3946,49.6367,5648.0,58.9412,58.9412,6.9051,10.5347,3.4272,81.1875,69.5673,0
68861,6495.0,1.0488,3.8337,10.8391,7.4211,9.9461,0.1078,5.9892,9.361,0.6928,73.0408,60.6159,58.1986,20.8622,45.5119,12.6972,1.4307,4.3358,0.6637,2.04,19.0699,15.6782,30.916,46.5942,19376.0,40.9063,34.6769,5.2797,12.7684,2.9832,447.5974,43.2889,0
68867,539.0,1.0705,6.308,0.1855,31.1688,0.1855,0.0,6.679,5.3803,0.9276,63.6364,37.2913,62.1521,12.2449,61.7811,8.6833,1.1351,0.5108,2.3269,2.0431,7.4004,2.253,59.2721,61.5251,1762.0,59.8184,59.8184,5.8456,9.9319,3.269,92.3711,19.0752,0
68872,2093.0,1.0225,1.9589,0.1433,49.7372,0.0478,0.0478,9.4601,0.5733,1.4811,94.2188,66.9374,66.603,16.1491,31.9159,9.3086,0.9814,2.2751,0.684,2.6617,10.9123,1.6355,31.6355,33.271,6738.0,34.0012,34.0012,6.1443,13.7281,3.2193,97.7308,68.9445,0
68895,2848.0,1.0144,1.264,1.6854,53.2654,1.5801,0.1053,4.4242,0.4213,0.8427,81.1096,71.1728,71.9803,28.2654,32.0576,6.6328,0.4963,0.9588,0.1354,1.1844,9.5013,2.5268,33.4026,35.9294,8997.0,33.1222,29.0764,6.3799,14.6604,3.1591,364.4525,24.6863,0
70001,74405.0,1.0135,1.1195,6.2146,4.3989,3.0025,0.4758,11.3379,0.6303,0.8333,90.8568,87.3382,86.8248,34.796,9.619,18.8994,5.0021,9.8977,2.7988,4.6895,27.9928,8.5599,33.5505,42.1104,274622.0,9.682,2.7802,7.8515,7.9651,3.6909,279.8737,981.2354,0
70110,2596.0,1.027,2.3883,14.9461,7.7042,1.772,0.1541,28.8906,0.0385,9.3606,87.2111,75.1926,16.8721,3.0817,17.7966,36.5717,9.8151,24.4378,6.4468,4.7976,34.0388,7.6173,80.9006,88.5178,10007.0,16.9981,8.614,8.1443,8.7739,3.8548,146.3923,68.3574,0
70124,3312.0,1.151,12.3188,5.2536,27.506,4.2572,0.7548,44.2633,0.151,10.2053,90.3382,28.0193,14.1606,3.0797,69.837,32.1881,9.4216,12.2496,5.956,7.8314,29.609,14.2482,74.3637,88.6119,13331.0,72.7102,24.0642,8.1839,8.4465,4.0251,412.3349,32.3305,0
70204,2122.0,1.0872,7.3987,69.4156,3.5815,57.7757,3.77,64.8916,1.9321,8.5768,78.7465,42.4128,33.7418,2.5919,56.1263,61.0278,12.0595,54.8763,3.755,4.9596,59.5374,69.016,26.9504,95.9663,7803.0,55.9657,23.8882,8.1635,10.6754,3.6772,131.068,59.534,0
70215,17781.0,1.0526,4.4429,6.9456,2.7389,0.7142,0.5005,12.1141,0.27,2.019,95.0565,78.6176,77.6053,24.9817,22.226,18.1889,3.7025,9.4946,1.9272,3.5825,24.8432,11.7785,37.7993,49.5778,66350.0,22.9781,4.945,7.4152,9.5237,3.7315,285.7741,232.1764,0
70221,4455.0,1.0819,7.0483,13.8047,4.1077,8.3951,1.8182,18.6083,0.9203,3.4568,60.2469,28.7542,64.624,10.954,42.7385,28.207,8.2215,13.1584,8.1224,10.5082,31.9524,16.9266,65.0295,81.9562,17091.0,40.8168,16.8861,7.8813,5.1782,3.8364,56.7317,301.2604,0
70230,1112.0,1.0396,3.5072,29.3165,28.9568,27.0683,1.3489,60.3417,0.3597,5.8453,89.2986,57.6439,51.5288,1.7086,36.0612,60.2712,22.8927,41.8305,8.5424,15.0282,55.0254,33.7662,54.8918,88.658,4425.0,35.5254,21.9661,7.2542,10.2147,3.9793,83.6756,52.8828,0
70233,2652.0,1.0136,1.2443,4.6003,31.9382,1.9985,0.1131,23.6048,0.1885,7.089,91.2142,58.371,5.1282,1.3198,56.2971,34.7231,9.0946,9.8099,9.0027,6.6217,28.5034,10.1911,86.2495,96.4406,9786.0,55.7838,7.9808,8.1034,10.2902,3.69,198.3601,49.3345,0
70235,5204.0,1.1562,13.1053,7.9362,8.8394,2.8248,0.6149,24.5004,0.1729,7.8401,81.2644,55.515,52.7671,2.2867,42.3328,26.9924,7.3423,13.9088,3.9478,7.3719,26.6172,15.5803,57.4825,73.0629,20239.0,41.2471,18.9881,8.9431,9.0815,3.8891,321.8819,62.8771,0
70265,3984.0,1.0665,5.5472,34.3122,0.4518,30.4217,0.8534,45.9086,0.3012,2.5602,49.2219,6.9277,13.002,1.8323,55.2962,58.1701,19.2214,37.3223,23.6906,7.581,62.842,38.1737,58.8374,97.0111,15618.0,56.6398,44.8073,9.5787,7.5362,3.9202,361.6895,43.1807,0
70400,3057.0,1.0572,4.7432,2.3225,31.436,1.1449,0.3925,48.8714,0.0327,5.7573,90.579,41.3477,41.9365,3.6637,48.806,33.4144,6.1164,16.9939,1.8506,6.3684,27.9534,6.6087,69.4694,76.0782,11510.0,52.2155,39.2094,7.2893,10.4692,3.7651,232.1756,49.5746,0
70418,6214.0,1.038,3.3312,9.1246,7.2256,2.8967,0.6598,20.8079,0.0644,3.3956,94.6572,44.1744,43.8204,6.4693,52.5426,22.2344,4.1134,11.0714,1.8323,4.7135,23.3579,12.3332,59.4012,71.7344,21831.0,49.7916,19.028,8.0299,9.8346,3.5132,198.891,109.7636,0
70429,8978.0,1.0244,1.9715,36.2887,5.3241,29.4386,1.047,60.7374,0.7017,1.7376,82.3346,6.3489,9.5567,2.6955,71.6084,51.6461,14.5393,39.1454,5.0549,7.7708,57.9281,37.8155,57.3107,95.1262,32622.0,70.9889,50.5518,8.9909,9.1533,3.6335,845.1552,38.5988,0
70473,3890.0,1.0108,0.874,13.9075,6.1697,1.6967,0.4627,24.4473,0.0257,4.7815,81.3368,65.0643,64.5758,16.1954,39.2545,28.5144,7.1202,16.5123,1.42,7.9586,36.9887,10.7962,52.6926,63.4888,14793.0,39.3294,19.3673,8.3215,8.1931,3.8028,169.9536,87.0414,0
70508,5987.0,1.0733,6.3304,9.1699,18.8742,3.8083,2.4219,27.1588,0.0668,6.3137,75.8143,51.1608,37.9322,2.9063,50.142,29.2754,8.7339,14.0011,5.6335,8.5239,33.385,13.414,64.0766,77.4906,22384.0,49.044,12.7412,7.2462,10.78,3.7388,459.9521,48.6659,0
70523,2986.0,1.1584,11.2525,16.5774,33.724,1.7415,2.4113,54.2867,0.4354,9.9464,44.5747,36.6711,29.8727,2.3443,58.071,45.1492,13.5551,25.1875,5.7524,11.6084,46.8256,25.8603,63.849,89.7093,12534.0,62.5818,25.4428,8.9277,7.3719,4.1976,174.6018,71.7862,0
70670,10739.0,1.0616,4.9073,17.5063,20.9982,1.6016,0.7543,43.7657,0.2514,5.2984,77.158,53.8225,51.1035,7.1049,46.3544,41.4976,13.1183,25.4836,4.4691,12.1053,45.3983,18.7045,51.4545,70.1591,44617.0,47.464,29.0696,8.7097,7.6832,4.1547,213.6778,208.805,0
70678,7090.0,1.0492,4.3018,22.1721,10.1975,6.7701,2.7786,38.6178,0.1693,11.1989,86.079,2.8914,7.024,1.0437,76.8265,36.2275,10.1172,20.6382,3.963,7.5654,39.2753,19.9354,76.9303,96.8658,25511.0,76.9198,23.9073,8.22,8.5885,3.5982,1493.9003,17.0768,0
70702,3567.0,1.0474,3.9809,14.1015,10.513,3.0838,0.1402,19.8486,0.2523,5.5228,85.1976,62.4615,40.1458,6.3359,48.36,25.3964,5.7239,11.6338,2.7242,4.4362,29.0904,17.1352,62.1419,79.2771,13437.0,48.7758,13.1354,6.9063,9.9501,3.767,168.0184,79.9734,0
70708,13637.0,1.0931,7.4577,5.7491,13.786,1.9652,1.4373,30.8792,0.1833,3.7838,90.5258,4.5318,42.084,6.1304,39.6788,30.1547,9.1063,15.9336,4.4809,8.0878,27.1113,12.7739,82.1832,94.9571,53340.0,40.0037,14.2482,8.5658,8.997,3.9114,969.9903,54.9902,0
70713,11940.0,1.0474,3.7437,19.0955,11.1223,9.799,1.7169,30.8626,1.6499,3.3417,75.6365,21.072,29.9749,3.258,61.0888,41.9086,14.1162,19.5612,12.1392,5.9059,45.3271,23.5732,63.9558,87.529,47952.0,60.3812,10.8421,9.0674,8.5794,4.0161,1034.4015,46.3572,0
70717,4815.0,1.0577,4.9221,17.217,4.1121,6.2513,0.7061,23.7799,0.2077,2.7207,85.7321,73.5202,67.0405,4.6937,31.3811,30.0833,7.4958,17.8234,3.2204,5.6469,35.3748,18.8494,50.9523,69.8017,18029.0,32.4366,14.5155,7.5933,10.411,3.7443,213.0574,84.6204,0
70742,8361.0,1.0321,2.6073,30.0443,8.0014,9.9749,0.1196,22.8322,0.2392,4.5449,86.0782,74.2615,68.1976,9.2333,26.6116,30.7175,7.5494,18.9976,3.5113,6.1713,39.787,30.713,38.7246,69.4377,30188.0,25.5101,8.7054,7.8077,11.2859,3.6106,418.645,72.1088,0
70771,6938.0,1.0839,7.2355,34.03,18.9968,25.9873,1.1242,64.5575,1.5134,5.5636,86.7541,1.0522,22.4416,2.3061,74.0703,48.3042,13.3703,36.515,5.782,6.9542,51.7703,36.66,59.4943,96.1544,23971.0,75.0532,47.7118,8.1932,11.1885,3.455,1131.2173,21.1904,0
70820,8339.0,1.0714,6.1638,9.1858,7.9626,6.2957,0.4317,19.7985,0.7915,2.7581,79.7937,54.0952,65.8472,15.9731,18.4914,23.7505,5.5167,13.6324,3.1894,4.4827,28.4218,15.4019,52.5034,67.9053,32012.0,18.7836,6.7256,9.2934,7.5316,3.8388,302.5858,105.7948,0
70823,5174.0,1.0371,3.0344,31.9869,1.6815,24.1593,0.5025,24.3139,0.3672,1.5269,72.787,57.4797,65.2493,2.4353,69.4627,30.6494,7.5625,18.2499,3.5741,7.3978,32.737,35.0802,49.1048,84.185,20033.0,67.8081,15.2498,7.9119,9.3895,3.8719,284.828,70.3337,0
73001,168980.0,1.0321,2.6743,1.8535,1.0019,1.1007,0.277,1.3031,0.4687,0.6693,96.3647,94.0875,94.9331,53.9141,5.9504,5.4249,0.5457,1.0968,0.2425,1.629,18.3349,3.1458,15.2696,18.4154,500686.0,6.2784,4.8452,5.9163,11.2765,2.963,1376.615,363.7081,0
73024,1464.0,1.0649,5.4645,0.6148,57.4454,0.2049,0.0,6.8989,1.4344,4.4399,88.6612,61.612,60.8607,11.8169,58.5383,12.4754,0.6876,0.9332,1.3998,3.6346,12.8734,2.694,45.4779,48.1719,4091.0,58.1032,41.9946,5.451,16.6219,2.7944,501.4671,8.1581,0
73026,2163.0,1.0578,4.9468,4.7157,12.2977,1.9417,0.4161,8.5992,0.5548,4.1609,83.9112,52.2423,62.8294,7.166,53.5368,14.0644,2.0709,2.8903,1.0727,3.6055,17.7219,6.2965,49.7595,56.056,6712.0,53.8886,42.938,6.4511,12.3659,3.1031,344.2707,19.4963,0
73030,2212.0,1.1017,8.2731,3.5714,15.3255,0.4069,1.9892,4.7016,0.226,2.1248,94.2586,85.9855,81.4195,9.4033,18.7613,16.4776,2.9123,5.2728,0.7357,4.767,15.9877,7.263,32.4169,39.6799,6524.0,19.9418,17.428,6.4531,13.9945,2.9494,237.9812,27.4139,0
73043,2272.0,1.0141,1.2324,27.3768,14.7007,24.868,0.6162,13.9525,17.3415,9.1109,65.0088,26.5405,30.6338,2.6849,79.8415,20.9063,2.7006,5.1113,1.2778,5.2035,23.3766,26.2587,51.6059,77.8646,7658.0,83.0765,79.1068,7.2734,8.3573,3.3706,469.2591,16.3193,0
73055,3951.0,1.0478,4.328,7.3905,3.594,4.6317,0.405,6.935,1.3921,2.0248,92.6854,77.0944,76.1326,13.0853,28.3219,14.9302,2.1014,6.207,0.362,3.62,19.5509,8.7461,28.4851,37.2312,11440.0,29.2832,21.5559,5.8566,14.0385,2.8955,440.5947,25.9649,0
73067,5308.0,1.0637,5.6142,11.0399,39.8078,9.6647,0.9985,40.6556,1.7709,10.1168,38.7905,33.0256,29.4461,3.8809,72.0045,34.7733,10.1822,10.7915,13.3385,6.9766,38.0526,13.7154,71.4159,85.1313,18237.0,73.6086,63.1244,8.9214,9.0421,3.4358,1017.0196,17.9318,0
73124,5106.0,1.086,6.8939,7.1485,4.5633,5.2096,0.7442,2.546,4.7591,1.508,69.056,60.7325,60.9675,10.0078,46.9644,11.2283,1.6338,1.5759,0.562,3.1576,16.8629,10.3355,43.9574,54.2929,17309.0,46.1321,39.5979,7.3488,9.6597,3.3899,508.0643,34.0685,0
73148,3276.0,1.0675,5.464,2.5336,5.2198,1.3736,0.3358,2.8694,0.2137,1.3431,95.3602,76.1294,76.0684,15.4457,22.5275,8.55,1.217,1.3626,0.2808,3.2245,18.4902,4.9471,22.5908,27.5379,9643.0,21.7049,21.7049,6.3777,12.1435,2.9435,190.7059,50.5648,0
73152,1802.0,1.071,6.7148,42.5083,0.8879,41.6204,0.0555,1.8868,36.3485,2.8302,68.9789,34.9057,36.5705,6.0488,68.313,14.9017,2.329,1.3646,0.4549,2.6019,18.3444,43.494,27.268,70.7621,5496.0,71.2154,67.5036,6.8231,10.3166,3.0499,175.0173,31.4026,0
73168,14669.0,1.0226,1.7247,10.2256,17.0155,8.1873,1.5407,19.8582,1.452,3.17,73.1202,60.5904,61.0607,15.9043,37.794,21.124,4.4932,9.662,2.6237,4.0652,31.3693,11.363,41.4511,52.8141,43795.0,36.3809,34.4834,7.8091,10.3094,2.9855,2100.625,20.8486,0
73200,2568.0,1.0315,2.5312,5.1402,12.2664,2.609,0.3505,9.6573,0.4283,3.972,83.2944,39.5249,44.0031,5.8411,79.1667,15.7305,3.2021,3.2155,2.3616,6.2575,17.5855,6.307,58.0167,64.3237,7495.0,80.3469,48.8993,6.3376,15.1034,2.9186,343.4981,21.8196,0
73217,6235.0,1.0771,6.5437,13.4082,46.0465,1.5237,0.7217,37.3055,0.4491,4.988,35.5253,19.0858,23.336,3.4002,80.6095,37.5704,11.2427,10.1426,11.6796,12.3006,40.4882,4.8046,78.9433,83.7479,18999.0,81.0674,71.188,7.2688,14.0534,3.0472,668.782,28.4084,0
73226,2801.0,1.0368,3.106,10.4605,36.5584,9.4252,0.714,18.2435,3.5702,4.5341,70.2606,46.5191,27.7758,5.1767,72.0814,19.0286,2.9116,5.3981,1.881,4.4834,20.5332,11.9917,58.2702,70.2619,7762.0,72.9709,53.3497,6.1969,16.6581,2.7712,507.4319,15.2966,0
73236,3102.0,1.0119,0.9994,4.8356,46.744,4.4487,0.0645,22.3404,1.5152,4.1264,78.7556,43.5203,38.3301,4.9968,59.6712,17.9565,2.3685,4.9986,5.9763,2.3823,22.4988,5.5113,47.6585,53.1698,7274.0,57.9874,52.3096,6.0214,14.4625,2.3449,651.7913,11.16,0
73268,21298.0,1.0628,4.6108,0.9954,0.662,0.1737,0.3146,1.4602,0.0845,0.6245,89.3652,80.3925,81.3691,33.698,26.641,8.8918,1.0361,1.4872,0.1414,2.955,11.0832,3.8088,27.4567,31.2655,67983.0,26.6876,16.7601,6.1398,11.5823,3.192,216.486,314.0296,0
73270,2174.0,1.0258,1.9779,30.0368,0.368,27.4609,0.322,11.0856,8.8776,3.4039,79.1168,29.9908,33.1647,7.2677,74.655,18.784,2.7979,8.3333,1.3007,2.1627,21.7625,30.8969,26.6816,57.5785,6612.0,76.0284,68.6177,6.0042,13.9141,3.0414,181.1797,36.4941,0
73275,8761.0,1.0483,3.8124,1.5067,3.7096,0.3424,0.194,1.7121,0.2169,0.6278,93.551,87.6042,87.4444,26.9718,11.6653,7.0416,0.8605,1.3512,0.4321,2.4461,12.1049,4.5732,22.1254,26.6986,27334.0,12.2704,8.623,6.5706,11.9521,3.12,96.7409,282.5485,0
73283,9803.0,1.0354,3.1011,22.3401,0.1938,20.8712,0.2346,1.7852,20.0245,1.7954,69.7848,57.2784,55.7482,9.5583,46.8836,11.7772,1.4248,1.5569,1.0981,2.5229,13.8427,23.3839,27.5621,50.946,28920.0,46.6113,42.2061,6.3866,10.5325,2.9501,219.57,131.712,0
73319,10438.0,1.052,4.2824,2.0598,10.5576,0.3353,0.8718,5.8728,0.1341,2.9124,68.0782,50.3736,49.4827,8.5265,48.1797,14.3426,2.6643,2.4602,0.9913,7.4529,15.7207,4.5156,42.8207,47.3363,30516.0,46.4215,38.9435,6.2066,14.7922,2.9235,505.7206,60.3416,0
73347,2099.0,1.0305,2.4774,27.8228,0.3335,23.9638,0.0,0.3335,44.2592,2.7632,55.3121,50.7384,53.0729,14.1496,66.2697,15.6736,1.2262,0.2044,0.5502,1.6664,20.0898,28.2016,45.4461,73.6477,6368.0,69.9592,51.6332,5.7004,11.071,3.0338,322.5811,19.7408,0
73349,7805.0,1.0419,3.3696,2.7546,0.1666,1.0506,1.5759,2.524,0.2306,1.9987,95.9898,91.5695,95.2338,18.5778,3.1134,10.3019,1.7316,3.138,0.5274,3.2303,12.7436,5.52,20.1992,25.7192,23616.0,2.8244,2.2781,5.7419,15.3709,3.0258,304.7261,77.4991,0
73352,3539.0,1.0438,3.5603,12.2634,22.577,9.9181,1.3563,9.1551,6.3012,4.1255,69.3981,34.5013,36.9878,7.0641,67.5332,13.4282,2.5253,5.2911,1.8339,3.7679,16.2592,12.6963,42.2306,54.9269,10057.0,66.3319,60.4156,6.6024,15.4718,2.8418,215.3344,46.7041,0
73408,5677.0,1.0196,1.832,6.588,2.4485,3.065,0.5813,4.7736,0.9688,1.0569,92.7074,88.198,88.3213,10.6042,21.1027,13.7234,2.8166,4.82,0.2534,3.6769,17.1823,7.7415,28.253,35.9945,17084.0,21.2187,11.0571,6.2222,13.1936,3.0093,271.9503,62.8203,0
73411,11281.0,1.0166,1.436,17.135,1.1347,14.9012,0.5141,3.1912,13.9349,1.8172,80.835,68.4602,68.2564,16.8779,31.9564,11.4456,1.8093,3.1959,0.5808,1.6116,18.9118,17.5824,21.978,39.5604,33262.0,32.8814,28.8467,5.8445,14.506,2.9485,282.2072,117.8638,0
73443,11493.0,1.0258,2.0969,7.1957,0.1653,5.9253,0.8527,3.2542,1.0702,0.9136,86.2264,77.2122,77.9257,19.4988,19.6293,12.0414,2.2618,3.6834,2.7066,2.8199,24.254,8.6056,22.2948,30.9005,34505.0,20.4318,18.5249,6.3034,11.9403,3.0023,293.2884,117.6487,0
73449,13297.0,1.0041,0.3835,3.7452,1.7222,1.7222,1.1732,2.8427,0.4061,0.722,93.3368,80.4843,80.8077,28.262,18.1244,9.4987,1.6404,3.0853,0.2132,2.9728,15.149,4.2035,27.7087,31.9122,34136.0,17.8668,14.8611,6.7055,8.2728,2.5672,202.0004,168.9897,0
73461,1072.0,1.0373,3.6381,35.541,0.1866,35.1679,0.3731,1.0261,36.4739,3.3582,59.1418,54.6642,50.4664,4.291,47.6679,14.4863,1.374,1.2545,0.7766,3.0167,19.6309,36.3636,29.4329,65.7966,3389.0,52.7589,50.3393,6.5506,9.2948,3.1614,423.8302,7.9961,0
73483,4683.0,1.0314,2.4343,2.2208,43.0707,0.5552,0.8328,19.795,0.2776,6.8546,93.0387,50.5018,51.719,6.6837,46.829,20.6599,4.6938,5.5766,3.1035,9.3176,19.6348,5.1048,52.5005,57.6053,14292.0,45.2211,38.8819,5.7025,17.3873,3.0519,859.707,16.6243,0
73504,8306.0,1.1795,13.7009,8.7046,44.1007,7.6812,0.3612,36.2509,1.2641,7.7655,67.8064,28.0641,24.5244,3.648,75.1505,28.346,6.7291,7.4439,7.4102,11.186,31.4656,14.5524,57.7535,72.3059,29665.0,76.8886,69.432,7.2577,12.3681,3.5715,953.266,31.1193,0
73520,2856.0,1.0287,2.6611,34.8739,0.2801,32.3179,0.4202,4.6919,16.3866,4.3768,73.7045,36.2745,40.9314,5.4972,64.6709,17.2943,2.3944,3.4828,0.9034,4.1032,20.2908,35.6146,27.5451,63.1597,9210.0,67.9587,63.5831,7.3724,11.1401,3.2248,65.0828,141.5121,0
73547,1917.0,1.1095,9.0245,5.7381,20.6051,0.313,0.7303,7.0944,0.1043,3.0256,92.0188,59.4158,83.4116,11.1633,62.2848,12.3414,1.4317,3.4976,0.9605,4.2588,14.2578,7.9588,42.1348,50.0936,5574.0,65.3032,42.8597,5.9921,13.1862,2.9077,354.33,15.7311,0
73555,6159.0,1.0271,2.1107,33.2684,14.3367,30.3134,2.2731,21.1236,20.328,9.1573,52.9144,42.2146,40.1526,6.6407,67.2349,30.4609,8.729,11.8728,10.1242,7.5199,34.4271,34.0136,43.0786,77.0922,21557.0,69.1191,57.4059,9.6303,6.2717,3.5001,1752.2527,12.3024,0
73563,2580.0,1.0488,4.2248,6.5891,20.969,3.4109,1.5116,16.124,1.0465,2.4419,85.4264,46.3566,46.3566,8.6434,53.3333,17.7119,3.256,5.0551,0.3928,4.5483,21.2005,7.7293,40.3846,48.1139,7893.0,52.7683,50.095,6.4994,13.3156,3.0593,423.0045,18.6594,0
73585,7097.0,1.0651,5.453,3.6494,13.5128,1.8459,0.93,8.3134,0.5213,1.8881,89.3335,62.8857,59.1799,11.2019,43.2295,15.124,2.324,3.0809,0.6456,7.0211,19.6771,6.7276,39.5444,46.272,22682.0,43.4794,34.2606,6.4545,14.2845,3.196,401.8469,56.4444,0
73616,5546.0,1.0224,2.0916,20.7357,21.5831,19.3112,0.9917,28.5792,7.6632,11.9185,52.5604,36.1342,25.2254,4.7782,78.1644,34.0782,10.0865,11.5342,11.3716,7.3381,38.6875,21.4361,60.3917,81.8278,19090.0,80.7962,66.045,9.8848,6.3803,3.4421,2044.3338,9.338,0
73622,1650.0,1.0527,4.6061,57.1515,2.4848,55.6364,0.6667,4.2424,62.0,7.8788,46.1818,43.5152,40.7879,2.4848,62.4242,16.7092,2.9845,3.3183,1.9046,3.9859,19.1042,57.6857,18.8256,76.5112,5161.0,64.658,58.477,7.4792,7.3629,3.1279,775.3834,6.6561,0
73624,6384.0,1.0287,2.3653,9.4298,28.1172,6.6416,0.7519,17.8885,3.4461,3.1642,65.8991,54.6679,49.3891,9.5238,48.8722,20.8408,3.3877,7.1464,0.8704,5.1879,24.8304,10.6626,48.7586,59.4212,20220.0,50.2918,46.7161,7.27,10.6034,3.1673,739.1913,27.3542,0
73671,4352.0,1.0664,5.4688,1.6774,6.227,0.1149,0.5974,3.0561,0.0689,2.9642,66.3143,61.466,57.9504,5.8824,40.9926,19.946,3.3385,1.3709,1.0655,11.1522,26.6393,5.3666,51.4134,56.78,14099.0,39.8042,31.0731,6.0997,12.5966,3.2397,193.1929,72.9789,0
73675,3392.0,1.0519,4.5401,16.8337,24.8231,16.1851,0.4127,19.5755,7.105,4.5991,69.3396,46.3149,41.8042,6.1616,60.2594,26.2589,5.4278,10.0279,2.9273,6.8566,28.7833,18.8242,52.4025,71.2267,11514.0,62.6715,56.4704,7.8166,10.0921,3.3945,383.1808,30.0485,0
73678,4118.0,1.0459,4.0068,2.0155,13.9388,0.4371,0.17,11.1705,0.3157,2.6955,76.0321,50.4857,53.3997,5.0267,70.6897,16.0886,2.9656,1.8041,2.4961,6.4091,17.6505,2.9733,62.8107,65.784,12139.0,70.1952,48.4554,5.7089,16.4841,2.9478,412.153,29.4527,0
73686,1635.0,1.0343,3.3639,46.4832,2.6911,46.055,0.1223,2.0183,41.7125,1.1621,56.4526,47.2783,47.4618,6.422,59.3272,12.316,1.0744,1.353,0.0995,3.4819,13.6093,47.6613,29.6033,77.2647,5128.0,63.8261,55.2847,6.8838,10.1599,3.1364,270.1529,18.9818,0
73770,1207.0,1.0613,4.971,8.1193,34.6313,6.9594,0.2486,17.15,0.4143,3.0655,94.2005,39.0224,39.1052,8.3679,60.5634,18.8624,3.018,9.4312,0.6384,2.4086,21.8479,10.8509,37.7049,48.5558,3446.0,56.8485,46.3436,5.3685,17.0052,2.855,190.0823,18.129,0
73854,1814.0,1.0061,0.441,8.6549,34.6196,1.6538,0.2756,35.226,0.2205,3.0871,72.2712,42.7233,46.8026,4.355,59.9228,16.4594,2.4211,8.3741,1.0218,2.1102,18.5336,3.2329,58.7945,62.0274,4502.0,54.5313,54.5313,6.1084,15.9263,2.4818,197.869,22.7524,0
73861,3787.0,1.0589,4.7531,9.3478,7.5522,6.4431,0.8978,5.9942,6.4959,2.3501,89.0679,71.6926,73.0658,10.6945,31.3441,17.9792,3.0048,3.9954,0.9576,4.1852,20.3064,11.8454,32.5686,44.414,12137.0,29.579,25.8878,6.3113,13.9408,3.2049,334.7842,36.2532,0
73870,2869.0,1.0282,2.5793,42.1053,1.8473,39.8745,0.0697,1.8125,39.4911,6.3088,49.1112,36.4238,39.3168,6.274,60.962,13.9085,1.9718,1.2676,2.054,2.2535,15.7885,42.6052,29.8507,72.4559,8530.0,64.5252,64.5252,7.1512,10.211,2.9732,279.0497,30.568,0
73873,1886.0,1.0164,1.4316,17.7625,25.5567,16.5429,0.7953,17.4443,10.2333,8.2715,71.6861,39.8727,42.789,3.0753,60.7105,17.8422,4.036,10.2098,3.017,3.6364,21.7641,18.1534,42.3057,60.4591,5021.0,62.3183,57.9964,6.5923,16.8293,2.6622,430.6081,11.6603,0
76001,598155.0,1.0229,1.8325,0.7214,0.2611,0.3944,0.0471,0.3446,0.2618,0.2738,98.9817,97.7987,99.0586,71.331,2.2268,4.1136,0.317,0.3676,0.1482,0.9913,7.8116,1.8849,12.1332,14.0181,1822869.0,2.2756,0.4928,5.3739,11.5841,3.0475,562.1178,3242.8591,0
76020,4124.0,1.0255,2.1823,10.839,5.6499,0.8002,0.1697,2.6431,7.2502,6.935,92.677,74.9758,88.7973,14.9127,21.969,11.6317,1.603,2.5976,1.0604,2.0469,11.3654,11.3266,18.6569,29.9834,12186.0,21.6888,20.6795,6.1054,12.2271,2.9549,62.3568,195.4237,0
76036,6928.0,1.0071,0.5485,2.9013,3.3199,0.6784,0.0577,1.3857,0.4908,0.7794,96.1605,78.5219,86.9082,24.8124,23.6288,5.8509,0.3367,0.8114,0.3753,0.9549,6.9968,3.2124,19.6329,22.8453,18132.0,20.4942,12.7565,5.7412,12.8943,2.6172,110.2972,164.3921,0
76041,5389.0,1.0494,4.2494,2.4494,15.4389,0.9278,0.0742,2.1154,6.439,1.0392,78.0479,74.8005,73.0562,11.5791,39.4507,12.7596,1.9935,1.2715,0.7731,3.3416,15.1313,3.5467,40.2731,43.8198,15668.0,36.4437,23.3087,6.3505,10.9012,2.9074,304.8693,51.3925,0
76054,1732.0,1.0104,0.8083,3.9261,26.963,1.7321,0.1732,0.2887,29.388,1.3857,76.097,58.6605,59.4111,11.2587,46.3048,15.7548,3.2947,0.7188,3.5543,4.2133,19.0377,4.0416,41.3395,45.3811,5008.0,48.143,43.0112,5.631,12.3003,2.8915,90.7557,55.1811,0
76100,4538.0,1.0476,3.9224,10.1587,14.1031,8.1534,0.2204,2.0273,15.1609,7.0956,84.773,66.7254,59.5637,9.9383,70.8242,15.7062,6.4609,1.8491,6.7991,4.8924,19.1124,6.7156,52.3682,59.0838,13954.0,72.8895,39.1214,6.7149,13.4083,3.0749,742.5219,18.7927,0
76109,73015.0,1.0176,1.4271,26.0878,0.2054,25.7509,0.2191,0.9957,22.8939,9.205,73.1672,60.9628,78.173,27.6847,17.0431,16.6538,3.0289,1.0202,6.79,2.8336,31.4322,27.1799,28.8832,56.0631,258445.0,16.8748,8.0427,8.5732,6.3898,3.5396,6275.3192,41.1844,0
76111,36510.0,1.0767,5.9655,1.5283,1.7036,1.1915,0.052,0.6574,0.997,0.5451,98.1923,94.3659,96.6913,57.7486,13.1526,4.1891,0.2498,0.426,0.0421,1.2938,8.3441,4.3725,16.7828,21.1553,115821.0,12.7119,3.9198,5.4386,12.4805,3.1723,825.1184,140.369,0
76113,7082.0,1.023,1.8498,6.7354,7.5967,1.765,0.353,4.815,3.1912,2.7393,88.0825,78.4383,83.6769,26.9698,47.9243,10.4448,1.5433,3.3591,0.3041,2.4013,16.1508,7.4489,38.0873,45.5362,22052.0,47.7598,25.0227,5.3555,12.9966,3.1138,396.2708,55.6488,0
76122,8953.0,1.0707,5.2608,2.6025,4.0433,0.7372,0.2569,0.5585,3.6077,0.726,90.7964,85.5132,84.7537,27.7561,17.8153,8.4609,0.9337,0.6812,1.0447,2.3994,13.7144,5.1477,20.6219,25.7696,26357.0,17.4565,13.6283,5.2737,13.5903,2.9439,166.8362,157.9813,0
76126,5350.0,1.054,4.2991,12.3551,4.3738,11.0093,0.1495,1.5327,9.6262,1.4393,85.3458,69.9252,86.4486,19.215,32.785,8.735,1.1239,1.5672,0.206,2.7035,12.4737,14.4758,20.6138,35.0896,16054.0,32.509,31.2695,5.6372,11.3679,3.0007,792.2228,20.2645,0
76130,24179.0,1.0694,5.1905,1.278,0.3143,0.2895,0.0414,1.2407,0.1365,0.5004,91.6953,89.1931,96.9974,47.1318,73.5142,6.4425,0.6121,0.8083,0.1513,1.5267,6.1458,4.7328,69.0472,73.7801,84661.0,73.8475,7.2926,6.4079,8.7514,3.5014,296.0843,285.9355,0
76147,39493.0,1.0317,2.5929,0.9698,0.9875,0.4811,0.0557,0.4887,0.4102,0.4077,98.1769,97.4856,97.992,47.7654,2.565,5.3997,0.3765,0.4063,0.138,1.1977,6.4093,2.2675,10.5941,12.8617,118803.0,2.377,1.9983,4.9443,13.5089,3.0082,247.9724,479.0976,0
76233,13886.0,1.0248,2.0524,12.8907,14.8351,11.2415,0.3241,4.6882,6.0277,5.0194,81.881,44.7285,64.475,15.0655,76.3863,10.981,1.3831,2.4652,0.7484,2.22,11.8266,13.5804,42.5065,56.0869,39665.0,74.6199,46.2977,6.0834,12.5375,2.8565,914.1458,43.3902,0
76243,2427.0,1.0185,1.6069,12.4021,22.9501,5.068,0.0,0.8241,22.8265,2.0602,72.1055,58.8793,52.9048,10.3008,67.7792,13.9292,1.5191,0.5425,0.6917,3.3365,16.5773,13.1877,54.2476,67.4353,7393.0,70.6614,52.712,5.9786,11.051,3.0461,187.6413,39.3996,0
76246,2105.0,1.019,1.3777,12.0665,58.4798,9.7387,0.0475,1.2827,58.8124,1.6152,75.4869,61.5677,57.8622,10.8789,54.7743,12.2997,1.8935,0.6959,0.3884,3.3339,16.4021,11.9193,41.9052,53.8245,6179.0,58.1162,49.296,6.1013,12.4292,2.9354,213.872,28.8911,0
76248,17071.0,1.0338,2.7708,1.4528,0.6737,1.0427,0.0293,0.4569,0.9724,0.3105,96.9246,91.0726,95.6242,41.4738,36.6997,6.8182,0.3838,0.267,0.0816,0.9883,8.3178,2.8848,36.9701,39.8549,53983.0,35.8724,8.1359,5.7759,11.1331,3.1623,441.3443,122.3149,0
76250,2741.0,1.062,5.2536,8.7194,22.1452,3.0281,0.5837,3.6118,13.4258,6.3845,81.1383,70.1569,70.0109,9.3761,37.3586,16.702,6.1323,4.1549,2.6954,6.1205,31.1485,6.9652,26.226,33.1912,8513.0,39.0697,32.9731,7.189,11.1946,3.1058,234.9548,36.2325,0
76275,16655.0,1.0343,2.7739,3.8727,3.5905,2.4137,0.1681,3.9027,0.9126,3.2423,94.3801,88.4719,87.5053,25.1576,30.4833,8.6059,0.3782,1.6714,0.142,1.3854,12.4528,5.3615,30.4579,35.8194,54207.0,30.2655,10.5927,6.1653,10.3566,3.2547,401.0456,135.1642,0
76306,6031.0,1.0894,7.478,9.7496,2.2219,8.0418,0.1658,1.2767,8.5392,0.8788,89.04,77.9141,78.8426,26.3638,53.7059,5.9823,0.5064,0.9337,0.0106,1.4455,8.445,13.0713,36.5631,49.6344,19069.0,55.2258,21.7421,5.2651,12.3132,3.1618,268.2644,71.0828,0
76318,9935.0,1.0333,2.4862,3.4726,1.3991,2.315,0.2516,2.3553,2.0332,0.7046,96.9602,88.2335,90.7901,30.156,42.315,7.1818,0.3988,0.8408,0.0532,1.7082,7.8162,5.437,38.8483,44.2853,30275.0,38.4344,11.2634,6.1602,11.0751,3.0473,162.1704,186.6863,0
76364,41041.0,1.0169,1.3986,3.9911,2.383,2.1905,0.0877,2.5243,1.4059,1.4278,95.0537,87.3687,88.0388,54.4407,20.75,6.5605,0.7536,1.2618,0.1628,1.2924,15.2284,4.322,23.495,27.817,131806.0,22.8184,9.6475,5.9026,9.0368,3.2116,627.6345,210.0044,0
76377,4593.0,1.0344,2.7215,11.5175,17.9186,7.9251,0.5879,5.7043,9.7975,2.8957,86.8496,37.1217,62.0292,27.4766,78.5979,9.2375,0.8646,2.9987,0.3038,2.36,9.6528,12.0,43.4526,55.4526,12879.0,78.4921,55.7341,4.8063,16.5851,2.804,254.8122,50.5431,0
76400,9799.0,1.0611,4.9189,1.8267,5.3475,0.2857,0.1225,1.7757,0.8981,0.7858,95.3873,91.6318,92.2543,17.1344,16.1241,8.9999,0.7628,1.2667,0.2213,1.9784,11.7445,3.7301,22.7264,26.4565,29388.0,16.8334,8.1666,5.6894,11.6884,2.9991,120.7018,243.476,0
76403,3815.0,1.0469,4.0105,1.1533,4.7444,0.2883,0.0524,0.7339,0.7339,2.6999,91.114,89.3578,89.2267,23.2241,27.2608,8.3741,0.688,0.3078,0.2625,1.2946,13.4398,2.6777,30.4555,33.1331,11058.0,27.1839,9.1337,4.9919,16.5039,2.8986,264.4305,41.8182,0
76497,3648.0,1.0606,4.9616,4.7149,8.7719,0.6579,0.1371,3.2621,3.8651,3.125,94.1338,94.2982,79.3037,17.5987,27.2478,12.3428,1.6044,2.0784,0.3464,2.6527,15.4244,6.2565,33.7901,40.0465,10970.0,26.4175,16.9553,5.9982,13.0082,3.0071,214.468,51.1498,0
76520,103070.0,1.0224,1.7619,1.041,0.6859,0.618,0.033,0.7432,0.3939,0.3658,97.8946,94.4513,98.0237,59.1074,23.3899,4.5693,0.23,0.4402,0.0558,0.6381,7.0325,1.8999,24.4693,26.3692,302642.0,21.6361,3.2203,5.4682,11.9402,2.9363,1003.8143,301.492,0
76563,12670.0,1.0864,6.472,2.5888,2.06,1.5785,0.0789,2.352,1.1523,3.1413,93.0781,87.4112,92.6204,24.8619,12.6835,10.3779,1.1998,1.6503,0.3517,2.4043,11.247,6.9206,22.2376,29.1582,43552.0,11.6367,6.1765,6.087,10.4679,3.4374,356.142,122.2883,0
76606,4225.0,1.0412,3.3373,4.213,14.5562,1.9645,0.4024,1.9882,10.4379,0.7337,92.6154,71.5503,75.432,20.0473,32.7574,9.2436,1.2658,1.469,0.1641,3.5865,12.4161,5.8153,20.9806,26.7959,12816.0,32.5531,29.51,6.0471,11.8212,3.0334,136.899,93.6164,0
76616,4772.0,1.0909,7.6907,7.1668,17.3303,4.1702,0.3353,4.6731,11.0645,2.2213,84.8701,69.6982,64.2288,9.912,57.1459,9.1894,0.663,1.5114,0.1069,1.3973,10.6084,8.4518,45.2747,53.7265,14045.0,54.8309,28.2876,6.4365,11.99,2.9432,307.5411,45.6687,0
76622,10376.0,1.0154,1.3396,1.3878,4.8959,0.7325,0.0578,1.118,1.6769,0.665,95.2583,84.7244,88.4348,31.2066,24.1037,5.8094,0.5816,0.3814,0.429,1.1409,9.0125,1.93,25.1188,27.0489,31658.0,24.9195,11.6874,5.3983,13.1341,3.0511,235.4358,134.4656,0
76670,4764.0,1.0208,1.6163,3.2955,3.1276,2.0571,0.1469,1.8892,2.0571,2.1411,91.9815,84.4668,88.9798,20.6759,54.0512,7.5146,0.3948,1.0615,0.1165,1.1974,9.0118,4.3398,45.7836,50.1234,15450.0,55.0162,16.8738,5.9547,11.0744,3.2431,201.9263,76.513,0
76736,12892.0,1.0195,1.5281,7.1362,10.0295,2.7692,0.1008,1.0239,13.489,1.5203,88.4657,81.0968,78.444,22.2851,23.821,10.1882,1.3953,1.015,0.8235,3.1681,12.9152,7.6594,22.6418,30.3012,36827.0,22.7279,18.872,5.0778,14.75,2.8566,536.6289,68.6266,0
76823,4031.0,1.0337,3.101,2.2823,24.4852,0.6698,0.1488,2.3071,2.6544,2.4312,86.9759,71.8432,87.8938,13.545,29.8189,10.8552,1.7401,1.2098,0.3149,2.9168,12.9015,3.6237,34.0293,37.653,12091.0,30.899,14.0766,5.6654,13.3819,2.9995,175.5876,68.8602,0
76828,5251.0,1.0392,3.3517,9.0078,28.2613,5.8655,1.1998,2.4757,19.5582,2.5519,82.2891,67.8157,69.1487,12.8547,49.2859,14.9525,3.6886,2.7334,2.9917,4.7158,18.8898,9.2431,43.1839,52.427,16688.0,52.7864,33.3833,6.244,12.6318,3.1781,307.1201,54.337,0
76834,63937.0,1.0373,3.1578,2.2444,1.1042,1.5359,0.0907,0.8618,1.6141,0.8336,97.5804,95.7302,95.8443,54.6788,14.7254,5.5474,0.5012,0.7585,0.2476,1.2656,10.0614,3.5449,17.6309,21.1758,187159.0,16.6885,5.2731,5.5285,11.5682,2.9272,908.3541,206.0419,0
76845,1490.0,1.0993,8.9262,7.7181,10.4027,0.3356,0.4027,0.8725,10.2685,1.4765,92.2148,65.906,76.7785,11.2081,53.1544,7.9422,0.3982,0.8801,0.0629,1.4878,11.7373,9.774,26.0843,35.8583,4844.0,53.5301,37.6961,5.6358,12.6548,3.251,41.798,115.8908,0
76863,2111.0,1.0602,5.0687,7.0109,39.46,5.9687,0.1421,0.8527,37.2335,1.0895,84.1781,70.0616,57.6504,7.9583,44.955,10.4605,1.5402,0.2888,0.4171,1.6685,14.4497,8.7578,36.4164,45.1743,6233.0,47.5213,30.7557,5.5511,13.8617,2.9526,200.3038,31.1177,0
76869,3412.0,1.0352,2.7843,2.755,15.6506,1.0258,0.0586,2.8136,2.5791,1.8464,92.2626,73.5053,69.0504,25.762,31.272,7.1316,0.4748,0.6983,0.1676,2.6348,12.1583,4.3318,26.6704,31.0023,10766.0,29.5653,25.2461,5.4059,13.3847,3.1553,112.6176,95.5978,0
76890,4896.0,1.0609,5.0858,4.9837,6.6585,4.1054,0.0408,1.8791,4.8815,1.1642,89.0523,67.6471,69.9346,26.3685,46.1601,8.793,0.6985,0.7899,0.5549,1.3186,9.069,7.3368,37.6276,44.9644,15325.0,46.0489,26.7145,5.6052,11.9935,3.1301,327.151,46.8438,0
76892,31267.0,1.0131,1.0202,5.1428,1.6695,3.4829,0.2111,2.8944,1.2473,0.7132,95.2282,88.1728,95.8838,49.1796,14.3538,7.678,0.8001,2.3411,0.1223,2.6089,9.5818,6.2064,19.3648,25.5712,95040.0,11.0196,6.9949,5.9701,9.2877,3.0396,230.3115,412.6585,0
76895,13211.0,1.0053,0.439,1.9378,1.6199,0.5904,0.2271,0.7342,0.8099,1.1808,97.3053,94.7998,95.6778,35.2661,24.525,6.0949,0.5471,0.6337,0.1552,1.2114,8.6934,2.297,28.4004,30.6974,39343.0,24.3601,4.6311,5.9553,11.3769,2.978,367.4757,107.0629,0
81001,21462.0,1.0608,4.7246,20.0121,0.862,2.1387,17.072,16.2799,0.2283,6.3275,76.5353,73.8095,77.2808,25.2959,12.832,31.5608,9.7217,23.5553,2.831,9.5542,55.039,23.4875,24.3505,47.838,75735.0,12.8725,11.4108,8.1125,5.481,3.5288,5765.3046,13.1363,0
81065,13008.0,1.0668,5.2276,53.4517,0.3306,44.0498,7.1033,33.6716,1.1993,15.4136,50.4382,33.8715,44.0883,5.8195,70.9179,41.5645,10.7852,33.6102,2.4803,7.7802,46.0068,54.3188,24.8342,79.153,45268.0,70.8182,41.0533,9.0483,5.7635,3.48,3039.7613,14.892,0
81220,1134.0,1.0326,2.8219,7.9365,37.3016,1.2346,6.6138,26.6314,0.0,30.2469,67.6367,64.4621,67.7249,16.843,29.4533,29.8299,8.809,16.1087,2.6619,9.0011,31.7901,10.3419,47.5214,57.8632,3644.0,26.674,26.674,8.5895,7.6564,3.2134,5185.0064,0.7028,0
81300,5187.0,1.042,3.6437,44.9586,0.1928,39.252,5.1668,24.9663,0.694,6.0536,73.7228,39.4062,62.2518,4.9354,43.262,34.4487,10.5209,24.405,4.5533,9.0433,38.9333,45.1577,24.0991,69.2568,17492.0,46.9986,37.5086,9.3871,5.4882,3.3723,1156.822,15.1207,0
81591,1232.0,1.0536,4.3019,10.7955,8.3604,3.6526,7.0617,16.7208,0.3247,16.3961,65.9091,58.3604,50.8929,2.8409,30.5195,23.0881,7.3583,12.4246,1.0133,7.7201,40.6504,12.7244,43.0133,55.7377,4169.0,29.5035,28.592,7.4838,7.1,3.3839,2274.8745,1.8326,0
81736,16908.0,1.0804,6.4467,32.5822,0.0946,25.3194,6.9316,18.3404,0.3549,4.4062,87.9761,57.4817,79.3057,10.4329,22.1789,27.9506,8.0053,20.4579,2.5823,8.0225,41.5392,34.0908,22.6513,56.742,52884.0,23.7463,18.6692,8.9365,6.4481,3.1278,943.4759,56.0523,0
81794,12063.0,1.0327,2.7522,28.9149,2.6279,21.5286,6.3168,20.6997,0.6052,8.2649,70.1484,61.4109,65.3569,7.9831,33.8888,30.1242,8.9675,21.6083,3.7511,7.5474,45.7851,29.3229,24.1689,53.4918,40311.0,36.139,29.193,9.191,5.7056,3.3417,5410.5115,7.4505,0
85001,51758.0,1.026,2.1543,4.9905,0.1294,0.5603,4.3452,3.613,0.1488,2.1465,89.1263,84.0063,91.1337,39.6712,13.312,11.535,2.1796,5.6545,0.582,3.862,19.2218,6.6275,25.8977,32.5251,156942.0,15.0355,10.6893,7.8749,4.587,3.0322,2480.3936,63.273,0
85010,11786.0,1.0283,2.2569,6.881,0.1018,1.2472,5.4217,5.8459,0.543,3.7757,80.3241,77.3799,80.3665,28.729,25.946,14.0356,2.224,5.9776,0.443,4.8432,22.7424,8.691,26.8158,35.5068,33440.0,26.9856,19.8086,7.7841,5.8403,2.8373,1441.4813,23.1984,0
85015,646.0,1.1362,12.0743,19.195,2.1672,18.7307,0.4644,11.9195,3.7152,16.5635,65.1703,63.9319,64.2415,6.0372,35.2941,17.4246,3.4747,9.7087,2.095,4.7011,39.9194,21.3896,30.5177,51.9074,2009.0,37.0333,37.0333,7.566,7.6157,3.1099,309.6895,6.4871,0
85125,3160.0,1.0326,2.7532,17.1835,19.019,6.2975,9.3671,24.3987,1.5823,30.0633,53.6076,40.4114,42.7848,8.6076,54.3987,33.036,12.3168,18.0701,5.0341,14.01,41.2192,17.4922,48.7774,66.2696,11431.0,56.513,51.0629,9.5442,5.9487,3.6174,5495.1167,2.0802,0
85136,367.0,1.0845,7.0845,11.4441,3.5422,11.1717,0.0,14.7139,1.0899,3.5422,56.6757,51.2262,47.6839,9.2643,51.7711,24.1908,4.1738,6.0477,2.9813,9.3697,38.2022,13.0653,46.2312,59.2965,1227.0,50.7742,50.7742,9.128,6.683,3.3433,199.6993,6.1442,0
85139,3962.0,1.1343,10.5755,4.5432,0.6815,0.9339,3.2812,3.1045,0.4291,7.37,55.7294,72.7915,73.1954,16.633,26.5522,15.7366,3.3543,4.5918,0.3269,8.2497,25.1414,9.2951,41.4276,50.7227,13291.0,26.2057,22.7071,8.8029,5.9288,3.3546,3750.6392,3.5437,0
85162,4771.0,1.148,12.0729,4.6531,0.0629,2.2637,2.117,2.8925,0.3773,3.7309,89.4991,76.1685,79.9623,18.1304,28.296,8.2956,0.9863,3.5331,0.331,1.7024,10.4363,8.2832,27.3125,35.5957,14828.0,26.4297,18.9709,7.7354,6.6496,3.1079,778.8378,19.0386,0
85225,2442.0,1.0856,7.371,15.3563,7.3301,8.19,7.0434,21.9492,0.2867,22.7682,46.0278,27.3137,32.801,2.8256,76.9861,34.0395,12.2233,13.3778,9.5572,14.6751,38.8319,17.2205,55.7779,72.9985,8469.0,78.8759,73.279,8.3835,7.4979,3.4681,1100.8426,7.6932,0
85230,2140.0,1.1257,10.3738,12.1963,10.2804,1.4953,10.6075,22.6168,0.0935,8.7383,75.3738,72.3364,72.243,5.7944,30.2804,29.9194,10.0655,16.2132,1.0078,11.9552,53.1664,12.3241,27.9961,40.3202,8142.0,35.6792,31.7735,8.7325,5.6252,3.8047,4744.8091,1.716,0
85250,9833.0,1.1104,8.5833,6.0307,8.8579,1.5255,3.9764,11.5834,0.3763,13.8411,77.0568,65.7988,69.5617,8.6952,29.4824,22.4673,5.4188,7.4449,1.6551,11.0967,29.9434,11.4218,36.6303,48.0521,34446.0,29.7161,25.614,9.2318,6.3229,3.5031,12076.6206,2.8523,0
85263,3275.0,1.1417,11.6031,8.9771,7.9695,3.7252,4.8855,17.0076,0.3053,9.1908,74.4122,62.7176,62.8092,12.3053,36.2443,27.0726,6.6885,10.267,1.5363,14.829,34.391,12.9481,42.3221,55.2702,10675.0,38.3794,38.1546,9.1148,6.2763,3.2595,780.4082,13.6787,0
85279,439.0,1.1207,9.1116,37.3576,0.4556,35.0797,0.2278,22.0957,8.656,13.2118,21.4123,25.0569,28.0182,3.4169,80.1822,28.1301,8.4553,15.6911,16.9919,0.4878,30.2591,35.5691,48.9837,84.5528,1247.0,77.3857,67.6022,6.9767,8.9816,2.8405,181.0246,6.8886,0
85300,1046.0,1.109,9.0822,4.6845,0.6692,4.4933,0.1912,4.3977,1.1472,2.5813,72.2753,67.1128,69.0249,10.4207,46.9407,11.7804,1.1647,2.3627,0.3993,2.5957,14.1126,7.5065,39.0854,46.5919,3046.0,47.4064,31.4511,6.1064,9.7505,2.912,400.7471,7.6008,0
85315,531.0,1.1525,12.4294,31.6384,2.0716,30.1318,0.565,17.7024,3.7665,18.2674,73.823,59.322,57.0621,8.2863,41.0546,30.5672,14.7463,20.2985,17.8507,2.209,55.0122,28.9331,17.9024,46.8354,1675.0,48.8358,48.8358,8.9552,6.9254,3.1544,311.9107,5.3701,0
85325,2181.0,1.039,3.3012,5.2728,11.0041,2.1091,2.7052,11.2334,0.321,13.3425,53.3242,39.0188,39.0646,5.6396,60.8895,18.3029,3.8327,4.6261,0.3631,6.603,24.0892,7.6821,36.2031,43.8852,7537.0,61.9079,58.9492,8.4649,7.1647,3.4558,2983.7216,2.526,0
85400,2026.0,1.0192,1.6288,18.9042,36.4758,13.08,4.9358,46.4956,1.3327,45.9526,26.0612,23.5933,22.2606,3.8993,76.9497,37.5554,14.3068,18.1296,11.3043,13.6341,43.2638,19.6307,63.897,83.5277,6317.0,75.3522,70.429,8.2951,8.0576,3.118,1090.109,5.7948,0
85410,6512.0,1.0491,4.0694,8.0467,0.2457,1.7199,6.1425,4.2998,0.43,3.0098,84.5977,71.2377,79.3458,15.2795,32.1867,14.6139,1.785,7.018,0.2349,3.5607,22.6976,10.0981,27.1769,37.275,21709.0,35.0454,29.2091,8.227,4.9242,3.3337,2384.0228,9.106,0
85430,3194.0,1.1324,10.0814,5.0094,4.6963,1.7846,2.5673,10.9894,0.6262,14.3081,63.9324,61.2085,60.958,7.1071,40.6387,21.5661,4.4116,6.993,1.0101,9.4967,27.453,9.8256,41.2676,51.0933,11734.0,42.3555,37.7535,8.9398,5.9997,3.6738,2961.3499,3.9624,0
85440,10110.0,1.1626,11.9288,6.6864,0.1286,3.5312,3.0168,5.2028,0.4253,2.7003,82.6014,69.8912,86.271,14.6093,21.3947,12.6724,2.4139,5.4558,0.6311,4.3672,21.2386,10.8975,29.7235,40.621,31727.0,21.6818,17.307,7.9522,5.5662,3.1382,833.5483,38.0626,0
86001,15870.0,1.1691,12.6717,15.6711,0.2583,14.8141,0.775,2.1361,8.431,4.5621,91.2539,72.2684,79.874,26.1815,25.0977,10.6654,1.6431,2.3037,1.1351,5.2177,16.6317,19.8606,25.4207,45.2813,48422.0,26.7771,20.8769,7.2405,6.7139,3.0512,1301.9085,37.1931,0
86219,1640.0,1.2268,17.378,8.8415,5.5488,8.6585,0.122,4.2683,4.0244,1.2195,95.7927,90.6098,79.0244,21.4634,32.9878,9.9635,1.4234,2.8082,0.654,6.0012,11.7617,14.1646,36.808,50.9726,5204.0,37.0869,14.3928,7.7825,9.4543,3.1732,64.2661,80.9758,0
86320,11311.0,1.199,13.7477,60.7727,0.0707,59.6941,0.6277,4.3232,38.6703,26.9295,49.3679,44.6645,46.4415,5.1454,46.9189,22.7423,4.1815,3.9303,12.7619,5.1863,31.7086,62.4593,17.8117,80.2709,33003.0,46.1776,38.1541,8.1629,5.7843,2.9178,1934.7269,17.0582,0
86568,19332.0,1.0615,4.6348,38.6303,0.1241,38.2837,0.2586,2.8036,27.3588,29.6658,17.4322,51.6605,63.4492,10.9456,38.382,19.3423,3.1295,2.6216,7.9472,5.1467,28.8121,40.6265,48.4825,89.109,57255.0,38.8141,33.5796,7.4055,5.72,2.9617,2814.1389,20.3455,0
86569,3729.0,1.4025,26.3073,48.5921,0.2682,48.2167,0.2145,3.6739,35.4787,28.104,46.2859,49.2357,48.7798,2.0917,58.1657,19.6625,3.438,3.2305,8.6446,5.4232,27.9638,50.1051,18.9639,69.069,11122.0,58.7394,47.6713,8.1101,6.4107,2.9826,924.6113,12.0288,0
86571,5504.0,1.0825,6.4499,77.1621,0.4179,73.1105,2.7435,8.3757,53.6337,54.8328,38.9898,26.399,30.2507,1.181,75.1999,36.1653,8.6088,7.7467,19.8573,4.9941,42.3296,76.8038,12.2724,89.0762,17495.0,75.1872,57.4964,9.1283,4.9271,3.1786,4572.6694,3.826,0
86573,5734.0,1.1617,11.6324,63.3938,0.2093,60.9522,1.9707,6.8713,47.1399,39.1001,58.3537,47.0003,55.2668,3.4705,47.977,34.1136,8.7582,8.2175,18.7111,7.2714,47.9542,65.3222,11.0387,76.3609,20045.0,46.9993,42.4645,9.1394,4.6146,3.4958,10902.4699,1.8386,0
86749,4363.0,1.2143,16.2503,12.5831,0.2063,12.4456,0.0458,1.4669,6.2113,0.9856,97.433,77.6301,72.3814,21.6823,27.6645,8.1521,0.6965,1.3859,0.2772,3.4399,9.7829,18.7524,19.4329,38.1853,14104.0,29.715,25.6239,6.6719,9.4229,3.2326,97.5514,144.5802,0
86755,1698.0,1.2279,17.3734,18.7279,0.3534,18.669,0.0589,2.0024,11.543,2.5324,92.9329,67.5501,82.0966,14.6643,37.5147,7.5899,1.0612,1.3489,0.7554,3.6691,6.7141,23.2726,24.2322,47.5048,5572.0,40.3625,33.6504,6.407,11.3424,3.2815,406.3862,13.7111,0
86757,4334.0,1.2146,15.3207,56.8297,0.2077,55.9529,0.5076,3.2995,34.7254,41.8782,4.73,33.9409,49.8385,4.4301,64.9054,23.0238,4.366,2.949,11.1343,7.4732,28.7761,59.7677,37.5095,97.2772,14054.0,67.1766,50.7969,8.4958,5.365,3.2427,378.9676,37.085,0
86760,2058.0,1.2566,17.9786,21.6229,1.1176,21.4772,0.0,12.0505,3.7415,2.5267,94.898,60.0583,47.4733,8.4062,47.4733,23.6692,4.2968,10.3828,1.9211,12.1719,28.6555,24.1169,33.9017,58.0187,6836.0,49.7659,46.5623,8.3236,9.9035,3.3217,340.9551,20.0496,0
86865,8930.0,1.3025,20.6719,46.5733,0.224,45.8791,0.3695,3.953,27.458,21.5566,19.72,47.7604,53.953,2.9451,49.5297,16.8471,2.7808,3.5285,6.2173,4.8435,20.6268,50.7565,38.5746,89.3312,27455.0,51.0217,37.5706,7.2846,5.6638,3.0745,812.8082,33.778,0
86885,7005.0,1.0905,6.738,36.7024,0.0999,36.217,0.3141,1.2134,25.2819,12.177,76.2598,63.0121,61.0849,8.237,43.2834,14.6517,2.0476,1.4015,2.5117,6.8344,20.7948,37.699,21.6054,59.3043,22630.0,43.2877,33.9417,8.418,5.886,3.2305,1394.1291,16.2324,0
88001,14540.0,1.0091,0.7084,8.707,0.0825,8.5695,0.1169,1.293,3.425,0.4952,30.7428,17.8267,97.3728,26.4718,30.5915,15.5536,1.1319,0.8201,9.8755,3.904,6.0681,10.7507,81.3522,92.1029,43754.0,31.2794,2.8775,6.9845,7.4188,3.0092,26.7568,1635.2488,0
88564,1657.0,1.0151,1.3881,37.8998,0.1811,36.9342,0.4828,0.6035,27.0972,1.3881,88.7145,5.7333,94.8099,29.2094,55.2203,8.5369,0.6601,0.6161,4.9065,0.7921,5.6235,38.5492,60.5516,99.1007,4545.0,53.9934,3.2563,6.4686,8.4708,2.7429,21.9983,206.6071,0
91001,10729.0,1.0522,3.5138,41.6255,0.1491,40.2181,0.9227,3.402,31.6432,9.3858,48.1778,43.8624,67.6018,5.7321,20.7009,27.3573,6.2855,4.2759,9.633,14.5877,33.3912,45.3945,35.291,80.6855,42844.0,24.7969,4.4417,10.2535,4.2736,3.9933,6153.3122,6.9628,0
91263,413.0,1.0,0.0,83.293,0.0,80.8717,0.2421,1.937,79.9031,54.9637,13.8015,11.3801,7.5061,6.7797,100.0,37.5076,11.179,1.5883,21.6249,17.7764,37.5076,82.3529,17.402,99.7549,1885.0,100.0,47.2679,10.504,4.9867,4.5642,10889.2898,0.1731,0
91405,448.0,1.0,0.0,87.7232,0.4464,76.1161,0.4464,8.7054,70.9821,59.1518,16.7411,17.8571,9.5982,8.0357,100.0,35.8158,9.7783,4.2638,22.1717,14.6674,35.8158,87.239,12.529,99.768,2357.0,100.0,74.8409,10.6916,4.7942,5.2612,12719.94,0.1853,0
91407,733.0,1.0164,1.5007,92.633,0.2729,78.4447,3.1378,18.281,72.1692,74.0791,2.0464,2.3192,2.0464,1.0914,100.0,78.8319,42.6496,21.6239,71.7094,38.1481,78.8319,91.0423,8.9577,100.0,3781.0,100.0,75.9852,11.5842,3.7292,5.1583,13602.591,0.278,0
91430,40.0,1.0,0.0,92.5,0.0,37.5,10.0,40.0,45.0,95.0,7.5,10.0,5.0,2.5,100.0,90.9639,66.2651,48.7952,83.1325,22.8916,90.9639,89.6552,3.4483,93.1035,166.0,100.0,100.0,10.8434,4.8193,4.15,1428.9626,0.1162,0
91460,179.0,1.0,0.0,97.2067,0.0,74.3017,1.1173,18.9944,77.6536,79.8883,1.1173,0.5587,0.5587,1.676,100.0,85.7647,63.0588,21.2941,78.1176,63.1765,85.7647,96.875,3.125,100.0,1023.0,100.0,82.2092,11.6325,4.9853,5.7151,16823.6241,0.0608,0
91530,167.0,1.0,0.0,96.4072,0.0,96.4072,0.0,4.7904,89.2216,59.2814,34.1317,2.994,7.7844,8.3832,100.0,42.8781,10.5727,2.0558,31.8649,3.6711,42.8781,97.006,2.3952,99.4012,681.0,100.0,56.8282,14.2438,5.1395,4.0778,8490.7458,0.0802,0
91536,214.0,1.0,0.0,98.1308,0.0,96.729,0.9346,7.9439,87.8505,58.8785,3.7383,3.271,3.271,2.3364,100.0,34.5953,11.3577,5.3525,17.7546,9.7911,34.5953,98.5916,1.4085,100.0,794.0,100.0,47.733,12.2166,6.6751,3.7103,13755.9015,0.0577,0
91540,1520.0,1.1816,12.3684,87.5,0.0,86.5132,0.7895,4.5395,79.6053,18.5526,28.2237,17.5,24.4079,3.8158,66.7105,41.7415,12.4983,3.858,28.6269,14.079,44.8615,89.156,9.223,98.379,7896.0,69.9088,27.6342,11.5502,3.8501,5.1947,1500.5365,5.2621,0
91669,301.0,1.0,0.0,98.3389,0.3322,97.01,0.9967,6.9767,86.0465,76.412,17.9402,5.9801,1.6611,0.9967,100.0,49.4918,11.4934,5.7858,36.4347,3.4402,49.4918,98.227,1.4184,99.6454,1450.0,100.0,83.5172,11.3793,5.7241,4.8173,14710.6935,0.0986,0
91798,678.0,1.0221,1.7699,98.5251,0.1475,97.7876,0.1475,12.5369,82.1534,74.9263,13.7168,13.2743,2.6549,2.5074,100.0,50.7948,15.8601,8.9368,31.9322,13.7407,50.7948,98.5163,1.4837,100.0,3179.0,100.0,91.1293,12.0793,3.586,4.6888,9151.5358,0.3474,0
94001,7096.0,1.0807,6.0175,39.5152,15.1917,27.1702,9.752,32.7227,4.9042,29.4532,26.6347,34.2728,47.5479,9.3433,28.3681,50.7999,27.6646,29.8015,28.5238,19.6171,76.3659,43.6366,42.2242,85.8608,30104.0,35.8026,28.2587,9.3011,3.8832,4.2424,15814.6867,1.9035,0
94343,1016.0,1.003,0.2953,92.126,0.8858,69.7835,3.5433,44.1929,5.9055,38.7795,11.0236,16.437,21.2598,1.378,100.0,76.2607,53.8014,45.2676,61.8309,34.6974,76.2607,84.3786,14.4812,98.8597,7207.0,100.0,87.3456,10.8644,1.9703,7.0935,14316.059,0.5034,0
94883,274.0,1.0,0.0,76.2774,11.6788,74.4526,1.8248,66.7883,12.7737,95.9854,1.0949,0.7299,1.0949,2.5547,100.0,88.3912,58.4095,52.1024,80.0731,15.3565,88.3912,76.7442,23.2558,100.0,1411.0,100.0,82.3529,8.859,3.2601,5.1496,2885.7562,0.489,0
94884,313.0,1.0,0.0,74.7604,10.2236,72.8435,0.639,76.9968,7.0288,95.2077,1.5974,0.639,1.278,0.3195,100.0,95.9638,69.3575,56.8369,91.8451,16.2273,95.9638,71.7391,28.2609,100.0,1643.0,100.0,99.3305,7.8515,4.8083,5.2492,15537.1268,0.1057,0
94885,41.0,1.0,0.0,80.4878,12.1951,80.4878,0.0,65.8537,12.1951,87.8049,12.1951,9.7561,12.1951,2.439,100.0,93.6306,46.4968,53.5032,71.9745,10.828,93.6306,80.4878,19.5122,100.0,222.0,100.0,70.2703,9.4595,5.4054,5.4146,1160.9486,0.1912,0
94886,132.0,1.0,0.0,28.7879,68.1818,18.1818,9.8485,53.7879,3.0303,82.5758,4.5455,4.5455,4.5455,3.7879,100.0,71.6639,31.1367,14.9918,53.542,30.1483,71.6639,35.1145,62.5954,97.7099,839.0,100.0,47.9142,8.4625,3.6949,6.3561,2305.2726,0.3639,0
94887,228.0,1.0395,3.5088,27.6316,69.2982,25.4386,0.8772,85.9649,7.8947,44.7368,1.7544,0.0,1.3158,0.0,100.0,93.6017,63.1579,19.6078,87.7193,33.8493,93.6017,42.5532,57.4468,100.0,1182.0,100.0,81.6413,11.2521,2.8765,5.1842,10152.6768,0.1164,0
94888,130.0,1.0154,0.7692,62.3077,34.6154,59.2308,0.7692,63.0769,24.6154,95.3846,2.3077,0.7692,2.3077,1.5385,100.0,92.3664,70.229,30.687,77.4046,51.9084,92.3664,76.3636,23.6364,100.0,812.0,100.0,81.2808,10.5911,3.5714,6.2462,8500.5142,0.0955,0
95001,14613.0,1.0299,2.2377,29.2,0.1232,25.1009,3.7159,12.003,7.9792,17.2654,52.3438,57.5857,76.2198,17.416,25.2925,23.7819,8.4038,13.9819,7.9821,5.9621,51.4696,29.8974,36.7715,66.6689,48086.0,29.1145,23.6181,7.4575,5.2635,3.2906,16730.3755,2.8742,0
95015,2706.0,1.0244,1.663,84.1833,0.0739,80.7834,2.6977,26.0902,35.7354,51.5891,23.5403,24.3902,38.1005,5.2476,51.8847,40.1772,11.9494,24.1139,18.2532,3.2025,49.5665,83.8498,9.588,93.4378,8648.0,51.3645,50.8557,7.204,4.7294,3.1959,13063.9609,0.662,0
95025,3266.0,1.0374,2.97,68.3099,0.3062,66.9626,0.8573,15.7379,31.384,32.1494,39.8347,34.752,39.2529,3.0006,69.0447,31.881,9.1018,14.901,16.6319,1.9099,40.5117,68.5317,14.2096,82.7413,11340.0,72.0459,58.448,6.2963,5.4497,3.4721,12882.9394,0.8802,0
95200,1561.0,1.0288,2.3062,92.1204,0.0641,90.2627,1.5375,3.3953,85.2018,46.2524,28.3152,2.8828,31.5183,1.5375,67.713,40.0696,9.1723,4.7726,29.6793,4.4246,48.8046,92.1334,7.2373,99.3707,5007.0,61.2742,45.0969,6.3911,5.3725,3.2076,12790.22,0.3915,0
97001,5147.0,1.0258,2.04,77.6375,0.8743,65.9413,3.7109,32.3878,37.0119,45.6965,39.0519,34.933,40.3925,4.8766,56.6349,66.7406,40.7217,35.7823,55.2398,25.3858,86.2633,78.3606,8.4962,86.8568,27709.0,66.2276,63.16,8.0551,4.0564,5.3835,16147.2971,1.716,0
97161,495.0,1.0828,6.4646,89.0909,0.8081,86.4646,1.8182,7.2727,79.596,56.7677,41.2121,40.202,42.0202,3.4343,56.1616,44.3517,12.9666,4.9607,26.5226,11.0511,62.1027,89.7196,2.9907,92.7103,2827.0,51.468,51.468,8.3481,4.2448,5.7111,6353.8494,0.4449,0
97511,596.0,1.0,0.0,98.8255,0.1678,26.1745,5.3691,73.3221,23.1544,96.6443,8.0537,2.1812,2.349,1.0067,100.0,93.6475,82.0244,77.4869,80.8377,56.5445,93.6475,92.6056,7.0423,99.6479,3956.0,100.0,86.2487,10.6421,2.0728,6.6376,13948.4487,0.2836,0
97666,395.0,1.0405,3.2911,94.1772,0.0,79.2405,4.0506,23.5443,64.557,55.443,31.6456,28.1013,32.4051,0.5063,58.9873,78.9374,50.0949,28.969,68.8805,42.315,95.3227,93.0481,1.6043,94.6524,2010.0,58.9055,58.9055,9.9502,2.8358,5.0886,6474.8646,0.3104,0
97777,103.0,1.0,0.0,99.0291,0.0,93.2039,1.9417,29.1262,65.0485,66.0194,4.8544,2.9126,3.8835,1.9417,100.0,87.037,43.5185,25.9259,76.3889,23.3796,87.037,99.0,0.0,99.0,432.0,100.0,83.7963,12.2685,4.8611,4.1942,5534.0575,0.0781,0
97889,93.0,1.0,0.0,81.7204,12.9032,79.5699,0.0,61.2903,26.8817,90.3226,1.0753,0.0,5.3763,2.1505,100.0,76.6585,37.3464,43.4889,45.4545,31.2039,76.6585,84.2697,15.7303,100.0,756.0,100.0,98.4127,5.0265,3.5714,8.129,4631.8803,0.1632,0
99001,5537.0,1.0495,3.6482,25.736,0.5237,6.2128,15.2429,23.8216,0.8308,24.6343,59.4365,10.0415,69.3516,12.9131,25.6095,41.9847,24.1489,31.2431,16.2312,21.668,67.3889,21.7333,71.1446,92.8778,19788.0,29.1742,23.8377,10.6074,3.9822,3.5738,12074.7924,1.6388,0
99524,2495.0,1.0974,7.6954,27.6954,4.008,17.3146,9.5792,34.5491,0.9619,31.4629,64.5691,5.01,47.7756,2.3246,39.7595,46.5758,19.9031,37.0241,8.966,14.046,59.1314,30.3853,65.0275,95.4128,9690.0,44.5924,39.3498,10.3715,4.7781,3.8838,18456.2318,0.525,0
99624,964.0,1.1141,9.9585,17.9461,4.3568,10.0622,7.0539,22.6141,0.2075,31.2241,67.3237,1.6598,61.3071,3.527,34.3361,36.9625,14.9118,25.5513,5.2095,13.892,55.4552,22.4299,75.8878,98.3178,4026.0,41.3313,39.2697,9.3393,4.5455,4.1763,3678.826,1.0944,0
99773,8703.0,1.0946,7.1929,84.5685,5.6532,46.9608,9.7553,75.8129,6.9286,86.7747,10.9732,5.0902,9.2037,1.1031,90.3941,87.4856,73.8524,75.7721,71.5072,46.1406,91.4979,74.9093,19.9275,94.8368,43138.0,93.4883,90.1734,14.0897,2.8745,4.9567,65163.2075,0.662,0
