DIVIPOLA,anio,poblacion
05001,2018,2427133.0
05002,2018,20368.0
05004,2018,2718.0
05021,2018,4642.0
05030,2018,30230.0
05031,2018,25935.0
05034,2018,43265.0
05036,2018,5758.0
05038,2018,11444.0
05040,2018,18317.0
05042,2018,26167.0
05044,2018,7013.0
05045,2018,121014.0
05051,2018,29307.0
05055,2018,7687.0
05059,2018,5142.0
05079,2018,51974.0
05086,2018,5996.0
05088,2018,522259.0
05091,2018,10311.0
05093,2018,15597.0
05101,2018,26118.0
05107,2018,8029.0
05113,2018,9346.0
05120,2018,29014.0
05125,2018,8297.0
05129,2018,79632.0
05134,2018,9211.0
05138,2018,15531.0
05142,2018,4581.0
05145,2018,4758.0
05147,2018,47923.0
05148,2018,59410.0
05150,2018,3957.0
05154,2018,90211.0
05172,2018,57380.0
05190,2018,9778.0
05197,2018,15438.0
05206,2018,4795.0
05209,2018,21367.0
05212,2018,77875.0
05234,2018,23048.0
05237,2018,18914.0
05240,2018,12153.0
05250,2018,51868.0
05264,2018,11154.0
05266,2018,228836.0
05282,2018,24415.0
05284,2018,20742.0
05306,2018,5545.0
05308,2018,51660.0
05310,2018,9761.0
05313,2018,10124.0
05315,2018,6555.0
05318,2018,55110.0
05321,2018,8367.0
05347,2018,5460.0
05353,2018,5471.0
05360,2018,276746.0
05361,2018,27065.0
05364,2018,14520.0
05368,2018,13647.0
05376,2018,64878.0
05380,2018,71567.0
05390,2018,8127.0
05400,2018,21479.0
05411,2018,10023.0
05425,2018,8217.0
05440,2018,64640.0
05467,2018,6662.0
05475,2018,4902.0
05480,2018,13991.0
05483,2018,10154.0
05490,2018,42279.0
05495,2018,25786.0
05501,2018,3118.0
05541,2018,21046.0
05543,2018,8108.0
05576,2018,8660.0
05579,2018,39317.0
05585,2018,14382.0
05591,2018,18052.0
05604,2018,28423.0
05607,2018,23516.0
05615,2018,135473.0
05628,2018,9034.0
05631,2018,82376.0
05642,2018,18267.0
05647,2018,7215.0
05649,2018,16256.0
05652,2018,5648.0
05656,2018,15358.0
05658,2018,3648.0
05659,2018,20085.0
05660,2018,12990.0
05664,2018,21949.0
05665,2018,30934.0
05667,2018,15713.0
05670,2018,21517.0
05674,2018,22084.0
05679,2018,26782.0
05686,2018,36312.0
05690,2018,12393.0
05697,2018,35429.0
05736,2018,37900.0
05756,2018,36327.0
05761,2018,15057.0
05789,2018,16276.0
05790,2018,26960.0
05792,2018,6187.0
05809,2018,10782.0
05819,2018,4993.0
05837,2018,124559.0
05842,2018,6880.0
05847,2018,30136.0
05854,2018,13798.0
05856,2018,6512.0
05858,2018,11817.0
05861,2018,11606.0
05873,2018,9089.0
05885,2018,7606.0
05887,2018,41553.0
05890,2018,22530.0
05893,2018,19043.0
05895,2018,24659.0
08001,2018,1206322.0
08078,2018,62371.0
08137,2018,22876.0
08141,2018,15977.0
08296,2018,60724.0
08372,2018,21005.0
08421,2018,28173.0
08433,2018,128199.0
08436,2018,19803.0
08520,2018,28928.0
08549,2018,6609.0
08558,2018,18187.0
08560,2018,23842.0
08573,2018,49250.0
08606,2018,26207.0
08634,2018,32341.0
08638,2018,93248.0
08675,2018,16030.0
08685,2018,29842.0
08758,2018,603998.0
08770,2018,11937.0
08832,2018,17376.0
08849,2018,12261.0
11001,2018,7391056.0
13001,2018,973047.0
13006,2018,24354.0
13030,2018,10967.0
13042,2018,7348.0
13052,2018,69506.0
13062,2018,8249.0
13074,2018,14837.0
13140,2018,22476.0
13160,2018,8232.0
13188,2018,13442.0
13212,2018,15954.0
13222,2018,14517.0
13244,2018,70142.0
13248,2018,8645.0
13268,2018,7641.0
13300,2018,12322.0
13430,2018,133277.0
13433,2018,27683.0
13440,2018,10665.0
13442,2018,46114.0
13458,2018,16377.0
13468,2018,44445.0
13473,2018,22255.0
13490,2018,9211.0
13549,2018,24204.0
13580,2018,6731.0
13600,2018,10605.0
13620,2018,8050.0
13647,2018,18259.0
13650,2018,12542.0
13654,2018,23923.0
13655,2018,9943.0
13657,2018,36871.0
13667,2018,14771.0
13670,2018,27182.0
13673,2018,14557.0
13683,2018,20961.0
13688,2018,32660.0
13744,2018,18122.0
13760,2018,10658.0
13780,2018,13096.0
13810,2018,18036.0
13836,2018,105166.0
13838,2018,16396.0
13873,2018,23773.0
13894,2018,11871.0
15001,2018,174101.0
15022,2018,1893.0
15047,2018,15339.0
15051,2018,5816.0
15087,2018,7499.0
15090,2018,1569.0
15092,2018,1937.0
15097,2018,5059.0
15104,2018,5040.0
15106,2018,2173.0
15109,2018,4393.0
15114,2018,1112.0
15131,2018,3117.0
15135,2018,3102.0
15162,2018,3710.0
15172,2018,3185.0
15176,2018,56458.0
15180,2018,3964.0
15183,2018,7992.0
15185,2018,5802.0
15187,2018,2771.0
15189,2018,4601.0
15204,2018,12881.0
15212,2018,3578.0
15215,2018,2493.0
15218,2018,2785.0
15223,2018,10314.0
15224,2018,3724.0
15226,2018,1793.0
15232,2018,4631.0
15236,2018,2470.0
15238,2018,123361.0
15244,2018,4204.0
15248,2018,3062.0
15272,2018,6637.0
15276,2018,3250.0
15293,2018,2771.0
15296,2018,4826.0
15299,2018,18005.0
15317,2018,1844.0
15322,2018,10737.0
15325,2018,3377.0
15332,2018,4262.0
15362,2018,1939.0
15367,2018,7164.0
15368,2018,3909.0
15377,2018,3530.0
15380,2018,2689.0
15401,2018,1125.0
15403,2018,2990.0
15407,2018,16117.0
15425,2018,4943.0
15442,2018,5705.0
15455,2018,8856.0
15464,2018,4634.0
15466,2018,4242.0
15469,2018,22564.0
15476,2018,5520.0
15480,2018,8623.0
15491,2018,15904.0
15494,2018,5096.0
15500,2018,2809.0
15507,2018,8002.0
15511,2018,2438.0
15514,2018,3272.0
15516,2018,33587.0
15518,2018,2375.0
15522,2018,1711.0
15531,2018,7154.0
15533,2018,2583.0
15537,2018,4285.0
15542,2018,6809.0
15550,2018,1755.0
15572,2018,46921.0
15580,2018,4868.0
15599,2018,9861.0
15600,2018,7822.0
15621,2018,2395.0
15632,2018,13449.0
15638,2018,5444.0
15646,2018,18240.0
15660,2018,1697.0
15664,2018,4961.0
15667,2018,5477.0
15673,2018,3317.0
15676,2018,2971.0
15681,2018,6552.0
15686,2018,7514.0
15690,2018,3560.0
15693,2018,13097.0
15696,2018,3166.0
15720,2018,2202.0
15723,2018,1077.0
15740,2018,6677.0
15753,2018,9102.0
15755,2018,7242.0
15757,2018,7935.0
15759,2018,128183.0
15761,2018,2894.0
15762,2018,3008.0
15763,2018,8089.0
15764,2018,5910.0
15774,2018,2705.0
15776,2018,6047.0
15778,2018,4197.0
15790,2018,5852.0
15798,2018,3836.0
15804,2018,8995.0
15806,2018,12883.0
15808,2018,3249.0
15810,2018,3315.0
15814,2018,8754.0
15816,2018,4301.0
15820,2018,3601.0
15822,2018,5131.0
15832,2018,1524.0
15835,2018,6093.0
15837,2018,8218.0
15839,2018,2017.0
15842,2018,7453.0
15861,2018,15573.0
15879,2018,2803.0
15897,2018,4609.0
17001,2018,434403.0
17013,2018,22819.0
17042,2018,36129.0
17050,2018,10561.0
17088,2018,10653.0
17174,2018,51266.0
17272,2018,11440.0
17380,2018,71898.0
17388,2018,6007.0
17433,2018,17919.0
17442,2018,8874.0
17444,2018,13240.0
17446,2018,2599.0
17486,2018,21031.0
17495,2018,6020.0
17513,2018,15331.0
17524,2018,15570.0
17541,2018,19905.0
17614,2018,50792.0
17616,2018,10829.0
17653,2018,19457.0
17662,2018,20471.0
17665,2018,4847.0
17777,2018,28623.0
17867,2018,10161.0
17873,2018,64668.0
17877,2018,12736.0
18001,2018,168606.0
18029,2018,4672.0
18094,2018,11035.0
18150,2018,30395.0
18205,2018,7602.0
18247,2018,19306.0
18256,2018,18034.0
18410,2018,14700.0
18460,2018,9707.0
18479,2018,3709.0
18592,2018,26532.0
18610,2018,12802.0
18753,2018,50707.0
18756,2018,11201.0
18785,2018,6204.0
18860,2018,6873.0
19001,2018,318055.0
19022,2018,18448.0
19050,2018,26140.0
19075,2018,21116.0
19100,2018,38044.0
19110,2018,31434.0
19130,2018,42018.0
19137,2018,39948.0
19142,2018,30185.0
19212,2018,25292.0
19256,2018,53895.0
19290,2018,5202.0
19300,2018,19655.0
19318,2018,27620.0
19355,2018,28879.0
19364,2018,17856.0
19392,2018,10744.0
19397,2018,24500.0
19418,2018,18587.0
19450,2018,22674.0
19455,2018,31363.0
19473,2018,38836.0
19513,2018,9942.0
19517,2018,45781.0
19532,2018,36852.0
19533,2018,8817.0
19548,2018,40804.0
19573,2018,41616.0
19585,2018,17268.0
19622,2018,11475.0
19693,2018,10947.0
19698,2018,110465.0
19701,2018,5326.0
19743,2018,37339.0
19760,2018,13940.0
19780,2018,31905.0
19785,2018,9488.0
19807,2018,35476.0
19809,2018,26100.0
19821,2018,35216.0
19824,2018,24554.0
19845,2018,20700.0
20001,2018,490068.0
20011,2018,109616.0
20013,2018,60769.0
20032,2018,20109.0
20045,2018,21609.0
20060,2018,40023.0
20175,2018,34165.0
20178,2018,27707.0
20228,2018,37398.0
20238,2018,30171.0
20250,2018,37530.0
20295,2018,14965.0
20310,2018,4391.0
20383,2018,17152.0
20400,2018,46711.0
20443,2018,10052.0
20517,2018,18559.0
20550,2018,20688.0
20570,2018,27015.0
20614,2018,16837.0
20621,2018,27748.0
20710,2018,26251.0
20750,2018,19038.0
20770,2018,26668.0
20787,2018,15349.0
23001,2018,490941.0
23068,2018,46968.0
23079,2018,21087.0
23090,2018,15346.0
23162,2018,105826.0
23168,2018,17539.0
23182,2018,47920.0
23189,2018,59080.0
23300,2018,19028.0
23350,2018,14864.0
23417,2018,113908.0
23419,2018,18724.0
23464,2018,19589.0
23466,2018,81628.0
23500,2018,29843.0
23555,2018,64212.0
23570,2018,35650.0
23574,2018,23635.0
23580,2018,41875.0
23586,2018,17190.0
23660,2018,107621.0
23670,2018,48613.0
23672,2018,33874.0
23675,2018,36999.0
23678,2018,26959.0
23682,2018,13344.0
23686,2018,51852.0
23807,2018,92339.0
23815,2018,52619.0
23855,2018,35681.0
25001,2018,11687.0
25019,2018,6389.0
25035,2018,14520.0
25040,2018,13738.0
25053,2018,10863.0
25086,2018,1780.0
25095,2018,2434.0
25099,2018,9970.0
25120,2018,4715.0
25123,2018,9930.0
25126,2018,87218.0
25148,2018,12499.0
25151,2018,17078.0
25154,2018,7555.0
25168,2018,4169.0
25175,2018,136742.0
25178,2018,9409.0
25181,2018,10933.0
25183,2018,20545.0
25200,2018,21974.0
25214,2018,34864.0
25224,2018,7560.0
25245,2018,23833.0
25258,2018,4635.0
25260,2018,22208.0
25269,2018,140539.0
25279,2018,11952.0
25281,2018,5755.0
25286,2018,93357.0
25288,2018,4841.0
25290,2018,138503.0
25293,2018,4436.0
25295,2018,17062.0
25297,2018,8401.0
25299,2018,3086.0
25307,2018,101024.0
25312,2018,7132.0
25317,2018,13246.0
25320,2018,30521.0
25322,2018,15304.0
25324,2018,2849.0
25326,2018,6305.0
25328,2018,4422.0
25335,2018,6199.0
25339,2018,3380.0
25368,2018,2287.0
25372,2018,5755.0
25377,2018,32815.0
25386,2018,32707.0
25394,2018,9458.0
25398,2018,5863.0
25402,2018,16916.0
25407,2018,10011.0
25426,2018,6086.0
25430,2018,113204.0
25436,2018,3707.0
25438,2018,8011.0
25473,2018,130255.0
25483,2018,2328.0
25486,2018,13175.0
25488,2018,10828.0
25489,2018,3572.0
25491,2018,6053.0
25506,2018,4222.0
25513,2018,24385.0
25518,2018,4164.0
25524,2018,4980.0
25530,2018,8317.0
25535,2018,9108.0
25572,2018,15453.0
25580,2018,3321.0
25592,2018,4669.0
25594,2018,5030.0
25596,2018,6242.0
25599,2018,8196.0
25612,2018,12874.0
25645,2018,11751.0
25649,2018,8473.0
25653,2018,4802.0
25658,2018,10730.0
25662,2018,8180.0
25718,2018,10653.0
25736,2018,11380.0
25740,2018,35219.0
25743,2018,21628.0
25745,2018,12847.0
25754,2018,659218.0
25758,2018,27249.0
25769,2018,15657.0
25772,2018,16997.0
25777,2018,5167.0
25779,2018,6435.0
25781,2018,5847.0
25785,2018,21566.0
25793,2018,8005.0
25797,2018,9473.0
25799,2018,21857.0
25805,2018,4354.0
25807,2018,3132.0
25815,2018,15737.0
25817,2018,39860.0
25823,2018,4101.0
25839,2018,7668.0
25841,2018,6681.0
25843,2018,42737.0
25845,2018,6939.0
25851,2018,4257.0
25862,2018,6803.0
25867,2018,4309.0
25871,2018,1758.0
25873,2018,17120.0
25875,2018,26957.0
25878,2018,13244.0
25885,2018,12236.0
25898,2018,4635.0
25899,2018,134624.0
27001,2018,129217.0
27006,2018,13988.0
27025,2018,27594.0
27050,2018,6075.0
27073,2018,11024.0
27075,2018,10119.0
27077,2018,29955.0
27099,2018,12079.0
27135,2018,6128.0
27150,2018,18431.0
27160,2018,5630.0
27205,2018,12657.0
27245,2018,8198.0
27250,2018,21675.0
27361,2018,30742.0
27372,2018,6682.0
27413,2018,9782.0
27425,2018,10671.0
27430,2018,15108.0
27450,2018,10582.0
27491,2018,9164.0
27493,2018,0.0
27495,2018,16203.0
27580,2018,5478.0
27600,2018,8215.0
27615,2018,53441.0
27660,2018,5116.0
27745,2018,3177.0
27787,2018,18012.0
27800,2018,12854.0
27810,2018,6810.0
41001,2018,357376.0
41006,2018,24777.0
41013,2018,8804.0
41016,2018,16168.0
41020,2018,22495.0
41026,2018,4272.0
41078,2018,8345.0
41132,2018,31080.0
41206,2018,7276.0
41244,2018,4223.0
41298,2018,72381.0
41306,2018,24567.0
41319,2018,17884.0
41349,2018,7300.0
41357,2018,9260.0
41359,2018,25183.0
41378,2018,12865.0
41396,2018,61029.0
41483,2018,6469.0
41503,2018,11620.0
41518,2018,6571.0
41524,2018,26280.0
41530,2018,11159.0
41548,2018,13784.0
41551,2018,124359.0
41615,2018,24305.0
41660,2018,10450.0
41668,2018,33027.0
41676,2018,10409.0
41770,2018,21851.0
41791,2018,17442.0
41797,2018,10696.0
41799,2018,11802.0
41801,2018,8043.0
41807,2018,21790.0
41872,2018,7282.0
41885,2018,7740.0
44001,2018,188019.0
44035,2018,29154.0
44078,2018,35753.0
44090,2018,37745.0
44098,2018,13002.0
44110,2018,7170.0
44279,2018,42774.0
44378,2018,20057.0
44420,2018,3501.0
44430,2018,170582.0
44560,2018,83065.0
44650,2018,46949.0
44847,2018,163463.0
44855,2018,10974.0
44874,2018,28344.0
47001,2018,499188.0
47030,2018,15524.0
47053,2018,39855.0
47058,2018,30215.0
47161,2018,9886.0
47170,2018,21860.0
47189,2018,120075.0
47205,2018,10517.0
47245,2018,65476.0
47258,2018,22536.0
47268,2018,19695.0
47288,2018,66427.0
47318,2018,26613.0
47460,2018,19657.0
47541,2018,9196.0
47545,2018,12103.0
47551,2018,37339.0
47555,2018,61773.0
47570,2018,29823.0
47605,2018,11451.0
47660,2018,15643.0
47675,2018,10734.0
47692,2018,19529.0
47703,2018,11692.0
47707,2018,25425.0
47720,2018,10575.0
47745,2018,27130.0
47798,2018,13233.0
47960,2018,9916.0
47980,2018,68711.0
50001,2018,531285.0
50006,2018,88028.0
50110,2018,6439.0
50124,2018,6055.0
50150,2018,14305.0
50223,2018,6968.0
50226,2018,22814.0
50245,2018,1775.0
50251,2018,7983.0
50270,2018,3889.0
50287,2018,12120.0
50313,2018,68874.0
50318,2018,14123.0
50325,2018,7011.0
50330,2018,11161.0
50350,2018,26862.0
50370,2018,9273.0
50400,2018,11461.0
50450,2018,8379.0
50568,2018,41515.0
50573,2018,30405.0
50577,2018,10429.0
50590,2018,13079.0
50606,2018,18285.0
50680,2018,12294.0
50683,2018,9116.0
50686,2018,1297.0
50689,2018,26700.0
50711,2018,17776.0
52001,2018,392934.0
52019,2018,9641.0
52022,2018,7392.0
52036,2018,8781.0
52051,2018,8437.0
52079,2018,55628.0
52083,2018,6335.0
52110,2018,23906.0
52203,2018,8528.0
52207,2018,13790.0
52210,2018,7273.0
52215,2018,15509.0
52224,2018,9210.0
52227,2018,36870.0
52233,2018,5946.0
52240,2018,15359.0
52250,2018,22501.0
52254,2018,7439.0
52256,2018,12278.0
52258,2018,14340.0
52260,2018,14286.0
52287,2018,7240.0
52317,2018,19458.0
52320,2018,11567.0
52323,2018,7053.0
52352,2018,7655.0
52354,2018,7645.0
52356,2018,116128.0
52378,2018,18746.0
52381,2018,10102.0
52385,2018,6494.0
52390,2018,7390.0
52399,2018,31849.0
52405,2018,9771.0
52411,2018,10217.0
52418,2018,9557.0
52427,2018,24706.0
52435,2018,8993.0
52473,2018,11982.0
52480,2018,4358.0
52490,2018,25373.0
52506,2018,7106.0
52520,2018,14193.0
52540,2018,9896.0
52560,2018,10412.0
52565,2018,5561.0
52573,2018,8573.0
52585,2018,17500.0
52612,2018,19626.0
52621,2018,12658.0
52678,2018,29433.0
52683,2018,20775.0
52685,2018,9200.0
52687,2018,18479.0
52693,2018,15395.0
52694,2018,6850.0
52696,2018,13422.0
52699,2018,10790.0
52720,2018,7358.0
52786,2018,17862.0
52788,2018,13514.0
52835,2018,253643.0
52838,2018,44745.0
52885,2018,10940.0
54001,2018,711714.0
54003,2018,31785.0
54051,2018,9602.0
54099,2018,8102.0
54109,2018,6247.0
54125,2018,2791.0
54128,2018,10997.0
54172,2018,17273.0
54174,2018,11556.0
54206,2018,18462.0
54223,2018,8107.0
54239,2018,4531.0
54245,2018,13153.0
54250,2018,20079.0
54261,2018,26696.0
54313,2018,7293.0
54344,2018,9996.0
54347,2018,6745.0
54377,2018,6261.0
54385,2018,11360.0
54398,2018,7590.0
54405,2018,89100.0
54418,2018,3953.0
54480,2018,4152.0
54498,2018,118266.0
54518,2018,50019.0
54520,2018,5419.0
54553,2018,8495.0
54599,2018,5897.0
54660,2018,10216.0
54670,2018,12009.0
54673,2018,6989.0
54680,2018,3366.0
54720,2018,25157.0
54743,2018,6166.0
54800,2018,16202.0
54810,2018,53610.0
54820,2018,15424.0
54871,2018,4996.0
54874,2018,101944.0
63001,2018,295208.0
63111,2018,3095.0
63130,2018,72785.0
63190,2018,28160.0
63212,2018,5643.0
63272,2018,12072.0
63302,2018,7511.0
63401,2018,33445.0
63470,2018,36764.0
63548,2018,5222.0
63594,2018,30756.0
63690,2018,9257.0
66001,2018,467261.0
66045,2018,12399.0
66075,2018,6421.0
66088,2018,24705.0
66170,2018,217176.0
66318,2018,12149.0
66383,2018,7509.0
66400,2018,27918.0
66440,2018,16934.0
66456,2018,16935.0
66572,2018,16174.0
66594,2018,27308.0
66682,2018,77840.0
66687,2018,12664.0
68001,2018,581138.0
68013,2018,1848.0
68020,2018,4093.0
68051,2018,8223.0
68077,2018,31192.0
68079,2018,10500.0
68081,2018,203539.0
68092,2018,5941.0
68101,2018,11174.0
68121,2018,1946.0
68132,2018,2129.0
68147,2018,5512.0
68152,2018,4287.0
68160,2018,2014.0
68162,2018,6734.0
68167,2018,12270.0
68169,2018,2883.0
68176,2018,2865.0
68179,2018,5032.0
68190,2018,32862.0
68207,2018,5738.0
68209,2018,3181.0
68211,2018,3668.0
68217,2018,5008.0
68229,2018,12719.0
68235,2018,20913.0
68245,2018,2147.0
68250,2018,5230.0
68255,2018,13714.0
68264,2018,2548.0
68266,2018,3457.0
68271,2018,5535.0
68276,2018,291930.0
68296,2018,2892.0
68298,2018,3993.0
68307,2018,160393.0
68318,2018,5923.0
68320,2018,4503.0
68322,2018,2360.0
68324,2018,4198.0
68327,2018,5126.0
68344,2018,2317.0
68368,2018,3327.0
68370,2018,1330.0
68377,2018,6169.0
68385,2018,10323.0
68397,2018,4911.0
68406,2018,41845.0
68418,2018,14102.0
68425,2018,2157.0
68432,2018,20945.0
68444,2018,4977.0
68464,2018,10522.0
68468,2018,4135.0
68498,2018,5652.0
68500,2018,10795.0
68502,2018,4193.0
68522,2018,1366.0
68524,2018,2534.0
68533,2018,4655.0
68547,2018,170632.0
68549,2018,5156.0
68572,2018,14602.0
68573,2018,7636.0
68575,2018,32781.0
68615,2018,26441.0
68655,2018,33043.0
68669,2018,8682.0
68673,2018,2932.0
68679,2018,56052.0
68682,2018,2246.0
68684,2018,4371.0
68686,2018,2537.0
68689,2018,33132.0
68705,2018,2380.0
68720,2018,3364.0
68745,2018,10040.0
68755,2018,32154.0
68770,2018,9968.0
68773,2018,7126.0
68780,2018,3979.0
68820,2018,7369.0
68855,2018,6081.0
68861,2018,24362.0
68867,2018,2117.0
68872,2018,7873.0
68895,2018,9463.0
70001,2018,277775.0
70110,2018,10442.0
70124,2018,15235.0
70204,2018,8614.0
70215,2018,67379.0
70221,2018,18245.0
70230,2018,4478.0
70233,2018,9946.0
70235,2018,21986.0
70265,2018,17712.0
70400,2018,12358.0
70418,2018,22880.0
70429,2018,36658.0
70473,2018,15056.0
70508,2018,22889.0
70523,2018,14109.0
70670,2018,46454.0
70678,2018,28681.0
70702,2018,13524.0
70708,2018,57682.0
70713,2018,49621.0
70717,2018,18584.0
70742,2018,30768.0
70771,2018,29543.0
70820,2018,32902.0
70823,2018,21329.0
73001,2018,529634.0
73024,2018,4534.0
73026,2018,8702.0
73030,2018,6670.0
73043,2018,10219.0
73055,2018,12693.0
73067,2018,19342.0
73124,2018,18472.0
73148,2018,10111.0
73152,2018,6366.0
73168,2018,50368.0
73200,2018,8246.0
73217,2018,22789.0
73226,2018,8739.0
73236,2018,8356.0
73268,2018,70499.0
73270,2018,7695.0
73275,2018,28376.0
73283,2018,31060.0
73319,2018,32941.0
73347,2018,7359.0
73349,2018,24684.0
73352,2018,11892.0
73408,2018,18592.0
73411,2018,36793.0
73443,2018,37766.0
73449,2018,36544.0
73461,2018,4116.0
73483,2018,14843.0
73504,2018,34606.0
73520,2018,9728.0
73547,2018,6698.0
73555,2018,25767.0
73563,2018,8491.0
73585,2018,23521.0
73616,2018,22775.0
73622,2018,5470.0
73624,2018,21673.0
73671,2018,14436.0
73675,2018,12901.0
73678,2018,13558.0
73686,2018,5779.0
73770,2018,3821.0
73854,2018,5337.0
73861,2018,12814.0
73870,2018,9285.0
73873,2018,5123.0
76001,2018,2227649.0
76020,2018,14067.0
76036,2018,22448.0
76041,2018,17442.0
76054,2018,5391.0
76100,2018,16003.0
76109,2018,308193.0
76111,2018,127542.0
76113,2018,24332.0
76122,2018,28825.0
76126,2018,18051.0
76130,2018,91829.0
76147,2018,135733.0
76233,2018,48448.0
76243,2018,8905.0
76246,2018,6849.0
76248,2018,56459.0
76250,2018,8892.0
76275,2018,57382.0
76306,2018,22736.0
76318,2018,33184.0
76364,2018,159871.0
76377,2018,16322.0
76400,2018,33964.0
76403,2018,12165.0
76497,2018,12311.0
76520,2018,349295.0
76563,2018,47599.0
76606,2018,15308.0
76616,2018,15557.0
76622,2018,36793.0
76670,2018,16948.0
76736,2018,42141.0
76823,2018,14613.0
76828,2018,19220.0
76834,2018,212677.0
76845,2018,5471.0
76863,2018,7260.0
76869,2018,12736.0
76890,2018,16016.0
76892,2018,107323.0
76895,2018,41923.0
81001,2018,85590.0
81065,2018,49843.0
81220,2018,3922.0
81300,2018,18935.0
81591,2018,4386.0
81736,2018,55562.0
81794,2018,43939.0
85001,2018,168427.0
85010,2018,36916.0
85015,2018,2499.0
85125,2018,12322.0
85136,2018,1415.0
85139,2018,17209.0
85162,2018,17521.0
85225,2018,8831.0
85230,2018,12341.0
85250,2018,36274.0
85263,2018,11972.0
85279,2018,1657.0
85300,2018,3634.0
85315,2018,2107.0
85325,2018,8462.0
85400,2018,6861.0
85410,2018,23525.0
85430,2018,13225.0
85440,2018,35313.0
86001,2018,56390.0
86219,2018,5412.0
86320,2018,37744.0
86568,2018,64884.0
86569,2018,16086.0
86571,2018,35393.0
86573,2018,28460.0
86749,2018,14940.0
86755,2018,5643.0
86757,2018,18770.0
86760,2018,7293.0
86865,2018,33455.0
86885,2018,23697.0
88001,2018,55286.0
88564,2018,5998.0
91001,2018,48182.0
91263,2018,2094.0
91405,2018,2956.0
91407,2018,3806.0
91430,2018,640.0
91460,2018,1847.0
91530,2018,742.0
91536,2018,1016.0
91540,2018,9735.0
91669,2018,1757.0
91798,2018,3798.0
94001,2018,31533.0
94343,2018,8076.0
94663,2018,1025.0
94883,2018,1662.0
94884,2018,1864.0
94885,2018,270.0
94886,2018,849.0
94887,2018,1896.0
94888,2018,906.0
95001,2018,52849.0
95015,2018,9527.0
95025,2018,13632.0
95200,2018,6760.0
97001,2018,29831.0
97161,2018,2923.0
97511,2018,4036.0
97666,2018,2205.0
97777,2018,738.0
97889,2018,1041.0
99001,2018,20946.0
99524,2018,10126.0
99624,2018,4067.0
99773,2018,72563.0
05001,2019,2455336.0
05002,2019,20612.0
05004,2019,2745.0
05021,2019,4759.0
05030,2019,30729.0
05031,2019,26501.0
05034,2019,43759.0
05036,2019,5846.0
05038,2019,11687.0
05040,2019,18801.0
05042,2019,26520.0
05044,2019,7162.0
05045,2019,121255.0
05051,2019,29738.0
05055,2019,7798.0
05059,2019,5208.0
05079,2019,55001.0
05086,2019,6072.0
05088,2019,537451.0
05091,2019,10446.0
05093,2019,15929.0
05101,2019,26377.0
05107,2019,8075.0
05113,2019,9682.0
05120,2019,29152.0
05125,2019,8509.0
05129,2019,82011.0
05134,2019,9395.0
05138,2019,15611.0
05142,2019,4569.0
05145,2019,4735.0
05147,2019,48374.0
05148,2019,61076.0
05150,2019,3956.0
05154,2019,91003.0
05172,2019,57144.0
05190,2019,9791.0
05197,2019,15606.0
05206,2019,4874.0
05209,2019,21664.0
05212,2019,80676.0
05234,2019,23418.0
05237,2019,19033.0
05240,2019,12363.0
05250,2019,52651.0
05264,2019,11425.0
05266,2019,235397.0
05282,2019,24869.0
05284,2019,21018.0
05306,2019,5716.0
05308,2019,54202.0
05310,2019,9878.0
05313,2019,10204.0
05315,2019,6662.0
05318,2019,56977.0
05321,2019,8568.0
05347,2019,5415.0
05353,2019,5551.0
05360,2019,283136.0
05361,2019,27640.0
05364,2019,14696.0
05368,2019,13782.0
05376,2019,65950.0
05380,2019,73966.0
05390,2019,8164.0
05400,2019,21871.0
05411,2019,10243.0
05425,2019,8369.0
05440,2019,66120.0
05467,2019,6719.0
05475,2019,5080.0
05480,2019,14048.0
05483,2019,10335.0
05490,2019,42626.0
05495,2019,26385.0
05501,2019,3200.0
05541,2019,21536.0
05543,2019,8257.0
05576,2019,8754.0
05579,2019,39202.0
05585,2019,14651.0
05591,2019,18551.0
05604,2019,29213.0
05607,2019,24136.0
05615,2019,138479.0
05628,2019,9207.0
05631,2019,86724.0
05642,2019,18477.0
05647,2019,7307.0
05649,2019,16423.0
05652,2019,5736.0
05656,2019,15840.0
05658,2019,3698.0
05659,2019,20138.0
05660,2019,13220.0
05664,2019,22073.0
05665,2019,31274.0
05667,2019,15999.0
05670,2019,22122.0
05674,2019,22659.0
05679,2019,27302.0
05686,2019,36987.0
05690,2019,12661.0
05697,2019,36100.0
05736,2019,38046.0
05756,2019,36423.0
05761,2019,15332.0
05789,2019,16426.0
05790,2019,27375.0
05792,2019,6240.0
05809,2019,10941.0
05819,2019,5011.0
05837,2019,126132.0
05842,2019,7023.0
05847,2019,30463.0
05854,2019,14068.0
05856,2019,6553.0
05858,2019,11864.0
05861,2019,11781.0
05873,2019,9488.0
05885,2019,7653.0
05887,2019,41595.0
05890,2019,23072.0
05893,2019,19531.0
05895,2019,25015.0
08001,2019,1230835.0
08078,2019,64550.0
08137,2019,23641.0
08141,2019,16579.0
08296,2019,62945.0
08372,2019,21596.0
08421,2019,29047.0
08433,2019,133000.0
08436,2019,20521.0
08520,2019,30007.0
08549,2019,6830.0
08558,2019,18749.0
08560,2019,24518.0
08573,2019,52086.0
08606,2019,26977.0
08634,2019,33538.0
08638,2019,95541.0
08675,2019,16629.0
08685,2019,30976.0
08758,2019,627273.0
08770,2019,12350.0
08832,2019,17949.0
08849,2019,12771.0
11001,2019,7533202.0
13001,2019,984671.0
13006,2019,24967.0
13030,2019,11186.0
13042,2019,7634.0
13052,2019,70362.0
13062,2019,8332.0
13074,2019,15404.0
13140,2019,23019.0
13160,2019,8371.0
13188,2019,13882.0
13212,2019,16431.0
13222,2019,14791.0
13244,2019,71603.0
13248,2019,8865.0
13268,2019,7819.0
13300,2019,12575.0
13430,2019,136673.0
13433,2019,28535.0
13440,2019,10920.0
13442,2019,46894.0
13458,2019,16484.0
13468,2019,45408.0
13473,2019,23096.0
13490,2019,9917.0
13549,2019,24665.0
13580,2019,6955.0
13600,2019,10989.0
13620,2019,8355.0
13647,2019,18819.0
13650,2019,12677.0
13654,2019,24584.0
13655,2019,10108.0
13657,2019,37936.0
13667,2019,15137.0
13670,2019,27641.0
13673,2019,14589.0
13683,2019,21326.0
13688,2019,32969.0
13744,2019,18265.0
13760,2019,11054.0
13780,2019,13498.0
13810,2019,18241.0
13836,2019,109191.0
13838,2019,16653.0
13873,2019,24732.0
13894,2019,12189.0
15001,2019,176904.0
15022,2019,1886.0
15047,2019,15378.0
15051,2019,5935.0
15087,2019,7529.0
15090,2019,1600.0
15092,2019,1922.0
15097,2019,5087.0
15104,2019,5107.0
15106,2019,2210.0
15109,2019,4419.0
15114,2019,1154.0
15131,2019,3087.0
15135,2019,3137.0
15162,2019,3704.0
15172,2019,3208.0
15176,2019,56930.0
15180,2019,4003.0
15183,2019,8064.0
15185,2019,5852.0
15187,2019,2786.0
15189,2019,4624.0
15204,2019,12995.0
15212,2019,3590.0
15215,2019,2515.0
15218,2019,2815.0
15223,2019,10870.0
15224,2019,3738.0
15226,2019,1786.0
15232,2019,4667.0
15236,2019,2511.0
15238,2019,125538.0
15244,2019,4232.0
15248,2019,3083.0
15272,2019,6743.0
15276,2019,3267.0
15293,2019,2800.0
15296,2019,4809.0
15299,2019,18265.0
15317,2019,1860.0
15322,2019,10887.0
15325,2019,3425.0
15332,2019,4282.0
15362,2019,1952.0
15367,2019,7205.0
15368,2019,3929.0
15377,2019,3581.0
15380,2019,2673.0
15401,2019,1116.0
15403,2019,2980.0
15407,2019,16673.0
15425,2019,5021.0
15442,2019,5744.0
15455,2019,8915.0
15464,2019,4629.0
15466,2019,4258.0
15469,2019,22830.0
15476,2019,5508.0
15480,2019,8568.0
15491,2019,16159.0
15494,2019,5126.0
15500,2019,2827.0
15507,2019,8041.0
15511,2019,2441.0
15514,2019,3286.0
15516,2019,34414.0
15518,2019,2371.0
15522,2019,1715.0
15531,2019,7199.0
15533,2019,2623.0
15537,2019,4311.0
15542,2019,6864.0
15550,2019,1777.0
15572,2019,47185.0
15580,2019,4899.0
15599,2019,9916.0
15600,2019,7883.0
15621,2019,2413.0
15632,2019,13662.0
15638,2019,5601.0
15646,2019,18478.0
15660,2019,1709.0
15664,2019,4958.0
15667,2019,5470.0
15673,2019,3334.0
15676,2019,3016.0
15681,2019,6597.0
15686,2019,7601.0
15690,2019,3597.0
15693,2019,13194.0
15696,2019,3211.0
15720,2019,2198.0
15723,2019,1085.0
15740,2019,6720.0
15753,2019,9160.0
15755,2019,7304.0
15757,2019,8046.0
15759,2019,130006.0
15761,2019,2897.0
15762,2019,3040.0
15763,2019,8128.0
15764,2019,5977.0
15774,2019,2720.0
15776,2019,6134.0
15778,2019,4222.0
15790,2019,5894.0
15798,2019,3811.0
15804,2019,9030.0
15806,2019,13044.0
15808,2019,3301.0
15810,2019,3297.0
15814,2019,8834.0
15816,2019,4342.0
15820,2019,3625.0
15822,2019,5157.0
15832,2019,1560.0
15835,2019,6056.0
15837,2019,8261.0
15839,2019,2034.0
15842,2019,7534.0
15861,2019,15855.0
15879,2019,2840.0
15897,2019,4654.0
17001,2019,440570.0
17013,2019,23012.0
17042,2019,36669.0
17050,2019,10659.0
17088,2019,10711.0
17174,2019,51351.0
17272,2019,11545.0
17380,2019,72120.0
17388,2019,6021.0
17433,2019,18142.0
17442,2019,9125.0
17444,2019,13426.0
17446,2019,2647.0
17486,2019,21264.0
17495,2019,6075.0
17513,2019,15532.0
17524,2019,15816.0
17541,2019,20221.0
17614,2019,51621.0
17616,2019,11010.0
17653,2019,19612.0
17662,2019,20812.0
17665,2019,4917.0
17777,2019,29338.0
17867,2019,10373.0
17873,2019,66223.0
17877,2019,12774.0
18001,2019,170885.0
18029,2019,4719.0
18094,2019,11102.0
18150,2019,30785.0
18205,2019,7617.0
18247,2019,19390.0
18256,2019,18215.0
18410,2019,14865.0
18460,2019,9848.0
18479,2019,3711.0
18592,2019,26687.0
18610,2019,12889.0
18753,2019,51111.0
18756,2019,11108.0
18785,2019,6247.0
18860,2019,6932.0
19001,2019,324594.0
19022,2019,18460.0
19050,2019,26389.0
19075,2019,21302.0
19100,2019,38082.0
19110,2019,31732.0
19130,2019,42670.0
19137,2019,40637.0
19142,2019,30344.0
19212,2019,25684.0
19256,2019,54544.0
19290,2019,5222.0
19300,2019,19821.0
19318,2019,27898.0
19355,2019,28950.0
19364,2019,18074.0
19392,2019,10822.0
19397,2019,24495.0
19418,2019,18744.0
19450,2019,23195.0
19455,2019,31661.0
19473,2019,39859.0
19513,2019,10069.0
19517,2019,46971.0
19532,2019,37225.0
19533,2019,8967.0
19548,2019,41239.0
19573,2019,42120.0
19585,2019,17427.0
19622,2019,11572.0
19693,2019,10925.0
19698,2019,113322.0
19701,2019,5327.0
19743,2019,37808.0
19760,2019,14048.0
19780,2019,32868.0
19785,2019,9532.0
19807,2019,36017.0
19809,2019,26614.0
19821,2019,35925.0
19824,2019,25005.0
19845,2019,21217.0
20001,2019,512113.0
20011,2019,114220.0
20013,2019,62500.0
20032,2019,20675.0
20045,2019,22698.0
20060,2019,41590.0
20175,2019,35187.0
20178,2019,28773.0
20228,2019,38980.0
20238,2019,31220.0
20250,2019,39469.0
20295,2019,15328.0
20310,2019,4501.0
20383,2019,17767.0
20400,2019,49441.0
20443,2019,10352.0
20517,2019,19153.0
20550,2019,21468.0
20570,2019,28474.0
20614,2019,17412.0
20621,2019,28842.0
20710,2019,27246.0
20750,2019,19941.0
20770,2019,28024.0
20787,2019,15801.0
23001,2019,503974.0
23068,2019,47596.0
23079,2019,21348.0
23090,2019,15569.0
23162,2019,108346.0
23168,2019,17910.0
23182,2019,48821.0
23189,2019,59879.0
23300,2019,19496.0
23350,2019,15152.0
23417,2019,115527.0
23419,2019,18882.0
23464,2019,20147.0
23466,2019,82839.0
23500,2019,30497.0
23555,2019,64786.0
23570,2019,36160.0
23574,2019,23901.0
23580,2019,42662.0
23586,2019,17607.0
23660,2019,109807.0
23670,2019,49364.0
23672,2019,34867.0
23675,2019,37813.0
23678,2019,27364.0
23682,2019,13695.0
23686,2019,53060.0
23807,2019,94016.0
23815,2019,54166.0
23855,2019,35988.0
25001,2019,11730.0
25019,2019,6514.0
25035,2019,14923.0
25040,2019,13923.0
25053,2019,10882.0
25086,2019,1773.0
25095,2019,2463.0
25099,2019,10145.0
25120,2019,4779.0
25123,2019,10023.0
25126,2019,96058.0
25148,2019,12371.0
25151,2019,17283.0
25154,2019,7606.0
25168,2019,4244.0
25175,2019,145682.0
25178,2019,9575.0
25181,2019,11033.0
25183,2019,20852.0
25200,2019,22536.0
25214,2019,38327.0
25224,2019,7696.0
25245,2019,24378.0
25258,2019,4666.0
25260,2019,23038.0
25269,2019,144447.0
25279,2019,12059.0
25281,2019,5734.0
25286,2019,98143.0
25288,2019,4877.0
25290,2019,141657.0
25293,2019,4441.0
25295,2019,17757.0
25297,2019,8471.0
25299,2019,3108.0
25307,2019,101575.0
25312,2019,7239.0
25317,2019,13543.0
25320,2019,30678.0
25322,2019,15717.0
25324,2019,2898.0
25326,2019,6338.0
25328,2019,4518.0
25335,2019,6353.0
25339,2019,3423.0
25368,2019,2249.0
25372,2019,5667.0
25377,2019,36418.0
25386,2019,33492.0
25394,2019,9529.0
25398,2019,5913.0
25402,2019,17322.0
25407,2019,10153.0
25426,2019,6132.0
25430,2019,118034.0
25436,2019,3705.0
25438,2019,8126.0
25473,2019,138336.0
25483,2019,2380.0
25486,2019,13434.0
25488,2019,10872.0
25489,2019,3580.0
25491,2019,6008.0
25506,2019,4281.0
25513,2019,24608.0
25518,2019,4108.0
25524,2019,4996.0
25530,2019,8465.0
25535,2019,9185.0
25572,2019,15548.0
25580,2019,3403.0
25592,2019,4738.0
25594,2019,5080.0
25596,2019,6184.0
25599,2019,8289.0
25612,2019,13317.0
25645,2019,11853.0
25649,2019,8554.0
25653,2019,4828.0
25658,2019,11056.0
25662,2019,8242.0
25718,2019,10787.0
25736,2019,11628.0
25740,2019,37338.0
25743,2019,21853.0
25745,2019,13129.0
25754,2019,692774.0
25758,2019,29252.0
25769,2019,16048.0
25772,2019,17399.0
25777,2019,5244.0
25779,2019,6469.0
25781,2019,6013.0
25785,2019,21850.0
25793,2019,8122.0
25797,2019,9770.0
25799,2019,22391.0
25805,2019,4377.0
25807,2019,3176.0
25815,2019,15830.0
25817,2019,41456.0
25823,2019,4104.0
25839,2019,7714.0
25841,2019,6734.0
25843,2019,43616.0
25845,2019,6927.0
25851,2019,4264.0
25862,2019,6802.0
25867,2019,4387.0
25871,2019,1752.0
25873,2019,17358.0
25875,2019,27386.0
25878,2019,13310.0
25885,2019,12110.0
25898,2019,4659.0
25899,2019,142731.0
27001,2019,131208.0
27006,2019,14371.0
27025,2019,27837.0
27050,2019,6125.0
27073,2019,11257.0
27075,2019,10245.0
27077,2019,30849.0
27099,2019,12238.0
27135,2019,6176.0
27150,2019,19111.0
27160,2019,5700.0
27205,2019,12684.0
27245,2019,8263.0
27250,2019,22466.0
27361,2019,31505.0
27372,2019,6960.0
27413,2019,9879.0
27425,2019,10761.0
27430,2019,15441.0
27450,2019,10662.0
27491,2019,9281.0
27493,2019,0.0
27495,2019,16733.0
27580,2019,5516.0
27600,2019,8262.0
27615,2019,55472.0
27660,2019,5115.0
27745,2019,3199.0
27787,2019,18206.0
27800,2019,12913.0
27810,2019,6885.0
41001,2019,364508.0
41006,2019,24993.0
41013,2019,8897.0
41016,2019,16346.0
41020,2019,22560.0
41026,2019,4358.0
41078,2019,8330.0
41132,2019,31278.0
41206,2019,7354.0
41244,2019,4294.0
41298,2019,73131.0
41306,2019,24490.0
41319,2019,18026.0
41349,2019,7411.0
41357,2019,9331.0
41359,2019,25437.0
41378,2019,13047.0
41396,2019,62181.0
41483,2019,6563.0
41503,2019,11750.0
41518,2019,6751.0
41524,2019,26395.0
41530,2019,11294.0
41548,2019,13957.0
41551,2019,127235.0
41615,2019,25034.0
41660,2019,10499.0
41668,2019,33500.0
41676,2019,10486.0
41770,2019,22525.0
41791,2019,17665.0
41797,2019,10947.0
41799,2019,11936.0
41801,2019,8103.0
41807,2019,22069.0
41872,2019,7316.0
41885,2019,7789.0
44001,2019,193478.0
44035,2019,30566.0
44078,2019,37327.0
44090,2019,40063.0
44098,2019,13394.0
44110,2019,7317.0
44279,2019,44952.0
44378,2019,20776.0
44420,2019,3631.0
44430,2019,178565.0
44560,2019,86496.0
44650,2019,49190.0
44847,2019,171943.0
44855,2019,11080.0
44874,2019,29284.0
47001,2019,515745.0
47030,2019,16190.0
47053,2019,41046.0
47058,2019,30774.0
47161,2019,10201.0
47170,2019,22661.0
47189,2019,123851.0
47205,2019,10691.0
47245,2019,67736.0
47258,2019,23289.0
47268,2019,20133.0
47288,2019,68506.0
47318,2019,27303.0
47460,2019,20274.0
47541,2019,9422.0
47545,2019,12533.0
47551,2019,38080.0
47555,2019,63914.0
47570,2019,30925.0
47605,2019,11863.0
47660,2019,15933.0
47675,2019,11100.0
47692,2019,20139.0
47703,2019,12219.0
47707,2019,26061.0
47720,2019,10736.0
47745,2019,27593.0
47798,2019,13504.0
47960,2019,10161.0
47980,2019,71479.0
50001,2019,542056.0
50006,2019,90779.0
50110,2019,6690.0
50124,2019,6229.0
50150,2019,14878.0
50223,2019,7073.0
50226,2019,23254.0
50245,2019,1794.0
50251,2019,8090.0
50270,2019,3948.0
50287,2019,12313.0
50313,2019,70111.0
50318,2019,14538.0
50325,2019,7068.0
50330,2019,11301.0
50350,2019,27438.0
50370,2019,9386.0
50400,2019,11631.0
50450,2019,8459.0
50568,2019,43661.0
50573,2019,30853.0
50577,2019,10505.0
50590,2019,13145.0
50606,2019,18855.0
50680,2019,12714.0
50683,2019,9195.0
50686,2019,1342.0
50689,2019,27123.0
50711,2019,17926.0
52001,2019,395380.0
52019,2019,9621.0
52022,2019,7473.0
52036,2019,8811.0
52051,2019,8562.0
52079,2019,57305.0
52083,2019,6317.0
52110,2019,24132.0
52203,2019,8524.0
52207,2019,14050.0
52210,2019,7318.0
52215,2019,15743.0
52224,2019,9302.0
52227,2019,37488.0
52233,2019,5946.0
52240,2019,15557.0
52250,2019,22445.0
52254,2019,7524.0
52256,2019,12412.0
52258,2019,14402.0
52260,2019,14359.0
52287,2019,7263.0
52317,2019,19660.0
52320,2019,11589.0
52323,2019,7180.0
52352,2019,7672.0
52354,2019,7698.0
52356,2019,117206.0
52378,2019,18922.0
52381,2019,10110.0
52385,2019,6509.0
52390,2019,7490.0
52399,2019,32307.0
52405,2019,9781.0
52411,2019,10253.0
52418,2019,9566.0
52427,2019,25340.0
52435,2019,8971.0
52473,2019,12007.0
52480,2019,4397.0
52490,2019,25611.0
52506,2019,7119.0
52520,2019,14463.0
52540,2019,9905.0
52560,2019,10428.0
52565,2019,5572.0
52573,2019,8585.0
52585,2019,17496.0
52612,2019,20132.0
52621,2019,12587.0
52678,2019,29434.0
52683,2019,20793.0
52685,2019,9207.0
52687,2019,18547.0
52693,2019,15406.0
52694,2019,6860.0
52696,2019,13549.0
52699,2019,10741.0
52720,2019,7358.0
52786,2019,17968.0
52788,2019,13708.0
52835,2019,257419.0
52838,2019,45170.0
52885,2019,11058.0
54001,2019,736089.0
54003,2019,32731.0
54051,2019,9884.0
54099,2019,8413.0
54109,2019,6557.0
54125,2019,2863.0
54128,2019,11301.0
54172,2019,17828.0
54174,2019,11948.0
54206,2019,19064.0
54223,2019,8262.0
54239,2019,4661.0
54245,2019,13569.0
54250,2019,21378.0
54261,2019,28039.0
54313,2019,7556.0
54344,2019,10245.0
54347,2019,7109.0
54377,2019,6465.0
54385,2019,11699.0
54398,2019,7843.0
54405,2019,92797.0
54418,2019,4080.0
54480,2019,4283.0
54498,2019,122171.0
54518,2019,50724.0
54520,2019,5579.0
54553,2019,8799.0
54599,2019,6076.0
54660,2019,10501.0
54670,2019,12410.0
54673,2019,7456.0
54680,2019,3499.0
54720,2019,25940.0
54743,2019,6396.0
54800,2019,16728.0
54810,2019,56369.0
54820,2019,15908.0
54871,2019,5108.0
54874,2019,107014.0
63001,2019,297241.0
63111,2019,3146.0
63130,2019,73370.0
63190,2019,28424.0
63212,2019,5725.0
63272,2019,12218.0
63302,2019,7612.0
63401,2019,33592.0
63470,2019,36994.0
63548,2019,5281.0
63594,2019,30970.0
63690,2019,9536.0
66001,2019,471992.0
66045,2019,12572.0
66075,2019,6549.0
66088,2019,25007.0
66170,2019,221201.0
66318,2019,12376.0
66383,2019,7626.0
66400,2019,28010.0
66440,2019,17167.0
66456,2019,17414.0
66572,2019,16759.0
66594,2019,27784.0
66682,2019,78945.0
66687,2019,12810.0
68001,2019,590543.0
68013,2019,1856.0
68020,2019,4137.0
68051,2019,8431.0
68077,2019,31749.0
68079,2019,10964.0
68081,2019,208608.0
68092,2019,6158.0
68101,2019,11291.0
68121,2019,1984.0
68132,2019,2187.0
68147,2019,5665.0
68152,2019,4418.0
68160,2019,2077.0
68162,2019,6904.0
68167,2019,12613.0
68169,2019,2986.0
68176,2019,2966.0
68179,2019,5078.0
68190,2019,33127.0
68207,2019,5846.0
68209,2019,3258.0
68211,2019,3771.0
68217,2019,5172.0
68229,2019,13122.0
68235,2019,21697.0
68245,2019,2175.0
68250,2019,5270.0
68255,2019,14073.0
68264,2019,2621.0
68266,2019,3571.0
68271,2019,5570.0
68276,2019,297269.0
68296,2019,2959.0
68298,2019,4028.0
68307,2019,163955.0
68318,2019,6093.0
68320,2019,4522.0
68322,2019,2461.0
68324,2019,4244.0
68327,2019,5211.0
68344,2019,2398.0
68368,2019,3350.0
68370,2019,1431.0
68377,2019,6210.0
68385,2019,10408.0
68397,2019,4961.0
68406,2019,43592.0
68418,2019,14710.0
68425,2019,2235.0
68432,2019,21541.0
68444,2019,5143.0
68464,2019,10742.0
68468,2019,4270.0
68498,2019,5862.0
68500,2019,11032.0
68502,2019,4311.0
68522,2019,1401.0
68524,2019,2603.0
68533,2019,4836.0
68547,2019,175470.0
68549,2019,5355.0
68572,2019,14766.0
68573,2019,7918.0
68575,2019,33635.0
68615,2019,26880.0
68655,2019,34046.0
68669,2019,8809.0
68673,2019,2960.0
68679,2019,58286.0
68682,2019,2313.0
68684,2019,4442.0
68686,2019,2572.0
68689,2019,33894.0
68705,2019,2428.0
68720,2019,3380.0
68745,2019,10380.0
68755,2019,33037.0
68770,2019,10046.0
68773,2019,7185.0
68780,2019,4118.0
68820,2019,7620.0
68855,2019,6288.0
68861,2019,24858.0
68867,2019,2139.0
68872,2019,8124.0
68895,2019,9669.0
70001,2019,286099.0
70110,2019,10754.0
70124,2019,15686.0
70204,2019,8918.0
70215,2019,69271.0
70221,2019,18988.0
70230,2019,4546.0
70233,2019,10100.0
70235,2019,22615.0
70265,2019,18081.0
70400,2019,12666.0
70418,2019,23430.0
70429,2019,37386.0
70473,2019,15455.0
70508,2019,23252.0
70523,2019,14499.0
70670,2019,47789.0
70678,2019,29357.0
70702,2019,13795.0
70708,2019,59008.0
70713,2019,50434.0
70717,2019,19030.0
70742,2019,31255.0
70771,2019,30354.0
70820,2019,33838.0
70823,2019,21756.0
73001,2019,533745.0
73024,2019,4598.0
73026,2019,8754.0
73030,2019,6679.0
73043,2019,10314.0
73055,2019,12741.0
73067,2019,19509.0
73124,2019,18728.0
73148,2019,10270.0
73152,2019,6442.0
73168,2019,50941.0
73200,2019,8333.0
73217,2019,23040.0
73226,2019,8838.0
73236,2019,8423.0
73268,2019,70814.0
73270,2019,7757.0
73275,2019,28542.0
73283,2019,31295.0
73319,2019,33176.0
73347,2019,7491.0
73349,2019,24729.0
73352,2019,12024.0
73408,2019,18603.0
73411,2019,36968.0
73443,2019,38252.0
73449,2019,37013.0
73461,2019,4201.0
73483,2019,15007.0
73504,2019,35050.0
73520,2019,9839.0
73547,2019,6845.0
73555,2019,26013.0
73563,2019,8558.0
73585,2019,23682.0
73616,2019,22954.0
73622,2019,5495.0
73624,2019,21848.0
73671,2019,14532.0
73675,2019,13003.0
73678,2019,13678.0
73686,2019,5821.0
73770,2019,3839.0
73854,2019,5375.0
73861,2019,12868.0
73870,2019,9347.0
73873,2019,5164.0
76001,2019,2248066.0
76020,2019,14195.0
76036,2019,22899.0
76041,2019,17644.0
76054,2019,5459.0
76100,2019,16052.0
76109,2019,311801.0
76111,2019,128980.0
76113,2019,24559.0
76122,2019,29157.0
76126,2019,18297.0
76130,2019,95612.0
76147,2019,137048.0
76233,2019,50402.0
76243,2019,9064.0
76246,2019,6943.0
76248,2019,56746.0
76250,2019,8969.0
76275,2019,57629.0
76306,2019,23058.0
76318,2019,33516.0
76364,2019,166031.0
76377,2019,16689.0
76400,2019,34249.0
76403,2019,12308.0
76497,2019,12407.0
76520,2019,356492.0
76563,2019,48198.0
76606,2019,15464.0
76616,2019,15689.0
76622,2019,37222.0
76670,2019,17047.0
76736,2019,42583.0
76823,2019,14743.0
76828,2019,19406.0
76834,2019,215629.0
76845,2019,5554.0
76863,2019,7348.0
76869,2019,12964.0
76890,2019,16213.0
76892,2019,109197.0
76895,2019,42402.0
81001,2019,86867.0
81065,2019,50689.0
81220,2019,3968.0
81300,2019,19205.0
81591,2019,4465.0
81736,2019,56423.0
81794,2019,44414.0
85001,2019,173316.0
85010,2019,37507.0
85015,2019,2549.0
85125,2019,12503.0
85136,2019,1426.0
85139,2019,17666.0
85162,2019,17858.0
85225,2019,8960.0
85230,2019,12717.0
85250,2019,36850.0
85263,2019,12272.0
85279,2019,1667.0
85300,2019,3678.0
85315,2019,2112.0
85325,2019,8596.0
85400,2019,6972.0
85410,2019,24050.0
85430,2019,13434.0
85440,2019,36416.0
86001,2019,58127.0
86219,2019,5472.0
86320,2019,38000.0
86568,2019,66054.0
86569,2019,16386.0
86571,2019,36397.0
86573,2019,29828.0
86749,2019,15153.0
86755,2019,5653.0
86757,2019,18993.0
86760,2019,7300.0
86865,2019,33714.0
86885,2019,24040.0
88001,2019,55644.0
88564,2019,6035.0
91001,2019,49058.0
91263,2019,2134.0
91405,2019,3010.0
91407,2019,3888.0
91430,2019,652.0
91460,2019,1893.0
91530,2019,764.0
91536,2019,1026.0
91540,2019,10018.0
91669,2019,1773.0
91798,2019,3849.0
94001,2019,32779.0
94343,2019,8514.0
94663,2019,1032.0
94883,2019,1723.0
94884,2019,1901.0
94885,2019,284.0
94886,2019,874.0
94887,2019,1911.0
94888,2019,930.0
95001,2019,53107.0
95015,2019,9603.0
95025,2019,13591.0
95200,2019,6837.0
97001,2019,30265.0
97161,2019,2930.0
97511,2019,4109.0
97666,2019,2335.0
97777,2019,743.0
97889,2019,1066.0
99001,2019,21558.0
99524,2019,10234.0
99624,2019,4110.0
99773,2019,78147.0
05001,2020,2489955.0
05002,2020,20878.0
05004,2020,2783.0
05021,2020,4872.0
05030,2020,31279.0
05031,2020,27066.0
05034,2020,44325.0
05036,2020,5944.0
05038,2020,11950.0
05040,2020,19295.0
05042,2020,26905.0
05044,2020,7340.0
05045,2020,121664.0
05051,2020,30210.0
05055,2020,7916.0
05059,2020,5268.0
05079,2020,58353.0
05086,2020,6171.0
05088,2020,553577.0
05091,2020,10604.0
05093,2020,16251.0
05101,2020,26640.0
05107,2020,8149.0
05113,2020,10012.0
05120,2020,29307.0
05125,2020,8705.0
05129,2020,84640.0
05134,2020,9588.0
05138,2020,15760.0
05142,2020,4583.0
05145,2020,4708.0
05147,2020,48862.0
05148,2020,62774.0
05150,2020,3974.0
05154,2020,91873.0
05172,2020,56976.0
05190,2020,9805.0
05197,2020,15823.0
05206,2020,4951.0
05209,2020,21947.0
05212,2020,83697.0
05234,2020,23829.0
05237,2020,19233.0
05240,2020,12545.0
05250,2020,53491.0
05264,2020,11728.0
05266,2020,242371.0
05282,2020,25367.0
05284,2020,21283.0
05306,2020,5875.0
05308,2020,56990.0
05310,2020,10010.0
05313,2020,10299.0
05315,2020,6786.0
05318,2020,58930.0
05321,2020,8786.0
05347,2020,5393.0
05353,2020,5634.0
05360,2020,290182.0
05361,2020,28276.0
05364,2020,14904.0
05368,2020,13940.0
05376,2020,67103.0
05380,2020,76614.0
05390,2020,8212.0
05400,2020,22306.0
05411,2020,10470.0
05425,2020,8522.0
05440,2020,67645.0
05467,2020,6764.0
05475,2020,5268.0
05480,2020,14093.0
05483,2020,10543.0
05490,2020,43061.0
05495,2020,27004.0
05501,2020,3290.0
05541,2020,22036.0
05543,2020,8421.0
05576,2020,8861.0
05579,2020,39144.0
05585,2020,14934.0
05591,2020,19074.0
05604,2020,30056.0
05607,2020,24807.0
05615,2020,141638.0
05628,2020,9422.0
05631,2020,91288.0
05642,2020,18723.0
05647,2020,7374.0
05649,2020,16629.0
05652,2020,5817.0
05656,2020,16344.0
05658,2020,3771.0
05659,2020,20239.0
05660,2020,13475.0
05664,2020,22221.0
05665,2020,31625.0
05667,2020,16305.0
05670,2020,22742.0
05674,2020,23262.0
05679,2020,27834.0
05686,2020,37680.0
05690,2020,12949.0
05697,2020,36839.0
05736,2020,38217.0
05756,2020,36598.0
05761,2020,15636.0
05789,2020,16585.0
05790,2020,27804.0
05792,2020,6316.0
05809,2020,11090.0
05819,2020,5026.0
05837,2020,127888.0
05842,2020,7138.0
05847,2020,30834.0
05854,2020,14361.0
05856,2020,6597.0
05858,2020,11921.0
05861,2020,11957.0
05873,2020,9915.0
05885,2020,7736.0
05887,2020,41708.0
05890,2020,23637.0
05893,2020,20037.0
05895,2020,25434.0
08001,2020,1260910.0
08078,2020,66927.0
08137,2020,24454.0
08141,2020,17240.0
08296,2020,65478.0
08372,2020,22270.0
08421,2020,30001.0
08433,2020,138416.0
08436,2020,21325.0
08520,2020,31160.0
08549,2020,7079.0
08558,2020,19368.0
08560,2020,25284.0
08573,2020,55121.0
08606,2020,27800.0
08634,2020,34851.0
08638,2020,98114.0
08675,2020,17251.0
08685,2020,32228.0
08758,2020,653377.0
08770,2020,12827.0
08832,2020,18586.0
08849,2020,13321.0
11001,2020,7717564.0
13001,2020,997946.0
13006,2020,25651.0
13030,2020,11460.0
13042,2020,7922.0
13052,2020,71355.0
13062,2020,8483.0
13074,2020,16041.0
13140,2020,23587.0
13160,2020,8543.0
13188,2020,14389.0
13212,2020,16971.0
13222,2020,15122.0
13244,2020,73259.0
13248,2020,9099.0
13268,2020,8000.0
13300,2020,12835.0
13430,2020,140467.0
13433,2020,29471.0
13440,2020,11215.0
13442,2020,47821.0
13458,2020,16626.0
13468,2020,46532.0
13473,2020,24037.0
13490,2020,10666.0
13549,2020,25165.0
13580,2020,7248.0
13600,2020,11422.0
13620,2020,8632.0
13647,2020,19441.0
13650,2020,12841.0
13654,2020,25321.0
13655,2020,10286.0
13657,2020,39110.0
13667,2020,15560.0
13670,2020,28162.0
13673,2020,14650.0
13683,2020,21718.0
13688,2020,33382.0
13744,2020,18453.0
13760,2020,11505.0
13780,2020,13937.0
13810,2020,18517.0
13836,2020,113394.0
13838,2020,16952.0
13873,2020,25753.0
13894,2020,12514.0
15001,2020,178975.0
15022,2020,1889.0
15047,2020,15528.0
15051,2020,6080.0
15087,2020,7603.0
15090,2020,1607.0
15092,2020,1936.0
15097,2020,5124.0
15104,2020,5190.0
15106,2020,2235.0
15109,2020,4476.0
15114,2020,1188.0
15131,2020,3076.0
15135,2020,3167.0
15162,2020,3693.0
15172,2020,3191.0
15176,2020,57221.0
15180,2020,4060.0
15183,2020,8168.0
15185,2020,5914.0
15187,2020,2831.0
15189,2020,4645.0
15204,2020,13241.0
15212,2020,3612.0
15215,2020,2540.0
15218,2020,2845.0
15223,2020,11461.0
15224,2020,3793.0
15226,2020,1830.0
15232,2020,4736.0
15236,2020,2564.0
15238,2020,127363.0
15244,2020,4283.0
15248,2020,3089.0
15272,2020,6859.0
15276,2020,3315.0
15293,2020,2812.0
15296,2020,4832.0
15299,2020,18534.0
15317,2020,1860.0
15322,2020,10998.0
15325,2020,3424.0
15332,2020,4337.0
15362,2020,1963.0
15367,2020,7326.0
15368,2020,3987.0
15377,2020,3632.0
15380,2020,2677.0
15401,2020,1116.0
15403,2020,2969.0
15407,2020,17233.0
15425,2020,5124.0
15442,2020,5834.0
15455,2020,8975.0
15464,2020,4641.0
15466,2020,4297.0
15469,2020,23146.0
15476,2020,5539.0
15480,2020,8550.0
15491,2020,16444.0
15494,2020,5212.0
15500,2020,2869.0
15507,2020,8144.0
15511,2020,2436.0
15514,2020,3343.0
15516,2020,35217.0
15518,2020,2352.0
15522,2020,1726.0
15531,2020,7293.0
15533,2020,2674.0
15537,2020,4351.0
15542,2020,6949.0
15550,2020,1846.0
15572,2020,47447.0
15580,2020,4951.0
15599,2020,10031.0
15600,2020,7983.0
15621,2020,2443.0
15632,2020,13978.0
15638,2020,5780.0
15646,2020,18794.0
15660,2020,1717.0
15664,2020,4972.0
15667,2020,5500.0
15673,2020,3390.0
15676,2020,3035.0
15681,2020,6700.0
15686,2020,7686.0
15690,2020,3616.0
15693,2020,13299.0
15696,2020,3233.0
15720,2020,2211.0
15723,2020,1084.0
15740,2020,6837.0
15753,2020,9223.0
15755,2020,7391.0
15757,2020,8161.0
15759,2020,131421.0
15761,2020,2948.0
15762,2020,3090.0
15763,2020,8205.0
15764,2020,6074.0
15774,2020,2754.0
15776,2020,6199.0
15778,2020,4265.0
15790,2020,5962.0
15798,2020,3814.0
15804,2020,9136.0
15806,2020,13250.0
15808,2020,3387.0
15810,2020,3317.0
15814,2020,8892.0
15816,2020,4395.0
15820,2020,3679.0
15822,2020,5229.0
15832,2020,1576.0
15835,2020,6046.0
15837,2020,8343.0
15839,2020,2057.0
15842,2020,7641.0
15861,2020,16265.0
15879,2020,2882.0
15897,2020,4698.0
17001,2020,447015.0
17013,2020,23193.0
17042,2020,37170.0
17050,2020,10788.0
17088,2020,10767.0
17174,2020,51497.0
17272,2020,11646.0
17380,2020,72402.0
17388,2020,6083.0
17433,2020,18328.0
17442,2020,9348.0
17444,2020,13615.0
17446,2020,2705.0
17486,2020,21529.0
17495,2020,6149.0
17513,2020,15755.0
17524,2020,16090.0
17541,2020,20518.0
17614,2020,52494.0
17616,2020,11159.0
17653,2020,19798.0
17662,2020,21180.0
17665,2020,5019.0
17777,2020,30090.0
17867,2020,10636.0
17873,2020,67842.0
17877,2020,12832.0
18001,2020,173469.0
18029,2020,4756.0
18094,2020,11189.0
18150,2020,31141.0
18205,2020,7664.0
18247,2020,19483.0
18256,2020,18401.0
18410,2020,15039.0
18460,2020,9968.0
18479,2020,3739.0
18592,2020,26872.0
18610,2020,12986.0
18753,2020,51548.0
18756,2020,11020.0
18785,2020,6280.0
18860,2020,7012.0
19001,2020,331304.0
19022,2020,18483.0
19050,2020,26619.0
19075,2020,21493.0
19100,2020,38114.0
19110,2020,32032.0
19130,2020,43314.0
19137,2020,41365.0
19142,2020,30550.0
19212,2020,26106.0
19256,2020,55195.0
19290,2020,5224.0
19300,2020,19966.0
19318,2020,28207.0
19355,2020,29047.0
19364,2020,18307.0
19392,2020,10934.0
19397,2020,24498.0
19418,2020,18889.0
19450,2020,23743.0
19455,2020,31969.0
19473,2020,40912.0
19513,2020,10210.0
19517,2020,48174.0
19532,2020,37616.0
19533,2020,9126.0
19548,2020,41657.0
19573,2020,42617.0
19585,2020,17595.0
19622,2020,11665.0
19693,2020,10913.0
19698,2020,116253.0
19701,2020,5328.0
19743,2020,38291.0
19760,2020,14159.0
19780,2020,33841.0
19785,2020,9597.0
19807,2020,36570.0
19809,2020,27110.0
19821,2020,36634.0
19824,2020,25494.0
19845,2020,21783.0
20001,2020,536621.0
20011,2020,119365.0
20013,2020,64573.0
20032,2020,21359.0
20045,2020,23880.0
20060,2020,43355.0
20175,2020,36394.0
20178,2020,29981.0
20228,2020,40770.0
20238,2020,32394.0
20250,2020,41595.0
20295,2020,15735.0
20310,2020,4673.0
20383,2020,18455.0
20400,2020,52415.0
20443,2020,10711.0
20517,2020,19847.0
20550,2020,22359.0
20570,2020,30063.0
20614,2020,18076.0
20621,2020,30085.0
20710,2020,28360.0
20750,2020,20929.0
20770,2020,29463.0
20787,2020,16305.0
23001,2020,517476.0
23068,2020,48265.0
23079,2020,21642.0
23090,2020,15812.0
23162,2020,110983.0
23168,2020,18314.0
23182,2020,49847.0
23189,2020,60741.0
23300,2020,19939.0
23350,2020,15432.0
23417,2020,117394.0
23419,2020,19038.0
23464,2020,20754.0
23466,2020,84104.0
23500,2020,31240.0
23555,2020,65408.0
23570,2020,36735.0
23574,2020,24206.0
23580,2020,43486.0
23586,2020,18019.0
23660,2020,112097.0
23670,2020,50255.0
23672,2020,35934.0
23675,2020,38682.0
23678,2020,27783.0
23682,2020,14084.0
23686,2020,54279.0
23807,2020,95738.0
23815,2020,55812.0
23855,2020,36311.0
25001,2020,11783.0
25019,2020,6657.0
25035,2020,15313.0
25040,2020,14187.0
25053,2020,10922.0
25086,2020,1790.0
25095,2020,2498.0
25099,2020,10268.0
25120,2020,4834.0
25123,2020,10173.0
25126,2020,101936.0
25148,2020,12307.0
25151,2020,17558.0
25154,2020,7700.0
25168,2020,4286.0
25175,2020,152026.0
25178,2020,9790.0
25181,2020,11172.0
25183,2020,21178.0
25200,2020,23198.0
25214,2020,40458.0
25224,2020,7901.0
25245,2020,24986.0
25258,2020,4734.0
25260,2020,23761.0
25269,2020,147834.0
25279,2020,12196.0
25281,2020,5776.0
25286,2020,103181.0
25288,2020,4960.0
25290,2020,144867.0
25293,2020,4495.0
25295,2020,18441.0
25297,2020,8558.0
25299,2020,3157.0
25307,2020,102135.0
25312,2020,7380.0
25317,2020,13847.0
25320,2020,30839.0
25322,2020,16190.0
25324,2020,2968.0
25326,2020,6409.0
25328,2020,4679.0
25335,2020,6543.0
25339,2020,3465.0
25368,2020,2259.0
25372,2020,5623.0
25377,2020,38181.0
25386,2020,34331.0
25394,2020,9629.0
25398,2020,6004.0
25402,2020,17788.0
25407,2020,10345.0
25426,2020,6219.0
25430,2020,122381.0
25436,2020,3689.0
25438,2020,8259.0
25473,2020,146907.0
25483,2020,2389.0
25486,2020,13761.0
25488,2020,10940.0
25489,2020,3634.0
25491,2020,6001.0
25506,2020,4355.0
25513,2020,24816.0
25518,2020,4104.0
25524,2020,5004.0
25530,2020,8601.0
25535,2020,9266.0
25572,2020,15634.0
25580,2020,3469.0
25592,2020,4831.0
25594,2020,5145.0
25596,2020,6167.0
25599,2020,8396.0
25612,2020,13765.0
25645,2020,12061.0
25649,2020,8607.0
25653,2020,4893.0
25658,2020,11418.0
25662,2020,8317.0
25718,2020,11018.0
25736,2020,11929.0
25740,2020,38454.0
25743,2020,22084.0
25745,2020,13412.0
25754,2020,729462.0
25758,2020,30355.0
25769,2020,16461.0
25772,2020,17860.0
25777,2020,5369.0
25779,2020,6538.0
25781,2020,6210.0
25785,2020,22248.0
25793,2020,8300.0
25797,2020,10129.0
25799,2020,23002.0
25805,2020,4390.0
25807,2020,3251.0
25815,2020,15923.0
25817,2020,43200.0
25823,2020,4122.0
25839,2020,7838.0
25841,2020,6840.0
25843,2020,44453.0
25845,2020,6924.0
25851,2020,4304.0
25862,2020,6873.0
25867,2020,4457.0
25871,2020,1734.0
25873,2020,17648.0
25875,2020,27847.0
25878,2020,13444.0
25885,2020,12040.0
25898,2020,4707.0
25899,2020,148591.0
27001,2020,133199.0
27006,2020,14793.0
27025,2020,28066.0
27050,2020,6170.0
27073,2020,11498.0
27075,2020,10349.0
27077,2020,31743.0
27099,2020,12414.0
27135,2020,6229.0
27150,2020,19790.0
27160,2020,5760.0
27205,2020,12706.0
27245,2020,8333.0
27250,2020,23230.0
27361,2020,32270.0
27372,2020,7231.0
27413,2020,9974.0
27425,2020,10838.0
27430,2020,15753.0
27450,2020,10758.0
27491,2020,9400.0
27493,2020,0.0
27495,2020,17244.0
27580,2020,5577.0
27600,2020,8306.0
27615,2020,57468.0
27660,2020,5145.0
27745,2020,3218.0
27787,2020,18395.0
27800,2020,12980.0
27810,2020,6950.0
41001,2020,371690.0
41006,2020,25228.0
41013,2020,8992.0
41016,2020,16556.0
41020,2020,22658.0
41026,2020,4423.0
41078,2020,8346.0
41132,2020,31493.0
41206,2020,7409.0
41244,2020,4375.0
41298,2020,73890.0
41306,2020,24390.0
41319,2020,18142.0
41349,2020,7539.0
41357,2020,9436.0
41359,2020,25703.0
41378,2020,13245.0
41396,2020,63357.0
41483,2020,6662.0
41503,2020,11881.0
41518,2020,6935.0
41524,2020,26522.0
41530,2020,11420.0
41548,2020,14113.0
41551,2020,130115.0
41615,2020,25769.0
41660,2020,10581.0
41668,2020,33988.0
41676,2020,10539.0
41770,2020,23201.0
41791,2020,17890.0
41797,2020,11175.0
41799,2020,12041.0
41801,2020,8132.0
41807,2020,22338.0
41872,2020,7362.0
41885,2020,7860.0
44001,2020,199802.0
44035,2020,32120.0
44078,2020,39096.0
44090,2020,42609.0
44098,2020,13828.0
44110,2020,7459.0
44279,2020,47321.0
44378,2020,21632.0
44420,2020,3789.0
44430,2020,187372.0
44560,2020,90309.0
44650,2020,51632.0
44847,2020,181260.0
44855,2020,11230.0
44874,2020,30370.0
47001,2020,534879.0
47030,2020,16913.0
47053,2020,42443.0
47058,2020,31459.0
47161,2020,10538.0
47170,2020,23542.0
47189,2020,128288.0
47205,2020,10904.0
47245,2020,70337.0
47258,2020,24117.0
47268,2020,20696.0
47288,2020,70897.0
47318,2020,28150.0
47460,2020,20960.0
47541,2020,9692.0
47545,2020,13053.0
47551,2020,38942.0
47555,2020,66270.0
47570,2020,32179.0
47605,2020,12302.0
47660,2020,16267.0
47675,2020,11513.0
47692,2020,20902.0
47703,2020,12836.0
47707,2020,26747.0
47720,2020,10892.0
47745,2020,28145.0
47798,2020,13830.0
47960,2020,10444.0
47980,2020,74555.0
50001,2020,554012.0
50006,2020,93760.0
50110,2020,6956.0
50124,2020,6404.0
50150,2020,15461.0
50223,2020,7223.0
50226,2020,23717.0
50245,2020,1837.0
50251,2020,8239.0
50270,2020,4022.0
50287,2020,12517.0
50313,2020,71488.0
50318,2020,14985.0
50325,2020,7127.0
50330,2020,11443.0
50350,2020,28035.0
50370,2020,9489.0
50400,2020,11835.0
50450,2020,8539.0
50568,2020,45902.0
50573,2020,31379.0
50577,2020,10591.0
50590,2020,13265.0
50606,2020,19507.0
50680,2020,13184.0
50683,2020,9267.0
50686,2020,1351.0
50689,2020,27579.0
50711,2020,18082.0
52001,2020,397905.0
52019,2020,9654.0
52022,2020,7522.0
52036,2020,8829.0
52051,2020,8668.0
52079,2020,58972.0
52083,2020,6332.0
52110,2020,24359.0
52203,2020,8535.0
52207,2020,14321.0
52210,2020,7394.0
52215,2020,15954.0
52224,2020,9450.0
52227,2020,38121.0
52233,2020,5957.0
52240,2020,15758.0
52250,2020,22385.0
52254,2020,7602.0
52256,2020,12507.0
52258,2020,14492.0
52260,2020,14425.0
52287,2020,7319.0
52317,2020,19862.0
52320,2020,11605.0
52323,2020,7281.0
52352,2020,7698.0
52354,2020,7744.0
52356,2020,118300.0
52378,2020,19082.0
52381,2020,10137.0
52385,2020,6531.0
52390,2020,7576.0
52399,2020,32781.0
52405,2020,9778.0
52411,2020,10262.0
52418,2020,9574.0
52427,2020,25996.0
52435,2020,8992.0
52473,2020,12057.0
52480,2020,4429.0
52490,2020,25848.0
52506,2020,7126.0
52520,2020,14733.0
52540,2020,9904.0
52560,2020,10434.0
52565,2020,5574.0
52573,2020,8591.0
52585,2020,17507.0
52612,2020,20622.0
52621,2020,12475.0
52678,2020,29434.0
52683,2020,20839.0
52685,2020,9204.0
52687,2020,18602.0
52693,2020,15420.0
52694,2020,6858.0
52696,2020,13673.0
52699,2020,10697.0
52720,2020,7370.0
52786,2020,18086.0
52788,2020,13911.0
52835,2020,261178.0
52838,2020,45627.0
52885,2020,11185.0
54001,2020,765533.0
54003,2020,33774.0
54051,2020,10188.0
54099,2020,8743.0
54109,2020,6844.0
54125,2020,2951.0
54128,2020,11664.0
54172,2020,18505.0
54174,2020,12406.0
54206,2020,19716.0
54223,2020,8479.0
54239,2020,4809.0
54245,2020,14035.0
54250,2020,22746.0
54261,2020,29600.0
54313,2020,7855.0
54344,2020,10536.0
54347,2020,7484.0
54377,2020,6684.0
54385,2020,12055.0
54398,2020,8110.0
54405,2020,97133.0
54418,2020,4222.0
54480,2020,4421.0
54498,2020,126550.0
54518,2020,51642.0
54520,2020,5797.0
54553,2020,9156.0
54599,2020,6288.0
54660,2020,10856.0
54670,2020,12833.0
54673,2020,7955.0
54680,2020,3655.0
54720,2020,26848.0
54743,2020,6660.0
54800,2020,17305.0
54810,2020,59347.0
54820,2020,16463.0
54871,2020,5252.0
54874,2020,112817.0
63001,2020,299485.0
63111,2020,3178.0
63130,2020,74027.0
63190,2020,28736.0
63212,2020,5802.0
63272,2020,12369.0
63302,2020,7673.0
63401,2020,33769.0
63470,2020,37268.0
63548,2020,5348.0
63594,2020,31188.0
63690,2020,9816.0
66001,2020,477044.0
66045,2020,12740.0
66075,2020,6680.0
66088,2020,25362.0
66170,2020,225377.0
66318,2020,12580.0
66383,2020,7759.0
66400,2020,28126.0
66440,2020,17398.0
66456,2020,17914.0
66572,2020,17403.0
66594,2020,28305.0
66682,2020,80114.0
66687,2020,12999.0
68001,2020,601668.0
68013,2020,1889.0
68020,2020,4182.0
68051,2020,8632.0
68077,2020,32248.0
68079,2020,11474.0
68081,2020,214541.0
68092,2020,6355.0
68101,2020,11459.0
68121,2020,2025.0
68132,2020,2297.0
68147,2020,5843.0
68152,2020,4589.0
68160,2020,2118.0
68162,2020,7127.0
68167,2020,12996.0
68169,2020,3083.0
68176,2020,3074.0
68179,2020,5184.0
68190,2020,33492.0
68207,2020,5987.0
68209,2020,3407.0
68211,2020,3887.0
68217,2020,5373.0
68229,2020,13589.0
68235,2020,22561.0
68245,2020,2209.0
68250,2020,5357.0
68255,2020,14487.0
68264,2020,2717.0
68266,2020,3695.0
68271,2020,5655.0
68276,2020,303439.0
68296,2020,3025.0
68298,2020,4079.0
68307,2020,167976.0
68318,2020,6304.0
68320,2020,4575.0
68322,2020,2506.0
68324,2020,4289.0
68327,2020,5304.0
68344,2020,2476.0
68368,2020,3401.0
68370,2020,1477.0
68377,2020,6283.0
68385,2020,10533.0
68397,2020,5036.0
68406,2020,45511.0
68418,2020,15362.0
68425,2020,2311.0
68432,2020,22228.0
68444,2020,5306.0
68464,2020,10986.0
68468,2020,4398.0
68498,2020,6084.0
68500,2020,11308.0
68502,2020,4458.0
68522,2020,1457.0
68524,2020,2678.0
68533,2020,5048.0
68547,2020,180828.0
68549,2020,5578.0
68572,2020,14982.0
68573,2020,8235.0
68575,2020,34629.0
68615,2020,27402.0
68655,2020,35157.0
68669,2020,8959.0
68673,2020,2998.0
68679,2020,60752.0
68682,2020,2383.0
68684,2020,4541.0
68686,2020,2653.0
68689,2020,34794.0
68705,2020,2491.0
68720,2020,3423.0
68745,2020,10791.0
68755,2020,34100.0
68770,2020,10186.0
68773,2020,7326.0
68780,2020,4233.0
68820,2020,7893.0
68855,2020,6531.0
68861,2020,25391.0
68867,2020,2196.0
68872,2020,8394.0
68895,2020,9922.0
70001,2020,295008.0
70110,2020,11047.0
70124,2020,16167.0
70204,2020,9211.0
70215,2020,71297.0
70221,2020,19768.0
70230,2020,4642.0
70233,2020,10267.0
70235,2020,23318.0
70265,2020,18514.0
70400,2020,13019.0
70418,2020,24023.0
70429,2020,38223.0
70473,2020,15882.0
70508,2020,23671.0
70523,2020,14910.0
70670,2020,49207.0
70678,2020,30079.0
70702,2020,14097.0
70708,2020,60469.0
70713,2020,51304.0
70717,2020,19517.0
70742,2020,31798.0
70771,2020,31197.0
70820,2020,34843.0
70823,2020,22176.0
73001,2020,538183.0
73024,2020,4662.0
73026,2020,8843.0
73030,2020,6708.0
73043,2020,10425.0
73055,2020,12805.0
73067,2020,19690.0
73124,2020,18990.0
73148,2020,10436.0
73152,2020,6498.0
73168,2020,51522.0
73200,2020,8422.0
73217,2020,23288.0
73226,2020,8915.0
73236,2020,8495.0
73268,2020,71181.0
73270,2020,7839.0
73275,2020,28695.0
73283,2020,31523.0
73319,2020,33441.0
73347,2020,7626.0
73349,2020,24795.0
73352,2020,12172.0
73408,2020,18632.0
73411,2020,37168.0
73443,2020,38758.0
73449,2020,37494.0
73461,2020,4235.0
73483,2020,15152.0
73504,2020,35516.0
73520,2020,9940.0
73547,2020,7010.0
73555,2020,26243.0
73563,2020,8603.0
73585,2020,23840.0
73616,2020,23163.0
73622,2020,5549.0
73624,2020,22023.0
73671,2020,14609.0
73675,2020,13122.0
73678,2020,13805.0
73686,2020,5873.0
73770,2020,3855.0
73854,2020,5438.0
73861,2020,12944.0
73870,2020,9440.0
73873,2020,5207.0
76001,2020,2272432.0
76020,2020,14308.0
76036,2020,23361.0
76041,2020,17850.0
76054,2020,5523.0
76100,2020,16107.0
76109,2020,315455.0
76111,2020,130429.0
76113,2020,24843.0
76122,2020,29526.0
76126,2020,18595.0
76130,2020,99661.0
76147,2020,138481.0
76233,2020,52496.0
76243,2020,9244.0
76246,2020,7044.0
76248,2020,57072.0
76250,2020,9062.0
76275,2020,57951.0
76306,2020,23382.0
76318,2020,33896.0
76364,2020,172511.0
76377,2020,17046.0
76400,2020,34568.0
76403,2020,12441.0
76497,2020,12517.0
76520,2020,364382.0
76563,2020,48804.0
76606,2020,15627.0
76616,2020,15828.0
76622,2020,37686.0
76670,2020,17184.0
76736,2020,43059.0
76823,2020,14902.0
76828,2020,19569.0
76834,2020,218685.0
76845,2020,5619.0
76863,2020,7438.0
76869,2020,13216.0
76890,2020,16372.0
76892,2020,111258.0
76895,2020,42888.0
81001,2020,88336.0
81065,2020,51644.0
81220,2020,4047.0
81300,2020,19537.0
81591,2020,4543.0
81736,2020,57422.0
81794,2020,44966.0
85001,2020,178549.0
85010,2020,38174.0
85015,2020,2603.0
85125,2020,12719.0
85136,2020,1460.0
85139,2020,18191.0
85162,2020,18215.0
85225,2020,9113.0
85230,2020,13112.0
85250,2020,37502.0
85263,2020,12592.0
85279,2020,1700.0
85300,2020,3735.0
85315,2020,2133.0
85325,2020,8745.0
85400,2020,7083.0
85410,2020,24635.0
85430,2020,13670.0
85440,2020,37579.0
86001,2020,59862.0
86219,2020,5528.0
86320,2020,38297.0
86568,2020,67293.0
86569,2020,16630.0
86571,2020,37426.0
86573,2020,31248.0
86749,2020,15344.0
86755,2020,5657.0
86757,2020,19185.0
86760,2020,7311.0
86865,2020,33990.0
86885,2020,24391.0
88001,2020,56055.0
88564,2020,6072.0
91001,2020,49965.0
91263,2020,2154.0
91405,2020,3054.0
91407,2020,3954.0
91430,2020,663.0
91460,2020,1946.0
91530,2020,769.0
91536,2020,1043.0
91540,2020,10319.0
91669,2020,1804.0
91798,2020,3912.0
94001,2020,34028.0
94343,2020,9960.0
94663,2020,0.0
94883,2020,1778.0
94884,2020,1923.0
94885,2020,289.0
94886,2020,878.0
94887,2020,1949.0
94888,2020,967.0
95001,2020,53432.0
95015,2020,9689.0
95025,2020,13543.0
95200,2020,6910.0
97001,2020,30726.0
97161,2020,2959.0
97511,2020,4159.0
97666,2020,2456.0
97777,2020,749.0
97889,2020,1086.0
99001,2020,22205.0
99524,2020,10365.0
99624,2020,4143.0
99773,2020,83751.0
05001,2021,2507620.0
05002,2021,20962.0
05004,2021,2797.0
05021,2021,4962.0
05030,2021,31668.0
05031,2021,27516.0
05034,2021,44621.0
05036,2021,5999.0
05038,2021,12064.0
05040,2021,19662.0
05042,2021,27275.0
05044,2021,7421.0
05045,2021,122772.0
05051,2021,30559.0
05055,2021,7972.0
05059,2021,5286.0
05079,2021,59570.0
05086,2021,6175.0
05088,2021,565630.0
05091,2021,10661.0
05093,2021,16416.0
05101,2021,26886.0
05107,2021,8139.0
05113,2021,10234.0
05120,2021,29325.0
05125,2021,8785.0
05129,2021,85841.0
05134,2021,9670.0
05138,2021,15717.0
05142,2021,4591.0
05145,2021,4684.0
05147,2021,49435.0
05148,2021,64353.0
05150,2021,3980.0
05154,2021,92469.0
05172,2021,57121.0
05190,2021,9892.0
05197,2021,15902.0
05206,2021,4998.0
05209,2021,22039.0
05212,2021,85434.0
05234,2021,24060.0
05237,2021,19395.0
05240,2021,12564.0
05250,2021,54125.0
05264,2021,11968.0
05266,2021,247649.0
05282,2021,25609.0
05284,2021,21426.0
05306,2021,5993.0
05308,2021,58069.0
05310,2021,10089.0
05313,2021,10356.0
05315,2021,6835.0
05318,2021,60291.0
05321,2021,8991.0
05347,2021,5338.0
05353,2021,5699.0
05360,2021,294137.0
05361,2021,28547.0
05364,2021,15038.0
05368,2021,14065.0
05376,2021,68622.0
05380,2021,78211.0
05390,2021,8337.0
05400,2021,22702.0
05411,2021,10568.0
05425,2021,8611.0
05440,2021,69257.0
05467,2021,6719.0
05475,2021,5397.0
05480,2021,14054.0
05483,2021,10648.0
05490,2021,42976.0
05495,2021,27525.0
05501,2021,3333.0
05541,2021,22454.0
05543,2021,8510.0
05576,2021,8909.0
05579,2021,39297.0
05585,2021,15076.0
05591,2021,19310.0
05604,2021,30674.0
05607,2021,25360.0
05615,2021,144612.0
05628,2021,9507.0
05631,2021,94754.0
05642,2021,18784.0
05647,2021,7392.0
05649,2021,16720.0
05652,2021,5874.0
05656,2021,16777.0
05658,2021,3818.0
05659,2021,20197.0
05660,2021,13691.0
05664,2021,22298.0
05665,2021,31876.0
05667,2021,16585.0
05670,2021,23116.0
05674,2021,23578.0
05679,2021,28206.0
05686,2021,38277.0
05690,2021,13084.0
05697,2021,37602.0
05736,2021,38568.0
05756,2021,36558.0
05761,2021,15845.0
05789,2021,16624.0
05790,2021,28134.0
05792,2021,6388.0
05809,2021,11217.0
05819,2021,4993.0
05837,2021,128586.0
05842,2021,7215.0
05847,2021,31123.0
05854,2021,14497.0
05856,2021,6632.0
05858,2021,12019.0
05861,2021,12071.0
05873,2021,10239.0
05885,2021,7744.0
05887,2021,41888.0
05890,2021,23951.0
05893,2021,20471.0
05895,2021,25732.0
08001,2021,1271797.0
08078,2021,68800.0
08137,2021,25124.0
08141,2021,17758.0
08296,2021,66754.0
08372,2021,22748.0
08421,2021,30713.0
08433,2021,141679.0
08436,2021,21908.0
08520,2021,32090.0
08549,2021,7272.0
08558,2021,19836.0
08560,2021,25818.0
08573,2021,57267.0
08606,2021,28418.0
08634,2021,35912.0
08638,2021,99882.0
08675,2021,17792.0
08685,2021,33251.0
08758,2021,670454.0
08770,2021,13192.0
08832,2021,19036.0
08849,2021,13795.0
11001,2021,7804920.0
13001,2021,1003943.0
13006,2021,26181.0
13030,2021,11514.0
13042,2021,8105.0
13052,2021,72050.0
13062,2021,8507.0
13074,2021,16409.0
13140,2021,23961.0
13160,2021,8638.0
13188,2021,14754.0
13212,2021,17317.0
13222,2021,15357.0
13244,2021,74317.0
13248,2021,9273.0
13268,2021,8054.0
13300,2021,13004.0
13430,2021,143101.0
13433,2021,30144.0
13440,2021,11386.0
13442,2021,48305.0
13458,2021,16641.0
13468,2021,47203.0
13473,2021,24554.0
13490,2021,11213.0
13549,2021,25416.0
13580,2021,7414.0
13600,2021,11692.0
13620,2021,8901.0
13647,2021,19896.0
13650,2021,12884.0
13654,2021,25844.0
13655,2021,10424.0
13657,2021,39972.0
13667,2021,15723.0
13670,2021,28462.0
13673,2021,14830.0
13683,2021,21952.0
13688,2021,33546.0
13744,2021,18541.0
13760,2021,11862.0
13780,2021,14245.0
13810,2021,18604.0
13836,2021,116684.0
13838,2021,17189.0
13873,2021,26589.0
13894,2021,12751.0
15001,2021,181676.0
15022,2021,1882.0
15047,2021,15506.0
15051,2021,6151.0
15087,2021,7622.0
15090,2021,1619.0
15092,2021,1902.0
15097,2021,5153.0
15104,2021,5233.0
15106,2021,2237.0
15109,2021,4486.0
15114,2021,1207.0
15131,2021,3032.0
15135,2021,3182.0
15162,2021,3678.0
15172,2021,3170.0
15176,2021,57591.0
15180,2021,4070.0
15183,2021,8180.0
15185,2021,5933.0
15187,2021,2833.0
15189,2021,4631.0
15204,2021,13329.0
15212,2021,3578.0
15215,2021,2539.0
15218,2021,2856.0
15223,2021,11898.0
15224,2021,3792.0
15226,2021,1826.0
15232,2021,4784.0
15236,2021,2585.0
15238,2021,129463.0
15244,2021,4282.0
15248,2021,3122.0
15272,2021,6921.0
15276,2021,3328.0
15293,2021,2807.0
15296,2021,4802.0
15299,2021,18764.0
15317,2021,1847.0
15322,2021,11116.0
15325,2021,3457.0
15332,2021,4352.0
15362,2021,1956.0
15367,2021,7360.0
15368,2021,3994.0
15377,2021,3678.0
15380,2021,2649.0
15401,2021,1138.0
15403,2021,2952.0
15407,2021,17729.0
15425,2021,5166.0
15442,2021,5845.0
15455,2021,9014.0
15464,2021,4641.0
15466,2021,4300.0
15469,2021,23348.0
15476,2021,5463.0
15480,2021,8485.0
15491,2021,16612.0
15494,2021,5216.0
15500,2021,2900.0
15507,2021,8149.0
15511,2021,2416.0
15514,2021,3357.0
15516,2021,35949.0
15518,2021,2324.0
15522,2021,1731.0
15531,2021,7316.0
15533,2021,2699.0
15537,2021,4366.0
15542,2021,6968.0
15550,2021,1866.0
15572,2021,47641.0
15580,2021,4971.0
15599,2021,10087.0
15600,2021,8023.0
15621,2021,2451.0
15632,2021,14124.0
15638,2021,5913.0
15646,2021,18953.0
15660,2021,1705.0
15664,2021,4955.0
15667,2021,5460.0
15673,2021,3392.0
15676,2021,3058.0
15681,2021,6720.0
15686,2021,7722.0
15690,2021,3619.0
15693,2021,13366.0
15696,2021,3286.0
15720,2021,2181.0
15723,2021,1074.0
15740,2021,6842.0
15753,2021,9268.0
15755,2021,7422.0
15757,2021,8229.0
15759,2021,133104.0
15761,2021,2951.0
15762,2021,3098.0
15763,2021,8207.0
15764,2021,6121.0
15774,2021,2773.0
15776,2021,6249.0
15778,2021,4291.0
15790,2021,5992.0
15798,2021,3814.0
15804,2021,9149.0
15806,2021,13358.0
15808,2021,3453.0
15810,2021,3290.0
15814,2021,8921.0
15816,2021,4411.0
15820,2021,3706.0
15822,2021,5227.0
15832,2021,1560.0
15835,2021,5972.0
15837,2021,8337.0
15839,2021,2057.0
15842,2021,7654.0
15861,2021,16467.0
15879,2021,2888.0
15897,2021,4706.0
17001,2021,453659.0
17013,2021,23138.0
17042,2021,37368.0
17050,2021,10813.0
17088,2021,10713.0
17174,2021,51554.0
17272,2021,11571.0
17380,2021,72562.0
17388,2021,6039.0
17433,2021,18402.0
17442,2021,9395.0
17444,2021,13654.0
17446,2021,2693.0
17486,2021,21608.0
17495,2021,6160.0
17513,2021,15812.0
17524,2021,16143.0
17541,2021,20594.0
17614,2021,52659.0
17616,2021,11211.0
17653,2021,19801.0
17662,2021,21222.0
17665,2021,5034.0
17777,2021,30504.0
17867,2021,10728.0
17873,2021,69325.0
17877,2021,12844.0
18001,2021,176423.0
18029,2021,4785.0
18094,2021,11227.0
18150,2021,31467.0
18205,2021,7710.0
18247,2021,19597.0
18256,2021,18547.0
18410,2021,15145.0
18460,2021,10031.0
18479,2021,3759.0
18592,2021,27025.0
18610,2021,13071.0
18753,2021,51847.0
18756,2021,10948.0
18785,2021,6311.0
18860,2021,7054.0
19001,2021,336438.0
19022,2021,18472.0
19050,2021,26838.0
19075,2021,21686.0
19100,2021,38129.0
19110,2021,32376.0
19130,2021,43965.0
19137,2021,42136.0
19142,2021,30754.0
19212,2021,26439.0
19256,2021,55847.0
19290,2021,5214.0
19300,2021,20095.0
19318,2021,28484.0
19355,2021,29144.0
19364,2021,18591.0
19392,2021,11033.0
19397,2021,24513.0
19418,2021,19047.0
19450,2021,24261.0
19455,2021,32193.0
19473,2021,41937.0
19513,2021,10313.0
19517,2021,49336.0
19532,2021,37965.0
19533,2021,9284.0
19548,2021,42026.0
19573,2021,42951.0
19585,2021,17753.0
19622,2021,11754.0
19693,2021,10900.0
19698,2021,118996.0
19701,2021,5339.0
19743,2021,38786.0
19760,2021,14276.0
19780,2021,34762.0
19785,2021,9648.0
19807,2021,37084.0
19809,2021,27569.0
19821,2021,37381.0
19824,2021,25989.0
19845,2021,22230.0
20001,2021,555190.0
20011,2021,123137.0
20013,2021,65730.0
20032,2021,21682.0
20045,2021,24764.0
20060,2021,44652.0
20175,2021,36943.0
20178,2021,30725.0
20228,2021,41994.0
20238,2021,33160.0
20250,2021,42886.0
20295,2021,15922.0
20310,2021,4747.0
20383,2021,18808.0
20400,2021,54496.0
20443,2021,10956.0
20517,2021,20262.0
20550,2021,22939.0
20570,2021,31156.0
20614,2021,18486.0
20621,2021,30888.0
20710,2021,29194.0
20750,2021,21620.0
20770,2021,30577.0
20787,2021,16532.0
23001,2021,529652.0
23068,2021,48777.0
23079,2021,21866.0
23090,2021,15983.0
23162,2021,113247.0
23168,2021,18619.0
23182,2021,50557.0
23189,2021,61321.0
23300,2021,20322.0
23350,2021,15670.0
23417,2021,118492.0
23419,2021,19136.0
23464,2021,21199.0
23466,2021,85112.0
23500,2021,31756.0
23555,2021,65791.0
23570,2021,37099.0
23574,2021,24370.0
23580,2021,44120.0
23586,2021,18336.0
23660,2021,113914.0
23670,2021,50878.0
23672,2021,36757.0
23675,2021,39356.0
23678,2021,28063.0
23682,2021,14418.0
23686,2021,55304.0
23807,2021,97113.0
23815,2021,57141.0
23855,2021,36493.0
25001,2021,11818.0
25019,2021,6736.0
25035,2021,15659.0
25040,2021,14309.0
25053,2021,10877.0
25086,2021,1801.0
25095,2021,2505.0
25099,2021,10442.0
25120,2021,4862.0
25123,2021,10248.0
25126,2021,106569.0
25148,2021,12112.0
25151,2021,17731.0
25154,2021,7718.0
25168,2021,4307.0
25175,2021,156919.0
25178,2021,9887.0
25181,2021,11208.0
25183,2021,21391.0
25200,2021,23670.0
25214,2021,42076.0
25224,2021,7979.0
25245,2021,25420.0
25258,2021,4733.0
25260,2021,24545.0
25269,2021,151663.0
25279,2021,12273.0
25281,2021,5756.0
25286,2021,107297.0
25288,2021,4991.0
25290,2021,148056.0
25293,2021,4512.0
25295,2021,19070.0
25297,2021,8591.0
25299,2021,3174.0
25307,2021,102742.0
25312,2021,7444.0
25317,2021,14108.0
25320,2021,30883.0
25322,2021,16546.0
25324,2021,2984.0
25326,2021,6417.0
25328,2021,4791.0
25335,2021,6659.0
25339,2021,3483.0
25368,2021,2243.0
25372,2021,5495.0
25377,2021,39377.0
25386,2021,35034.0
25394,2021,9665.0
25398,2021,6030.0
25402,2021,18111.0
25407,2021,10444.0
25426,2021,6239.0
25430,2021,127066.0
25436,2021,3660.0
25438,2021,8342.0
25473,2021,154200.0
25483,2021,2407.0
25486,2021,14007.0
25488,2021,10950.0
25489,2021,3651.0
25491,2021,5926.0
25506,2021,4392.0
25513,2021,24916.0
25518,2021,4043.0
25524,2021,4996.0
25530,2021,8677.0
25535,2021,9298.0
25572,2021,15697.0
25580,2021,3516.0
25592,2021,4860.0
25594,2021,5174.0
25596,2021,6077.0
25599,2021,8461.0
25612,2021,14153.0
25645,2021,12136.0
25649,2021,8644.0
25653,2021,4888.0
25658,2021,11716.0
25662,2021,8340.0
25718,2021,11120.0
25736,2021,12167.0
25740,2021,39008.0
25743,2021,22224.0
25745,2021,13670.0
25754,2021,760132.0
25758,2021,31102.0
25769,2021,16797.0
25772,2021,18214.0
25777,2021,5392.0
25779,2021,6567.0
25781,2021,6362.0
25785,2021,22431.0
25793,2021,8371.0
25797,2021,10384.0
25799,2021,23443.0
25805,2021,4358.0
25807,2021,3270.0
25815,2021,15961.0
25817,2021,44622.0
25823,2021,4106.0
25839,2021,7838.0
25841,2021,6865.0
25843,2021,45287.0
25845,2021,6899.0
25851,2021,4331.0
25862,2021,6846.0
25867,2021,4503.0
25871,2021,1719.0
25873,2021,17800.0
25875,2021,28242.0
25878,2021,13471.0
25885,2021,11840.0
25898,2021,4716.0
25899,2021,152817.0
27001,2021,134979.0
27006,2021,15086.0
27025,2021,28301.0
27050,2021,6249.0
27073,2021,11758.0
27075,2021,10463.0
27077,2021,32492.0
27099,2021,12586.0
27135,2021,6290.0
27150,2021,20280.0
27160,2021,5800.0
27205,2021,12707.0
27245,2021,8401.0
27250,2021,24019.0
27361,2021,32987.0
27372,2021,7506.0
27413,2021,10075.0
27425,2021,10925.0
27430,2021,16059.0
27450,2021,10845.0
27491,2021,9492.0
27493,2021,0.0
27495,2021,17657.0
27580,2021,5615.0
27600,2021,8352.0
27615,2021,58540.0
27660,2021,5137.0
27745,2021,3253.0
27787,2021,18610.0
27800,2021,12912.0
27810,2021,7006.0
41001,2021,378215.0
41006,2021,25435.0
41013,2021,9095.0
41016,2021,16723.0
41020,2021,22718.0
41026,2021,4502.0
41078,2021,8331.0
41132,2021,31608.0
41206,2021,7468.0
41244,2021,4459.0
41298,2021,74532.0
41306,2021,24277.0
41319,2021,18268.0
41349,2021,7664.0
41357,2021,9514.0
41359,2021,25938.0
41378,2021,13432.0
41396,2021,64475.0
41483,2021,6749.0
41503,2021,12004.0
41518,2021,7094.0
41524,2021,26597.0
41530,2021,11527.0
41548,2021,14261.0
41551,2021,132886.0
41615,2021,26464.0
41660,2021,10648.0
41668,2021,34430.0
41676,2021,10615.0
41770,2021,23831.0
41791,2021,18110.0
41797,2021,11389.0
41799,2021,12161.0
41801,2021,8160.0
41807,2021,22591.0
41872,2021,7393.0
41885,2021,7918.0
44001,2021,203266.0
44035,2021,33229.0
44078,2021,40229.0
44090,2021,44323.0
44098,2021,14025.0
44110,2021,7531.0
44279,2021,49182.0
44378,2021,22147.0
44420,2021,3893.0
44430,2021,193605.0
44560,2021,92316.0
44650,2021,53413.0
44847,2021,186976.0
44855,2021,11339.0
44874,2021,31099.0
47001,2021,547542.0
47030,2021,17419.0
47053,2021,43160.0
47058,2021,31660.0
47161,2021,10767.0
47170,2021,24224.0
47189,2021,131114.0
47205,2021,11019.0
47245,2021,71890.0
47258,2021,24720.0
47268,2021,20950.0
47288,2021,72410.0
47318,2021,28427.0
47460,2021,21472.0
47541,2021,9856.0
47545,2021,13368.0
47551,2021,39447.0
47555,2021,68096.0
47570,2021,32872.0
47605,2021,12661.0
47660,2021,16430.0
47675,2021,11817.0
47692,2021,21248.0
47703,2021,13184.0
47707,2021,27195.0
47720,2021,10959.0
47745,2021,28454.0
47798,2021,14007.0
47960,2021,10652.0
47980,2021,76103.0
50001,2021,561992.0
50006,2021,96064.0
50110,2021,7197.0
50124,2021,6543.0
50150,2021,15972.0
50223,2021,7285.0
50226,2021,24002.0
50245,2021,1848.0
50251,2021,8314.0
50270,2021,4057.0
50287,2021,12629.0
50313,2021,72338.0
50318,2021,15321.0
50325,2021,7180.0
50330,2021,11547.0
50350,2021,28445.0
50370,2021,9548.0
50400,2021,11945.0
50450,2021,8591.0
50568,2021,47835.0
50573,2021,31673.0
50577,2021,10635.0
50590,2021,13330.0
50606,2021,19986.0
50680,2021,13551.0
50683,2021,9339.0
50686,2021,1358.0
50689,2021,27852.0
50711,2021,18182.0
52001,2021,399607.0
52019,2021,9648.0
52022,2021,7589.0
52036,2021,8835.0
52051,2021,8767.0
52079,2021,60361.0
52083,2021,6332.0
52110,2021,24560.0
52203,2021,8539.0
52207,2021,14551.0
52210,2021,7439.0
52215,2021,16157.0
52224,2021,9569.0
52227,2021,38718.0
52233,2021,5954.0
52240,2021,15937.0
52250,2021,22350.0
52254,2021,7656.0
52256,2021,12617.0
52258,2021,14558.0
52260,2021,14464.0
52287,2021,7363.0
52317,2021,20042.0
52320,2021,11608.0
52323,2021,7375.0
52352,2021,7691.0
52354,2021,7756.0
52356,2021,119188.0
52378,2021,19221.0
52381,2021,10130.0
52385,2021,6550.0
52390,2021,7642.0
52399,2021,33179.0
52405,2021,9792.0
52411,2021,10251.0
52418,2021,9573.0
52427,2021,26548.0
52435,2021,8991.0
52473,2021,12072.0
52480,2021,4455.0
52490,2021,26119.0
52506,2021,7111.0
52520,2021,14984.0
52540,2021,9917.0
52560,2021,10434.0
52565,2021,5580.0
52573,2021,8584.0
52585,2021,17459.0
52612,2021,21108.0
52621,2021,12451.0
52678,2021,29451.0
52683,2021,20831.0
52685,2021,9216.0
52687,2021,18654.0
52693,2021,15435.0
52694,2021,6866.0
52696,2021,13788.0
52699,2021,10680.0
52720,2021,7383.0
52786,2021,18176.0
52788,2021,14089.0
52835,2021,264327.0
52838,2021,46018.0
52885,2021,11289.0
54001,2021,777903.0
54003,2021,34418.0
54051,2021,10312.0
54099,2021,8976.0
54109,2021,7082.0
54125,2021,3033.0
54128,2021,11806.0
54172,2021,18973.0
54174,2021,12658.0
54206,2021,20107.0
54223,2021,8556.0
54239,2021,4885.0
54245,2021,14294.0
54250,2021,23853.0
54261,2021,30295.0
54313,2021,8020.0
54344,2021,10628.0
54347,2021,7742.0
54377,2021,6801.0
54385,2021,12217.0
54398,2021,8258.0
54405,2021,99404.0
54418,2021,4328.0
54480,2021,4512.0
54498,2021,129721.0
54518,2021,52086.0
54520,2021,5907.0
54553,2021,9307.0
54599,2021,6394.0
54660,2021,11055.0
54670,2021,13068.0
54673,2021,8209.0
54680,2021,3749.0
54720,2021,27371.0
54743,2021,6814.0
54800,2021,17611.0
54810,2021,61561.0
54820,2021,16757.0
54871,2021,5301.0
54874,2021,116298.0
63001,2021,302063.0
63111,2021,3202.0
63130,2021,74394.0
63190,2021,28893.0
63212,2021,5832.0
63272,2021,12431.0
63302,2021,7729.0
63401,2021,33933.0
63470,2021,37447.0
63548,2021,5358.0
63594,2021,31329.0
63690,2021,9960.0
66001,2021,480898.0
66045,2021,12801.0
66075,2021,6693.0
66088,2021,25436.0
66170,2021,229758.0
66318,2021,12621.0
66383,2021,7781.0
66400,2021,28275.0
66440,2021,17443.0
66456,2021,18080.0
66572,2021,17688.0
66594,2021,28357.0
66682,2021,81115.0
66687,2021,13037.0
68001,2021,607264.0
68013,2021,1886.0
68020,2021,4208.0
68051,2021,8725.0
68077,2021,32707.0
68079,2021,11833.0
68081,2021,218533.0
68092,2021,6483.0
68101,2021,11495.0
68121,2021,2060.0
68132,2021,2347.0
68147,2021,5944.0
68152,2021,4663.0
68160,2021,2125.0
68162,2021,7236.0
68167,2021,13226.0
68169,2021,3135.0
68176,2021,3109.0
68179,2021,5200.0
68190,2021,33629.0
68207,2021,6055.0
68209,2021,3474.0
68211,2021,3956.0
68217,2021,5459.0
68229,2021,13868.0
68235,2021,23088.0
68245,2021,2211.0
68250,2021,5356.0
68255,2021,14693.0
68264,2021,2774.0
68266,2021,3761.0
68271,2021,5659.0
68276,2021,306773.0
68296,2021,3028.0
68298,2021,4086.0
68307,2021,170309.0
68318,2021,6412.0
68320,2021,4589.0
68322,2021,2561.0
68324,2021,4291.0
68327,2021,5392.0
68344,2021,2542.0
68368,2021,3412.0
68370,2021,1509.0
68377,2021,6308.0
68385,2021,10554.0
68397,2021,5053.0
68406,2021,46895.0
68418,2021,15778.0
68425,2021,2357.0
68432,2021,22715.0
68444,2021,5390.0
68464,2021,11096.0
68468,2021,4495.0
68498,2021,6204.0
68500,2021,11439.0
68502,2021,4535.0
68522,2021,1484.0
68524,2021,2727.0
68533,2021,5179.0
68547,2021,183872.0
68549,2021,5698.0
68572,2021,15097.0
68573,2021,8444.0
68575,2021,35148.0
68615,2021,27486.0
68655,2021,35919.0
68669,2021,8984.0
68673,2021,2999.0
68679,2021,62763.0
68682,2021,2428.0
68684,2021,4552.0
68686,2021,2653.0
68689,2021,35207.0
68705,2021,2549.0
68720,2021,3440.0
68745,2021,11003.0
68755,2021,34801.0
68770,2021,10233.0
68773,2021,7331.0
68780,2021,4323.0
68820,2021,8058.0
68855,2021,6672.0
68861,2021,25819.0
68867,2021,2184.0
68872,2021,8591.0
68895,2021,10029.0
70001,2021,301886.0
70110,2021,11295.0
70124,2021,16560.0
70204,2021,9437.0
70215,2021,72844.0
70221,2021,20345.0
70230,2021,4723.0
70233,2021,10372.0
70235,2021,23833.0
70265,2021,18823.0
70400,2021,13291.0
70418,2021,24503.0
70429,2021,38806.0
70473,2021,16209.0
70508,2021,23928.0
70523,2021,15264.0
70670,2021,50312.0
70678,2021,30644.0
70702,2021,14272.0
70708,2021,61545.0
70713,2021,51873.0
70717,2021,19871.0
70742,2021,32116.0
70771,2021,31864.0
70820,2021,35582.0
70823,2021,22506.0
73001,2021,542584.0
73024,2021,4691.0
73026,2021,8847.0
73030,2021,6729.0
73043,2021,10477.0
73055,2021,12843.0
73067,2021,19859.0
73124,2021,19049.0
73148,2021,10561.0
73152,2021,6534.0
73168,2021,51941.0
73200,2021,8476.0
73217,2021,23389.0
73226,2021,8950.0
73236,2021,8517.0
73268,2021,71416.0
73270,2021,7882.0
73275,2021,28838.0
73283,2021,31638.0
73319,2021,33574.0
73347,2021,7654.0
73349,2021,24867.0
73352,2021,12238.0
73408,2021,18641.0
73411,2021,37306.0
73443,2021,39181.0
73449,2021,37937.0
73461,2021,4250.0
73483,2021,15301.0
73504,2021,35749.0
73520,2021,10000.0
73547,2021,7121.0
73555,2021,26472.0
73563,2021,8637.0
73585,2021,23892.0
73616,2021,23358.0
73622,2021,5580.0
73624,2021,22138.0
73671,2021,14674.0
73675,2021,13179.0
73678,2021,13860.0
73686,2021,5900.0
73770,2021,3886.0
73854,2021,5466.0
73861,2021,12961.0
73870,2021,9473.0
73873,2021,5231.0
76001,2021,2282418.0
76020,2021,14354.0
76036,2021,23735.0
76041,2021,17923.0
76054,2021,5567.0
76100,2021,16144.0
76109,2021,318820.0
76111,2021,131232.0
76113,2021,25037.0
76122,2021,29738.0
76126,2021,18786.0
76130,2021,102604.0
76147,2021,140005.0
76233,2021,53984.0
76243,2021,9250.0
76246,2021,7055.0
76248,2021,57160.0
76250,2021,9120.0
76275,2021,58013.0
76306,2021,23667.0
76318,2021,34131.0
76364,2021,177600.0
76377,2021,17422.0
76400,2021,34723.0
76403,2021,12540.0
76497,2021,12572.0
76520,2021,369308.0
76563,2021,49152.0
76606,2021,15744.0
76616,2021,15950.0
76622,2021,37958.0
76670,2021,17235.0
76736,2021,43389.0
76823,2021,14978.0
76828,2021,19722.0
76834,2021,220693.0
76845,2021,5642.0
76863,2021,7448.0
76869,2021,13441.0
76890,2021,16529.0
76892,2021,112505.0
76895,2021,43207.0
81001,2021,89163.0
81065,2021,52223.0
81220,2021,4089.0
81300,2021,19726.0
81591,2021,4586.0
81736,2021,58012.0
81794,2021,45338.0
85001,2021,182573.0
85010,2021,38537.0
85015,2021,2628.0
85125,2021,12877.0
85136,2021,1470.0
85139,2021,18573.0
85162,2021,18428.0
85225,2021,9204.0
85230,2021,13430.0
85250,2021,37869.0
85263,2021,12847.0
85279,2021,1710.0
85300,2021,3786.0
85315,2021,2129.0
85325,2021,8844.0
85400,2021,7164.0
85410,2021,25009.0
85430,2021,13779.0
85440,2021,38521.0
86001,2021,61451.0
86219,2021,5584.0
86320,2021,38509.0
86568,2021,68448.0
86569,2021,16823.0
86571,2021,38411.0
86573,2021,32535.0
86749,2021,15514.0
86755,2021,5659.0
86757,2021,19300.0
86760,2021,7305.0
86865,2021,34177.0
86885,2021,24707.0
88001,2021,56422.0
88564,2021,6151.0
91001,2021,50872.0
91263,2021,2174.0
91405,2021,3068.0
91407,2021,3980.0
91430,2021,661.0
91460,2021,1972.0
91530,2021,775.0
91536,2021,1037.0
91540,2021,10559.0
91669,2021,1817.0
91798,2021,3950.0
94001,2021,35282.0
94343,2021,10321.0
94663,2021,0.0
94883,2021,1818.0
94884,2021,1934.0
94885,2021,298.0
94886,2021,881.0
94887,2021,1962.0
94888,2021,989.0
95001,2021,53740.0
95015,2021,9739.0
95025,2021,13448.0
95200,2021,6958.0
97001,2021,31042.0
97161,2021,2995.0
97511,2021,4184.0
97666,2021,2555.0
97777,2021,762.0
97889,2021,1103.0
99001,2021,22705.0
99524,2021,10437.0
99624,2021,4168.0
99773,2021,88904.0
05001,2022,2514709.0
05002,2022,21000.0
05004,2022,2792.0
05021,2022,5042.0
05030,2022,31974.0
05031,2022,27923.0
05034,2022,44816.0
05036,2022,6035.0
05038,2022,12153.0
05040,2022,20007.0
05042,2022,27582.0
05044,2022,7473.0
05045,2022,123578.0
05051,2022,30853.0
05055,2022,8030.0
05059,2022,5295.0
05079,2022,60571.0
05086,2022,6163.0
05088,2022,575253.0
05091,2022,10683.0
05093,2022,16529.0
05101,2022,27076.0
05107,2022,8078.0
05113,2022,10427.0
05120,2022,29297.0
05125,2022,8867.0
05129,2022,86699.0
05134,2022,9743.0
05138,2022,15648.0
05142,2022,4568.0
05145,2022,4641.0
05147,2022,49891.0
05148,2022,65742.0
05150,2022,3972.0
05154,2022,92890.0
05172,2022,57122.0
05190,2022,9984.0
05197,2022,15940.0
05206,2022,5034.0
05209,2022,22055.0
05212,2022,86835.0
05234,2022,24231.0
05237,2022,19509.0
05240,2022,12581.0
05250,2022,54698.0
05264,2022,12150.0
05266,2022,251963.0
05282,2022,25788.0
05284,2022,21535.0
05306,2022,6100.0
05308,2022,58919.0
05310,2022,10181.0
05313,2022,10397.0
05315,2022,6869.0
05318,2022,61496.0
05321,2022,9203.0
05347,2022,5253.0
05353,2022,5765.0
05360,2022,296908.0
05361,2022,28755.0
05364,2022,15138.0
05368,2022,14165.0
05376,2022,69976.0
05380,2022,79499.0
05390,2022,8438.0
05400,2022,23067.0
05411,2022,10616.0
05425,2022,8673.0
05440,2022,70655.0
05467,2022,6665.0
05475,2022,5508.0
05480,2022,13960.0
05483,2022,10711.0
05490,2022,42809.0
05495,2022,28007.0
05501,2022,3351.0
05541,2022,22821.0
05543,2022,8555.0
05576,2022,8956.0
05579,2022,39342.0
05585,2022,15209.0
05591,2022,19498.0
05604,2022,31245.0
05607,2022,25853.0
05615,2022,147196.0
05628,2022,9621.0
05631,2022,97831.0
05642,2022,18831.0
05647,2022,7393.0
05649,2022,16776.0
05652,2022,5910.0
05656,2022,17154.0
05658,2022,3888.0
05659,2022,20155.0
05660,2022,13882.0
05664,2022,22298.0
05665,2022,32053.0
05667,2022,16791.0
05670,2022,23460.0
05674,2022,23860.0
05679,2022,28534.0
05686,2022,38798.0
05690,2022,13164.0
05697,2022,38269.0
05736,2022,38842.0
05756,2022,36411.0
05761,2022,16013.0
05789,2022,16650.0
05790,2022,28448.0
05792,2022,6423.0
05809,2022,11286.0
05819,2022,4955.0
05837,2022,128982.0
05842,2022,7283.0
05847,2022,31345.0
05854,2022,14611.0
05856,2022,6656.0
05858,2022,12077.0
05861,2022,12154.0
05873,2022,10528.0
05885,2022,7734.0
05887,2022,41931.0
05890,2022,24197.0
05893,2022,20861.0
05895,2022,26010.0
08001,2022,1274895.0
08078,2022,70464.0
08137,2022,25669.0
08141,2022,18197.0
08296,2022,67560.0
08372,2022,23149.0
08421,2022,31315.0
08433,2022,144155.0
08436,2022,22405.0
08520,2022,32941.0
08549,2022,7420.0
08558,2022,20229.0
08560,2022,26243.0
08573,2022,59069.0
08606,2022,28912.0
08634,2022,36855.0
08638,2022,101256.0
08675,2022,18233.0
08685,2022,34180.0
08758,2022,683762.0
08770,2022,13503.0
08832,2022,19376.0
08849,2022,14221.0
11001,2022,7849206.0
13001,2022,1006609.0
13006,2022,26642.0
13030,2022,11475.0
13042,2022,8266.0
13052,2022,72545.0
13062,2022,8519.0
13074,2022,16679.0
13140,2022,24289.0
13160,2022,8702.0
13188,2022,15080.0
13212,2022,17627.0
13222,2022,15550.0
13244,2022,75068.0
13248,2022,9384.0
13268,2022,8023.0
13300,2022,13111.0
13430,2022,145166.0
13433,2022,30661.0
13440,2022,11508.0
13442,2022,48551.0
13458,2022,16612.0
13468,2022,47686.0
13473,2022,24926.0
13490,2022,11672.0
13549,2022,25555.0
13580,2022,7529.0
13600,2022,11904.0
13620,2022,9122.0
13647,2022,20295.0
13650,2022,12853.0
13654,2022,26327.0
13655,2022,10529.0
13657,2022,40658.0
13667,2022,15800.0
13670,2022,28665.0
13673,2022,14973.0
13683,2022,22111.0
13688,2022,33597.0
13744,2022,18550.0
13760,2022,12181.0
13780,2022,14487.0
13810,2022,18592.0
13836,2022,119545.0
13838,2022,17355.0
13873,2022,27357.0
13894,2022,12939.0
15001,2022,183818.0
15022,2022,1857.0
15047,2022,15497.0
15051,2022,6239.0
15087,2022,7627.0
15090,2022,1630.0
15092,2022,1878.0
15097,2022,5139.0
15104,2022,5241.0
15106,2022,2239.0
15109,2022,4518.0
15114,2022,1232.0
15131,2022,2983.0
15135,2022,3183.0
15162,2022,3642.0
15172,2022,3156.0
15176,2022,57817.0
15180,2022,4078.0
15183,2022,8205.0
15185,2022,5955.0
15187,2022,2839.0
15189,2022,4599.0
15204,2022,13373.0
15212,2022,3566.0
15215,2022,2545.0
15218,2022,2863.0
15223,2022,12261.0
15224,2022,3794.0
15226,2022,1838.0
15232,2022,4762.0
15236,2022,2652.0
15238,2022,131200.0
15244,2022,4293.0
15248,2022,3128.0
15272,2022,6975.0
15276,2022,3329.0
15293,2022,2796.0
15296,2022,4762.0
15299,2022,18936.0
15317,2022,1837.0
15322,2022,11192.0
15325,2022,3467.0
15332,2022,4363.0
15362,2022,1956.0
15367,2022,7377.0
15368,2022,4011.0
15377,2022,3696.0
15380,2022,2632.0
15401,2022,1150.0
15403,2022,2924.0
15407,2022,18195.0
15425,2022,5216.0
15442,2022,5842.0
15455,2022,9021.0
15464,2022,4601.0
15466,2022,4318.0
15469,2022,23483.0
15476,2022,5397.0
15480,2022,8398.0
15491,2022,16734.0
15494,2022,5231.0
15500,2022,2910.0
15507,2022,8186.0
15511,2022,2385.0
15514,2022,3366.0
15516,2022,36606.0
15518,2022,2282.0
15522,2022,1743.0
15531,2022,7318.0
15533,2022,2712.0
15537,2022,4363.0
15542,2022,6985.0
15550,2022,1894.0
15572,2022,47705.0
15580,2022,4972.0
15599,2022,10093.0
15600,2022,8018.0
15621,2022,2457.0
15632,2022,14221.0
15638,2022,6039.0
15646,2022,19089.0
15660,2022,1696.0
15664,2022,4935.0
15667,2022,5408.0
15673,2022,3391.0
15676,2022,3073.0
15681,2022,6752.0
15686,2022,7738.0
15690,2022,3615.0
15693,2022,13407.0
15696,2022,3300.0
15720,2022,2139.0
15723,2022,1067.0
15740,2022,6859.0
15753,2022,9251.0
15755,2022,7446.0
15757,2022,8297.0
15759,2022,134382.0
15761,2022,2957.0
15762,2022,3146.0
15763,2022,8186.0
15764,2022,6138.0
15774,2022,2760.0
15776,2022,6260.0
15778,2022,4268.0
15790,2022,6016.0
15798,2022,3747.0
15804,2022,9123.0
15806,2022,13458.0
15808,2022,3482.0
15810,2022,3271.0
15814,2022,8930.0
15816,2022,4421.0
15820,2022,3714.0
15822,2022,5173.0
15832,2022,1567.0
15835,2022,5901.0
15837,2022,8301.0
15839,2022,2039.0
15842,2022,7674.0
15861,2022,16625.0
15879,2022,2889.0
15897,2022,4735.0
17001,2022,458752.0
17013,2022,23019.0
17042,2022,37438.0
17050,2022,10827.0
17088,2022,10630.0
17174,2022,51412.0
17272,2022,11452.0
17380,2022,72455.0
17388,2022,5993.0
17433,2022,18426.0
17442,2022,9411.0
17444,2022,13661.0
17446,2022,2695.0
17486,2022,21618.0
17495,2022,6161.0
17513,2022,15803.0
17524,2022,16127.0
17541,2022,20566.0
17614,2022,52622.0
17616,2022,11203.0
17653,2022,19713.0
17662,2022,21210.0
17665,2022,5029.0
17777,2022,30807.0
17867,2022,10823.0
17873,2022,70560.0
17877,2022,12819.0
18001,2022,179093.0
18029,2022,4813.0
18094,2022,11303.0
18150,2022,31750.0
18205,2022,7722.0
18247,2022,19684.0
18256,2022,18644.0
18410,2022,15217.0
18460,2022,10080.0
18479,2022,3778.0
18592,2022,27135.0
18610,2022,13133.0
18753,2022,52064.0
18756,2022,10879.0
18785,2022,6344.0
18860,2022,7085.0
19001,2022,340713.0
19022,2022,18469.0
19050,2022,27075.0
19075,2022,21848.0
19100,2022,38084.0
19110,2022,32616.0
19130,2022,44577.0
19137,2022,42776.0
19142,2022,30867.0
19212,2022,26708.0
19256,2022,56427.0
19290,2022,5213.0
19300,2022,20195.0
19318,2022,28736.0
19355,2022,29181.0
19364,2022,18790.0
19392,2022,11122.0
19397,2022,24484.0
19418,2022,19198.0
19450,2022,24741.0
19455,2022,32343.0
19473,2022,42853.0
19513,2022,10383.0
19517,2022,50407.0
19532,2022,38285.0
19533,2022,9431.0
19548,2022,42281.0
19573,2022,43146.0
19585,2022,17869.0
19622,2022,11842.0
19693,2022,10857.0
19698,2022,121459.0
19701,2022,5345.0
19743,2022,39172.0
19760,2022,14376.0
19780,2022,35625.0
19785,2022,9686.0
19807,2022,37584.0
19809,2022,28045.0
19821,2022,38057.0
19824,2022,26379.0
19845,2022,22614.0
20001,2022,570701.0
20011,2022,126214.0
20013,2022,66487.0
20032,2022,21848.0
20045,2022,25510.0
20060,2022,45689.0
20175,2022,37236.0
20178,2022,31320.0
20228,2022,42956.0
20238,2022,33722.0
20250,2022,43875.0
20295,2022,15985.0
20310,2022,4821.0
20383,2022,19076.0
20400,2022,56130.0
20443,2022,11173.0
20517,2022,20545.0
20550,2022,23372.0
20570,2022,32034.0
20614,2022,18795.0
20621,2022,31522.0
20710,2022,29909.0
20750,2022,22191.0
20770,2022,31509.0
20787,2022,16659.0
23001,2022,541042.0
23068,2022,49175.0
23079,2022,22031.0
23090,2022,16141.0
23162,2022,115329.0
23168,2022,18904.0
23182,2022,51087.0
23189,2022,61788.0
23300,2022,20658.0
23350,2022,15891.0
23417,2022,119192.0
23419,2022,19173.0
23464,2022,21549.0
23466,2022,85926.0
23500,2022,32145.0
23555,2022,66048.0
23570,2022,37426.0
23574,2022,24454.0
23580,2022,44660.0
23586,2022,18605.0
23660,2022,115527.0
23670,2022,51349.0
23672,2022,37463.0
23675,2022,39916.0
23678,2022,28314.0
23682,2022,14685.0
23686,2022,56150.0
23807,2022,98249.0
23815,2022,58274.0
23855,2022,36591.0
25001,2022,11824.0
25019,2022,6781.0
25035,2022,15990.0
25040,2022,14410.0
25053,2022,10848.0
25086,2022,1803.0
25095,2022,2492.0
25099,2022,10559.0
25120,2022,4867.0
25123,2022,10275.0
25126,2022,110714.0
25148,2022,11931.0
25151,2022,17840.0
25154,2022,7738.0
25168,2022,4335.0
25175,2022,161094.0
25178,2022,9998.0
25181,2022,11226.0
25183,2022,21544.0
25200,2022,24094.0
25214,2022,43488.0
25224,2022,8053.0
25245,2022,25825.0
25258,2022,4734.0
25260,2022,25217.0
25269,2022,155121.0
25279,2022,12299.0
25281,2022,5711.0
25286,2022,110962.0
25288,2022,4958.0
25290,2022,151041.0
25293,2022,4530.0
25295,2022,19678.0
25297,2022,8588.0
25299,2022,3172.0
25307,2022,103138.0
25312,2022,7480.0
25317,2022,14313.0
25320,2022,30860.0
25322,2022,16855.0
25324,2022,3043.0
25326,2022,6426.0
25328,2022,4865.0
25335,2022,6769.0
25339,2022,3489.0
25368,2022,2207.0
25372,2022,5362.0
25377,2022,40400.0
25386,2022,35655.0
25394,2022,9686.0
25398,2022,6036.0
25402,2022,18380.0
25407,2022,10502.0
25426,2022,6243.0
25430,2022,131321.0
25436,2022,3600.0
25438,2022,8397.0
25473,2022,160773.0
25483,2022,2426.0
25486,2022,14221.0
25488,2022,10975.0
25489,2022,3656.0
25491,2022,5820.0
25506,2022,4440.0
25513,2022,24975.0
25518,2022,3970.0
25524,2022,4973.0
25530,2022,8737.0
25535,2022,9334.0
25572,2022,15727.0
25580,2022,3570.0
25592,2022,4884.0
25594,2022,5177.0
25596,2022,5981.0
25599,2022,8520.0
25612,2022,14508.0
25645,2022,12134.0
25649,2022,8651.0
25653,2022,4855.0
25658,2022,11992.0
25662,2022,8378.0
25718,2022,11216.0
25736,2022,12340.0
25740,2022,39361.0
25743,2022,22290.0
25745,2022,13880.0
25754,2022,787512.0
25758,2022,31729.0
25769,2022,17116.0
25772,2022,18521.0
25777,2022,5431.0
25779,2022,6586.0
25781,2022,6482.0
25785,2022,22616.0
25793,2022,8442.0
25797,2022,10616.0
25799,2022,23825.0
25805,2022,4326.0
25807,2022,3307.0
25815,2022,16001.0
25817,2022,45898.0
25823,2022,4060.0
25839,2022,7880.0
25841,2022,6896.0
25843,2022,45977.0
25845,2022,6843.0
25851,2022,4335.0
25862,2022,6793.0
25867,2022,4537.0
25871,2022,1688.0
25873,2022,17923.0
25875,2022,28539.0
25878,2022,13484.0
25885,2022,11621.0
25898,2022,4703.0
25899,2022,156365.0
27001,2022,136696.0
27006,2022,15373.0
27025,2022,28497.0
27050,2022,6298.0
27073,2022,11977.0
27075,2022,10564.0
27077,2022,33146.0
27099,2022,12724.0
27135,2022,6364.0
27150,2022,20660.0
27160,2022,5860.0
27205,2022,12677.0
27245,2022,8486.0
27250,2022,24783.0
27361,2022,33746.0
27372,2022,7754.0
27413,2022,10141.0
27425,2022,11015.0
27430,2022,16375.0
27450,2022,10958.0
27491,2022,9632.0
27493,2022,0.0
27495,2022,17993.0
27580,2022,5650.0
27600,2022,8381.0
27615,2022,59387.0
27660,2022,5160.0
27745,2022,3275.0
27787,2022,18780.0
27800,2022,12826.0
27810,2022,7080.0
41001,2022,384329.0
41006,2022,25619.0
41013,2022,9147.0
41016,2022,16886.0
41020,2022,22735.0
41026,2022,4578.0
41078,2022,8289.0
41132,2022,31720.0
41206,2022,7538.0
41244,2022,4546.0
41298,2022,75065.0
41306,2022,24111.0
41319,2022,18346.0
41349,2022,7761.0
41357,2022,9577.0
41359,2022,26151.0
41378,2022,13568.0
41396,2022,65502.0
41483,2022,6828.0
41503,2022,12094.0
41518,2022,7245.0
41524,2022,26635.0
41530,2022,11646.0
41548,2022,14385.0
41551,2022,135517.0
41615,2022,27104.0
41660,2022,10689.0
41668,2022,34832.0
41676,2022,10652.0
41770,2022,24460.0
41791,2022,18299.0
41797,2022,11613.0
41799,2022,12273.0
41801,2022,8203.0
41807,2022,22830.0
41872,2022,7421.0
41885,2022,7949.0
44001,2022,205451.0
44035,2022,34143.0
44078,2022,41127.0
44090,2022,45794.0
44098,2022,14135.0
44110,2022,7535.0
44279,2022,50738.0
44378,2022,22534.0
44420,2022,3969.0
44430,2022,198785.0
44560,2022,93765.0
44650,2022,54912.0
44847,2022,191629.0
44855,2022,11416.0
44874,2022,31647.0
47001,2022,556937.0
47030,2022,17825.0
47053,2022,43624.0
47058,2022,31652.0
47161,2022,10980.0
47170,2022,24814.0
47189,2022,133145.0
47205,2022,11093.0
47245,2022,72997.0
47258,2022,25237.0
47268,2022,21078.0
47288,2022,73447.0
47318,2022,28547.0
47460,2022,21872.0
47541,2022,10004.0
47545,2022,13595.0
47551,2022,39794.0
47555,2022,69680.0
47570,2022,33328.0
47605,2022,12950.0
47660,2022,16548.0
47675,2022,12113.0
47692,2022,21466.0
47703,2022,13473.0
47707,2022,27535.0
47720,2022,11002.0
47745,2022,28600.0
47798,2022,14120.0
47960,2022,10774.0
47980,2022,77164.0
50001,2022,567986.0
50006,2022,98080.0
50110,2022,7384.0
50124,2022,6656.0
50150,2022,16409.0
50223,2022,7337.0
50226,2022,24198.0
50245,2022,1865.0
50251,2022,8383.0
50270,2022,4092.0
50287,2022,12723.0
50313,2022,72913.0
50318,2022,15631.0
50325,2022,7203.0
50330,2022,11634.0
50350,2022,28809.0
50370,2022,9581.0
50400,2022,12031.0
50450,2022,8608.0
50568,2022,49603.0
50573,2022,31860.0
50577,2022,10654.0
50590,2022,13383.0
50606,2022,20404.0
50680,2022,13850.0
50683,2022,9373.0
50686,2022,1370.0
50689,2022,28044.0
50711,2022,18285.0
52001,2022,400907.0
52019,2022,9642.0
52022,2022,7665.0
52036,2022,8839.0
52051,2022,8867.0
52079,2022,61548.0
52083,2022,6313.0
52110,2022,24709.0
52203,2022,8558.0
52207,2022,14782.0
52210,2022,7460.0
52215,2022,16357.0
52224,2022,9685.0
52227,2022,39296.0
52233,2022,5949.0
52240,2022,16081.0
52250,2022,22339.0
52254,2022,7720.0
52256,2022,12695.0
52258,2022,14590.0
52260,2022,14498.0
52287,2022,7378.0
52317,2022,20212.0
52320,2022,11607.0
52323,2022,7448.0
52352,2022,7698.0
52354,2022,7788.0
52356,2022,119965.0
52378,2022,19351.0
52381,2022,10117.0
52385,2022,6554.0
52390,2022,7700.0
52399,2022,33572.0
52405,2022,9789.0
52411,2022,10258.0
52418,2022,9560.0
52427,2022,27047.0
52435,2022,8960.0
52473,2022,12076.0
52480,2022,4486.0
52490,2022,26343.0
52506,2022,7114.0
52520,2022,15212.0
52540,2022,9891.0
52560,2022,10430.0
52565,2022,5567.0
52573,2022,8573.0
52585,2022,17426.0
52612,2022,21581.0
52621,2022,12418.0
52678,2022,29439.0
52683,2022,20828.0
52685,2022,9209.0
52687,2022,18681.0
52693,2022,15421.0
52694,2022,6853.0
52696,2022,13898.0
52699,2022,10680.0
52720,2022,7378.0
52786,2022,18246.0
52788,2022,14227.0
52835,2022,267076.0
52838,2022,46353.0
52885,2022,11372.0
54001,2022,783029.0
54003,2022,34905.0
54051,2022,10398.0
54099,2022,9137.0
54109,2022,7239.0
54125,2022,3042.0
54128,2022,11919.0
54172,2022,19321.0
54174,2022,12842.0
54206,2022,20408.0
54223,2022,8556.0
54239,2022,4951.0
54245,2022,14479.0
54250,2022,24831.0
54261,2022,30716.0
54313,2022,8162.0
54344,2022,10684.0
54347,2022,7967.0
54377,2022,6859.0
54385,2022,12323.0
54398,2022,8359.0
54405,2022,100738.0
54418,2022,4402.0
54480,2022,4562.0
54498,2022,132095.0
54518,2022,52239.0
54520,2022,6016.0
54553,2022,9388.0
54599,2022,6487.0
54660,2022,11169.0
54670,2022,13249.0
54673,2022,8384.0
54680,2022,3850.0
54720,2022,27762.0
54743,2022,6947.0
54800,2022,17869.0
54810,2022,63436.0
54820,2022,16994.0
54871,2022,5334.0
54874,2022,118766.0
63001,2022,303588.0
63111,2022,3195.0
63130,2022,74527.0
63190,2022,28972.0
63212,2022,5855.0
63272,2022,12438.0
63302,2022,7731.0
63401,2022,33945.0
63470,2022,37505.0
63548,2022,5367.0
63594,2022,31394.0
63690,2022,10064.0
66001,2022,483139.0
66045,2022,12809.0
66075,2022,6685.0
66088,2022,25441.0
66170,2022,233392.0
66318,2022,12615.0
66383,2022,7773.0
66400,2022,28340.0
66440,2022,17449.0
66456,2022,18212.0
66572,2022,17901.0
66594,2022,28341.0
66682,2022,81841.0
66687,2022,13058.0
68001,2022,610214.0
68013,2022,1893.0
68020,2022,4225.0
68051,2022,8759.0
68077,2022,33088.0
68079,2022,12114.0
68081,2022,221373.0
68092,2022,6578.0
68101,2022,11520.0
68121,2022,2075.0
68132,2022,2400.0
68147,2022,6039.0
68152,2022,4721.0
68160,2022,2157.0
68162,2022,7327.0
68167,2022,13397.0
68169,2022,3182.0
68176,2022,3160.0
68179,2022,5213.0
68190,2022,33685.0
68207,2022,6071.0
68209,2022,3525.0
68211,2022,4021.0
68217,2022,5519.0
68229,2022,14060.0
68235,2022,23460.0
68245,2022,2218.0
68250,2022,5337.0
68255,2022,14847.0
68264,2022,2805.0
68266,2022,3795.0
68271,2022,5685.0
68276,2022,308787.0
68296,2022,3057.0
68298,2022,4093.0
68307,2022,171911.0
68318,2022,6527.0
68320,2022,4601.0
68322,2022,2580.0
68324,2022,4311.0
68327,2022,5443.0
68344,2022,2568.0
68368,2022,3416.0
68370,2022,1508.0
68377,2022,6303.0
68385,2022,10572.0
68397,2022,5075.0
68406,2022,48027.0
68418,2022,16135.0
68425,2022,2369.0
68432,2022,23102.0
68444,2022,5490.0
68464,2022,11132.0
68468,2022,4563.0
68498,2022,6298.0
68500,2022,11493.0
68502,2022,4596.0
68522,2022,1490.0
68524,2022,2745.0
68533,2022,5292.0
68547,2022,186022.0
68549,2022,5794.0
68572,2022,15132.0
68573,2022,8597.0
68575,2022,35494.0
68615,2022,27433.0
68655,2022,36471.0
68669,2022,8957.0
68673,2022,3035.0
68679,2022,64486.0
68682,2022,2468.0
68684,2022,4527.0
68686,2022,2657.0
68689,2022,35421.0
68705,2022,2590.0
68720,2022,3445.0
68745,2022,11172.0
68755,2022,35341.0
68770,2022,10256.0
68773,2022,7344.0
68780,2022,4372.0
68820,2022,8149.0
68855,2022,6791.0
68861,2022,26138.0
68867,2022,2194.0
68872,2022,8730.0
68895,2022,10095.0
70001,2022,307953.0
70110,2022,11516.0
70124,2022,16875.0
70204,2022,9649.0
70215,2022,74183.0
70221,2022,20871.0
70230,2022,4757.0
70233,2022,10467.0
70235,2022,24290.0
70265,2022,19062.0
70400,2022,13514.0
70418,2022,24866.0
70429,2022,39270.0
70473,2022,16480.0
70508,2022,24121.0
70523,2022,15536.0
70670,2022,51279.0
70678,2022,31066.0
70702,2022,14438.0
70708,2022,62416.0
70713,2022,52293.0
70717,2022,20177.0
70742,2022,32310.0
70771,2022,32410.0
70820,2022,36236.0
70823,2022,22747.0
73001,2022,545946.0
73024,2022,4733.0
73026,2022,8848.0
73030,2022,6738.0
73043,2022,10495.0
73055,2022,12834.0
73067,2022,19996.0
73124,2022,19068.0
73148,2022,10683.0
73152,2022,6542.0
73168,2022,52275.0
73200,2022,8486.0
73217,2022,23461.0
73226,2022,8969.0
73236,2022,8567.0
73268,2022,71565.0
73270,2022,7903.0
73275,2022,28924.0
73283,2022,31699.0
73319,2022,33642.0
73347,2022,7640.0
73349,2022,24900.0
73352,2022,12295.0
73408,2022,18605.0
73411,2022,37378.0
73443,2022,39506.0
73449,2022,38343.0
73461,2022,4257.0
73483,2022,15441.0
73504,2022,35925.0
73520,2022,10051.0
73547,2022,7221.0
73555,2022,26682.0
73563,2022,8624.0
73585,2022,23947.0
73616,2022,23530.0
73622,2022,5600.0
73624,2022,22190.0
73671,2022,14717.0
73675,2022,13213.0
73678,2022,13893.0
73686,2022,5904.0
73770,2022,3904.0
73854,2022,5464.0
73861,2022,12993.0
73870,2022,9506.0
73873,2022,5242.0
76001,2022,2283342.0
76020,2022,14380.0
76036,2022,24038.0
76041,2022,17915.0
76054,2022,5539.0
76100,2022,16130.0
76109,2022,322036.0
76111,2022,131647.0
76113,2022,25179.0
76122,2022,29873.0
76126,2022,18946.0
76130,2022,105279.0
76147,2022,141074.0
76233,2022,55263.0
76243,2022,9251.0
76246,2022,7054.0
76248,2022,57090.0
76250,2022,9185.0
76275,2022,57906.0
76306,2022,23870.0
76318,2022,34306.0
76364,2022,181924.0
76377,2022,17732.0
76400,2022,34782.0
76403,2022,12599.0
76497,2022,12592.0
76520,2022,372698.0
76563,2022,49403.0
76606,2022,15826.0
76616,2022,16013.0
76622,2022,38135.0
76670,2022,17256.0
76736,2022,43608.0
76823,2022,14975.0
76828,2022,19818.0
76834,2022,222086.0
76845,2022,5647.0
76863,2022,7451.0
76869,2022,13599.0
76890,2022,16627.0
76892,2022,113304.0
76895,2022,43433.0
81001,2022,89702.0
81065,2022,52628.0
81220,2022,4108.0
81300,2022,19834.0
81591,2022,4615.0
81736,2022,58353.0
81794,2022,45566.0
85001,2022,185962.0
85010,2022,38790.0
85015,2022,2653.0
85125,2022,12943.0
85136,2022,1488.0
85139,2022,18892.0
85162,2022,18576.0
85225,2022,9260.0
85230,2022,13695.0
85250,2022,38079.0
85263,2022,13023.0
85279,2022,1716.0
85300,2022,3783.0
85315,2022,2114.0
85325,2022,8883.0
85400,2022,7210.0
85410,2022,25334.0
85430,2022,13892.0
85440,2022,39322.0
86001,2022,62945.0
86219,2022,5654.0
86320,2022,38675.0
86568,2022,69518.0
86569,2022,17031.0
86571,2022,39348.0
86573,2022,33779.0
86749,2022,15701.0
86755,2022,5668.0
86757,2022,19381.0
86760,2022,7331.0
86865,2022,34330.0
86885,2022,24999.0
88001,2022,56608.0
88564,2022,6193.0
91001,2022,51645.0
91263,2022,2178.0
91405,2022,3094.0
91407,2022,4003.0
91430,2022,669.0
91460,2022,2003.0
91530,2022,779.0
91536,2022,1048.0
91540,2022,10770.0
91669,2022,1827.0
91798,2022,3980.0
94001,2022,36465.0
94343,2022,10679.0
94663,2022,0.0
94883,2022,1851.0
94884,2022,1948.0
94885,2022,307.0
94886,2022,896.0
94887,2022,1981.0
94888,2022,1002.0
95001,2022,53944.0
95015,2022,9780.0
95025,2022,13386.0
95200,2022,6997.0
97001,2022,31298.0
97161,2022,3000.0
97511,2022,4212.0
97666,2022,2637.0
97777,2022,759.0
97889,2022,1103.0
99001,2022,23131.0
99524,2022,10503.0
99624,2022,4177.0
99773,2022,94013.0
