DIVIPOLA,imrc_ipm_vulnerabilidad,imrc_e_cap_socioeconomica,imrc_e_cap_financiera,imrc_e_cap_grd,imrc_e_indice_capacidades,imrc_n_herramientas_grd,imrc_inversion_grd_pc,imrc_pmgrd_estado,imrc_emre_estado,imrc_grd_no_reportado,mdm_puntaje_2018_2020,mdm_gestion_2018_2020,mdm_resultados_2018_2020
05001,12.8,0.73125,0.73426,0.658657,0.708056,2,10283.8,2.0,2.0,0,82.1641,82.3664,71.5403
05002,40.6,0.277485,0.111509,0.278853,0.222615,1,1870.15,1.0,1.0,0,55.8552,54.9833,67.614
05004,34.8,0.196789,0.188589,0.325362,0.236914,1,4884.79,1.0,0.0,0,45.1555,45.6538,64.8379
05021,31.9,0.399386,0.263617,0.569054,0.410686,2,4475.92,2.0,2.0,0,48.3037,48.8664,68.0867
05030,22.9,0.389068,0.275691,0.550535,0.405098,2,3275.56,2.0,1.0,0,57.999,57.6674,68.5973
05031,43.3,0.492147,0.214524,0.665275,0.457315,2,10712.7,2.0,2.0,0,51.9304,52.002,67.3034
05034,40.1,0.396012,0.19611,0.625481,0.405868,2,8133.39,1.0,2.0,0,57.0093,56.9577,65.5614
05036,30.7,0.328078,0.221451,0.520958,0.356829,2,1358.48,2.0,0.0,0,52.189,51.5606,65.3092
05038,53.8,0.213393,0.167575,0.337437,0.239468,1,5667.43,2.0,2.0,1,57.2567,56.6734,67.3573
05040,53.3,0.286804,0.161361,0.519807,0.322657,2,1283.81,1.0,2.0,0,50.6773,50.8804,63.6443
05042,29.7,0.507058,0.491587,0.0976474,0.365431,0,6329.26,2.0,2.0,1,63.5884,62.9741,70.5342
05044,47.1,0.211341,0.133397,0.610312,0.31835,2,7150.16,2.0,0.0,0,48.8289,48.3717,66.762
05045,28.0,0.629394,0.283706,0.265322,0.392807,1,993.156,1.0,1.0,0,69.71,68.3515,69.4145
05051,59.1,0.22293,0.114198,0.516589,0.284572,2,1075.27,2.0,2.0,0,43.7186,43.1545,69.2001
05055,48.7,0.265498,0.0743784,0.500016,0.279964,2,1.01006,2.0,2.0,0,48.1839,47.7004,67.1422
05059,37.7,0.274477,0.141887,0.28685,0.234405,1,2388.52,0.0,0.0,0,52.1574,52.2267,64.0859
05079,22.2,0.405063,0.391524,0.62666,0.474416,1,24414.1,1.0,1.0,0,62.5019,62.4091,67.95
05086,40.8,0.238267,0.199826,0.799759,0.412617,2,19429.6,2.0,0.0,0,54.1307,53.9343,65.7782
05088,14.2,0.498192,0.271842,0.670918,0.480318,2,11078.5,0.0,2.0,0,66.0268,65.9369,73.0567
05091,53.6,0.281663,0.144243,0.533911,0.319939,2,2198.0,2.0,0.0,0,57.1646,57.947,58.998
05093,53.1,0.241911,0.107531,0.536319,0.295254,2,2354.11,2.0,1.0,0,49.9131,49.9686,66.3639
05101,40.4,0.448125,0.228118,0.517444,0.397896,2,1130.66,2.0,2.0,0,60.8916,61.1623,68.5577
05107,55.4,0.228694,1.0,0.614189,0.614294,2,7401.45,2.0,2.0,0,56.4698,55.8053,67.1545
05113,51.3,0.251498,0.0910606,0.797492,0.380017,2,19282.7,2.0,1.0,0,45.8575,45.8662,72.1312
05120,66.4,0.175311,0.082149,0.507486,0.254982,2,485.253,2.0,2.0,0,35.7695,36.3525,57.5415
05125,54.6,0.215193,0.103667,0.596934,0.305265,2,6283.04,2.0,0.0,0,49.5026,49.3297,68.2065
05129,16.0,0.527901,0.316011,0.62578,0.489898,2,8152.74,2.0,2.0,0,64.5159,64.4832,73.8181
05134,59.3,0.17554,0.145041,0.377487,0.232689,1,8263.39,1.0,1.0,0,43.7037,43.8353,64.2592
05138,45.3,0.256238,0.12254,0.530305,0.303028,2,1964.32,2.0,2.0,0,47.0561,46.8892,69.6775
05142,35.9,0.411748,0.173421,0.650605,0.411925,2,9761.84,2.0,1.0,0,49.2161,48.7418,71.2742
05145,30.5,0.349976,0.158589,0.361854,0.29014,1,7250.12,1.0,1.0,0,45.9896,45.4837,72.0516
05147,34.4,0.510022,0.219194,0.545565,0.424927,2,2953.44,2.0,2.0,0,53.6534,53.0967,70.8792
05148,18.5,0.413404,0.374738,0.600284,0.462809,2,6500.17,2.0,0.0,0,73.5753,72.7645,73.9014
05150,20.4,0.435908,0.318962,0.591893,0.448921,2,5956.3,2.0,2.0,0,67.6141,67.3053,71.3692
05154,36.0,0.528698,0.263397,0.61911,0.470402,2,7720.38,2.0,2.0,0,59.3622,59.0375,68.7011
05172,37.7,0.513515,0.201444,0.500088,0.405016,2,5.72295,2.0,2.0,0,59.9839,59.1685,72.0399
05190,28.8,0.530748,0.256296,0.307495,0.364846,1,3726.65,2.0,2.0,1,62.2128,61.381,73.9434
05197,42.9,0.318442,0.169138,0.531371,0.339651,2,2033.41,2.0,0.0,0,48.5316,48.9007,68.7098
05206,33.0,0.293764,0.193917,1.0,0.495894,2,79180.6,2.0,2.0,0,44.2067,44.3588,67.0657
05209,48.5,0.234418,0.145929,0.504952,0.2951,2,320.978,2.0,2.0,0,59.2805,59.2941,65.6137
05212,11.6,0.530772,0.420068,0.883203,0.611348,2,24838.2,2.0,2.0,0,68.8956,68.6619,73.4318
05234,60.5,0.268939,0.0645623,0.25692,0.196807,1,448.562,1.0,0.0,0,49.8608,50.1184,67.4715
05237,19.7,0.59882,0.391653,0.301698,0.430724,0,19555.3,2.0,2.0,1,62.6225,61.9173,72.9714
05240,39.1,0.278501,0.150887,0.00637097,0.145253,0,412.95,0.0,1.0,1,52.709,52.5449,68.549
05250,53.7,0.39327,0.103186,0.548158,0.348205,2,3121.51,0.0,2.0,0,49.7116,49.8407,69.4609
05264,23.1,0.568976,0.499389,0.255709,0.441358,1,370.012,2.0,2.0,1,57.0838,56.8199,71.3249
05266,4.9,0.826635,1.0,0.667796,0.831477,2,10876.1,2.0,2.0,0,80.9268,80.4699,72.3251
05282,31.6,0.2882,0.165367,0.536247,0.329938,2,2349.44,2.0,2.0,0,50.5377,50.7609,61.6721
05284,51.3,0.282275,0.0802377,0.5116,0.291371,2,751.914,2.0,2.0,0,50.7174,51.1717,69.0061
05306,33.4,0.301462,0.194963,0.346777,0.281067,1,6272.81,1.0,1.0,0,45.9113,45.8743,70.6207
05308,13.9,0.585612,0.608772,0.621606,0.60533,2,7882.17,2.0,2.0,0,67.595,66.9699,72.6461
05310,34.1,0.481944,0.226,0.260977,0.322974,1,711.488,2.0,2.0,1,52.0111,51.5027,64.5827
05313,33.4,0.308297,0.121768,0.707067,0.379044,2,13421.5,2.0,2.0,0,51.8097,51.6052,72.0551
05315,41.1,0.214752,0.205928,0.536744,0.319141,2,2381.67,2.0,2.0,0,53.4384,53.3834,67.4402
05318,17.0,0.393402,0.538475,0.336809,0.422895,1,5626.75,2.0,2.0,1,72.4064,72.3099,67.9031
05321,11.4,0.80018,0.549825,0.851405,0.733804,2,22777.2,2.0,2.0,0,65.9286,66.7899,74.2764
05347,37.5,0.310469,0.139515,0.637266,0.362416,2,8897.24,2.0,0.0,0,52.8781,52.6484,67.4122
05353,36.9,0.408582,0.194085,0.5,0.367556,2,0.0,1.0,2.0,0,51.4167,51.573,67.1138
05360,10.9,0.704628,0.762267,0.38276,0.616552,1,8605.17,2.0,2.0,1,80.7874,80.3698,73.4627
05361,57.6,0.172956,0.18719,0.564955,0.308367,2,4210.25,2.0,2.0,0,44.115,44.4302,68.0333
05364,28.5,0.458123,0.17659,0.521349,0.385354,2,1383.77,2.0,0.0,0,54.2506,53.9505,72.6408
05368,25.8,0.501325,0.259845,0.516886,0.426018,2,1094.49,2.0,2.0,0,56.3268,56.3998,69.7052
05376,11.5,0.583095,0.563054,0.514308,0.553486,2,927.439,2.0,2.0,0,80.0272,79.4995,79.1226
05380,9.2,0.634696,0.68051,0.637518,0.650908,2,8913.6,2.0,2.0,0,77.9395,77.0925,73.9626
05390,31.2,0.667937,0.623735,0.594233,0.628635,2,6107.92,2.0,2.0,0,56.6252,56.8132,70.7754
05400,23.0,0.370097,0.259421,0.719727,0.449748,2,14242.1,2.0,0.0,0,62.7762,62.6448,77.0741
05411,43.3,0.230476,0.133945,0.53121,0.298543,2,2022.93,2.0,2.0,0,48.4836,48.5074,68.6208
05425,36.0,0.378169,0.381862,0.502259,0.420763,2,146.401,2.0,2.0,0,47.9944,48.4854,71.2928
05440,15.4,0.495847,0.382405,0.606326,0.494859,2,6891.77,2.0,2.0,0,77.9052,77.7125,77.213
05467,39.5,0.269493,0.207983,0.502174,0.32655,2,140.922,2.0,2.0,0,54.3083,54.2829,66.3771
05475,81.5,0.20251,0.277866,1.0,0.493459,2,87669.1,2.0,2.0,0,44.3625,44.2633,60.4535
05480,57.8,0.397987,0.187689,0.506976,0.364217,2,452.135,2.0,2.0,0,57.136,57.3554,66.1426
05483,51.8,0.20209,0.0893149,0.313051,0.201485,1,4086.8,0.0,0.0,0,45.9265,45.8308,61.8317
05490,62.7,0.248059,0.137853,0.572845,0.319586,2,4721.66,2.0,2.0,0,52.6469,51.8516,67.1523
05495,61.5,0.279109,0.0660014,0.614382,0.319831,2,7413.94,2.0,2.0,0,41.5871,41.6983,67.3872
05501,33.4,0.200841,0.302787,0.691077,0.398235,2,12385.1,2.0,2.0,0,56.4313,55.9591,62.2584
05541,20.0,0.452056,0.185157,0.330903,0.322706,1,5243.93,1.0,1.0,0,55.8069,55.6738,68.8687
05543,53.5,0.217387,0.102141,0.26136,0.193629,1,736.299,1.0,0.0,0,53.0994,53.0428,65.5352
05576,45.7,0.318404,0.17249,0.25,0.246965,1,0.0,2.0,2.0,1,54.8849,54.6995,68.0176
05579,32.1,0.575666,0.284744,0.506458,0.455623,2,418.566,2.0,1.0,0,60.1017,60.0414,70.9802
05585,33.1,0.391987,0.372539,0.577824,0.44745,2,5044.36,2.0,0.0,0,50.165,49.7427,67.6408
05591,29.3,0.308648,0.299904,0.166944,0.258499,0,10820.9,2.0,2.0,1,56.2189,55.7291,67.5362
05604,42.1,0.401601,0.346604,0.512343,0.420183,2,800.035,2.0,2.0,0,49.5075,49.6598,65.7372
05607,11.7,0.575976,1.0,0.757676,0.777884,2,16701.9,2.0,1.0,0,68.6396,68.3932,69.5332
05615,9.5,0.640092,1.0,0.437412,0.692502,1,12147.6,1.0,1.0,0,83.822,83.7617,72.4155
05628,52.8,0.255448,0.10518,0.511859,0.290829,2,768.688,2.0,2.0,0,53.4758,53.6491,68.2221
05631,4.5,0.849032,1.0,0.799709,0.882914,2,19426.4,2.0,2.0,0,73.4487,73.7912,74.3965
05642,49.7,0.308119,0.122229,0.550028,0.326792,2,3242.68,1.0,2.0,0,55.9353,55.6103,63.5769
05647,48.5,0.284318,0.113209,0.572581,0.323369,2,4704.52,2.0,0.0,0,52.5855,52.5799,67.3017
05649,30.5,0.553421,0.319059,0.739562,0.537348,2,15527.8,2.0,0.0,0,53.6038,53.2615,67.9516
05652,46.4,0.314588,0.112801,0.696398,0.374596,2,12730.0,2.0,2.0,0,48.5449,48.7325,66.3303
05656,30.5,0.39951,0.486554,0.546237,0.477434,2,2996.99,2.0,2.0,0,64.5548,64.3639,68.4497
05658,34.0,0.4172,0.281344,0.507463,0.402002,2,483.739,2.0,0.0,0,56.5909,56.085,71.8296
05659,61.1,0.204634,0.0997163,0.509003,0.271118,2,583.571,1.0,2.0,0,43.9176,43.2571,67.4082
05660,32.4,0.346878,0.159361,0.559658,0.355299,2,3866.85,2.0,2.0,0,53.5704,53.2741,71.1993
05664,19.5,0.596352,0.488045,0.411205,0.498534,0,26653.3,2.0,2.0,1,63.7361,63.1061,73.5058
05665,62.3,0.244271,0.102678,0.25,0.198983,1,0.0,0.0,1.0,0,45.4975,45.3948,68.9714
05667,36.8,0.356149,0.181186,0.707727,0.41502,2,13464.4,2.0,2.0,0,51.3683,51.7558,70.2388
05670,40.8,0.233763,0.106272,0.520667,0.2869,2,1339.56,2.0,0.0,0,53.6082,53.8857,68.2531
05674,27.8,0.223051,0.165054,0.00961882,0.132575,0,623.468,2.0,2.0,1,56.9827,57.002,65.3745
05679,28.1,0.314118,0.123338,0.0171027,0.151519,0,1108.56,2.0,2.0,1,56.633,56.6223,66.1467
05686,30.9,0.510469,0.373529,0.290913,0.391637,1,2651.89,1.0,1.0,0,60.3453,59.721,73.569
05690,41.5,0.229265,0.350842,0.75,0.443369,1,34465.9,1.0,1.0,0,53.5411,53.3835,68.0309
05697,22.0,0.457165,0.25057,0.384243,0.363993,1,8701.3,2.0,2.0,1,62.657,62.9592,74.7634
05736,42.8,0.57481,0.206855,0.26778,0.349815,1,1152.44,1.0,0.0,0,44.4203,44.0663,65.2461
05756,37.9,0.399765,0.376579,0.504232,0.426858,2,274.276,2.0,2.0,0,56.2088,56.2366,69.8676
05761,28.7,0.376552,0.346478,0.422378,0.381802,1,11173.1,2.0,2.0,1,67.5324,66.9836,66.3688
05789,36.6,0.375666,0.204069,0.505853,0.361862,2,379.363,2.0,1.0,0,57.0705,57.2948,69.4709
05790,53.5,0.302241,0.116986,0.531083,0.31677,2,2014.7,2.0,2.0,0,36.9507,37.1662,63.6533
05792,42.6,0.405303,0.348437,0.438689,0.397476,1,12230.4,2.0,2.0,1,60.0737,59.4356,66.6724
05809,30.3,0.318079,0.22497,0.550625,0.364558,2,3281.38,2.0,2.0,0,61.7157,61.1761,67.4418
05819,53.5,0.324325,0.334737,0.409179,0.35608,1,10317.6,2.0,2.0,1,57.52,57.0482,66.5721
05837,49.9,0.331518,0.169394,0.251788,0.2509,1,115.884,1.0,1.0,0,60.037,59.2462,68.1852
05842,55.6,0.209447,0.107843,0.679207,0.332166,2,11615.7,2.0,2.0,0,49.4144,49.6873,67.6124
05847,46.1,0.380473,0.123079,0.25123,0.251594,1,79.7017,2.0,2.0,1,49.0732,48.2145,71.3628
05854,59.3,0.208295,0.182938,0.270355,0.220529,1,1319.36,1.0,0.0,0,50.1371,49.724,61.5432
05856,25.9,0.454988,0.298294,0.566907,0.440063,2,4336.75,2.0,2.0,0,55.9193,55.7181,66.6681
05858,41.0,0.457646,0.230568,0.743103,0.477106,2,15757.3,2.0,1.0,0,59.7501,59.4997,72.0346
05861,25.8,0.380857,0.388279,0.629212,0.466116,1,24579.5,1.0,1.0,0,63.3876,62.3758,70.357
05873,76.1,0.177408,0.130588,0.388136,0.232044,1,8953.64,0.0,0.0,0,41.425,42.3453,64.2937
05885,44.0,0.298766,0.135253,0.25,0.228006,1,0.0,1.0,0.0,0,48.3187,48.0318,65.1877
05887,33.8,0.484588,0.255812,0.511162,0.417187,2,723.492,2.0,2.0,0,58.3603,58.0781,71.4769
05890,45.0,0.196522,0.148962,0.503195,0.282893,2,207.107,2.0,2.0,0,46.7934,46.6494,65.4215
05893,46.3,0.534172,0.572163,0.524044,0.54346,2,1558.49,2.0,2.0,0,53.4814,53.3933,63.04
05895,58.0,0.333006,0.35555,0.258475,0.315677,1,549.358,1.0,0.0,0,52.0548,51.8351,65.1369
08001,17.4,0.744293,0.868701,0.506298,0.706431,2,408.243,2.0,1.0,0,76.487,76.2925,74.6477
08078,33.5,0.443586,0.0927238,0.286364,0.274224,1,2357.02,0.0,0.0,0,48.8842,48.8389,71.1013
08137,64.6,0.367253,0.0143321,0.287466,0.223017,1,2428.43,1.0,1.0,0,39.4393,39.7575,74.063
08141,52.0,0.292203,0.0505132,0.255456,0.199391,1,353.621,1.0,1.0,0,39.1497,39.6737,73.5456
08296,23.8,0.491934,0.285374,0.270881,0.349397,1,1353.48,1.0,0.0,0,66.0364,66.1297,71.9791
08372,36.7,0.373477,0.0864231,1.0,0.486633,2,60016.5,2.0,1.0,0,48.5878,48.4313,69.5111
08421,55.4,0.249276,0.050674,0.312201,0.20405,1,4031.7,1.0,0.0,0,44.8909,44.7513,69.7868
08433,30.0,0.479974,0.179475,0.0369224,0.232124,0,2393.22,1.0,0.0,1,51.6901,51.5874,68.4388
08436,48.4,0.35584,0.0270199,0.25,0.210953,1,0.0,1.0,0.0,0,37.9419,38.1898,71.1023
08520,36.0,0.416859,0.0844995,0.0533306,0.184896,0,3456.76,1.0,1.0,1,49.9829,50.2839,71.1168
08549,45.2,0.209025,0.0552815,0.25,0.171435,1,0.0,0.0,1.0,0,45.8528,46.0981,67.0334
08558,30.5,0.387798,0.0438524,0.503663,0.311771,2,237.425,2.0,0.0,0,41.3187,41.2321,72.7594
08560,46.7,0.263389,0.0192662,0.0312181,0.104624,0,2023.48,1.0,0.0,1,39.5894,39.6046,69.9915
08573,14.4,0.542325,0.804364,0.874622,0.740437,2,24282.0,2.0,2.0,0,67.2919,67.4295,73.6014
08606,54.6,0.293456,0.0278045,0.294286,0.205182,1,2870.5,1.0,0.0,0,37.9,37.9649,69.0509
08634,31.9,0.47676,0.244465,0.251551,0.324259,1,100.545,1.0,0.0,0,55.4525,54.7243,71.3855
08638,36.5,0.384809,0.0812108,0.25,0.238673,1,0.0,1.0,1.0,0,45.4471,44.8698,71.5259
08675,47.2,0.333075,0.0444501,0.251861,0.209795,1,120.605,1.0,0.0,0,45.6431,45.3266,72.0057
08685,25.8,0.464052,0.100011,0.0,0.188021,0,0.0,1.0,0.0,1,45.4412,45.6484,72.1851
08758,18.6,0.47768,0.136201,0.251083,0.288322,1,70.2111,1.0,0.0,0,56.8912,56.7576,71.3082
08770,43.8,0.409801,0.0716116,0.512018,0.331144,1,16983.4,1.0,0.0,1,48.7086,49.3434,70.7035
08832,32.8,0.252757,0.203294,0.69756,0.384537,1,29009.7,1.0,1.0,0,58.2552,58.1278,66.2555
08849,32.7,0.400572,0.056364,0.312142,0.256359,1,4027.88,1.0,0.0,0,49.9636,50.1632,67.5751
11001,9.0,0.841097,1.0,0.607494,0.816197,2,6967.51,2.0,2.0,0,79.6029,78.9888,68.4926
13001,19.9,0.646938,0.648003,0.731645,0.675529,2,15014.6,2.0,2.0,0,60.9324,60.7781,70.3932
13006,62.4,0.150717,0.0607757,0.656267,0.289253,2,10128.8,2.0,2.0,0,49.2793,49.514,66.9507
13030,70.7,0.157398,0.0451074,0.00784425,0.0701166,0,508.445,1.0,0.0,1,39.3069,39.3732,65.1052
13042,62.0,0.305083,0.147086,0.446445,0.299538,1,12733.1,1.0,0.0,0,45.7421,44.4676,66.7261
13052,47.4,0.381296,0.141361,0.508689,0.343782,2,563.22,2.0,0.0,0,47.3448,47.1632,64.1843
13062,68.4,0.245342,0.0657111,0.254354,0.188469,1,282.22,1.0,0.0,0,39.7911,39.3587,68.4299
13074,68.9,0.188649,0.0273414,0.389564,0.201852,0,25250.6,1.0,0.0,1,24.3222,24.5635,66.4447
13140,62.5,0.265456,0.0397198,0.266058,0.190411,1,1040.85,1.0,0.0,1,41.8294,41.819,65.0958
13160,50.6,0.65314,0.445454,0.0,0.366198,0,0.0,1.0,1.0,1,55.6802,55.4762,61.4354
13188,61.3,0.311719,0.111684,0.113958,0.17912,0,7386.46,1.0,1.0,1,40.4603,40.6135,70.6868
13212,61.9,0.138588,0.0518187,0.288035,0.15948,1,2465.33,1.0,0.0,0,29.7577,29.8845,67.9186
13222,63.0,0.374834,0.146601,0.261879,0.261105,1,769.966,0.0,0.0,0,49.6171,50.441,65.3908
13244,58.4,0.352589,0.0339715,0.512901,0.29982,2,836.183,2.0,2.0,0,27.5928,27.6174,63.6437
13248,59.5,0.250008,0.0600596,0.502008,0.270692,2,130.15,2.0,0.0,0,40.3246,40.1291,65.4748
13268,67.7,0.190172,0.0876096,0.717804,0.331862,1,30321.9,1.0,0.0,1,36.1514,36.0154,65.4425
13300,73.8,0.13723,0.0578999,0.175118,0.123416,0,11350.7,1.0,0.0,1,29.9655,30.0897,69.9886
13430,49.1,0.372924,0.108956,0.577845,0.353242,2,5045.68,2.0,0.0,0,38.2585,37.9753,71.3519
13433,54.3,0.208034,0.0478781,0.250539,0.168817,1,34.9626,0.0,0.0,0,37.8479,38.0912,65.8371
13440,65.6,0.108789,0.0192514,0.75,0.29268,1,54475.6,1.0,1.0,0,40.4936,40.5407,66.522
13442,63.2,0.223968,0.050541,0.00755406,0.0940209,0,489.635,1.0,0.0,1,30.8714,30.9095,68.6449
13458,70.1,0.130142,0.0,0.325577,0.151906,0,21103.1,1.0,0.0,1,34.855,35.2673,50.7694
13468,49.1,0.315693,0.104611,0.330939,0.250414,1,5246.28,1.0,1.0,0,40.3726,40.0247,71.4769
13473,57.6,0.175232,0.0235372,0.617961,0.272243,1,23850.3,0.0,0.0,0,27.6516,27.8864,58.3925
13490,66.2,0.184097,0.0171372,0.306539,0.169258,1,3664.73,1.0,0.0,0,43.1775,44.8587,60.9735
13549,67.5,0.0826024,0.00281586,0.373922,0.153113,1,8032.32,1.0,1.0,0,39.8407,40.0466,62.5244
13580,48.9,0.294001,0.0881789,1.0,0.460727,2,37133.1,2.0,0.0,0,34.2385,34.4249,62.5575
13600,57.3,0.252824,0.0560509,0.826796,0.378557,2,21182.1,2.0,2.0,0,48.7658,48.9586,59.9835
13620,49.9,0.306521,0.0511529,0.0461608,0.134612,0,2992.03,1.0,0.0,1,37.4192,37.3661,72.8954
13647,50.7,0.301465,0.0277238,0.380993,0.236727,1,8490.64,1.0,0.0,0,46.8593,47.2565,70.0743
13650,64.3,0.089519,0.0101699,0.25,0.116563,1,0.0,1.0,1.0,1,38.0817,37.8939,64.1774
13654,60.3,0.408588,0.0550721,0.535497,0.333052,2,2300.84,2.0,2.0,0,29.2916,29.4921,66.8151
13655,66.7,0.150247,0.0421648,0.298648,0.163686,1,3153.21,0.0,0.0,0,42.7026,42.3718,57.9599
13657,56.2,0.366869,0.0704487,0.378848,0.272055,1,8351.62,1.0,1.0,0,44.9716,45.1987,67.3799
13667,60.6,0.277299,0.0440308,0.37773,0.23302,1,8279.1,1.0,0.0,0,29.5331,29.0884,70.4968
13670,54.0,0.453621,0.0882213,0.426304,0.322715,1,11427.6,1.0,0.0,1,50.1844,50.0255,66.0088
13673,54.8,0.231195,0.0813026,0.517375,0.276624,2,1126.21,2.0,0.0,0,42.1507,42.2585,66.5008
13683,54.3,0.413165,0.129671,0.507876,0.350237,2,510.492,2.0,2.0,0,49.3442,49.1551,59.7655
13688,43.6,0.45214,0.100879,0.532443,0.361821,2,2102.84,2.0,2.0,0,41.8519,41.7184,69.232
13744,54.8,0.275393,0.0904623,0.638538,0.334798,1,25184.1,1.0,0.0,0,41.2246,41.159,63.2592
13760,39.4,0.392809,0.0419378,0.563479,0.332742,2,4114.52,2.0,1.0,0,30.6019,31.0982,64.2868
13780,50.7,0.249233,0.0925237,0.0387202,0.126825,0,2509.74,1.0,0.0,1,40.897,41.1987,72.0374
13810,73.0,0.218329,0.0,0.614146,0.277492,2,7398.67,2.0,0.0,0,38.1462,38.7339,64.242
13836,30.4,0.471621,0.181468,0.252444,0.301844,1,158.441,1.0,0.0,0,45.955,46.2855,63.7237
13838,42.8,0.363077,0.20091,0.309374,0.29112,1,3848.47,1.0,0.0,0,41.4238,41.9583,64.9612
13873,54.1,0.365275,0.0392722,0.496847,0.300465,1,16000.0,1.0,1.0,0,38.3413,38.8466,65.4586
13894,62.4,0.381567,0.130319,0.296876,0.269587,1,3038.36,1.0,0.0,0,48.5425,48.9085,62.4925
15001,11.4,0.776948,0.566375,0.522201,0.621841,2,1439.03,2.0,0.0,0,70.8573,70.1388,69.7305
15022,37.5,0.235918,0.199102,0.258362,0.231128,1,542.005,2.0,0.0,1,52.0673,52.1927,63.0926
15047,33.5,0.371841,0.160193,0.513985,0.348673,2,906.504,2.0,2.0,0,49.159,48.8201,70.0849
15051,24.8,0.528609,0.225633,0.5016,0.418614,2,103.693,2.0,0.0,0,53.7117,53.8709,69.1693
15087,25.2,0.514352,0.167794,0.274044,0.31873,1,1558.48,1.0,0.0,0,53.1535,53.1409,74.0033
15090,40.5,0.201996,0.244255,0.46403,0.303427,1,13872.9,1.0,1.0,0,54.3979,53.4531,69.342
15092,43.3,0.185582,0.168272,0.251812,0.201888,1,117.419,1.0,2.0,1,49.2661,49.0815,62.6486
15097,48.1,0.411833,0.150743,0.0291705,0.197249,0,1890.76,2.0,1.0,1,50.2616,50.1485,69.9844
15104,39.7,0.261435,0.282256,0.794518,0.44607,2,19089.9,2.0,2.0,0,51.6628,52.0476,72.1668
15106,48.5,0.293788,0.166717,0.489372,0.316626,1,15515.5,1.0,0.0,0,53.7171,53.2787,69.2481
15109,44.9,0.287434,0.115763,0.25,0.217732,1,0.0,1.0,1.0,0,47.887,47.3426,67.0721
15114,31.3,0.298464,0.3253,0.277114,0.300293,1,1757.47,1.0,1.0,0,57.7521,57.7055,64.6473
15131,43.7,0.145352,0.200835,0.505166,0.283784,2,334.821,2.0,2.0,0,46.4286,46.663,66.0402
15135,52.3,0.272479,0.819956,0.0600743,0.38417,0,3893.86,2.0,1.0,1,57.4041,56.9677,66.8879
15162,29.4,0.306053,0.0698177,0.25,0.208624,1,0.0,1.0,1.0,0,48.1842,47.5952,70.3027
15172,41.1,0.311009,0.233905,0.946629,0.497181,2,28949.4,2.0,2.0,0,57.127,57.053,69.6037
15176,17.3,0.691276,0.262072,0.28365,0.412333,1,2181.09,1.0,0.0,0,63.0077,62.2872,73.1753
15180,60.1,0.248286,0.144689,0.586504,0.326493,2,5606.97,0.0,2.0,0,49.2529,48.8586,69.1515
15183,69.1,0.19486,0.147723,0.256857,0.199813,1,444.455,1.0,1.0,0,55.228,54.8567,71.83
15185,46.4,0.227341,0.141847,0.277607,0.215598,1,1789.39,2.0,2.0,1,45.6267,45.133,68.4284
15187,42.3,0.262898,0.25933,0.263716,0.261981,1,889.047,2.0,1.0,1,59.5253,58.6906,62.2457
15189,40.5,0.283254,0.138511,0.258274,0.22668,1,536.304,1.0,1.0,0,56.9023,57.3484,71.2274
15204,36.1,0.198795,0.197903,0.00264177,0.133113,0,171.233,2.0,1.0,1,50.9391,50.3847,65.5928
15212,38.8,0.195526,0.130081,0.25,0.191869,1,0.0,1.0,1.0,1,47.8704,48.0591,64.1127
15215,26.6,0.612468,0.290782,0.283139,0.395463,1,2148.02,0.0,0.0,0,57.1206,57.2522,68.463
15218,55.6,0.232979,0.189495,0.624876,0.349116,2,8094.13,2.0,1.0,0,44.4708,43.7401,70.0698
15223,69.7,0.174206,0.15479,0.00420836,0.111068,0,272.775,2.0,1.0,1,52.0047,51.8453,64.2142
15224,25.9,0.355596,0.193426,0.0443844,0.197802,0,2876.88,2.0,1.0,1,57.4437,56.6441,67.3861
15226,40.7,0.183593,0.242218,0.280313,0.235375,1,1964.8,1.0,0.0,0,58.4955,58.0803,62.3664
15232,51.3,0.140276,0.157574,0.297791,0.198547,1,3097.69,1.0,1.0,0,51.8741,51.5666,68.3847
15236,45.8,0.261986,0.224043,0.5,0.328676,2,0.0,1.0,2.0,0,52.3746,53.3391,67.0229
15238,10.5,0.738069,0.295222,0.505855,0.513049,2,379.482,2.0,2.0,0,63.1233,62.4074,75.0656
15244,49.4,0.435533,0.170474,0.505111,0.370373,2,331.304,2.0,0.0,0,54.8525,54.3603,71.2449
15248,31.3,0.375267,0.194108,0.570445,0.37994,2,4566.08,2.0,1.0,0,44.4496,43.8694,71.7626
15272,21.7,0.303764,0.184888,0.261997,0.250216,1,777.635,1.0,0.0,0,52.5172,51.8492,69.2247
15276,43.9,0.327472,0.168894,0.318531,0.271632,1,4442.02,2.0,0.0,1,44.537,43.8717,75.1696
15293,51.2,0.304776,0.269616,0.327481,0.300624,1,5022.12,1.0,1.0,0,57.962,57.8922,70.0116
15296,43.7,0.250216,0.10331,0.25,0.201175,1,0.0,0.0,0.0,0,48.3297,48.1826,66.1376
15299,20.3,0.622404,0.217459,0.7133,0.517721,2,13825.6,2.0,1.0,0,56.5543,56.7809,75.6763
15317,30.4,0.385338,0.145221,0.833424,0.454661,2,21611.7,2.0,0.0,0,50.0492,49.5316,69.0779
15322,19.4,0.648255,0.250421,0.545664,0.481447,2,2959.83,2.0,2.0,0,62.8636,62.9835,71.3464
15325,36.1,0.396967,0.322547,0.0962822,0.271932,0,6240.77,2.0,1.0,1,53.5612,53.2763,65.9061
15332,48.1,0.275919,0.158347,0.0606355,0.164967,0,3930.24,2.0,1.0,1,49.0921,48.6839,63.3111
15362,24.8,0.601558,0.476657,0.00977938,0.362665,0,633.874,2.0,1.0,1,60.3233,60.2069,71.5503
15367,38.8,0.307392,0.646907,0.587689,0.513996,2,5683.77,2.0,1.0,0,64.7646,64.4146,72.7253
15368,64.7,0.235477,0.158342,0.7091,0.36764,2,13553.3,2.0,2.0,0,49.0123,49.1315,69.2375
15377,57.4,0.21738,0.18798,0.600525,0.335295,2,6515.75,2.0,2.0,0,48.8385,48.0755,63.0312
15380,31.6,0.423629,0.191172,0.25,0.288267,1,0.0,2.0,1.0,1,53.5353,54.104,70.4556
15401,38.4,0.298859,0.193736,0.0,0.164198,0,0.0,1.0,1.0,1,48.334,47.0712,63.4417
15403,41.9,0.378386,0.149636,0.289111,0.272378,1,2535.06,2.0,2.0,1,55.62,55.4961,73.4487
15407,15.2,0.583216,0.676217,0.572872,0.610769,2,4723.4,2.0,2.0,0,67.3937,66.8603,72.0204
15425,28.9,0.2436,0.303955,0.348419,0.298658,1,6379.24,1.0,1.0,0,62.0681,61.7904,66.7447
15442,67.0,0.159968,0.114816,0.630307,0.301697,2,8446.17,2.0,2.0,0,49.0649,48.6123,65.4822
15455,21.1,0.599485,0.634839,0.0521428,0.428822,0,3379.76,2.0,1.0,1,62.0044,61.4118,68.9304
15464,50.7,0.283465,0.0931084,0.284697,0.220423,1,2248.95,1.0,0.0,0,45.3742,45.1126,68.756
15466,28.8,0.511979,0.114992,0.345727,0.324233,1,6204.8,1.0,0.0,0,51.9748,51.2516,72.3365
15469,27.1,0.518019,0.258328,0.00439719,0.260248,0,285.015,1.0,1.0,1,53.045,52.7441,71.3388
15476,49.8,0.184277,0.153663,0.505367,0.281102,2,347.882,2.0,2.0,0,47.9992,48.062,61.7154
15480,40.7,0.508056,0.265702,0.541157,0.438305,2,2667.68,2.0,0.0,0,52.5204,52.1087,70.5362
15491,10.5,0.721351,1.0,0.273208,0.664853,1,1504.28,1.0,1.0,0,54.149,53.8334,71.961
15494,46.2,0.301694,0.191371,0.0998709,0.197645,0,6473.38,0.0,0.0,1,51.8947,51.3138,67.3852
15500,22.8,0.282278,0.397148,0.92143,0.533619,2,27316.0,2.0,2.0,0,59.7816,59.5802,59.7427
15507,44.7,0.431703,0.82519,0.229626,0.495506,0,14883.8,2.0,1.0,1,53.2528,53.0086,66.4742
15511,37.5,0.277503,0.212395,0.0879953,0.192631,0,5703.63,1.0,1.0,1,57.7368,57.2669,68.5611
15514,36.5,0.410696,1.0,0.360249,0.590315,1,7146.06,1.0,2.0,1,48.567,48.8608,65.0754
15516,16.2,0.639122,0.411052,0.538468,0.529547,2,2493.4,2.0,1.0,0,67.1244,66.8296,73.5515
15518,27.8,0.34261,0.31617,0.264713,0.307831,0,17158.0,1.0,0.0,1,49.8817,50.1503,63.9021
15522,42.7,0.497935,0.189312,0.5,0.395749,2,0.0,2.0,2.0,0,45.7574,46.1373,72.8481
15531,47.4,0.322139,0.135005,0.722,0.393048,2,14389.5,2.0,2.0,0,49.8751,49.0877,67.7843
15533,68.2,0.124837,0.168139,0.25,0.180992,1,0.0,2.0,2.0,1,48.0033,47.1732,60.6202
15537,21.6,0.619405,0.269731,0.45786,0.448999,1,13472.9,1.0,1.0,0,53.0386,52.5643,71.4565
15542,39.3,0.228481,0.126178,0.252774,0.202478,1,179.785,0.0,0.0,0,53.8345,53.5639,67.9914
15550,57.9,0.171528,0.338456,0.551095,0.353693,2,3311.83,2.0,1.0,0,52.1021,52.0429,58.6305
15572,33.6,0.745461,0.399705,0.352344,0.49917,1,6633.66,2.0,1.0,1,61.2523,61.0583,69.6437
15580,64.6,0.238301,0.160282,0.0285981,0.142394,0,1853.66,1.0,1.0,1,43.5946,42.8362,65.5938
15599,31.4,0.473514,0.402952,0.0905185,0.322328,0,5867.18,2.0,1.0,1,61.4746,61.6278,67.2919
15600,31.3,0.405105,0.141426,0.0392719,0.195268,0,2545.5,2.0,1.0,1,58.3246,56.9694,63.9009
15621,46.9,0.256253,0.107334,0.25,0.204529,1,0.0,1.0,0.0,0,38.1797,37.502,69.0873
15632,41.8,0.160785,0.15278,0.528536,0.2807,2,1849.64,2.0,2.0,0,51.8699,51.9115,70.2424
15638,23.8,0.499808,0.469877,0.429504,0.466396,1,11635.0,2.0,2.0,1,58.0591,58.1751,69.5709
15646,21.5,0.540858,0.375129,0.0210767,0.312355,0,1366.14,2.0,1.0,1,60.5322,59.9213,72.5493
15660,35.9,0.356552,0.266012,0.392574,0.338379,1,9241.26,2.0,2.0,1,57.2244,56.1798,70.3176
15664,50.8,0.251782,0.173456,0.257527,0.227588,1,487.854,2.0,0.0,1,51.0277,50.3583,67.018
15667,31.4,0.486184,0.269684,0.702984,0.486284,2,13156.9,1.0,2.0,0,57.7933,58.2488,67.9327
15673,45.8,0.415166,0.115281,0.12926,0.219902,0,8378.28,2.0,1.0,1,48.3237,48.0103,72.2038
15676,35.6,0.225123,0.470474,0.451182,0.38226,1,13040.1,2.0,2.0,1,64.3747,62.9177,73.5303
15681,53.7,0.23324,0.11326,0.252486,0.199662,1,161.118,1.0,0.0,0,43.9686,43.0502,65.0147
15686,40.5,0.353158,0.2058,0.00302786,0.187329,0,196.258,2.0,1.0,1,55.6563,55.0894,69.4545
15690,29.0,0.756176,0.762998,0.638072,0.719082,1,25153.8,1.0,1.0,0,61.571,60.6652,69.4323
15693,19.0,0.444958,0.0985997,0.00818888,0.183915,0,530.782,2.0,1.0,1,53.8213,53.5489,70.7638
15696,31.4,0.430665,1.0,0.256244,0.562303,0,16609.1,0.0,0.0,1,57.379,57.1525,66.1053
15720,51.6,0.304261,0.167672,0.0180259,0.16332,0,1168.39,1.0,1.0,1,48.8314,48.5405,68.8182
15723,29.7,0.38048,0.232493,0.25,0.287658,1,0.0,1.0,0.0,0,51.8993,51.6018,72.9358
15740,45.1,0.244351,0.124748,0.251462,0.206854,1,94.7394,2.0,0.0,1,53.3919,53.0029,73.3738
15753,17.3,0.611888,0.124424,0.00306716,0.24646,0,198.806,1.0,0.0,1,53.1664,53.5111,73.9904
15755,52.9,0.336142,0.100955,0.320708,0.252602,1,4583.08,1.0,2.0,1,50.1205,49.5397,70.4497
15757,20.8,0.580906,0.19287,0.0412657,0.271681,0,2674.74,2.0,1.0,1,58.697,58.4412,75.729
15759,10.4,0.769123,0.325086,0.00622768,0.366812,0,403.663,2.0,1.0,1,65.2468,64.9699,74.7013
15761,41.0,0.310723,0.23733,0.512169,0.353408,2,788.777,2.0,2.0,0,58.3657,57.8277,68.3261
15762,55.3,0.143476,0.182382,0.250345,0.192068,1,22.3718,2.0,0.0,1,53.3165,52.8866,66.5337
15763,35.4,0.186032,0.330532,0.0261179,0.180894,0,1692.89,2.0,1.0,1,55.6035,55.5386,67.0276
15764,38.5,0.327759,0.194205,0.321412,0.281125,1,4628.76,2.0,2.0,1,49.8634,50.3999,71.5095
15774,37.1,0.204892,0.0795579,0.295555,0.193335,0,19157.1,0.0,0.0,1,39.1438,39.1604,66.3124
15776,31.1,0.365039,0.33015,0.579662,0.42495,2,5163.48,2.0,2.0,0,62.0486,61.6637,66.5208
15778,47.4,0.220027,0.232291,0.259131,0.23715,1,591.856,2.0,2.0,1,55.9395,55.5011,66.7869
15790,31.4,0.299658,0.0547757,0.510313,0.288249,2,668.464,2.0,1.0,0,53.2366,53.4945,69.8039
15798,41.1,0.346511,0.190417,0.0545965,0.197175,0,3538.81,2.0,1.0,1,58.3868,57.8899,70.6943
15804,47.0,0.296769,0.135903,0.316916,0.249862,1,4337.3,2.0,2.0,1,57.0367,57.0351,69.5013
15806,14.3,0.678245,0.616806,0.257319,0.517457,1,474.384,2.0,2.0,1,70.1914,69.5187,66.0396
15808,35.2,0.293769,0.193226,0.24068,0.242558,0,15600.2,1.0,0.0,1,56.2478,54.9411,65.9774
15810,41.6,0.27593,0.1484,0.264345,0.229558,0,17134.1,2.0,1.0,1,49.8199,49.5492,73.0522
15814,30.2,0.430034,0.139501,0.00654444,0.192027,0,424.194,2.0,1.0,1,50.3775,50.0326,75.5022
15816,50.0,0.175566,0.156758,0.106359,0.146227,0,6893.9,2.0,1.0,1,51.6431,51.0358,68.3317
15820,28.7,0.426923,0.114655,0.34021,0.293929,1,5847.21,2.0,1.0,1,55.2937,54.8657,69.5039
15822,47.9,0.17672,0.152945,0.25,0.193222,1,0.0,1.0,0.0,0,56.6848,56.3189,72.1986
15832,42.1,0.586113,0.444204,0.25,0.426772,1,0.0,2.0,2.0,1,44.9485,44.58,68.8408
15835,45.1,0.349945,0.137937,0.0282107,0.172031,0,1828.55,2.0,1.0,1,53.8304,53.6905,74.3499
15837,32.8,0.570813,0.76814,0.255761,0.531571,1,373.402,2.0,2.0,1,61.5706,60.9479,71.5241
15839,36.4,0.186611,0.228384,0.27274,0.229245,1,1473.94,2.0,2.0,0,50.5533,51.0248,70.8403
15842,49.4,0.174061,0.125051,0.398767,0.232626,1,9642.68,2.0,0.0,1,54.632,54.1993,70.2457
15861,25.7,0.319916,0.232582,0.266361,0.272953,1,1060.46,2.0,2.0,1,49.7618,49.8102,67.7137
15879,45.1,0.168249,0.168138,0.348136,0.228175,1,6360.93,1.0,1.0,0,55.9719,56.2822,62.0645
15897,50.7,0.354866,0.735013,0.5,0.52996,2,0.0,2.0,1.0,0,58.7549,58.2505,71.5581
17001,13.9,0.652789,0.318105,0.78493,0.585275,2,18468.4,2.0,2.0,0,69.5677,69.1694,75.8016
17013,30.0,0.429422,0.122342,0.665642,0.405802,2,10736.5,2.0,2.0,0,56.3096,56.1347,71.1106
17042,32.5,0.411319,0.1618,0.583791,0.385637,2,5431.09,2.0,2.0,0,57.0369,57.1367,70.1103
17050,32.1,0.447162,0.115092,0.251463,0.271239,1,94.8135,2.0,1.0,1,49.0,48.9515,72.4325
17088,41.2,0.374357,0.192674,0.305589,0.290873,0,19807.5,2.0,1.0,1,53.8535,53.6723,72.2258
17174,21.8,0.658587,0.282317,0.547596,0.496167,2,3085.07,2.0,2.0,0,59.0973,58.4824,71.3457
17272,36.2,0.255206,0.0951292,0.300012,0.216783,1,3241.67,2.0,0.0,1,53.8554,53.8946,68.1137
17380,26.8,0.62506,0.340328,0.510266,0.491885,2,665.401,2.0,2.0,0,62.2453,61.7526,72.8265
17388,34.5,0.282215,0.10462,0.703874,0.36357,2,13214.6,2.0,0.0,0,44.8868,44.8648,74.1
17433,37.5,0.382783,0.0806175,0.5,0.321134,2,0.0,2.0,2.0,0,50.9532,50.423,67.9751
17442,37.6,0.365393,0.104988,0.0568491,0.175744,0,3684.82,1.0,1.0,1,54.1706,54.0378,71.26
17444,40.7,0.337245,0.0750499,0.552804,0.3217,2,3422.59,2.0,2.0,0,51.8825,51.9211,70.1728
17446,34.6,0.306816,0.190092,0.5,0.332303,2,0.0,2.0,0.0,0,51.4423,50.9377,66.9057
17486,31.3,0.369165,0.187778,0.549925,0.368956,2,3236.03,2.0,2.0,0,61.9297,60.8291,71.3816
17495,41.4,0.52061,0.211383,0.75,0.493998,1,37432.8,1.0,0.0,0,58.4522,58.2934,73.1657
17513,33.3,0.389801,0.123077,0.153929,0.222269,0,9977.29,2.0,1.0,1,50.9925,50.7615,72.1993
17524,30.1,0.371358,0.256642,0.598644,0.408881,1,22598.2,2.0,1.0,1,58.3995,58.0324,69.2254
17541,37.3,0.323264,0.0799783,0.670097,0.35778,2,11025.2,2.0,1.0,0,49.5603,49.0817,69.1576
17614,29.3,0.285671,0.135371,0.527282,0.316108,2,1768.33,2.0,2.0,0,53.4748,53.0974,72.0222
17616,39.4,0.385029,0.0829938,0.449758,0.305927,1,12947.8,1.0,0.0,0,52.8707,52.6463,73.5128
17653,28.7,0.408235,0.118028,0.53409,0.353451,2,2209.61,2.0,0.0,0,50.5822,50.9099,67.5269
17662,39.9,0.279139,0.0793882,0.258967,0.205831,1,581.218,1.0,1.0,0,50.7444,50.2751,68.1202
17665,39.9,0.312278,0.23471,0.616661,0.387883,1,23766.0,2.0,1.0,1,55.6735,55.075,67.1943
17777,31.3,0.386657,0.122384,0.282895,0.263979,1,2132.18,1.0,1.0,0,55.2894,55.1516,74.0801
17867,34.9,0.318527,0.205772,0.784808,0.436369,2,18460.5,2.0,2.0,0,58.8685,58.5151,71.3852
17873,17.0,0.487086,0.174991,0.699954,0.45401,2,12960.5,2.0,1.0,0,54.4889,54.754,69.4452
17877,26.0,0.595623,0.15378,0.25,0.333134,1,0.0,2.0,1.0,1,52.6321,52.2325,76.2429
18001,29.6,0.626943,0.251586,0.551011,0.476513,2,3306.39,2.0,1.0,0,58.9402,58.3003,68.8393
18029,38.8,0.332501,0.134007,0.315281,0.260596,1,4231.34,1.0,1.0,0,49.5732,48.919,69.0701
18094,50.0,0.352901,0.188226,0.25,0.263709,1,0.0,1.0,1.0,1,53.954,54.069,64.9707
18150,63.3,0.346909,0.115078,0.50664,0.322876,2,430.417,2.0,0.0,0,50.5812,50.2683,60.6572
18205,55.4,0.4552,0.125951,0.259789,0.280313,1,634.518,1.0,1.0,0,45.2577,43.7282,63.4973
18247,44.3,0.445549,0.137382,0.260197,0.281043,1,660.948,1.0,0.0,0,50.8142,50.6599,69.8806
18256,45.5,0.309239,0.11772,0.268044,0.231668,1,1169.53,1.0,1.0,0,49.6031,48.8736,63.5987
18410,56.2,0.164781,0.138905,0.272558,0.192081,1,1462.15,1.0,1.0,0,54.9077,53.7988,60.7448
18460,64.6,0.135121,0.106922,0.424127,0.222057,1,11286.5,1.0,1.0,0,46.5769,46.3204,60.6232
18479,42.4,0.360729,0.191759,0.256767,0.269752,1,438.636,1.0,1.0,1,48.1645,47.9986,66.3356
18592,54.3,0.356375,0.115074,0.251025,0.240825,1,66.4666,1.0,0.0,0,45.634,45.0855,62.2222
18610,48.7,0.351366,0.141878,0.506123,0.333122,2,396.885,2.0,2.0,0,56.426,55.6113,67.6875
18753,56.3,0.397559,0.142711,0.505485,0.348585,2,355.542,2.0,2.0,0,53.7726,52.8439,63.5983
18756,71.9,0.181988,0.101584,0.5,0.261191,2,0.0,2.0,1.0,0,39.6379,38.5132,56.5242
18785,58.1,0.40778,0.127108,0.254509,0.263132,1,292.23,1.0,1.0,0,46.8963,46.0375,63.1462
18860,50.0,0.234606,0.137644,0.25,0.207417,1,0.0,1.0,0.0,0,44.595,43.5971,58.8077
19001,18.4,0.632416,0.302833,0.584173,0.506474,2,5455.87,2.0,0.0,0,60.6972,59.9587,65.863
19022,62.9,0.0509635,0.0300398,0.550037,0.210347,2,3243.27,2.0,2.0,0,38.3738,37.9968,62.15
19050,50.1,0.144126,0.0740871,0.254487,0.157567,1,290.824,0.0,0.0,0,44.1396,43.9939,66.3348
19075,47.1,0.179233,0.0357569,0.501475,0.238821,2,95.5938,2.0,0.0,0,49.1293,48.6791,67.3738
19100,51.1,0.0934864,0.0201634,0.516768,0.210139,2,1086.89,2.0,2.0,0,39.7953,39.483,63.2664
19110,42.5,0.0822821,0.0126624,0.512481,0.202475,2,808.974,2.0,2.0,0,44.7512,44.8516,58.1486
19130,56.9,0.0580391,0.0395133,0.261149,0.119567,1,722.669,1.0,0.0,0,47.8729,47.8695,62.0995
19137,56.0,0.0563247,0.0273229,0.502042,0.19523,2,132.328,2.0,2.0,0,49.3452,49.6133,64.7786
19142,37.4,0.435884,0.318831,0.527851,0.427522,2,1805.23,2.0,0.0,0,60.1517,60.2015,63.3481
19212,33.7,0.318274,0.103222,0.329508,0.250335,1,5153.54,0.0,0.0,0,50.0614,49.6903,67.56
19256,46.0,0.0814621,0.0268722,0.513542,0.207292,2,877.759,2.0,1.0,0,51.7503,51.9068,62.7967
19290,36.3,0.190123,0.0583204,0.545653,0.264699,2,2959.13,2.0,2.0,0,45.1997,44.9449,69.3246
19300,20.2,0.222245,0.744317,0.262643,0.409735,1,819.473,1.0,1.0,0,64.635,63.7723,60.0961
19318,68.9,0.299173,0.0603818,0.254284,0.204613,1,277.665,1.0,1.0,0,45.149,44.8043,62.1339
19355,59.0,0.0472332,0.0668091,0.5,0.204681,2,0.0,2.0,2.0,0,43.5644,43.3862,64.2831
19364,46.5,0.0555833,0.0394975,0.277053,0.124045,1,1753.51,1.0,0.0,0,46.3231,46.2232,65.1445
19392,53.6,0.138541,0.0403828,0.625236,0.268053,2,8117.51,2.0,2.0,0,41.5104,41.8951,64.9733
19397,56.7,0.0449015,0.0255203,0.574302,0.214908,2,4816.07,2.0,2.0,0,46.1757,45.7162,59.7756
19418,81.2,0.0923567,0.0362589,0.26931,0.132642,1,1251.63,2.0,2.0,1,44.0774,44.343,60.3908
19450,46.6,0.155184,0.0137896,0.507713,0.225562,2,499.917,2.0,1.0,0,43.8761,43.9906,61.4111
19455,21.6,0.458581,0.393003,0.540689,0.464091,2,2637.33,2.0,2.0,0,66.6911,66.1112,65.9899
19473,48.7,0.0659235,0.0337688,0.525547,0.208413,2,1655.9,2.0,2.0,0,45.9173,46.3709,65.2281
19513,22.0,0.271223,0.151132,0.262461,0.228272,1,807.699,2.0,2.0,1,45.0775,44.6454,65.8118
19517,56.3,0.0615469,0.0373056,0.540623,0.213158,2,2633.06,2.0,2.0,0,42.0651,42.0674,67.2801
19532,44.1,0.278227,0.077074,0.511477,0.288926,2,743.939,2.0,2.0,0,52.6016,52.0542,64.4217
19533,44.0,0.234329,0.080138,1.0,0.438156,2,34856.2,2.0,2.0,0,35.0239,34.9861,63.8165
19548,30.7,0.268875,0.136598,0.258262,0.221245,1,535.49,2.0,2.0,1,56.018,55.6667,65.4768
19573,16.6,0.526875,0.279698,0.514243,0.440272,2,923.198,2.0,1.0,0,54.6401,54.0977,70.3959
19585,39.5,0.0758124,0.0322512,0.521749,0.209938,2,1409.73,2.0,2.0,0,47.5391,47.663,64.6495
19622,43.2,0.121528,0.0496053,0.382126,0.18442,1,8564.09,1.0,1.0,0,47.1693,47.0822,64.7273
19693,46.4,0.0401841,0.0554705,0.558545,0.218067,2,3794.74,2.0,1.0,0,41.1661,41.4622,62.8337
19698,23.8,0.401317,0.123507,0.525432,0.350085,2,1648.42,2.0,2.0,0,54.7797,54.1744,69.6027
19701,66.1,0.0883164,0.0652506,0.277666,0.143744,1,1793.25,1.0,1.0,0,42.221,41.6138,65.4128
19743,43.8,0.0902066,0.0213206,0.515462,0.208996,2,1002.2,2.0,2.0,0,44.6061,44.5186,65.2393
19760,32.3,0.0441616,0.0527984,0.5,0.198987,2,0.0,2.0,2.0,0,47.255,46.7206,60.1244
19780,44.1,0.132828,0.0453036,0.509545,0.229225,2,618.673,2.0,1.0,0,38.3939,38.7268,62.3648
19785,75.5,0.0930792,0.0530194,0.552262,0.232787,2,3387.47,1.0,2.0,0,43.9444,43.8173,58.9522
19807,35.7,0.268262,0.0907178,0.520778,0.293253,2,1346.79,2.0,2.0,0,51.3342,51.1375,67.0331
19809,72.4,0.153311,0.142989,0.690848,0.329049,1,28574.6,1.0,1.0,0,49.9719,50.2168,65.3757
19821,45.1,0.0508661,0.0590589,0.540364,0.216763,2,2616.27,2.0,2.0,0,36.5427,36.5568,67.7336
19824,55.1,0.0498781,0.0654453,0.506076,0.207133,2,393.842,2.0,1.0,0,45.9784,46.1531,62.0075
19845,22.7,0.446442,0.502709,0.603939,0.517697,2,6737.06,2.0,2.0,0,61.6176,61.5924,61.9702
20001,30.5,0.516331,0.27531,0.000645907,0.264096,0,41.866,1.0,1.0,1,49.0905,49.2901,71.532
20011,37.0,0.509164,0.151243,0.0292186,0.229875,0,1893.88,1.0,1.0,1,45.8192,45.981,63.5061
20013,44.5,0.544592,0.0890966,0.0244811,0.21939,0,1586.81,1.0,1.0,1,37.3543,37.4608,73.6201
20032,52.8,0.273088,0.0678058,0.00531807,0.115404,0,344.703,1.0,1.0,1,38.3248,38.3599,71.3589
20045,48.6,0.66789,0.296744,0.533446,0.49936,2,2167.87,2.0,1.0,0,59.8918,61.0307,68.6384
20060,43.8,0.470227,0.164412,0.264681,0.299773,1,951.613,2.0,0.0,1,51.8573,52.093,69.9077
20175,52.5,0.1956,0.0371781,0.26319,0.165323,1,854.933,1.0,1.0,0,39.3226,39.5961,71.3657
20178,41.3,0.351169,0.264543,0.0352707,0.216994,0,2286.16,1.0,1.0,1,42.8131,43.0961,74.2303
20228,45.8,0.360375,0.093477,0.256814,0.236889,1,441.681,1.0,0.0,0,47.9996,48.4302,70.8047
20238,48.2,0.397636,0.119412,0.563201,0.360083,2,4096.55,1.0,2.0,0,55.659,55.4472,70.6821
20250,40.7,0.279321,0.182912,0.265029,0.24242,1,974.147,1.0,0.0,0,44.2947,44.816,73.1598
20295,48.6,0.313418,0.166268,0.249909,0.243198,0,16198.5,1.0,1.0,1,37.6669,37.6501,61.835
20310,56.6,0.158461,0.104113,0.25,0.170858,1,0.0,1.0,1.0,0,40.9496,40.2142,64.4748
20383,44.4,0.257015,0.273013,0.506163,0.345397,1,16603.9,1.0,1.0,1,41.3111,41.9536,66.7541
20400,32.6,0.695595,0.635724,0.639062,0.656793,2,9013.62,2.0,2.0,0,45.9219,46.5935,70.5449
20443,41.2,0.380128,0.07152,0.0356613,0.162436,0,2311.48,1.0,1.0,1,46.5945,46.2156,67.1705
20517,46.1,0.412776,0.0957187,0.00455167,0.171016,0,295.027,1.0,1.0,1,39.2472,39.1507,69.6437
20550,51.0,0.352013,0.144049,0.00641388,0.167492,0,415.731,1.0,1.0,1,49.2613,49.7931,69.3431
20570,74.9,0.180187,0.0321532,0.25,0.154114,1,0.0,0.0,0.0,0,34.2851,34.6189,61.8089
20614,48.3,0.279831,0.158925,0.5,0.312919,2,0.0,2.0,2.0,0,40.0914,40.3049,69.1863
20621,41.7,0.364885,0.159234,0.269475,0.264531,1,1262.31,2.0,1.0,1,38.5735,38.9633,69.087
20710,31.9,0.549265,0.32382,0.27399,0.382358,1,1554.95,2.0,2.0,1,55.6908,55.7584,71.205
20750,40.7,0.270141,0.09319,0.292684,0.218672,1,2766.69,1.0,1.0,0,37.9787,38.2582,70.0453
20770,41.7,0.509309,0.319626,0.251416,0.360117,1,91.7541,0.0,0.0,0,51.7206,51.8012,66.6533
20787,47.5,0.206915,0.207672,0.00491508,0.139834,0,318.583,1.0,1.0,1,45.5118,45.5508,71.4907
23001,27.1,0.460911,0.243494,0.279424,0.327943,1,1907.21,1.0,1.0,0,53.7902,53.594,71.1033
23068,62.4,0.278071,0.107056,0.277128,0.220752,1,1758.39,1.0,1.0,0,54.1613,54.3071,64.2269
23079,58.0,0.192307,0.20498,0.318324,0.238537,1,4428.59,1.0,1.0,0,51.3076,50.9947,68.9063
23090,68.2,0.139317,0.0868236,0.51972,0.24862,2,1278.23,2.0,1.0,0,57.6929,56.2501,70.6006
23162,34.4,0.299328,0.131118,0.267415,0.23262,1,1128.76,1.0,0.0,0,48.2454,48.3586,70.3321
23168,57.8,0.0913647,0.0253256,0.308078,0.14159,0,19968.9,1.0,1.0,1,40.0037,40.0053,68.7736
23182,45.3,0.220216,0.0955898,0.25,0.188602,1,0.0,1.0,0.0,0,43.3818,43.3562,69.7077
23189,52.3,0.213153,0.146178,0.250954,0.203428,1,61.8463,1.0,1.0,0,54.1247,54.565,69.2283
23300,39.7,0.141645,0.0789509,0.452766,0.224454,1,13142.8,1.0,0.0,0,44.7381,45.1307,67.5271
23350,52.6,0.334744,0.201426,0.255616,0.263929,1,364.022,1.0,1.0,0,51.842,51.3395,65.7385
23417,41.1,0.251706,0.106133,0.298228,0.218689,1,3126.03,1.0,1.0,0,52.9766,52.6137,72.9294
23419,60.5,0.107655,0.125715,0.25,0.161123,1,0.0,1.0,1.0,0,53.097,52.6498,63.1537
23464,42.1,0.248309,0.0887487,0.504437,0.280498,2,287.567,2.0,2.0,0,38.2135,38.2696,71.7357
23466,41.1,0.447777,0.14724,0.512805,0.369274,2,830.018,2.0,2.0,0,53.8512,54.0534,69.1498
23500,65.4,0.104961,0.0506072,0.523707,0.226425,2,1536.62,2.0,1.0,0,49.9977,50.4055,68.6316
23555,43.0,0.347385,0.155768,0.276026,0.259727,1,1686.96,1.0,1.0,0,53.0047,52.7681,73.2788
23570,52.9,0.13861,0.156403,0.558002,0.284338,2,3759.54,2.0,2.0,0,45.1371,44.9054,65.9148
23574,67.9,0.093989,0.104805,0.251596,0.15013,1,103.426,1.0,0.0,0,48.9449,48.1216,65.5256
23580,58.9,0.181785,0.134903,0.25,0.188896,1,0.0,2.0,1.0,1,48.1283,47.9667,65.054
23586,53.1,0.182849,0.0917392,0.0159499,0.0968461,0,1033.83,1.0,1.0,1,43.0284,42.9926,69.5649
23660,40.4,0.26631,0.380715,0.509158,0.385394,2,593.581,2.0,1.0,0,54.4569,54.5711,70.5201
23670,76.3,0.0904139,0.0713267,0.00177899,0.0545065,0,115.31,1.0,1.0,1,46.2107,46.5847,65.3405
23672,46.0,0.225034,0.21227,0.281314,0.239539,1,2029.68,1.0,1.0,1,57.7985,57.7278,70.1193
23675,57.0,0.119334,0.0515034,0.531799,0.234212,2,2061.11,1.0,2.0,0,40.0186,39.7494,67.4992
23678,58.0,0.0994267,0.0547339,0.251535,0.135232,1,99.4658,1.0,0.0,0,39.8773,39.8105,64.518
23682,61.3,0.173246,0.0917101,0.0180785,0.0943448,0,1171.8,1.0,1.0,1,39.6263,40.0156,56.5438
23686,45.8,0.087766,0.0353933,0.5096,0.21092,2,622.247,2.0,0.0,0,34.0931,34.2451,65.059
23807,63.8,0.248859,0.0820437,0.00558628,0.112163,0,362.088,0.0,1.0,1,47.8927,47.5362,70.6525
23815,78.0,0.0559881,0.039516,0.439123,0.178209,1,12258.5,1.0,1.0,1,40.1957,40.6321,61.5822
23855,53.1,0.222525,0.0730599,0.261949,0.185845,1,774.484,1.0,0.0,0,44.0612,43.9626,68.4128
25001,17.9,0.484497,0.213704,0.0188406,0.239014,0,1221.2,2.0,1.0,1,55.3863,56.0549,71.3542
25019,25.8,0.393979,0.237172,0.015975,0.215708,0,1035.46,2.0,1.0,1,56.5439,56.789,61.9831
25035,22.6,0.556392,1.0,0.352009,0.636134,1,6611.99,2.0,2.0,1,69.8518,69.8226,66.5748
25040,22.7,0.324746,0.170796,0.0296873,0.175076,0,1924.26,2.0,1.0,1,45.7504,45.6929,72.1665
25053,20.0,0.422113,0.191099,0.0229691,0.21206,0,1488.8,2.0,1.0,1,50.7569,50.79,70.4633
25086,38.3,0.24633,0.532558,0.584951,0.454613,1,21710.7,2.0,1.0,1,59.2336,59.8029,61.5096
25095,29.3,0.274512,0.241011,0.121422,0.212315,0,7870.28,2.0,1.0,1,46.294,45.5886,61.4702
25099,16.8,0.527856,0.550477,0.00455409,0.360962,0,295.184,2.0,1.0,1,59.5939,58.8751,68.5952
25120,39.5,0.429161,0.132797,0.146791,0.23625,0,9514.64,1.0,0.0,1,44.5921,44.5973,63.8151
25123,20.6,0.442829,0.287536,0.0311139,0.253826,0,2016.72,2.0,1.0,1,55.4453,55.5405,66.0386
25126,6.8,0.676942,0.791118,0.05592,0.507993,0,3624.59,2.0,1.0,1,74.6274,75.1544,73.6823
25148,41.2,0.24478,0.196005,0.0315941,0.15746,0,2047.85,2.0,1.0,1,55.0687,54.5007,63.9445
25151,21.7,0.484465,0.324775,0.530958,0.446733,2,2006.59,2.0,2.0,0,46.7827,46.603,67.508
25154,31.2,0.229447,0.149189,0.511513,0.296716,2,746.258,2.0,2.0,0,59.4063,59.0614,66.6551
25168,58.7,0.190578,0.200396,0.25249,0.214488,1,161.428,1.0,0.0,0,42.5579,42.3535,64.7767
25175,6.7,0.740224,1.0,0.0186269,0.586284,0,1207.35,2.0,1.0,1,72.0883,71.9247,75.2651
25178,31.1,0.249837,0.353881,0.382002,0.328573,1,8556.01,1.0,0.0,0,52.7465,52.8445,68.1629
25181,22.5,0.360814,0.254839,0.253878,0.289844,1,251.382,1.0,0.0,0,61.7949,62.6031,67.9942
25183,27.5,0.439907,0.31295,0.251402,0.334753,1,90.8697,1.0,1.0,0,55.8594,55.3267,69.4775
25200,12.6,0.477006,0.470575,0.0,0.31586,0,0.0,2.0,1.0,1,67.785,67.3378,66.8099
25214,9.0,0.887325,1.0,0.518715,0.802013,1,17417.4,2.0,2.0,1,70.1491,70.3136,75.2338
25224,25.0,0.331124,0.181727,0.0610074,0.191286,0,3954.34,2.0,1.0,1,44.6944,44.6494,65.4302
25245,18.3,0.462511,0.292468,0.527109,0.427363,2,1757.12,2.0,2.0,0,60.4441,60.347,67.9467
25258,49.5,0.186568,0.293498,0.251348,0.243805,1,87.3678,2.0,1.0,1,43.5274,43.6969,61.1156
25260,12.8,0.573924,0.297316,0.513285,0.461508,2,861.1,2.0,0.0,0,59.4436,59.4623,75.2762
25269,10.5,0.654999,0.284944,0.00736702,0.31577,0,477.511,2.0,1.0,1,64.9588,64.7397,72.3126
25279,27.4,0.439941,0.238407,0.547531,0.408626,2,3080.86,2.0,2.0,0,58.5092,58.6602,69.2329
25281,45.2,0.30408,0.169898,0.332478,0.268818,1,5346.0,2.0,1.0,1,55.732,55.277,66.2499
25286,7.8,0.771245,0.998482,0.00285207,0.59086,0,184.864,0.0,0.0,1,69.7178,69.9705,75.6103
25288,23.6,0.292867,0.340877,0.0,0.211248,0,0.0,2.0,1.0,1,55.8205,55.3324,71.5113
25290,12.2,0.692265,0.370671,0.289732,0.450889,1,2575.35,2.0,1.0,1,68.5053,68.2408,73.0271
25293,51.5,0.383661,0.298913,0.395763,0.359446,0,25652.4,2.0,1.0,1,51.6863,51.2692,66.4354
25295,11.1,0.523312,0.457041,0.00200717,0.327453,0,130.099,2.0,1.0,1,66.4682,66.0218,64.6061
25297,43.2,0.453792,0.236336,0.074329,0.254819,0,4817.81,2.0,1.0,1,50.3831,49.4287,67.0712
25299,42.9,0.248076,0.259241,0.5,0.335773,0,53489.0,2.0,1.0,1,52.1671,52.2902,65.0192
25307,13.4,0.740102,0.455497,0.0116959,0.402432,0,758.099,0.0,0.0,1,74.5267,74.3024,69.1528
25312,19.9,0.336369,0.376784,0.5,0.404384,2,0.0,2.0,2.0,0,61.6906,60.5947,64.1417
25317,25.7,0.461763,0.181823,0.0204795,0.221355,0,1327.43,2.0,1.0,1,50.1319,50.025,71.3283
25320,27.2,0.420729,0.234252,0.0166267,0.223869,0,1077.7,2.0,1.0,1,56.8737,56.2783,64.8555
25322,15.5,0.42368,0.479473,0.0839492,0.329034,0,5441.37,2.0,1.0,1,70.1288,69.6467,68.2177
25324,32.9,0.327702,0.315877,0.0301297,0.22457,0,1952.93,2.0,1.0,1,62.2385,62.2116,65.8535
25326,33.1,0.414108,0.264113,0.0097667,0.229329,0,633.053,2.0,1.0,1,52.1436,52.0038,64.89
25328,29.4,0.309126,0.215094,0.25,0.258073,1,0.0,2.0,2.0,1,59.2126,59.0703,67.1817
25335,29.6,0.303357,0.711099,0.5,0.504819,2,0.0,2.0,2.0,0,53.0313,54.4564,65.7065
25339,37.6,0.267453,0.168493,0.278292,0.238079,1,1833.84,1.0,1.0,0,54.2345,54.2301,64.742
25368,34.9,0.35816,0.282519,0.123132,0.254604,0,7981.12,2.0,1.0,1,55.911,55.4582,66.8926
25372,57.8,0.215352,0.13838,0.0699669,0.141233,0,4535.08,2.0,1.0,1,46.9059,46.7197,64.2963
25377,9.8,0.466729,0.735053,0.276967,0.492916,1,1747.9,2.0,1.0,1,70.0229,69.6622,72.0038
25386,18.3,0.622234,0.472887,0.576787,0.557302,2,4977.12,2.0,2.0,0,65.3006,65.7211,67.839
25394,39.4,0.324465,0.118047,0.017457,0.153323,0,1131.52,1.0,1.0,1,48.7711,48.5305,66.3504
25398,50.3,0.235554,0.135079,0.0174251,0.129352,0,1129.45,2.0,1.0,1,54.6536,54.5959,64.0559
25402,22.1,0.525836,0.533482,0.129081,0.396133,0,8366.67,2.0,1.0,1,66.6131,66.5372,66.5833
25407,29.1,0.414481,0.14795,0.173694,0.245375,0,11258.4,2.0,1.0,1,53.6825,53.639,68.4076
25426,38.2,0.245143,0.221069,0.572678,0.346297,1,20915.2,1.0,0.0,0,37.9459,37.368,71.1001
25430,10.4,0.571866,0.486942,0.516027,0.524945,2,1038.85,2.0,0.0,0,65.8317,66.213,73.3691
25436,35.5,0.287802,0.226706,0.439985,0.318165,1,12314.4,1.0,1.0,0,47.5714,47.7684,63.7233
25438,38.5,0.378915,0.148279,0.117774,0.21499,0,7633.83,2.0,1.0,1,45.7047,45.1643,63.7543
25473,9.6,0.666597,0.620522,0.5,0.595706,2,0.0,2.0,2.0,0,78.5567,79.4845,73.9779
25483,27.8,0.517095,0.448904,0.675448,0.547149,1,27576.4,2.0,2.0,1,61.1643,61.9025,62.2099
25486,14.2,0.412479,0.472994,0.00458055,0.296685,0,296.9,2.0,1.0,1,63.1662,62.7418,70.7403
25488,22.1,0.287666,0.788569,0.294167,0.456801,0,19067.2,2.0,1.0,1,77.4693,76.545,61.1
25489,30.2,0.354289,0.266188,0.0,0.206825,0,0.0,2.0,1.0,1,47.4921,46.8097,62.055
25491,26.2,0.355662,0.21288,0.524398,0.364314,2,1581.42,2.0,2.0,0,54.9096,54.8395,62.412
25506,38.1,0.339148,0.163019,0.5,0.334056,2,0.0,2.0,2.0,0,44.9903,45.5048,69.3365
25513,27.7,0.469676,0.205332,0.0633205,0.246109,0,4104.27,2.0,1.0,1,64.6759,64.4868,68.8405
25518,55.0,0.21853,0.267714,0.5,0.328748,2,0.0,2.0,2.0,0,48.4664,48.515,63.8134
25524,36.7,0.265291,0.188295,0.0251677,0.159585,0,1631.31,2.0,1.0,1,49.2569,48.8985,66.2316
25530,37.4,0.547961,0.592879,0.586441,0.57576,2,5602.89,2.0,1.0,0,59.2691,59.6166,63.9919
25535,30.6,0.333656,0.154147,0.523012,0.336938,2,1491.57,2.0,2.0,0,50.1909,49.7422,66.6507
25572,31.0,0.476685,0.460776,0.0692545,0.335572,0,4488.9,2.0,1.0,1,62.9092,63.2097,62.4052
25580,46.0,0.23322,0.104905,0.25,0.196042,1,0.0,1.0,0.0,0,53.2066,53.5939,62.8647
25592,32.1,0.251016,0.309026,0.375304,0.311782,1,8121.87,2.0,2.0,1,56.8459,57.18,64.2464
25594,37.7,0.394069,0.559861,0.27117,0.408367,0,17576.6,2.0,1.0,1,49.261,48.8396,73.0518
25596,44.1,0.285618,0.133959,0.328807,0.249461,0,21312.4,2.0,1.0,1,41.3654,40.7579,66.1301
25599,28.4,0.361892,0.26921,0.548952,0.393352,2,3172.97,2.0,1.0,0,61.0681,60.5206,61.1392
25612,17.5,0.487769,1.0,0.518924,0.668898,2,1226.58,2.0,1.0,0,72.2786,72.6389,60.9841
25645,21.8,0.236641,0.188791,0.0311598,0.152197,0,2019.7,2.0,1.0,1,55.2679,55.5597,60.305
25649,34.8,0.45274,0.149542,0.253312,0.285198,1,214.658,2.0,2.0,1,50.9013,50.7999,64.4303
25653,36.9,0.28543,0.137177,0.274633,0.232413,1,1596.62,2.0,1.0,1,57.9381,57.6551,64.7592
25658,20.2,0.432998,0.203044,0.313491,0.316511,1,4115.35,2.0,1.0,1,49.9454,50.0459,64.1297
25662,35.6,0.393423,0.299058,0.113176,0.268552,0,7335.79,2.0,1.0,1,44.3994,43.7717,70.2791
25718,22.9,0.347631,0.259853,0.000281876,0.202589,0,18.2705,2.0,1.0,1,58.9151,59.056,66.3913
25736,17.7,0.42543,0.552169,0.259047,0.412215,1,586.383,1.0,0.0,0,71.8354,71.5928,67.3595
25740,13.5,0.547871,0.466328,0.0486536,0.354284,0,3153.6,2.0,1.0,1,65.0744,65.0049,69.0601
25743,23.5,0.41081,0.257982,0.00471982,0.224504,0,305.927,2.0,1.0,1,54.6293,54.5015,66.8295
25745,22.4,0.465084,0.286662,0.0102993,0.254015,0,667.574,2.0,1.0,1,53.3593,53.4233,65.6577
25754,14.1,0.506103,0.141647,0.00970765,0.219153,0,629.225,2.0,1.0,1,54.2102,54.3299,66.4768
25758,8.0,0.767125,1.0,0.314101,0.693742,1,4154.85,0.0,1.0,0,79.0917,78.4441,71.6726
25769,12.6,0.454502,0.387945,0.253086,0.365177,1,200.005,1.0,1.0,0,68.2172,67.6379,71.1263
25772,14.0,0.413674,0.216564,0.0533534,0.227864,0,3458.23,2.0,1.0,1,52.1635,51.6652,70.4236
25777,28.2,0.352238,0.181194,0.0338567,0.189096,0,2194.5,2.0,1.0,1,55.2542,54.9859,64.6275
25779,27.1,0.319013,0.20124,0.250364,0.256872,1,23.593,2.0,1.0,1,44.6342,44.1986,61.5325
25781,21.3,0.453286,0.184581,0.154347,0.264071,0,10004.4,2.0,1.0,1,53.1318,53.3294,64.8877
25785,9.6,0.415045,0.531554,0.25,0.398866,1,0.0,2.0,0.0,1,69.4235,68.46,70.8902
25793,24.3,0.549069,0.301953,0.75,0.533674,1,83053.1,2.0,2.0,1,61.181,60.8802,69.5797
25797,18.5,0.282602,0.236295,0.0375179,0.185472,0,2431.81,2.0,1.0,1,53.6989,53.5709,61.0041
25799,10.4,0.78743,1.0,0.700821,0.829417,2,13016.7,2.0,2.0,0,75.1751,75.3632,73.6493
25805,27.4,0.249477,0.193584,0.0135922,0.152218,0,881.01,2.0,1.0,1,49.8215,49.1406,63.806
25807,52.3,0.225348,0.160719,0.442963,0.276344,1,12507.4,0.0,1.0,0,45.7872,45.9839,62.5406
25815,24.4,0.491255,0.323775,0.0148019,0.276611,0,959.424,2.0,1.0,1,59.1984,59.0418,65.1732
25817,10.1,0.75487,1.0,0.336239,0.697037,1,5589.82,1.0,0.0,0,71.2008,71.4567,69.9455
25823,47.1,0.146877,0.0408752,0.073657,0.0871363,0,4774.26,2.0,1.0,1,39.3535,39.6096,57.4647
25839,47.0,0.49862,0.289899,0.0166893,0.268403,0,1081.76,2.0,1.0,1,47.7711,47.3354,66.0564
25841,34.1,0.325722,0.227141,0.305845,0.286236,1,3619.72,0.0,0.0,0,46.5137,46.9752,66.8577
25843,14.2,0.632323,0.257637,8.3153e-05,0.296681,0,5.38976,2.0,1.0,1,52.0985,52.1533,71.212
25845,29.6,0.50731,0.207705,0.381273,0.365429,1,8508.76,1.0,0.0,0,52.0703,51.4947,66.9347
25851,35.5,0.496776,0.231951,0.270762,0.333163,0,17550.1,2.0,1.0,1,53.7541,53.4474,67.1093
25862,50.0,0.244585,0.112895,0.394015,0.250498,1,9334.72,2.0,0.0,1,48.2538,48.2445,62.8489
25867,31.6,0.351073,0.14745,0.260377,0.252966,1,672.595,2.0,0.0,1,57.8242,58.5216,65.4816
25871,38.2,0.310842,0.269173,0.965745,0.515253,2,30188.4,0.0,2.0,0,45.6749,46.0677,67.0601
25873,31.4,0.494863,0.271734,0.665107,0.477235,1,26906.2,1.0,1.0,0,52.3587,51.9881,69.0822
25875,18.7,0.632464,0.363198,0.076506,0.35739,0,4958.92,2.0,1.0,1,70.3277,69.9119,71.3475
25878,36.3,0.349595,0.150103,0.0104013,0.170033,0,674.187,2.0,1.0,1,53.6743,53.8067,67.7646
25885,55.5,0.241318,0.086965,0.379598,0.23596,1,8400.2,1.0,1.0,0,40.4078,40.0949,62.2093
25898,20.5,0.341637,0.244585,0.21319,0.266471,0,13818.5,2.0,1.0,1,55.2427,55.4812,63.5408
25899,10.3,0.655041,0.470358,0.274206,0.466535,1,1568.98,2.0,1.0,1,75.1726,75.1387,73.6061
27001,44.4,0.565995,0.168394,0.0114729,0.248621,0,743.641,1.0,1.0,1,46.7722,46.3896,64.2239
27006,51.4,0.373924,0.0703703,0.289371,0.244555,1,2551.93,1.0,1.0,1,50.6114,50.8574,68.2793
27025,90.6,0.0469034,0.0947953,0.393956,0.178551,1,9330.84,1.0,1.0,1,43.6869,43.8653,54.7513
27050,61.5,0.202774,0.329827,0.5,0.3442,2,0.0,2.0,0.0,0,42.4316,41.7904,57.9255
27073,81.0,0.133981,0.137156,0.290637,0.187258,1,2634.01,1.0,1.0,0,50.9126,50.3152,64.0085
27075,46.6,0.484665,0.186386,0.0,0.223684,0,0.0,1.0,1.0,1,45.6036,46.1488,63.6867
27077,80.4,0.103467,0.172338,0.271427,0.182411,1,1388.86,1.0,1.0,0,45.7181,46.3759,62.5895
27099,77.1,0.0552294,0.176878,0.5,0.244036,2,0.0,2.0,2.0,0,48.501,49.3447,61.1314
27135,60.2,0.252472,0.0864399,0.264285,0.201066,1,925.926,1.0,0.0,0,46.5615,46.3513,62.9017
27150,77.8,0.0819043,0.126353,0.789538,0.332599,2,18767.1,2.0,2.0,0,49.6804,51.2112,55.7982
27160,55.9,0.22547,0.0988332,0.817353,0.380552,2,20570.0,2.0,2.0,0,59.4893,58.9562,57.5383
27205,53.2,0.428118,0.0710333,0.334058,0.277736,1,5448.4,1.0,1.0,0,51.3303,50.8954,67.3143
27245,54.0,0.32277,0.155238,0.36987,0.282626,1,7769.66,1.0,1.0,0,44.6864,44.4758,61.7612
27250,83.1,0.0438496,0.0624881,0.5,0.202113,2,0.0,2.0,0.0,0,49.02,49.63,54.1243
27361,55.1,0.541232,0.122879,0.503455,0.389189,2,223.953,2.0,2.0,0,45.9494,46.3522,63.2597
27372,71.8,0.194659,0.192008,0.5,0.295556,2,0.0,2.0,1.0,0,60.0243,61.8545,58.1228
27413,74.4,0.177954,0.170197,0.278071,0.208741,1,1819.47,1.0,1.0,0,50.4287,49.2156,63.686
27425,76.6,0.0470022,0.110563,0.270942,0.142836,1,1357.39,1.0,1.0,0,41.3527,40.9075,48.5434
27430,80.2,0.0511437,0.168273,0.25,0.156472,1,0.0,1.0,1.0,0,63.315,64.0783,59.2579
27450,69.7,0.0914274,0.0355227,0.298929,0.14196,1,3171.43,1.0,1.0,0,48.547,48.1884,63.7502
27491,60.1,0.221698,0.0514379,0.561154,0.278097,2,3963.83,2.0,1.0,0,56.765,57.6999,54.1985
27493,68.25,0.17871,0.116721,0.336913,0.232344,1,1826.03,1.0,1.0,0,48.524,48.702,61.4463
27495,72.9,0.0860157,0.0225415,0.502862,0.203807,2,185.53,2.0,0.0,0,46.8696,47.9541,57.7619
27580,75.1,0.1032,0.0484489,0.675356,0.275668,1,27570.5,0.0,0.0,0,36.0792,35.252,58.027
27600,66.8,0.127582,0.0434755,0.258109,0.143056,1,525.628,1.0,1.0,0,37.9664,38.2307,65.8246
27615,70.9,0.136473,0.109641,0.278273,0.174796,1,1832.58,1.0,1.0,1,49.7473,49.6709,53.6416
27660,59.1,0.179466,0.197261,0.574118,0.316948,2,4804.13,2.0,1.0,0,53.9798,53.973,58.0858
27745,69.7,0.149545,0.149137,0.25,0.182894,1,0.0,1.0,1.0,0,51.1388,51.747,59.3213
27787,59.9,0.361529,0.0661806,0.295306,0.241005,1,2936.59,1.0,1.0,0,38.5954,38.2119,70.7403
27800,63.4,0.206087,0.073641,0.359421,0.21305,1,7092.42,1.0,0.0,0,40.5359,40.4612,62.3001
27810,57.4,0.333714,0.157719,0.339769,0.277067,1,5818.59,1.0,0.0,0,54.1291,53.2719,67.4349
41001,17.6,0.735586,0.32227,0.252729,0.436862,1,176.891,2.0,1.0,1,64.4236,63.86,69.8081
41006,51.0,0.266335,0.0947953,0.25,0.20371,1,0.0,2.0,2.0,1,52.6108,52.4379,67.4994
41013,50.0,0.410403,0.138211,0.0151948,0.187936,0,984.886,2.0,1.0,1,53.0803,53.1602,70.5898
41016,35.4,0.547625,0.258824,0.516077,0.440842,2,1042.08,2.0,2.0,0,56.5635,55.9206,67.0733
41020,45.2,0.370493,0.0649345,0.323843,0.25309,1,4786.33,2.0,0.0,1,52.0513,51.7903,70.8056
41026,30.4,0.493851,0.230803,0.00881836,0.244491,0,571.584,1.0,0.0,1,57.5818,57.1809,67.4705
41078,49.4,0.32941,0.140213,0.284505,0.251376,1,2236.54,1.0,0.0,0,53.5144,53.1635,69.4659
41132,31.1,0.490931,0.202494,0.221893,0.305106,0,14382.5,1.0,1.0,1,56.1025,55.6209,71.1144
41206,61.7,0.268028,0.058812,0.00343677,0.110092,0,222.763,1.0,1.0,1,50.1302,49.6148,62.7448
41244,32.3,0.279654,0.117523,0.0,0.132392,0,0.0,0.0,0.0,1,58.6099,57.6654,70.7294
41298,32.0,0.439436,0.130319,0.264515,0.27809,1,940.85,2.0,2.0,1,56.2422,55.4766,67.7216
41306,36.9,0.397717,0.199405,0.0,0.199041,0,0.0,1.0,1.0,1,52.7498,52.1868,69.1967
41319,43.2,0.274612,0.0744775,0.252063,0.200384,1,133.727,2.0,2.0,1,57.0043,56.2286,72.5413
41349,38.8,0.527074,0.138946,0.32263,0.32955,1,4707.71,2.0,0.0,1,55.7536,55.4245,67.7281
41357,49.6,0.271805,0.032444,0.0742084,0.126152,0,4810.0,0.0,0.0,1,48.459,48.2232,70.0783
41359,43.1,0.282369,0.0517032,0.283958,0.20601,1,2201.09,1.0,0.0,0,53.2015,52.8931,68.3285
41378,44.0,0.292575,0.0651007,0.25,0.202558,1,0.0,2.0,2.0,1,52.1718,51.8192,70.1877
41396,42.5,0.378856,0.0837506,0.256496,0.239701,1,421.061,2.0,0.0,1,56.8802,56.2212,73.7143
41483,46.9,0.280971,0.0907344,0.0636943,0.145133,0,4128.5,1.0,1.0,1,55.8715,55.5078,73.6053
41503,58.5,0.181427,0.0386828,0.264438,0.161516,1,935.814,2.0,1.0,1,49.9801,49.3528,71.4337
41518,39.1,0.450564,0.14866,0.261596,0.28694,1,751.615,2.0,0.0,1,54.5031,54.8942,69.283
41524,32.6,0.481077,0.376174,0.341583,0.399611,1,5936.18,1.0,1.0,0,63.4949,62.9932,69.5153
41530,51.0,0.201013,0.0653657,0.251961,0.17278,1,127.106,2.0,2.0,1,56.4996,56.7436,68.8455
41548,43.9,0.293005,0.055991,0.0,0.116332,0,0.0,0.0,0.0,1,52.9273,52.6402,68.0123
41551,33.7,0.55278,0.177674,0.263852,0.331436,1,897.872,2.0,2.0,1,62.5784,62.4318,71.2616
41615,27.4,0.420728,0.237852,0.0631196,0.240567,0,4091.25,1.0,0.0,1,56.2041,56.4666,69.3045
41660,57.8,0.227583,0.0533228,0.263609,0.181505,1,882.132,2.0,2.0,1,53.3534,53.2832,71.5914
41668,36.3,0.293637,0.0591782,0.251423,0.201413,1,92.2322,2.0,2.0,1,53.0128,52.9035,71.2645
41676,51.5,0.295504,0.0747641,0.509953,0.293407,2,645.12,2.0,0.0,0,50.3581,50.2513,69.8599
41770,41.6,0.21998,0.0785348,0.253428,0.183981,1,222.203,2.0,2.0,1,52.9912,52.5877,70.7991
41791,47.1,0.248069,0.0582702,0.00170145,0.10268,0,110.284,2.0,1.0,1,54.3708,54.281,73.1795
41797,36.1,0.447315,0.150285,0.292978,0.296859,1,2785.75,2.0,0.0,1,57.7362,58.0222,72.922
41799,44.5,0.351351,0.11281,0.347169,0.270443,1,6298.22,2.0,2.0,1,52.286,52.2508,69.1892
41801,39.9,0.422438,0.0691081,0.102005,0.19785,0,6611.73,2.0,1.0,1,55.6861,55.1886,68.0887
41807,40.8,0.267707,0.0677361,0.270761,0.202068,1,1345.68,2.0,0.0,1,55.0598,55.0546,71.0327
41872,37.9,0.428784,0.144542,0.271905,0.281744,1,1419.81,2.0,0.0,1,54.9576,55.2028,64.5935
41885,23.8,0.893259,0.490812,0.535462,0.639844,1,18502.9,1.0,0.0,0,65.8044,65.9651,67.5566
44001,45.1,0.483726,0.129983,0.263292,0.292334,1,861.573,2.0,2.0,1,54.0767,53.4943,66.7976
44035,49.8,0.59302,0.514627,0.520177,0.542608,2,1307.84,2.0,2.0,0,63.3703,64.2864,64.8599
44078,46.7,0.557705,0.113612,0.284601,0.318639,1,2242.72,1.0,1.0,0,36.9724,36.8816,65.9129
44090,65.5,0.177037,0.16509,0.525524,0.289217,2,1654.38,2.0,0.0,0,47.1171,47.4196,63.4299
44098,40.2,0.227593,0.0545393,0.356791,0.212975,1,6921.93,2.0,2.0,1,49.01,48.7055,65.2171
44110,37.0,0.418567,0.174866,0.534282,0.375905,2,2222.1,2.0,0.0,0,48.5454,48.3654,67.4686
44279,36.0,0.446803,0.0630146,0.257587,0.255801,1,491.774,1.0,1.0,0,40.0104,40.3396,71.8914
44378,43.3,0.460207,0.156468,0.252996,0.28989,1,194.198,2.0,2.0,1,56.3896,56.0944,68.2086
44420,43.0,0.287776,0.145072,0.695229,0.376026,2,12654.2,2.0,2.0,0,45.8274,46.2564,59.1196
44430,60.0,0.385321,0.0430551,0.506902,0.311759,2,447.347,2.0,2.0,0,48.7256,48.7577,66.4576
44560,86.7,0.0510758,0.0333256,0.252504,0.112302,1,162.325,2.0,2.0,1,50.0405,50.3501,57.1058
44650,36.6,0.325455,0.0654685,0.512404,0.301109,2,804.017,2.0,2.0,0,42.2905,42.7326,71.1912
44847,92.2,0.0288275,0.103332,0.513039,0.215066,2,845.17,2.0,2.0,0,44.9148,44.6555,58.5543
44855,32.0,0.421854,0.0451277,0.256392,0.241125,1,414.33,0.0,0.0,0,44.2669,43.3608,66.8048
44874,31.0,0.435004,0.0371306,0.504707,0.325614,2,305.068,1.0,2.0,0,39.9448,39.9799,67.4194
47001,24.4,0.627632,0.400181,0.552979,0.526931,2,3433.96,2.0,2.0,0,61.5238,60.8245,67.3003
47030,57.3,0.312874,0.0355384,0.482091,0.276835,1,15043.6,1.5,0.5,1,47.1881,47.5296,67.8144
47053,50.0,0.296646,0.0493789,0.0334899,0.126505,0,2170.73,1.5,0.5,1,39.4635,39.1171,60.7285
47058,56.4,0.352598,0.0718157,0.513156,0.312523,2,852.715,2.0,2.0,0,45.1935,44.8397,68.1477
47161,62.4,0.222307,0.0748072,0.0130439,0.103386,0,845.473,1.5,0.5,1,30.3875,30.5613,67.4723
47170,53.3,0.276619,0.04881,0.124229,0.149886,0,8052.18,1.5,0.5,1,28.0496,28.7517,66.3556
47189,44.6,0.445492,0.162993,0.287872,0.298786,1,2454.76,1.0,1.0,0,45.0362,45.2011,69.4046
47205,67.9,0.176606,0.0531198,0.01604,0.0819218,0,1039.67,0.0,0.0,1,42.3833,42.1135,70.4525
47245,54.7,0.35621,0.0727094,0.368586,0.265835,1,7686.45,1.0,0.0,0,42.8632,43.4439,71.6763
47258,50.4,0.153457,0.00652292,0.450945,0.203642,1,13024.8,1.5,0.5,1,38.4559,38.9393,66.8394
47268,63.6,0.381345,0.0815553,0.75,0.4043,1,129462.0,1.0,0.5,1,43.9047,43.9815,66.7509
47288,43.9,0.452991,0.0608364,0.468405,0.32741,1,14156.4,1.0,0.0,0,44.5186,44.9508,69.6392
47318,60.3,0.202125,0.0422537,0.000375991,0.081585,0,24.3708,1.5,0.5,1,45.0873,45.0219,69.9286
47460,66.4,0.234042,0.0705332,0.327276,0.210617,1,5008.86,1.0,0.0,0,43.8921,44.6581,65.8624
47541,56.2,0.329823,0.0235296,0.373449,0.242267,0,24206.0,1.5,0.5,1,31.4849,31.3628,70.3265
47545,60.8,0.255974,0.113917,0.304404,0.224765,1,3526.3,1.5,0.5,1,38.8377,38.7708,61.3428
47551,52.4,0.310939,0.0953277,0.504532,0.303599,2,293.721,2.0,0.0,0,45.7767,45.9828,68.8206
47555,52.7,0.390489,0.0864534,0.572285,0.349742,2,4685.36,2.0,2.0,0,48.7675,49.2561,66.9346
47570,58.0,0.135729,0.0574952,0.306014,0.166413,1,3630.67,2.0,2.0,1,38.2758,38.0232,65.2051
47605,50.6,0.261415,0.0313348,0.363179,0.218643,1,7335.99,1.5,0.0,1,34.6938,35.2199,65.4565
47660,69.4,0.140026,0.0348022,0.5,0.224943,2,0.0,2.0,2.0,0,42.7025,43.2671,62.9452
47675,44.3,0.315509,0.138753,0.790769,0.41501,2,18846.9,2.0,0.0,0,44.5596,45.0023,74.5059
47692,63.8,0.201796,0.0391021,0.275758,0.172219,1,1669.59,1.0,0.0,0,38.363,38.2678,71.541
47703,56.4,0.0984522,0.0307315,0.403292,0.177492,1,9935.98,0.0,1.0,0,41.8525,42.3943,68.1462
47707,47.3,0.305752,0.0584993,0.400635,0.254962,1,9763.76,1.5,0.5,1,41.7996,41.9965,64.0144
47720,57.8,0.315213,0.0602752,0.156073,0.177187,0,10116.2,1.5,0.5,1,47.7458,47.8301,66.0494
47745,70.7,0.239976,0.249949,1.0,0.496642,2,41680.0,2.0,0.0,0,54.9557,53.6224,61.1194
47798,56.3,0.236162,0.0590049,0.401208,0.232125,1,9800.92,1.0,1.0,0,41.2556,41.7085,69.7542
47960,70.4,0.175892,0.00927732,0.630468,0.271879,2,8456.6,2.0,1.0,0,34.9292,34.6441,62.822
47980,48.6,0.151807,0.0692486,0.345549,0.188868,0,22397.6,1.5,0.5,1,39.8219,39.7619,66.7387
50001,15.9,0.734532,0.311793,0.57607,0.540798,2,4930.66,2.0,2.0,0,62.5769,61.7676,64.9238
50006,19.2,0.908537,0.437731,0.3369,0.561056,1,5632.63,0.0,0.0,0,64.0153,63.6899,72.1016
50110,36.5,0.678002,0.985288,0.5,0.721097,2,0.0,1.0,2.0,0,58.1048,57.7708,68.4437
50124,32.2,0.709228,0.771079,0.5,0.660102,2,0.0,2.0,2.0,0,50.5018,51.3262,64.8603
50150,23.1,0.676222,1.0,0.855446,0.843889,2,23039.1,2.0,2.0,0,59.4519,59.8411,71.9673
50223,21.8,0.518412,0.196934,0.5,0.405115,2,0.0,2.0,1.0,0,51.3143,51.3016,69.4344
50226,22.7,0.585081,0.405619,0.457954,0.482885,1,13479.1,1.0,1.0,0,63.4014,63.026,71.6401
50245,29.7,0.207284,0.183645,0.520911,0.303947,2,1355.37,2.0,2.0,0,52.3998,51.9205,64.825
50251,42.2,0.35717,0.162691,0.602939,0.374267,2,6672.26,2.0,2.0,0,57.5103,57.492,67.8974
50270,28.9,0.311666,0.162705,0.361724,0.278698,1,7241.64,0.0,0.0,0,43.4929,43.5963,69.2809
50287,32.0,0.545415,0.225592,0.571014,0.44734,2,4602.92,2.0,2.0,0,54.4904,53.7934,69.7916
50313,29.6,0.65687,0.210932,0.548165,0.471989,2,3121.96,2.0,2.0,0,56.4365,56.4063,72.2837
50318,22.6,0.871359,0.445084,0.75,0.688814,1,35078.4,1.0,1.0,0,60.05,60.0019,71.0233
50325,64.2,0.318037,0.140249,0.5,0.319429,2,0.0,2.0,2.0,0,45.4963,44.5439,50.3155
50330,45.1,0.36298,0.14679,0.60101,0.37026,2,6547.22,2.0,2.0,0,48.0234,47.5746,61.4179
50350,67.9,0.169148,0.0906136,0.252516,0.170759,1,163.111,1.0,1.0,0,48.2512,48.1483,48.1135
50370,60.4,0.283922,0.0914194,0.5,0.291781,2,0.0,1.0,0.0,0,51.1477,50.5197,58.9654
50400,39.9,0.424069,0.134815,0.25454,0.271141,1,294.295,2.0,0.0,0,59.6937,59.5815,69.5072
50450,53.0,0.370985,0.156046,0.25,0.25901,1,0.0,1.0,0.0,0,56.1594,55.302,56.7162
50568,51.8,0.781173,1.0,0.522672,0.767948,2,1469.52,2.0,1.0,0,61.5468,61.7584,63.3183
50573,32.7,0.691257,0.85948,0.691614,0.74745,2,12419.9,2.0,1.0,0,61.3323,60.6935,70.834
50577,43.5,0.348084,0.25369,0.25,0.283925,1,0.0,1.0,0.0,0,59.9934,59.7947,59.1292
50590,47.1,0.446095,0.18878,0.515231,0.383369,2,987.243,2.0,1.0,0,55.1441,54.5214,55.1075
50606,15.3,0.5476,0.451233,0.423393,0.474075,1,11238.9,1.0,0.0,0,69.656,69.4371,71.5984
50680,31.9,0.547749,0.556235,0.512647,0.538877,2,819.743,2.0,0.0,0,70.2129,70.3029,67.8194
50683,37.9,0.408886,0.169183,0.514885,0.364318,2,964.803,2.0,0.0,0,57.1004,57.0767,61.3141
50686,43.2,0.446734,0.473336,0.63431,0.518127,2,8705.65,2.0,0.0,0,49.8088,49.3988,71.9669
50689,25.5,0.553754,0.245405,0.25783,0.35233,1,507.492,2.0,1.0,1,55.8262,55.7849,69.2051
50711,48.5,0.344476,0.131332,0.511523,0.32911,2,746.877,2.0,2.0,0,52.6537,51.6586,62.6174
52001,16.3,0.635134,0.358673,0.29968,0.431162,1,3220.15,2.0,2.0,1,61.4026,60.3094,67.7346
52019,44.2,0.246564,0.0381026,0.59453,0.293066,2,6127.17,2.0,2.0,0,49.8894,48.5762,69.3746
52022,29.1,0.175345,0.0379363,0.27643,0.163237,1,1713.15,2.0,2.0,1,37.9895,37.8556,75.596
52036,22.2,0.174739,0.0494541,0.511029,0.245074,2,714.877,2.0,2.0,1,40.202,40.1847,72.1611
52051,54.3,0.140677,0.0715732,0.554687,0.255646,1,19749.1,2.0,2.0,1,40.6288,40.8849,64.5096
52079,76.1,0.135222,0.0306346,0.0246997,0.0635187,0,1600.97,2.0,2.0,1,44.2551,44.8372,61.3445
52083,34.1,0.378108,0.0805316,0.271434,0.243358,1,1389.27,0.0,2.0,1,49.2206,48.7024,71.5791
52110,39.2,0.208722,0.0448,0.260862,0.171461,1,704.021,2.0,2.0,1,47.881,47.5774,66.0408
52203,42.4,0.130664,0.0556063,0.25,0.145423,1,0.0,1.0,2.0,1,51.8869,51.7631,65.9727
52207,34.9,0.135347,0.0492433,0.505063,0.229885,2,328.2,2.0,2.0,0,50.2515,50.3092,69.3916
52210,44.0,0.13453,0.0607997,0.5,0.231777,2,0.0,2.0,2.0,0,53.921,54.1055,67.0292
52215,41.8,0.171746,0.0524725,0.00914692,0.0777883,0,592.88,2.0,2.0,1,41.9599,41.5865,71.0034
52224,51.4,0.157065,0.0421711,0.264108,0.154448,1,914.416,2.0,2.0,1,42.1093,42.0852,68.1199
52227,28.6,0.134799,0.0251832,0.0105099,0.0568306,0,681.225,2.0,2.0,1,43.7373,43.534,70.1712
52233,39.4,0.308932,0.129472,0.5,0.312801,2,0.0,2.0,2.0,0,49.8605,48.6116,69.1171
52240,32.2,0.269746,0.140556,0.25,0.220101,1,0.0,2.0,2.0,1,60.6417,60.4931,62.4787
52250,75.9,0.225803,0.0331084,0.251779,0.17023,1,115.308,1.0,2.0,1,32.2099,32.0326,66.1309
52254,43.0,0.199914,0.0699486,0.558951,0.276271,2,3821.03,2.0,2.0,1,46.7521,46.3918,68.8346
52256,52.1,0.0872285,0.0296365,0.291641,0.136169,1,2699.04,2.0,2.0,1,44.1173,44.0572,58.9051
52258,50.4,0.0951528,0.0438187,0.518537,0.21917,2,1201.52,2.0,2.0,0,48.3492,47.9947,71.1421
52260,31.9,0.242789,0.0599163,0.2597,0.187468,1,628.721,0.0,2.0,1,50.4714,50.6141,72.158
52287,41.1,0.208627,0.0507843,0.506696,0.255369,2,434.045,2.0,2.0,0,42.7552,43.1989,69.1665
52317,30.4,0.1653,0.045817,0.283776,0.164964,1,2189.25,1.0,2.0,1,49.4852,49.8146,71.443
52320,33.6,0.234856,0.0494923,0.539146,0.274498,2,2537.33,1.0,2.0,0,46.8795,47.0792,69.3828
52323,30.9,0.313113,0.0866694,0.269277,0.22302,1,1249.49,2.0,2.0,1,55.9867,56.1347,75.9778
52352,43.6,0.245407,0.0653141,0.254677,0.188466,1,303.156,0.0,2.0,1,45.096,44.7505,69.1674
52354,40.2,0.173701,0.0954339,0.518656,0.262597,2,1209.26,2.0,2.0,1,52.0144,51.8677,67.5202
52356,23.4,0.56659,0.210584,0.519994,0.432389,2,1295.95,2.0,2.0,0,47.1113,46.5795,70.0817
52378,27.8,0.254669,0.112243,0.505376,0.290763,2,348.488,2.0,2.0,0,51.2583,50.6178,73.3818
52381,59.0,0.138262,0.0618356,0.52999,0.243363,2,1943.88,2.0,2.0,0,48.2353,48.2358,67.5946
52385,33.6,0.363434,0.0450169,0.501603,0.303351,2,103.909,2.0,2.0,0,40.5105,40.308,67.6907
52390,73.9,0.203003,0.0668079,0.25081,0.17354,1,52.5233,1.0,2.0,1,36.9611,37.3225,59.8457
52399,48.6,0.338945,0.0486426,0.505777,0.297788,2,374.45,2.0,2.0,1,50.2267,49.924,72.4661
52405,55.3,0.218296,0.0726015,0.292158,0.194352,1,2732.59,1.0,2.0,1,45.7323,45.3037,62.4505
52411,32.9,0.188168,0.0377881,0.25,0.158652,1,0.0,2.0,2.0,1,55.2129,54.9226,68.2504
52418,44.9,0.399604,0.0933679,0.530355,0.341109,2,1967.56,2.0,2.0,1,50.4171,49.0484,68.4417
52427,85.3,0.139371,0.0163814,0.0118112,0.0558545,0,765.569,2.0,2.0,1,43.814,44.0818,53.3312
52435,39.0,0.133714,0.070169,0.256421,0.153434,1,416.175,1.0,2.0,1,48.2935,47.9624,65.0738
52473,70.2,0.213809,0.0106331,0.25,0.158148,1,0.0,2.0,2.0,1,37.0029,37.3891,56.7777
52480,40.8,0.318943,0.196993,0.558892,0.358276,2,3817.25,2.0,2.0,0,51.0589,50.8104,67.9581
52490,75.9,0.267902,0.0494615,0.655415,0.324259,1,26278.0,2.0,2.0,1,43.0066,43.0253,60.5421
52506,28.9,0.17127,0.0609079,0.504989,0.245722,2,323.405,2.0,2.0,0,43.7493,43.4177,67.6159
52520,69.5,0.154499,0.00762449,0.505899,0.222674,2,382.355,1.0,2.0,0,48.4143,47.4468,55.3811
52540,38.7,0.277514,0.0620339,0.576212,0.305253,2,4939.85,2.0,1.0,0,49.4247,48.0593,69.2235
52560,27.5,0.18741,0.0267308,0.547619,0.25392,2,3086.52,0.0,2.0,0,46.8909,46.5691,73.9042
52565,55.3,0.155965,0.0509651,0.586127,0.264352,2,5582.55,2.0,0.0,0,46.7752,45.7476,62.5409
52573,32.7,0.263648,0.141746,0.545207,0.316867,2,2930.22,2.0,2.0,0,41.1042,40.8206,74.563
52585,32.2,0.275458,0.0760665,0.542364,0.297963,2,2745.93,0.0,2.0,0,48.2781,47.9887,72.9165
52612,71.9,0.105234,0.05159,0.2677,0.141508,1,1147.24,0.0,2.0,1,38.547,38.7477,59.9501
52621,81.0,0.145051,0.0370932,0.00341581,0.0618534,0,221.404,2.0,2.0,1,37.0197,36.9721,56.9545
52678,47.7,0.236243,0.0529615,0.5,0.263068,2,0.0,2.0,2.0,0,43.8167,43.3061,67.7507
52683,28.9,0.33693,0.0553869,0.503224,0.298514,2,208.965,2.0,2.0,0,48.7876,48.3628,72.0391
52685,59.4,0.179137,0.0655853,0.575783,0.273502,2,4912.05,2.0,2.0,0,53.1116,51.9258,67.5466
52687,55.3,0.10069,0.0385508,0.504874,0.214705,2,315.946,2.0,0.0,0,42.0373,41.7941,66.5668
52693,41.1,0.193811,0.0771048,0.530077,0.266998,2,1949.53,2.0,1.0,0,51.2252,51.2219,69.6641
52694,54.6,0.118227,0.0868383,0.533403,0.246156,2,2165.11,2.0,2.0,0,43.3668,43.0553,66.5764
52696,75.1,0.194182,0.0785452,0.262108,0.178278,1,784.801,1.0,2.0,1,44.2903,44.7974,55.3057
52699,65.1,0.0922512,0.0739158,0.507014,0.224394,2,454.603,1.0,2.0,0,43.8787,42.813,64.6212
52720,43.0,0.175767,0.0656672,0.505956,0.24913,2,386.066,2.0,2.0,1,40.754,41.0404,70.4456
52786,36.1,0.219743,0.0894894,0.520508,0.27658,2,1329.25,2.0,0.0,0,48.3655,47.2639,70.543
52788,46.0,0.118406,0.0986519,0.00287899,0.0733124,0,186.609,2.0,2.0,1,53.6548,53.4935,65.113
52835,53.7,0.227712,0.0508049,0.250793,0.176437,1,51.4146,1.0,2.0,1,40.7949,40.8224,59.4376
52838,32.5,0.291975,0.0469587,0.500104,0.279679,2,6.71892,2.0,2.0,0,45.6361,45.5296,70.3198
52885,44.2,0.195913,0.0356269,0.254559,0.162033,1,295.531,2.0,2.0,1,40.1669,40.0628,69.5359
54001,25.7,0.691554,0.236755,0.531045,0.486451,2,2012.26,2.0,2.0,0,60.3701,59.9456,70.1396
54003,55.8,0.250714,0.0508345,0.269436,0.190328,1,1259.77,1.0,1.0,0,50.3484,49.7849,67.0884
54051,53.5,0.172918,0.0730847,0.5,0.248668,2,0.0,2.0,1.0,0,55.6794,55.8909,66.5965
54099,36.3,0.333501,0.132097,0.279638,0.248412,1,1921.04,0.0,0.0,0,55.8896,55.8755,64.2032
54109,67.9,0.0744052,0.0613293,0.531178,0.222304,2,2020.89,2.0,2.0,0,46.7968,47.5586,59.2026
54125,48.9,0.348375,0.201424,0.396376,0.315392,1,9487.71,1.0,0.0,0,56.5866,55.9928,71.0918
54128,56.4,0.102882,0.0597001,0.568933,0.243838,2,4468.08,2.0,2.0,0,50.4246,50.329,64.7977
54172,30.3,0.524681,0.156629,0.642895,0.441402,2,9262.09,2.0,2.0,0,56.1956,56.1732,67.609
54174,54.8,0.254355,0.172983,0.77088,0.399406,2,17557.7,2.0,2.0,0,51.1318,51.1736,66.8037
54206,64.0,0.205895,0.067773,0.543201,0.27229,2,2800.18,2.0,2.0,0,48.5304,49.294,68.6746
54223,71.1,0.120654,0.063741,0.563352,0.249249,2,4106.31,2.0,2.0,0,49.9319,50.1301,66.1259
54239,44.5,0.30431,0.188722,0.5,0.331011,0,40476.3,2.0,1.0,1,51.4863,51.3023,69.4846
54245,68.9,0.112657,0.0621457,0.365623,0.180142,1,7494.36,1.0,0.0,0,48.2971,48.0914,62.9066
54250,71.2,0.205509,0.0531621,0.254187,0.170953,1,271.42,1.0,0.0,0,44.7468,45.1207,67.1932
54261,41.9,0.446996,0.116554,0.589969,0.384506,2,5831.56,2.0,2.0,0,58.3549,58.3439,68.1667
54313,42.3,0.17914,0.0905689,0.507228,0.258979,2,468.482,2.0,2.0,0,42.6311,42.9284,67.2069
54344,73.4,0.0882311,0.0493868,0.25,0.129206,1,0.0,1.0,1.0,0,44.9607,44.7789,63.0018
54347,52.4,0.0856317,0.0664071,0.586653,0.246231,2,5616.65,2.0,2.0,0,49.3299,49.7625,62.8231
54377,41.3,0.166499,0.148959,0.546542,0.287334,2,3016.75,2.0,2.0,0,47.1624,47.4049,66.5075
54385,57.1,0.136937,0.180865,0.570336,0.296046,2,4558.99,1.0,2.0,0,54.9855,54.9465,62.988
54398,67.9,0.111558,0.0540552,0.501698,0.222437,2,110.065,2.0,0.0,0,42.3594,42.3356,67.2898
54405,21.4,0.570969,0.238578,0.264422,0.35799,1,934.788,1.0,1.0,0,50.5965,50.5644,68.0798
54418,45.3,0.30545,0.105881,0.501886,0.304406,2,122.22,2.0,1.0,0,49.7365,49.8328,69.8454
54480,42.2,0.263206,0.120483,0.651058,0.344915,2,9791.21,2.0,1.0,0,52.6976,52.2914,67.5646
54498,31.4,0.54627,0.116555,0.252628,0.305151,1,170.312,1.0,0.0,0,53.205,52.8941,73.1873
54518,20.5,0.594551,0.124718,0.656846,0.458705,2,10166.4,2.0,0.0,0,57.0926,56.7878,73.442
54520,41.7,0.196522,0.113238,0.301828,0.203863,1,3359.35,0.0,1.0,0,54.7753,54.9124,69.2828
54553,42.9,0.631688,0.0831274,0.5,0.404939,2,0.0,2.0,2.0,0,47.6463,48.1733,70.7661
54599,41.4,0.264327,0.142078,0.330445,0.245617,1,5214.24,1.0,0.0,0,46.0392,45.5933,69.348
54660,48.8,0.23908,0.0741441,0.510215,0.27448,2,662.101,2.0,0.0,0,48.8421,48.8991,67.8384
54670,73.5,0.0949282,0.0272069,0.25,0.124045,1,0.0,1.0,0.0,0,40.1332,39.5189,59.8273
54673,37.6,0.379515,0.274578,0.6064,0.420164,2,6896.57,2.0,2.0,0,50.4343,50.5682,62.9655
54680,48.1,0.290445,0.0622772,0.402606,0.251776,1,9891.51,1.0,1.0,0,50.9187,51.1157,65.8063
54720,53.8,0.290814,0.0622749,0.503427,0.285505,2,222.098,2.0,2.0,0,40.0881,40.1126,63.5847
54743,46.6,0.210994,0.162735,0.342016,0.238582,1,5964.26,1.0,1.0,0,49.9581,50.644,68.1953
54800,67.1,0.0974901,0.0621058,0.251956,0.137184,1,126.761,0.0,1.0,0,50.1604,49.548,63.5304
54810,57.6,0.327235,0.122589,0.5252,0.325008,2,1633.39,2.0,1.0,0,52.0438,52.3802,62.4119
54820,50.1,0.27439,0.284049,0.645086,0.401175,2,9404.11,2.0,2.0,0,60.5812,60.1554,69.3196
54871,64.8,0.189887,0.0902488,0.662017,0.314051,2,10501.5,2.0,1.0,0,50.5618,50.5328,67.9043
54874,24.6,0.564743,0.143963,0.527296,0.412,2,1769.25,2.0,0.0,0,52.994,52.8015,67.872
63001,14.4,0.684493,0.421672,0.502274,0.536146,2,147.407,0.0,2.0,0,72.956,72.6225,74.7124
63111,29.0,0.38935,0.227619,0.6734,0.430123,2,11239.3,2.0,2.0,0,63.2338,62.8121,65.5804
63130,19.9,0.488383,0.188674,0.588803,0.421953,2,5755.97,2.0,2.0,0,56.5097,55.4493,70.5318
63190,17.3,0.489702,0.149845,0.251723,0.29709,1,111.683,2.0,1.0,1,59.037,58.6462,68.888
63212,30.7,0.409131,0.131467,1.0,0.513533,2,52298.1,2.0,2.0,0,57.6232,57.3584,68.4464
63272,18.1,0.572807,0.285892,0.52954,0.462747,2,1914.72,2.0,2.0,0,65.0557,64.3292,71.9745
63302,33.1,0.370363,0.127964,0.572027,0.356785,2,4668.6,2.0,2.0,0,56.403,55.9525,69.733
63401,27.4,0.583325,0.228312,0.5,0.437212,2,0.0,2.0,2.0,0,59.7256,58.8695,71.4114
63470,25.8,0.588635,0.188413,0.00797379,0.261674,0,516.84,2.0,2.0,1,60.4466,59.6796,73.4908
63548,28.8,0.557034,0.137153,0.510171,0.401453,2,659.286,1.0,2.0,0,50.7683,50.0566,75.5929
63594,22.0,0.587458,0.229216,0.263687,0.36012,1,887.153,1.0,1.0,0,62.7065,62.0048,73.561
63690,19.7,0.549892,0.322858,0.5,0.457583,2,0.0,2.0,2.0,0,66.0297,65.5784,67.4088
66001,15.1,0.716409,0.560338,0.62131,0.632686,2,7862.98,1.0,2.0,0,81.7545,80.7692,73.4267
66045,33.6,0.37917,0.104935,0.575907,0.353337,2,4920.09,2.0,1.0,0,50.4558,49.8772,65.4888
66075,31.6,0.443405,0.484278,0.502003,0.476562,2,129.831,2.0,2.0,0,69.8554,69.7263,65.8924
66088,35.6,0.412567,0.137393,0.508308,0.352756,2,538.484,2.0,1.0,0,53.4027,52.9392,72.9236
66170,13.7,0.578488,0.286803,0.773074,0.546122,2,17700.0,2.0,1.0,0,63.148,62.6041,72.0753
66318,36.5,0.283631,0.0561723,0.25,0.196601,1,0.0,0.0,0.0,0,42.6783,42.1289,72.7213
66383,37.5,0.33388,0.103476,0.50747,0.314942,2,484.175,2.0,2.0,0,50.2712,49.7553,68.1879
66400,19.0,0.649527,0.193652,0.564677,0.469285,2,4192.21,2.0,2.0,0,53.7133,53.1223,76.3696
66440,33.3,0.446672,0.102605,0.5,0.349759,2,0.0,2.0,2.0,0,50.7902,50.6465,68.4241
66456,65.3,0.199039,0.0510409,0.557545,0.269208,2,3729.92,2.0,2.0,0,53.246,53.3089,68.5082
66572,70.5,0.185106,0.0607201,0.516754,0.254193,2,1085.98,2.0,2.0,0,52.2647,52.2325,69.2117
66594,41.4,0.248935,0.0878271,0.505915,0.280892,2,383.396,2.0,2.0,0,58.9698,58.2832,72.8618
66682,21.2,0.54573,0.194165,0.5,0.413298,2,0.0,2.0,2.0,0,61.6533,61.3977,71.5006
66687,39.9,0.415239,0.142918,0.539762,0.365973,2,2577.26,2.0,2.0,0,57.263,56.8103,66.8593
68001,14.2,0.803959,0.519688,0.066231,0.463293,0,4292.92,1.0,1.0,1,76.284,75.8615,70.6107
68013,41.8,0.133993,0.116879,0.0,0.0836238,0,0.0,1.0,1.0,1,37.1507,37.2531,66.6374
68020,48.1,0.344307,0.454017,0.272275,0.356866,1,1443.81,1.0,1.0,1,53.2694,52.6328,61.2595
68051,40.6,0.412608,0.252701,0.0455186,0.236942,0,2950.4,1.0,1.0,1,50.5161,50.7226,70.4051
68077,21.6,0.670383,0.185473,0.522279,0.459378,2,1444.09,2.0,2.0,0,51.5734,51.5447,70.3526
68079,28.5,0.425238,0.276721,0.25,0.31732,1,0.0,1.0,0.0,0,64.462,64.9504,69.5898
68081,26.4,0.88319,1.0,0.655881,0.846357,2,10103.8,2.0,2.0,0,62.318,61.9882,71.6933
68092,43.9,0.409936,0.457223,0.641248,0.502802,1,25359.7,1.0,1.0,0,66.6866,65.9542,66.1492
68101,45.5,0.146753,0.142156,0.25,0.179636,1,0.0,1.0,1.0,1,46.6818,46.3306,62.0439
68121,34.0,0.169112,0.294746,0.057015,0.173624,0,3695.57,1.0,1.0,1,55.5615,54.9609,63.2869
68132,21.2,0.522202,0.296281,0.44996,0.422814,1,12960.9,1.0,0.0,1,48.8125,49.291,59.7056
68147,35.7,0.486911,0.196675,0.0548554,0.246147,0,3555.59,1.0,1.0,1,51.3436,50.48,72.654
68152,60.8,0.145921,0.120371,0.564503,0.276932,2,4180.92,2.0,2.0,0,49.4152,49.2463,67.4971
68160,32.0,0.201666,0.214579,0.0,0.138748,0,0.0,1.0,1.0,1,34.1745,33.9701,64.5742
68162,41.9,0.334773,0.120279,0.261122,0.238724,1,720.91,1.0,1.0,1,47.4182,47.5346,69.7624
68167,26.9,0.466498,0.205506,0.293897,0.321967,1,2845.27,0.0,0.0,0,50.9522,50.7804,76.3078
68169,35.1,0.196211,0.0988443,0.220986,0.172014,0,14323.7,1.0,1.0,1,44.9416,44.8435,64.8577
68176,45.2,0.32556,0.208093,0.0713576,0.20167,0,4625.22,1.0,1.0,1,51.8534,51.015,69.7983
68179,42.8,0.193725,0.169384,0.250986,0.204698,1,63.9163,1.0,1.0,1,52.7526,52.6784,69.7072
68190,36.0,0.441252,0.540947,0.5,0.494066,0,40450.9,1.0,1.0,1,60.2475,59.7301,65.8844
68207,36.2,0.27854,0.109604,0.0,0.129382,0,0.0,1.0,1.0,1,52.4484,52.5611,70.111
68209,32.6,0.258447,0.172582,0.31746,0.249497,1,4372.6,1.0,0.0,1,57.2426,57.179,65.5586
68211,29.2,0.540725,0.237499,0.255333,0.344519,1,345.7,1.0,1.0,1,48.7287,48.6682,72.3385
68217,53.6,0.15139,0.117539,0.25047,0.173133,1,30.4359,1.0,1.0,0,57.3606,56.7623,68.118
68229,35.7,0.311158,0.131065,0.254565,0.232263,1,295.923,1.0,2.0,1,50.6485,50.3234,70.2357
68235,58.9,0.181515,0.11111,0.506364,0.26633,2,412.48,2.0,2.0,0,44.6132,45.0675,61.8296
68245,33.0,0.25217,0.273172,0.350352,0.291898,1,6504.58,2.0,2.0,1,47.4658,47.7337,67.1344
68250,57.8,0.12855,0.105939,0.543743,0.25941,2,2835.29,2.0,2.0,0,44.5151,44.2621,64.1488
68255,45.7,0.406516,0.106051,0.337476,0.283347,1,5669.94,0.0,0.0,0,37.3717,37.2709,74.0921
68264,32.0,0.174928,0.120911,0.535451,0.277097,2,2297.83,2.0,2.0,0,49.9219,50.3545,66.3051
68266,35.3,0.222199,0.124839,0.891974,0.413004,2,25406.8,2.0,2.0,0,49.6265,49.4805,70.1139
68271,56.0,0.241254,0.888727,0.274448,0.468143,1,1584.67,1.0,2.0,1,54.9962,54.2229,67.8564
68276,11.0,0.668825,0.43447,0.848786,0.650694,2,22607.4,2.0,2.0,0,78.1527,78.41,73.2299
68296,41.9,0.238753,0.166012,0.261691,0.222152,1,757.803,1.0,1.0,0,57.9565,57.9977,70.6431
68298,51.1,0.180665,0.191821,0.343362,0.238616,1,6051.5,1.0,0.0,0,55.1456,55.0286,61.5663
68307,16.5,0.652985,0.411591,0.75,0.604859,1,37427.6,1.0,1.0,1,67.2072,66.8483,67.5684
68318,60.3,0.222793,0.113347,0.00210193,0.112747,0,136.242,1.0,1.0,1,42.5463,42.2406,69.5236
68320,39.1,0.367008,0.201914,0.0766523,0.215191,0,4968.41,1.0,1.0,1,55.8213,55.5731,72.7276
68322,31.4,0.256299,0.265985,0.287332,0.269872,1,2419.77,1.0,0.0,0,57.6731,58.1568,67.1686
68324,40.4,0.278187,0.145124,0.0260297,0.14978,0,1687.18,1.0,1.0,1,49.4233,49.1447,64.1636
68327,29.6,0.463495,0.218929,0.0627562,0.248394,0,4067.7,1.0,1.0,1,50.8984,50.9686,68.9579
68344,46.9,0.228533,0.256151,0.0,0.161561,0,0.0,1.0,0.0,1,47.0029,46.4677,65.8791
68368,40.8,0.264962,0.820375,0.532895,0.539411,2,2132.19,2.0,0.0,0,53.8859,53.868,68.4134
68370,53.7,0.0757976,0.351049,0.0856857,0.170844,0,5553.93,0.0,0.0,1,53.2038,52.6671,69.1034
68377,36.1,0.270318,0.383142,0.367351,0.340271,1,7606.4,1.0,1.0,1,55.8305,55.0403,68.9154
68385,49.1,0.348398,0.160349,0.534241,0.347663,2,2219.41,2.0,2.0,0,43.1637,42.3183,71.0745
68397,36.1,0.206896,0.135501,0.253919,0.198772,1,254.013,0.0,0.0,0,45.8489,46.229,65.9711
68406,27.0,0.653744,0.315245,0.297384,0.422124,1,3071.32,1.0,1.0,0,63.1732,63.0651,70.0865
68418,44.6,0.345729,0.288259,0.0,0.211329,0,0.0,1.0,1.0,1,60.9293,61.3877,63.8789
68425,50.3,0.150026,0.228244,0.0634124,0.147228,0,4110.23,1.0,0.0,1,53.5948,54.0159,67.8928
68432,19.3,0.611034,0.17439,0.274105,0.353176,1,1562.41,2.0,2.0,1,49.8994,49.9427,77.5891
68444,38.2,0.280267,0.173713,0.00332288,0.152435,0,215.381,1.0,1.0,1,47.869,47.4886,70.2358
68464,49.4,0.276172,0.119354,0.302546,0.232691,1,3405.87,1.0,1.0,1,49.4171,49.3709,69.4335
68468,51.9,0.203186,0.117101,0.0475929,0.122627,0,3084.85,1.0,0.0,1,46.5311,46.374,68.2472
68498,38.6,0.145383,0.118767,0.256021,0.17339,1,390.256,1.0,1.0,1,55.0539,55.0755,65.987
68500,31.8,0.401038,0.221812,0.0285028,0.217118,0,1847.48,1.0,1.0,1,47.5295,46.9586,69.6479
68502,55.1,0.230909,0.144756,0.726191,0.367285,2,14661.1,2.0,2.0,0,52.1363,52.1379,63.4555
68522,32.5,0.238565,0.37392,0.00444022,0.205642,0,287.804,1.0,1.0,1,56.7101,54.4168,69.6022
68524,27.3,0.306395,0.191619,0.25,0.249338,1,0.0,1.0,1.0,0,57.7673,57.2531,72.0908
68533,31.5,0.349033,0.267389,0.00524609,0.207223,0,340.038,1.0,1.0,1,49.5514,49.5261,69.545
68547,16.2,0.576439,0.334779,0.676088,0.529102,2,11413.6,1.0,2.0,0,59.9703,60.0403,71.4552
68549,23.8,0.343666,0.33173,0.50495,0.393449,2,320.853,2.0,2.0,0,51.5454,50.8798,62.1725
68572,26.4,0.349431,0.459798,0.504735,0.437988,2,306.902,1.0,2.0,0,62.6771,62.6711,68.5975
68573,36.1,0.31246,0.454602,0.299063,0.355375,1,3180.13,1.0,1.0,1,54.5591,54.4197,65.9859
68575,40.3,0.438651,0.158821,0.5,0.365824,0,37670.8,1.0,1.0,1,46.9917,47.041,66.3858
68615,37.8,0.393701,0.169183,0.559455,0.374113,2,3853.75,2.0,0.0,0,48.5801,48.4985,67.1117
68655,36.6,0.536551,0.238139,0.276288,0.350326,1,1703.91,1.0,1.0,0,51.078,50.5223,69.1772
68669,42.4,0.286864,0.144924,0.25,0.227262,1,0.0,1.0,0.0,0,57.0517,57.4171,70.4272
68673,49.8,0.147583,0.182106,0.26999,0.199893,1,1295.71,1.0,0.0,0,49.5395,49.25,63.6035
68679,13.7,0.70804,0.329544,0.626836,0.554807,2,8221.19,2.0,2.0,0,64.6846,65.4181,77.9867
68682,41.4,0.322162,0.178537,0.50868,0.33646,2,562.645,2.0,1.0,0,44.4741,43.9846,68.8646
68684,47.6,0.171987,0.162051,0.612976,0.315671,2,7322.79,1.0,2.0,0,51.5967,50.5995,70.2123
68686,33.6,0.228735,0.171274,0.391243,0.26375,1,9155.02,1.0,1.0,1,43.6025,43.5578,69.4036
68689,34.9,0.371034,0.187539,0.00566158,0.188078,0,366.969,1.0,1.0,1,48.5665,48.4951,65.652
68705,53.8,0.205635,0.172526,0.267878,0.215346,1,1158.82,1.0,1.0,1,48.8582,48.9149,65.9141
68720,47.9,0.337011,0.269845,0.0938678,0.233575,0,6084.27,1.0,1.0,1,48.3873,47.5602,68.1596
68745,44.5,0.254763,0.232186,0.256471,0.247807,1,419.439,1.0,1.0,0,50.4702,50.7347,65.1951
68755,15.1,0.658671,0.246712,0.259547,0.38831,1,618.799,1.0,1.0,0,62.4951,62.2225,72.4463
68770,37.8,0.293245,0.163347,0.507304,0.321299,2,473.4,2.0,2.0,0,59.953,59.5443,69.2042
68773,47.1,0.103316,0.101597,0.0355254,0.0801461,0,2302.67,1.0,1.0,1,51.9309,51.5081,65.2633
68780,44.2,0.188923,0.165173,0.611979,0.322025,2,7258.17,2.0,0.0,0,52.736,53.1009,65.0018
68820,45.8,0.321674,0.244487,0.541752,0.369304,2,2706.25,2.0,1.0,0,49.2386,49.4395,65.7907
68855,36.6,0.368601,0.150016,0.666618,0.395078,2,10799.7,2.0,2.0,0,56.3772,56.3484,71.9223
68861,32.3,0.471501,0.170134,0.385204,0.34228,1,8763.58,2.0,1.0,1,59.3298,58.9291,67.8048
68867,31.9,0.319387,0.158374,0.693348,0.39037,2,12532.4,2.0,1.0,0,49.9071,49.8436,63.0789
68872,27.5,0.387968,0.229972,0.511352,0.376431,2,735.834,2.0,2.0,0,58.999,59.0995,73.2672
68895,26.9,0.511282,0.324299,0.582427,0.472669,2,5342.7,2.0,2.0,0,54.6363,55.2077,72.4358
70001,30.4,0.559366,0.308037,0.5,0.455801,2,0.0,1.0,2.0,0,55.6671,55.2934,73.3243
70110,49.1,0.353072,0.0837705,0.25,0.228947,1,0.0,2.0,1.0,1,51.9097,51.4997,70.0791
70124,58.7,0.126129,0.0673639,0.520584,0.238025,2,1334.2,2.0,2.0,0,40.4232,40.7566,68.8915
70204,59.6,0.205845,0.0979537,0.529424,0.277741,2,1907.2,2.0,2.0,0,33.686,33.9001,70.107
70215,34.5,0.398747,0.141327,0.525179,0.355084,2,1632.05,2.0,0.0,0,48.0985,48.1207,74.0115
70221,45.0,0.473733,0.611967,0.877748,0.654483,2,24484.7,2.0,2.0,0,60.2926,59.8154,70.5175
70230,73.9,0.293924,0.0871055,0.5,0.293677,2,0.0,2.0,2.0,0,34.4642,34.3057,74.5154
70233,64.3,0.190938,0.0796862,0.511025,0.26055,2,714.623,2.0,0.0,0,41.8354,41.5793,71.0584
70235,46.1,0.272505,0.0561741,0.672877,0.333852,2,11205.4,2.0,0.0,0,34.4298,34.282,71.9281
70265,66.1,0.240418,0.0603888,1.0,0.433602,2,34919.0,2.0,1.0,0,35.7507,35.6254,69.1847
70400,55.8,0.271894,0.089577,0.25,0.203824,1,0.0,2.0,1.0,1,43.8885,43.8099,70.4257
70418,41.6,0.239194,0.0329793,0.258419,0.176864,1,545.667,1.0,0.0,0,38.0117,38.2891,73.4721
70429,64.4,0.169998,0.0497532,0.580842,0.266864,2,5239.96,2.0,2.0,0,39.4118,39.2277,71.1517
70473,42.8,0.304485,0.0683476,0.25,0.207611,1,0.0,2.0,1.0,1,31.1399,30.8531,70.0981
70508,51.5,0.260561,0.0855078,0.421703,0.255924,1,11129.3,1.0,0.0,0,37.6963,37.5005,73.2976
70523,65.1,0.155732,0.0622863,0.255976,0.157998,1,387.319,2.0,1.0,1,45.8536,45.8825,71.9188
70670,56.9,0.260967,0.0684483,0.250299,0.193238,1,19.4048,0.0,1.0,0,41.6526,41.7671,73.4264
70678,63.0,0.110552,0.0394313,0.263948,0.137977,1,904.058,1.0,0.0,0,37.3015,37.2678,65.9394
70702,44.8,0.264746,0.107952,0.282311,0.218336,1,2094.33,2.0,1.0,1,32.4538,32.691,71.8381
70708,59.1,0.297054,0.0851592,0.278366,0.220193,1,1838.58,1.0,0.0,0,48.3105,48.059,69.5005
70713,69.0,0.194852,0.0562277,0.5,0.25036,2,0.0,2.0,0.0,0,33.5941,33.7355,72.1104
70717,47.1,0.338648,0.122152,0.513944,0.324915,2,903.807,2.0,1.0,0,36.2277,36.5452,73.246
70742,51.1,0.335086,0.142964,0.501383,0.326478,2,89.6238,2.0,1.0,0,46.6327,46.8009,72.4039
70771,63.4,0.109671,0.0170607,0.285977,0.13757,1,2331.96,0.0,0.0,0,32.0153,32.1249,66.7959
70820,42.7,0.461346,0.222507,0.5,0.394618,2,0.0,2.0,2.0,0,42.1019,41.5184,66.696
70823,45.8,0.314513,0.231556,0.285018,0.277029,1,2269.77,1.0,1.0,0,51.2062,51.0875,72.4736
73001,14.8,0.740834,0.310978,0.00477588,0.352196,0,309.56,1.5,0.0,1,66.8242,66.4075,68.196
73024,30.9,0.375707,0.174946,0.25,0.266884,1,0.0,1.5,0.0,1,48.2519,47.6992,70.7274
73026,38.8,0.365775,0.449529,0.0501549,0.288486,0,3250.91,1.5,0.0,1,65.7238,65.3434,66.3484
73030,32.9,0.524736,0.220512,0.725132,0.490127,1,30796.9,1.5,0.0,1,59.6448,59.7282,64.3734
73043,55.8,0.188253,0.0804662,0.299913,0.189544,1,3235.25,1.5,0.0,1,39.8677,39.3946,62.7043
73055,27.3,0.4284,0.277291,0.275929,0.327207,1,1680.65,1.5,0.0,1,64.3305,64.2226,69.6548
73067,64.0,0.2142,0.0591083,0.301751,0.191686,1,3354.38,1.5,0.0,1,38.8178,38.4787,65.7405
73124,36.2,0.417933,0.224367,0.270693,0.304331,1,1341.25,1.5,0.0,1,47.9317,47.6252,67.2344
73148,20.7,0.571751,0.536578,0.263741,0.457357,1,890.662,1.0,0.0,0,71.7146,71.1411,63.549
73152,43.8,0.244212,0.0669137,0.252789,0.187972,1,180.763,1.5,0.0,1,49.2435,48.9408,69.108
73168,39.7,0.397276,0.112527,0.253238,0.254347,1,209.888,1.5,0.0,1,49.5649,49.2721,68.3583
73200,35.8,0.35159,0.427168,0.33501,0.371256,1,5510.14,1.5,0.0,1,54.1249,54.1036,65.5163
73217,62.1,0.149909,0.100028,0.25,0.166646,1,0.0,1.5,0.0,1,36.6177,36.2584,67.1241
73226,40.8,0.227388,0.0761823,0.25,0.184523,1,0.0,1.5,0.0,1,47.8469,47.1217,67.7664
73236,32.8,0.305291,0.0741774,0.251963,0.210477,1,127.211,1.5,0.0,1,46.9031,46.783,74.2612
73268,19.2,0.65119,0.336144,0.284641,0.423992,1,2245.37,1.5,0.0,1,58.8637,58.1208,71.8704
73270,39.3,0.267872,0.0796168,0.25,0.199163,1,0.0,1.5,0.0,1,49.9983,49.3947,72.7102
73275,17.4,0.453701,0.422814,0.879596,0.585371,2,24604.5,2.0,1.0,0,60.5448,60.644,61.9156
73283,33.6,0.370658,0.0938729,0.258212,0.240914,1,532.264,1.5,0.0,1,50.7322,50.13,70.2124
73319,32.2,0.352984,0.223271,0.25,0.275418,1,0.0,1.5,0.0,1,61.7706,61.4352,66.7115
73347,54.0,0.269325,0.171583,0.274073,0.238327,1,1560.34,1.5,0.0,1,44.1373,43.9889,66.5107
73349,25.8,0.640777,0.337515,0.292563,0.423618,1,2758.8,1.5,0.0,1,58.1265,57.5645,67.6216
73352,33.7,0.260145,0.108328,0.258368,0.208947,1,542.362,1.5,0.0,1,48.8149,48.5102,65.2535
73408,28.1,0.495711,0.220242,0.25,0.321984,1,0.0,1.5,0.0,1,56.5447,56.9137,67.0319
73411,33.4,0.494516,0.15175,0.000418444,0.215561,0,27.1224,1.5,0.0,1,51.0674,50.8511,71.0186
73443,27.1,0.557127,0.24102,0.00277131,0.266973,0,179.629,1.5,0.0,1,56.1042,56.2798,70.0639
73449,19.7,0.73961,0.5952,0.379591,0.571467,1,8399.74,1.5,0.0,1,68.2045,67.1495,70.8746
73461,50.4,0.335233,0.115187,0.251947,0.234122,1,126.179,1.5,0.0,1,44.112,43.4158,60.7912
73483,42.1,0.323669,0.149382,0.25416,0.242404,1,269.633,1.5,0.0,1,45.2411,44.533,71.1764
73504,51.3,0.158807,0.0664552,0.538021,0.254428,1,18668.8,1.5,0.0,1,45.6301,45.7524,64.5522
73520,45.5,0.280965,0.104027,0.0204461,0.135146,0,1325.27,1.5,0.0,1,52.7921,52.1714,71.894
73547,27.2,0.40514,0.341439,0.25,0.332193,1,0.0,1.5,0.0,1,56.6881,56.8398,61.1291
73555,55.4,0.268538,0.0710481,0.254788,0.198125,1,310.368,1.5,0.0,1,53.0421,52.752,68.3311
73563,36.6,0.387648,0.168529,0.25,0.268726,1,0.0,1.5,0.0,1,45.6578,45.8122,70.3904
73585,32.6,0.431007,0.201498,0.30851,0.313671,1,3792.47,1.5,0.0,1,53.9734,52.8488,71.3694
73616,60.5,0.157965,0.0739846,0.00352175,0.0784903,0,228.271,1.5,0.0,1,48.4232,47.9685,65.93
73622,42.0,0.312206,0.156856,0.25,0.239687,1,0.0,1.5,0.0,1,47.4027,46.7811,66.9581
73624,47.0,0.310604,0.0715122,0.0334125,0.13851,0,2165.71,1.5,0.0,1,51.2152,51.1244,68.4651
73671,36.3,0.450235,0.306137,0.254415,0.336929,1,286.187,1.5,0.0,1,63.4397,63.3975,68.9468
73675,53.7,0.276697,0.0822868,0.266805,0.208596,1,1089.28,1.5,0.0,1,44.9279,44.4754,70.813
73678,39.4,0.281386,0.205756,0.00531719,0.164153,0,344.647,1.5,0.0,1,49.5882,48.5885,65.3641
73686,50.9,0.400125,0.0855117,0.267796,0.251144,1,1153.48,1.5,0.0,1,52.0321,51.9398,67.5313
73770,34.3,0.312808,0.310774,0.0,0.207861,0,0.0,1.5,0.0,1,54.481,54.604,66.577
73854,40.4,0.29935,0.0989139,0.0407782,0.146347,0,2643.14,1.5,0.0,1,50.3091,49.5711,65.5835
73861,36.3,0.552998,0.247272,0.551938,0.450736,1,19570.8,1.5,0.0,1,40.0179,39.5677,66.2511
73870,51.3,0.259944,0.0591202,0.300734,0.206599,1,3288.42,1.5,0.0,1,47.8334,47.6962,64.1398
73873,38.4,0.308684,0.0742112,0.297769,0.226888,1,3096.26,1.5,0.0,1,39.526,39.122,69.6874
76001,11.9,0.69965,0.626389,0.607368,0.644469,2,6959.35,2.0,2.0,0,83.8568,83.3752,69.2459
76020,31.9,0.475798,0.17416,0.0288238,0.226261,0,1868.28,2.0,1.0,1,57.3656,56.4003,65.1423
76036,15.3,0.45509,0.238897,0.258178,0.317388,1,530.067,2.0,1.0,1,61.4876,61.4263,69.2173
76041,31.3,0.411025,0.153313,0.262811,0.275716,1,830.375,2.0,1.0,1,56.1251,56.1088,68.4472
76054,36.2,0.356211,0.124841,0.25,0.243684,1,0.0,2.0,0.0,1,53.7651,53.1407,68.5706
76100,29.7,0.23759,0.11284,0.695772,0.348734,2,12689.5,2.0,2.0,0,55.3379,55.6146,69.2277
76109,41.0,0.487378,0.448321,0.0167879,0.317496,0,1088.15,2.0,1.0,1,59.2591,58.3923,65.6468
76111,12.3,0.650383,0.36691,0.505361,0.507551,2,347.514,1.0,2.0,0,63.8324,63.6444,72.6375
76113,25.8,0.511643,0.508811,0.376688,0.465714,1,8211.6,1.0,2.0,1,64.0217,64.1544,68.8843
76122,24.6,0.578238,0.137662,0.253975,0.323291,1,257.642,1.0,1.0,0,52.6903,52.5504,72.8697
76126,25.7,0.500511,0.292749,0.275047,0.356102,1,1623.46,2.0,1.0,1,62.7273,61.982,69.1438
76130,15.5,0.358697,0.424266,0.563857,0.44894,2,4139.08,2.0,2.0,0,68.985,69.4692,70.2999
76147,16.6,0.667674,0.258964,0.532201,0.48628,2,2087.19,2.0,0.0,0,66.4549,66.0393,71.1045
76233,28.4,0.260466,0.181506,0.25,0.230657,1,0.0,2.0,1.0,1,58.0073,58.518,67.156
76243,43.5,0.259689,0.0834227,0.537243,0.293452,2,2414.03,2.0,2.0,0,50.6798,50.1476,66.264
76246,35.8,0.338604,0.0731541,0.5,0.303919,2,0.0,2.0,0.0,0,54.1487,53.7264,64.8114
76248,15.2,0.488421,0.340911,0.257688,0.36234,1,498.296,1.0,1.0,0,62.5241,62.2087,72.0015
76250,37.2,0.466007,0.126368,0.093109,0.228495,0,6035.09,2.0,1.0,1,52.6394,52.8013,66.9081
76275,18.9,0.410101,0.141209,0.0407932,0.197368,0,2644.11,2.0,1.0,1,51.1753,51.2358,74.6808
76306,14.7,0.374888,0.236854,0.0104507,0.207397,0,677.389,2.0,1.0,1,47.9228,47.8413,68.0542
76318,16.0,0.404491,0.26687,0.0286901,0.23335,0,1859.62,1.0,1.0,1,59.7683,59.1439,70.6252
76364,14.9,0.496395,0.381418,0.262591,0.380134,1,816.085,2.0,1.0,1,69.8406,69.5155,70.1535
76377,25.3,0.212378,0.176352,0.0,0.129577,0,0.0,2.0,1.0,1,50.7912,50.6701,66.7098
76400,22.5,0.621335,0.222084,0.255726,0.366382,1,371.159,2.0,1.0,1,61.7785,61.2634,71.5672
76403,22.9,0.464193,0.21172,0.25,0.308637,1,0.0,1.0,1.0,0,59.8805,59.4917,72.1469
76497,31.2,0.464801,0.213823,0.0215987,0.233407,0,1399.98,2.0,1.0,1,58.7071,58.21,69.2684
76520,11.5,0.528143,0.494757,0.254587,0.425829,1,297.303,2.0,2.0,1,70.5856,70.853,73.7352
76563,24.8,0.48314,0.221799,0.5,0.401646,2,0.0,2.0,2.0,0,57.7541,57.2381,70.754
76606,20.7,0.510723,0.17299,0.0151953,0.232969,0,984.918,2.0,1.0,1,59.2689,59.3663,73.2641
76616,23.2,0.371858,0.206643,0.0414861,0.206662,0,2689.02,1.0,0.0,1,66.9169,66.9204,72.7751
76622,16.5,0.531428,0.164199,0.540411,0.412012,2,2619.33,2.0,2.0,0,62.4337,62.6351,76.4104
76670,18.0,0.372994,0.332874,0.0,0.235289,0,0.0,2.0,1.0,1,59.2718,58.8978,66.2982
76736,27.4,0.492047,0.130371,0.5,0.374139,2,0.0,2.0,1.0,0,52.5447,52.0718,69.4299
76823,32.1,0.424577,0.121251,0.0,0.181943,0,0.0,0.0,0.0,1,55.196,54.8077,68.2977
76828,34.9,0.316624,0.087552,0.0510007,0.151726,0,3305.74,2.0,1.0,1,57.4483,57.4946,69.2854
76834,13.7,0.589829,0.308701,0.602727,0.500419,2,6658.47,2.0,2.0,0,65.9436,65.9062,75.5192
76845,24.2,0.324544,0.15905,0.25,0.244531,1,0.0,1.0,1.0,0,57.5226,58.4728,67.9091
76863,30.6,0.369513,0.10944,0.25,0.242984,1,0.0,1.0,1.0,0,57.1748,56.8863,69.8003
76869,19.0,0.415397,0.14249,0.00562733,0.187838,0,364.749,2.0,1.0,1,54.5272,54.5798,67.4027
76890,20.8,0.413105,0.584354,0.335842,0.444434,1,5564.08,2.0,1.0,1,58.9643,58.8011,69.0424
76892,15.6,0.854724,1.0,0.091964,0.648896,0,5960.87,2.0,1.0,1,74.7153,74.5303,68.6398
76895,17.2,0.578395,0.459319,0.0330374,0.356917,0,2141.4,2.0,1.0,1,67.4215,66.7886,68.3245
81001,38.6,0.705186,0.300518,0.797669,0.601124,2,19294.1,2.0,1.0,0,55.4868,54.7947,64.6341
81065,49.2,0.313544,0.144832,0.462584,0.306987,1,13779.1,2.0,2.0,1,56.8611,56.9997,65.8132
81220,48.8,0.481946,0.163542,0.113421,0.25297,0,7351.67,2.0,1.0,1,46.9099,47.3123,66.3154
81300,48.3,0.421998,0.107633,0.291405,0.273679,1,2683.74,1.0,1.0,0,52.1766,52.2296,67.3703
81591,45.0,0.445099,0.144044,0.508103,0.365749,1,16729.6,2.0,1.0,1,50.3947,51.1851,65.2055
81736,39.4,0.575991,0.156569,0.544488,0.425683,2,2883.58,2.0,0.0,0,55.2044,54.8502,69.8755
81794,41.9,0.579384,0.159068,0.511747,0.416733,2,761.382,2.0,1.0,0,55.4373,54.5699,68.7052
85001,22.9,0.794986,0.420969,0.277833,0.497929,1,1804.05,0.0,0.0,0,62.6916,62.3571,70.1973
85010,27.0,0.8422,0.563922,1.0,0.80204,2,37083.1,2.0,2.0,0,60.593,59.8307,68.0623
85015,36.0,0.423777,0.313844,0.405703,0.381108,1,10092.3,2.0,2.0,1,53.3324,52.2876,64.0629
85125,56.1,0.34315,0.217625,0.516575,0.359117,2,1074.32,2.0,2.0,0,42.4131,41.8041,62.8935
85136,48.1,0.329811,0.357145,0.501847,0.396268,2,119.706,2.0,2.0,0,47.5475,47.2576,65.8568
85139,30.3,0.73243,0.5067,0.5,0.57971,2,0.0,2.0,1.0,0,65.0672,65.2749,68.0335
85162,27.5,0.639769,1.0,0.964625,0.868131,2,30115.8,2.0,2.0,0,61.1295,60.8595,71.3076
85225,56.4,0.337657,0.394064,0.5,0.410574,2,0.0,2.0,2.0,0,53.9207,53.6142,63.484
85230,45.8,0.691844,0.594877,0.548666,0.611795,2,3154.38,2.0,2.0,0,59.9187,59.9462,65.3019
85250,37.8,0.583308,0.212349,0.5,0.431886,2,0.0,2.0,2.0,0,57.0498,56.7949,70.5065
85263,45.2,0.490999,0.268893,0.795616,0.518503,2,19161.1,2.0,2.0,0,56.879,56.8549,66.2284
85279,39.3,0.17558,0.538004,0.75,0.487861,1,137828.0,1.0,1.0,0,44.99,43.7468,55.6014
85300,34.2,0.465826,1.0,0.75,0.738609,1,33781.8,1.0,1.0,0,59.8264,60.5955,66.2344
85315,32.5,0.40108,0.186033,0.54731,0.378141,2,3066.5,2.0,1.0,0,42.543,42.298,63.8121
85325,37.0,0.624208,0.556385,0.25,0.476864,1,0.0,2.0,1.0,1,57.3908,56.9857,66.1105
85400,55.0,0.258161,0.0886504,0.457188,0.268,1,13429.4,1.0,1.0,0,42.1471,42.1399,61.6736
85410,27.2,0.853711,0.874161,0.5,0.742624,2,0.0,2.0,2.0,0,63.4827,62.6954,68.9178
85430,38.7,0.601817,0.174232,0.573243,0.449764,2,4747.4,1.0,2.0,0,51.0733,50.5788,67.18
85440,24.6,0.812693,0.315922,0.555801,0.561472,2,3616.89,2.0,2.0,0,48.7542,48.9555,74.8578
86001,24.8,0.605927,0.169408,0.690297,0.488544,2,12334.5,2.0,2.0,0,45.8144,45.4085,68.5102
86219,22.6,0.380773,0.104635,0.257364,0.247591,1,477.324,1.0,0.0,0,57.1503,57.0017,70.9798
86320,39.8,0.480393,0.152642,0.255043,0.296026,1,326.849,1.0,1.0,0,52.1671,51.9147,60.6704
86568,44.1,0.571567,0.13133,0.254009,0.318969,1,259.838,1.0,1.0,0,49.7472,49.6972,64.5153
86569,38.9,0.28753,0.075344,0.591959,0.318278,2,5960.52,2.0,2.0,0,39.8905,39.7615,60.2948
86571,62.2,0.0974091,0.0150397,0.513378,0.208609,2,867.15,2.0,2.0,0,42.2507,42.7226,54.2361
86573,53.6,0.291018,0.0341404,0.0,0.108386,0,0.0,1.0,1.0,1,26.1691,27.5562,57.6694
86749,23.0,0.491307,0.0850443,0.275404,0.283918,1,1646.6,1.0,0.0,0,51.8765,51.6324,74.5097
86755,23.5,0.338444,0.175194,0.507752,0.340463,1,16706.8,1.0,0.0,0,44.3945,44.3419,68.9132
86757,48.5,0.269682,0.0825772,0.589261,0.31384,2,5785.7,2.0,2.0,0,42.6559,41.7609,57.1437
86760,37.2,0.283404,0.133435,0.75,0.388947,1,33912.4,1.0,0.0,0,49.2364,48.5336,68.4184
86865,41.0,0.413243,0.109619,0.514643,0.345835,2,949.09,2.0,2.0,0,39.807,38.6719,63.4132
86885,37.1,0.587806,0.269325,0.324647,0.393926,1,4838.4,1.0,0.0,0,45.432,45.2364,66.1141
88001,16.8,0.255889,0.0,0.0,0.0852964,0,0.0,2.0,1.0,1,48.9794,49.1012,58.2201
88564,13.7,0.654055,0.322155,0.25,0.408737,1,0.0,2.0,1.0,1,48.9794,49.1012,58.2201
91001,48.4,0.582076,0.291125,0.506071,0.459758,2,393.516,2.0,2.0,0,37.3203,36.7851,66.3658
91263,77.5,0.0,0.0,0.0,0.0,0,0.0,2.0,2.0,1,31.7753,31.5621,63.9989
91405,88.1,0.0,0.0,0.0,0.0,0,0.0,2.0,2.0,1,31.7753,31.5621,63.9989
91407,90.9,0.0,0.0,0.0,0.0,0,0.0,2.0,2.0,1,31.7753,31.5621,63.9989
91430,96.4,0.0,0.0,0.0,0.0,0,0.0,2.0,2.0,1,31.7753,31.5621,63.9989
91460,91.2,0.0,0.0,0.0,0.0,0,0.0,2.0,2.0,1,31.7753,31.5621,63.9989
91530,82.4,0.0,0.0,0.0,0.0,0,0.0,2.0,2.0,1,31.7753,31.5621,63.9989
91536,84.6,0.0,0.0,0.0,0.0,0,0.0,2.0,2.0,1,31.7753,31.5621,63.9989
91540,70.4,0.216347,0.129525,0.5,0.281957,2,0.0,2.0,2.0,0,26.2303,26.3391,61.632
91669,88.7,0.0,0.0,0.0,0.0,0,0.0,2.0,2.0,1,31.7753,31.5621,63.9989
91798,80.0,0.0,0.0,0.0,0.0,0,0.0,2.0,2.0,1,31.7753,31.5621,63.9989
94001,67.2,0.489909,0.151098,0.0474784,0.229495,0,3077.43,0.0,0.0,1,44.2302,44.9056,59.2844
94343,86.5,0.0,0.0,0.25,0.0833333,1,0.0,0.0,0.0,0,44.2302,44.9056,59.2844
94883,88.3,0.0,0.0,0.0,0.0,0,0.0,0.0,0.0,1,44.2302,44.9056,59.2844
94884,96.3,0.0,0.0,0.0,0.0,0,0.0,0.0,0.0,1,44.2302,44.9056,59.2844
94885,84.1,0.0,0.0,0.0,0.0,0,0.0,0.0,0.0,1,44.2302,44.9056,59.2844
94886,90.1,0.0,0.0,0.0,0.0,0,0.0,0.0,0.0,1,44.2302,44.9056,59.2844
94887,98.5,0.0,0.0,0.0,0.0,0,0.0,0.0,0.0,1,44.2302,44.9056,59.2844
94888,95.7,0.0,0.0,0.0,0.0,0,0.0,0.0,0.0,1,44.2302,44.9056,59.2844
95001,42.1,0.597601,0.166821,0.5,0.421474,2,0.0,0.0,2.0,0,53.6956,53.5342,62.5615
95015,58.0,0.344342,0.128931,0.25,0.241091,1,0.0,1.0,0.0,0,50.872,50.5854,57.4506
95025,51.5,0.250362,0.172439,0.523483,0.315428,2,1522.11,2.0,2.0,0,44.7336,43.8506,60.9398
95200,66.7,0.227974,0.251153,0.530302,0.336476,2,1964.09,2.0,0.0,0,35.1404,34.6354,55.7837
97001,74.8,0.230057,0.0930361,0.5,0.274364,2,0.0,1.0,2.0,0,46.0579,46.4208,57.461
97161,81.1,0.269712,0.23349,0.28892,0.26404,1,2522.7,1.5,2.0,1,43.8044,44.2204,62.9667
97511,98.4,0.0,0.0,0.0,0.0,0,0.0,1.5,2.0,1,43.8044,44.2204,57.461
97666,85.6,0.236545,1.0,0.5,0.578848,2,0.0,2.0,2.0,0,35.8186,37.1143,53.2279
97777,97.9,0.0,0.0,0.0,0.0,0,0.0,1.5,2.0,1,43.8044,44.2204,57.461
97889,94.8,0.0,0.0,0.0,0.0,0,0.0,1.5,2.0,1,43.8044,44.2204,57.461
99001,55.7,0.618398,0.126183,0.25,0.331527,1,0.0,1.0,1.0,0,56.5835,55.6672,59.3948
99524,63.2,0.429638,0.19613,0.558285,0.394685,2,3777.91,2.0,2.0,0,43.3251,42.9911,56.985
99624,56.8,0.461548,0.0736699,0.253304,0.262841,1,214.148,0.0,1.0,0,38.035,37.6854,58.7158
99773,91.4,0.0423249,0.0239523,0.252821,0.106366,1,182.856,1.0,0.0,0,31.1396,31.9628,45.7233
