DIVIPOLA,imrc_grd_no_reportado,imrc_e_pct_area_amenazada,imrc_e_pct_poblacion_expuesta,imrc_ipm_vulnerabilidad,imrc_e_indice_riesgo,imrc_e_cap_socioeconomica,imrc_e_cap_financiera,imrc_n_herramientas_grd,imrc_inversion_grd_pc,imrc_e_cap_grd,imrc_e_indice_capacidades,imrc_e_grupo_capacidad,imrc_e_ajustado,imrc_pmgrd_estado,imrc_emre_estado,imrc_d_pct_area_sequia_extrema,imrc_d_pct_area_incendio,imrc_d_indice_riesgo_sequia,imrc_d_indice_riesgo_incendio,imrc_d_indice_riesgo,imrc_d_mdm_gestion_2016_2019,imrc_d_indice_capacidades,imrc_d_ajustado,mdm_gestion_2018_2020,mdm_puntaje_2018_2020,mdm_resultados_2018_2020,imputado,imputado_alguna
05001,0,50.2103,44.1172,12.8,5.64701,0.73125,0.73426,2,10283.8,0.658657,0.708056,0,31.8924,2,2,0.771356,0.270194,0.0104204,0.00382164,0.00712102,0.800229,0.818642,9.00597,82.3664,82.1641,71.5403,0,0
05002,0,79.103,44.7707,40.6,18.1769,0.277485,0.111509,1,1870.15,0.278853,0.222615,2,51.0422,1,1,0.789127,0.355622,0.135868,0.208176,0.172022,0.521386,0.404797,34.8307,54.9833,55.8552,67.614,0,0
05004,0,96.5342,82.4684,34.8,28.699,0.196789,0.188589,1,4884.79,0.325362,0.236914,2,56.6214,1,0,0.91424,0.000909222,0.0103364,0,0.00516822,0.513101,0.395814,24.2914,45.6538,45.1555,64.8379,0,0
05021,0,21.0978,38.1329,31.9,12.1644,0.399386,0.263617,2,4475.92,0.569054,0.410686,4,44.0187,2,2,0.954828,0,0.0780972,0,0.0390486,0.523188,0.527079,22.5003,48.8664,48.3037,68.0867,0,0
05030,0,91.9242,92.5685,22.9,21.1982,0.389068,0.275691,2,3275.56,0.550535,0.405098,4,48.8441,2,1,1,0.0696712,0.0527989,0.0389915,0.0458952,0.560652,0.559663,21.7843,57.6674,57.999,68.5973,0,0
05031,0,36.095,19.2229,43.3,8.32352,0.492147,0.214524,2,10712.7,0.665275,0.457315,4,40.8506,2,2,0.763977,0.25991,0.179823,0.187684,0.183753,0.580404,0.642432,26.5501,52.002,51.9304,67.3034,0,0
05034,0,76.2532,60.4058,40.1,24.2227,0.396012,0.19611,2,8133.39,0.625481,0.405868,4,50.3698,1,2,1,0.158015,0.0522041,0.165562,0.108883,0.547738,0.572488,25.1057,56.9577,57.0093,65.5614,0,0
05036,0,81.4493,62.6497,30.7,19.2335,0.328078,0.221451,2,1358.48,0.520958,0.356829,3,49.0212,2,0,1,0.0527233,0.0688514,0.0670528,0.0679521,0.515983,0.490961,25.5099,51.5606,52.189,65.3092,0,0
05038,1,18.8827,23.3526,53.8,12.5637,0.213393,0.167575,1,5667.43,0.337437,0.239468,2,47.6596,2,2,0.988793,0.0105033,0.0365761,0.00435626,0.0204662,0.569408,0.44893,23.8086,56.6734,57.2567,67.3573,0,1
05040,0,52.4703,33.4561,53.3,17.8321,0.286804,0.161361,2,1283.81,0.519807,0.322657,3,49.0339,1,2,0.999997,0.0115588,0.0943839,0.00650971,0.0504468,0.521125,0.500466,24.1015,50.8804,50.6773,63.6443,0,0
05042,1,81.4099,73.1965,29.7,21.7394,0.507058,0.491587,0,6329.26,0.0976474,0.365431,3,50.1331,2,2,0.999999,0.236371,0.00846932,0.0862022,0.0473357,0.595887,0.463025,25.1014,62.9741,63.5884,70.5342,0,1
05044,0,60.5373,49.9131,47.1,23.5091,0.211341,0.133397,2,7150.16,0.610312,0.31835,3,52.1658,2,0,0.999999,0.658068,0.0162039,0.566246,0.291225,0.485953,0.466229,40.0112,48.3717,48.8289,66.762,0,0
05045,0,39.3801,6.94332,28,1.94413,0.629394,0.283706,1,993.156,0.265322,0.392807,4,39.0139,1,1,0.819766,0.17556,0.0473046,0.0699125,0.0586086,0.617831,0.557742,22.6277,68.3515,69.71,69.4145,0,0
05051,0,2.97647,1.21976,59.1,0.72088,0.22293,0.114198,2,1075.27,0.516589,0.284572,3,40.3729,2,2,0.648248,0.519865,0.2071,0.84,0.52355,0.441632,0.410562,55.5272,43.1545,43.7186,69.2001,0,0
05055,0,56.847,37.4471,48.7,18.2367,0.265498,0.0743784,2,1.01006,0.500016,0.279964,2,50.1033,2,2,1,0.0294843,0.0843843,0.0599165,0.0721504,0.471899,0.430752,27.6656,47.7004,48.1839,67.1422,0,0
05059,0,100,95.8459,37.7,36.1339,0.274477,0.141887,1,2388.52,0.28685,0.234405,2,60.7218,0,0,0.961,0.497118,0.0906518,0.202976,0.146814,0.509184,0.391549,33.6209,52.2267,52.1574,64.0859,0,0
05079,0,37.1201,37.0038,22.2,8.21485,0.405063,0.391524,1,24414.1,0.62666,0.474416,4,40.3476,1,1,0.999999,0.212121,0.0878951,0.122839,0.105367,0.651033,0.661726,21.3155,62.4091,62.5019,67.95,0,0
05086,0,64.7145,31.2125,40.8,12.7347,0.238267,0.199826,2,19429.6,0.799759,0.412617,4,44.2692,2,0,0.999999,0.0584356,0.19173,0.093272,0.142501,0.551827,0.586206,26.5513,53.9343,54.1307,65.7782,0,0
05088,0,31.7278,46.1515,14.2,6.55352,0.498192,0.271842,2,11078.5,0.670918,0.480318,4,39.3389,0,2,0.792821,0.520079,0.0194285,0.0257476,0.0225881,0.692115,0.739514,13.3335,65.9369,66.0268,73.0567,0,0
05091,0,82.25,68.3577,53.6,36.6397,0.281663,0.144243,2,2198,0.533911,0.319939,3,59.0198,2,0,1,0.267377,0.0764124,0.249533,0.162973,0.531745,0.480987,31.7371,57.947,57.1646,58.998,0,0
05093,0,82.3162,80.0984,53.1,42.5322,0.241911,0.107531,2,2354.11,0.536319,0.295254,3,62.6981,2,1,1,0.624978,0.0189275,0.664719,0.341823,0.485179,0.439184,44.0501,49.9686,49.9131,66.3639,0,0
05101,0,93.7615,93.9204,40.4,37.9438,0.448125,0.228118,2,1130.66,0.517444,0.397896,4,57.4395,2,2,1,0.622893,0.0529461,0.423677,0.238312,0.572297,0.560628,33.1242,61.1623,60.8916,68.5577,0,0
05107,0,89.1144,82.9319,55.4,45.9443,0.228694,1,2,7401.45,0.614189,0.614294,4,52.7574,2,2,1,0.148534,0.149966,0.183704,0.166835,0.541567,0.518401,30.6133,55.8053,56.4698,67.1545,0,0
05113,0,72.6923,77.5574,51.3,39.7869,0.251498,0.0910606,2,19282.7,0.797492,0.380017,4,58.8914,2,1,0.999999,0.00620886,0.0179738,0.0290271,0.0235004,0.393731,0.468575,23.413,45.8662,45.8575,72.1312,0,0
05120,0,20.5586,46.9371,66.4,31.1662,0.175311,0.082149,2,485.253,0.507486,0.254982,2,57.6198,2,2,0.990969,0.0958569,0.0246597,0.158684,0.091672,0.403704,0.366972,30.7278,36.3525,35.7695,57.5415,0,0
05125,0,85.5106,85.4855,54.6,46.6751,0.215193,0.103667,2,6283.04,0.596934,0.305265,3,64.5251,2,0,1,0.200169,0.0195019,0.320364,0.169933,0.461254,0.446575,33.3501,49.3297,49.5026,68.2065,0,0
05129,0,61.2623,20.0716,16,3.21146,0.527901,0.316011,2,8152.74,0.62578,0.489898,4,37.3688,2,2,1,0,0.032562,0,0.016281,0.606056,0.660024,16.2344,64.4832,64.5159,73.8181,0,0
05134,0,74.2737,44.7479,59.3,26.5355,0.17554,0.145041,1,8263.39,0.377487,0.232689,2,55.5085,1,1,0.999998,0.0283398,0.0436372,0.041196,0.0424166,0.444098,0.362281,27.6048,43.8353,43.7037,64.2592,0,0
05138,0,94.448,90.9303,45.3,41.1914,0.256238,0.12254,2,1964.32,0.530305,0.303028,3,61.8044,2,2,0.999999,0.108971,0.0154613,0.0430912,0.0292762,0.459698,0.438344,24.6857,46.8892,47.0561,69.6775,0,0
05142,0,34.0873,32.3613,35.9,11.6177,0.411748,0.173421,2,9761.84,0.650605,0.411925,4,43.7024,2,1,0.613679,0.324701,0.0798453,0.295859,0.187852,0.507244,0.554398,30.468,48.7418,49.2161,71.2742,0,0
05145,0,76.3071,55.5869,30.5,16.954,0.349976,0.158589,1,7250.12,0.361854,0.29014,3,49.2114,1,1,0.574791,0.409354,0.0330053,0.169327,0.101166,0.496326,0.428201,29.5991,45.4837,45.9896,72.0516,0,0
05147,0,46.6991,11.9493,34.4,4.11056,0.510022,0.219194,2,2953.44,0.545565,0.424927,4,39.4459,2,2,0.714536,0.176507,0.0407298,0.264434,0.152582,0.538008,0.532011,29.2486,53.0967,53.6534,70.8792,0,0
05148,0,61.9313,11.1841,18.5,2.06905,0.413404,0.374738,2,6500.17,0.600284,0.462809,4,37.4636,2,0,1,0.000543658,0.0306311,0.000171385,0.0154012,0.670704,0.661385,16.1291,72.7645,73.5753,73.9014,0,0
05150,0,13.4885,9.71978,20.4,1.98284,0.435908,0.318962,2,5956.3,0.591893,0.448921,4,37.7568,2,2,1,0.00306907,0.0442184,0.000193963,0.0222062,0.641653,0.646934,17.0963,67.3053,67.6141,71.3692,0,0
05154,0,20.9233,30.7345,36,11.0644,0.528698,0.263397,2,7720.38,0.61911,0.470402,4,41.913,2,2,0.917297,0.217316,0.0218467,0.301655,0.161751,0.53167,0.600611,27.0824,59.0375,59.3622,68.7011,0,0
05172,0,35.0888,38.4537,37.7,14.497,0.513515,0.201444,2,5.72295,0.500088,0.405016,4,45.3766,2,2,0.893685,0.0142934,0.0519614,0.00391433,0.0279378,0.565378,0.564549,20.5135,59.1685,59.9839,72.0399,0,0
05190,1,36.1662,35.2643,28.8,10.1561,0.530748,0.256296,1,3726.65,0.307495,0.364846,3,44.0147,2,2,0.815155,0.0776757,0.0611291,0.0252193,0.0431742,0.553896,0.513968,23.199,61.381,62.2128,73.9434,0,1
05197,0,61.7786,73.4542,42.9,31.5119,0.318442,0.169138,2,2033.41,0.531371,0.339651,3,55.8629,2,0,1,0,0.12202,0,0.0610102,0.484469,0.473794,25.6299,48.9007,48.5316,68.7098,0,0
05206,0,37.0563,45.9255,33,15.1554,0.293764,0.193917,2,79180.6,1,0.495894,4,43.2617,2,2,0.999998,0,0.0849436,0,0.0424718,0.434494,0.576441,20.9701,44.3588,44.2067,67.0657,0,0
05209,0,55.2504,23.2631,48.5,11.2826,0.234418,0.145929,2,320.978,0.504952,0.2951,3,46.0197,2,2,0.999998,0.569186,0.0174995,0.65658,0.33704,0.600053,0.516831,40.5597,59.2941,59.2805,65.6137,0,0
05212,0,73.1245,47.6594,11.6,5.52849,0.530772,0.420068,2,24838.2,0.883203,0.611348,4,35.0325,2,2,1,0.610726,0.00390796,0.00658567,0.00524682,0.708491,0.830235,8.38056,68.6619,68.8956,73.4318,0,0
05234,0,64.1852,81.5436,60.5,49.3339,0.268939,0.0645623,1,448.562,0.25692,0.196807,1,68.6185,1,0,0.434014,0.0218015,0.0070295,0.0541471,0.0305883,0.447083,0.330982,27.567,50.1184,49.8608,67.4715,0,0
05237,1,33.4983,16.7891,19.7,3.30745,0.59882,0.391653,0,19555.3,0.301698,0.430724,4,38.8862,2,2,0.999998,0.259864,0.0754607,0.053436,0.0644483,0.597153,0.539838,23.6232,61.9173,62.6225,72.9714,0,1
05240,1,85.06,68.4578,39.1,26.767,0.278501,0.150887,0,412.95,0.00637097,0.145253,1,56.8953,0,1,0.985031,0.362884,0.0983132,0.382611,0.240462,0.526802,0.316262,41.8227,52.5449,52.709,68.549,0,0
05250,0,22.4912,43.2705,53.7,23.2362,0.39327,0.103186,2,3121.51,0.548158,0.348205,3,51.334,0,2,1,5.72439e-05,0.0475496,3.02093e-06,0.0237763,0.506304,0.526347,21.5763,49.8407,49.7116,69.4609,0,0
05264,1,19.1438,2.0234,23.1,0.467406,0.568976,0.499389,1,370.012,0.255709,0.441358,4,37.1385,2,2,0.85736,0.660391,0.0793841,0.259495,0.169439,0.571379,0.507122,31.1885,56.8199,57.0838,71.3249,0,1
05266,0,39.8485,41.3051,4.9,2.02395,0.826635,1,2,10876.1,0.667796,0.831477,4,25.8091,2,2,1,0.317552,0,0,0,0.821028,0.845255,7.41339,80.4699,80.9268,72.3251,0,0
05282,0,70.1684,56.4895,31.6,17.8507,0.2882,0.165367,2,2349.44,0.536247,0.329938,3,48.8887,2,2,0.992121,0.619685,0.0730913,0.280208,0.17665,0.516396,0.483781,32.4741,50.7609,50.5377,61.6721,0,0
05284,0,44.4555,62.083,51.3,31.8486,0.282275,0.0802377,2,751.914,0.5116,0.291371,3,57.2075,2,2,0.404366,0.0518886,0.00620717,0.0263929,0.0163001,0.561989,0.519836,21.3268,51.1717,50.7174,69.0061,0,0
05306,0,84.6738,76.4178,33.4,25.5236,0.301462,0.194963,1,6272.81,0.346777,0.281067,3,54.0409,1,1,1,0.0661894,0.0100047,0.065989,0.0379968,0.462269,0.37927,26.8804,45.8743,45.9113,70.6207,0,0
05308,0,37.6177,57.9849,13.9,8.05991,0.585612,0.608772,2,7882.17,0.621606,0.60533,4,36.4463,2,2,1,0.684555,0.0224761,0.0373858,0.0299309,0.662943,0.720375,14.5607,66.9699,67.595,72.6461,0,0
05310,1,41.194,19.0103,34.1,6.4825,0.481944,0.226,1,711.488,0.260977,0.322974,3,42.8784,2,2,0.922118,0.119043,0.151221,0.0400177,0.0956195,0.480498,0.432023,29.1287,51.5027,52.0111,64.5827,0,1
05313,0,38.7557,29.7099,33.4,9.92312,0.308297,0.121768,2,13421.5,0.707067,0.379044,4,43.5772,2,2,0.999999,0.0275976,0.08584,0.0117465,0.0487932,0.530632,0.568043,21.6588,51.6052,51.8097,72.0551,0,0
05315,0,69.2652,59.4178,41.1,24.4207,0.214752,0.205928,2,2381.67,0.536744,0.319141,3,52.6336,2,2,1,0.282259,0.11599,0.180542,0.148266,0.557301,0.513131,29.688,53.3834,53.4384,67.4402,0,0
05318,1,22.6117,39.7581,17,6.75888,0.393402,0.538475,1,5626.75,0.336809,0.422895,4,40.8891,2,2,1,0.733284,0.0279267,0.078421,0.0531739,0.713289,0.617065,20.086,72.3099,72.4064,67.9031,0,1
05321,0,1.30197,0.44004,11.4,0.0501646,0.80018,0.549825,2,22777.2,0.851405,0.733804,4,28.4117,2,2,1,0,0.00136323,0,0.000681617,0.642754,0.836698,7.83981,66.7899,65.9286,74.2764,0,0
05347,0,96.4245,87.1086,37.5,32.6657,0.310469,0.139515,2,8897.24,0.637266,0.362416,3,55.8512,2,0,0.481714,0.015573,0.0394886,0.00993119,0.0247099,0.543724,0.54,21.1714,52.6484,52.8781,67.4122,0,0
05353,0,78.8218,72.4164,36.9,26.7217,0.408582,0.194085,2,0,0.5,0.367556,3,52.6689,1,2,1,0.674267,0.0512895,0.565436,0.308363,0.453998,0.455354,41.4462,51.573,51.4167,67.1138,0,0
05360,1,45.8859,32.0967,10.9,3.49854,0.704628,0.762267,1,8605.17,0.38276,0.616552,4,33.8842,2,2,1,0.155672,0,0,0,0.789004,0.720001,12.8679,80.3698,80.7874,73.4627,0,1
05361,0,82.9869,85.3918,57.6,49.1857,0.172956,0.18719,2,4210.25,0.564955,0.308367,3,65.6828,2,2,0.93546,0.0932285,0.0575786,0.149303,0.103441,0.450137,0.414854,30.1458,44.4302,44.115,68.0333,0,0
05364,0,48.6374,71.1932,28.5,20.2901,0.458123,0.17659,2,1383.77,0.521349,0.385354,4,48.8836,2,0,0.999212,0.0299089,0.0353022,0.011865,0.0235836,0.514963,0.524275,21.6338,53.9505,54.2506,72.6408,0,0
05368,0,26.5417,6.7581,25.8,1.74359,0.501325,0.259845,2,1094.49,0.516886,0.426018,4,38.1689,2,2,1,0.330847,0.0413775,0.11486,0.0781188,0.523235,0.531567,24.7528,56.3998,56.3268,69.7052,0,0
05376,0,28.9789,6.35814,11.5,0.731187,0.583095,0.563054,2,927.439,0.514308,0.553486,4,34.3805,2,2,1,0.0726485,0.00215685,0.000464635,0.00131074,0.765996,0.730041,12.526,79.4995,80.0272,79.1226,0,0
05380,0,75.4586,53.1522,9.2,4.89,0.634696,0.68051,2,8913.6,0.637518,0.650908,4,33.46,2,2,1,0.0584408,0,0,0,0.778553,0.786591,10.0354,77.0925,77.9395,73.9626,0,0
05390,0,59.8886,16.0089,31.2,4.99476,0.667937,0.623735,2,6107.92,0.594233,0.628635,4,34.2281,2,2,0.0372825,0.50078,0.000500864,0.309582,0.155042,0.617773,0.691761,22.7831,56.8132,56.6252,70.7754,0,0
05400,0,47.6367,9.98982,23,2.29766,0.370097,0.259421,2,14242.1,0.719727,0.449748,4,37.902,2,0,1,0.059045,0.0649802,0.00868458,0.0368324,0.595059,0.635723,18.3962,62.6448,62.7762,77.0741,0,0
05411,0,91.4675,90.6233,43.3,39.2399,0.230476,0.133945,2,2022.93,0.53121,0.298543,3,60.9143,2,2,0.999998,0.0266465,0.108926,0.0265384,0.0677325,0.468414,0.434449,27.2721,48.5074,48.4836,68.6208,0,0
05425,0,29.4466,15.1443,36,5.45196,0.378169,0.381862,2,146.401,0.502259,0.420763,4,40.2512,2,2,0.852157,0.153634,0.0507813,0.291434,0.171108,0.498111,0.479905,32.2737,48.4854,47.9944,71.2928,0,0
05440,0,18.6692,31.6244,15.4,4.87015,0.495847,0.382405,2,6891.77,0.606326,0.494859,4,38.09,2,2,0.999998,0.0289203,0.019008,0.0046045,0.0118063,0.753419,0.7279,13.2139,77.7125,77.9052,77.213,0,0
05467,0,85.3969,73.7653,39.5,29.1373,0.269493,0.207983,2,140.922,0.502174,0.32655,3,54.9523,2,2,0.466094,0.286289,0.0841636,0.253675,0.168919,0.540686,0.49677,31.5356,54.2829,54.3083,66.3771,0,0
05475,0,81.0533,55.3548,81.5,45.1141,0.20251,0.277866,2,87669.1,1,0.493459,4,57.3875,2,2,0.507672,0,0,0,0,0.388299,0.53338,19.8597,44.2633,44.3625,60.4535,0,0
05480,0,52.0156,33.926,57.8,19.6092,0.397987,0.187689,2,452.135,0.506976,0.364217,3,49.0451,2,2,0.765199,0.00283008,0.0452157,0.0003971,0.0228064,0.521032,0.507151,22.1505,57.3554,57.136,66.1426,0,0
05483,0,73.8976,44.5534,51.8,23.0787,0.20209,0.0893149,1,4086.8,0.313051,0.201485,1,54.0912,0,0,0.97087,0.0280617,0.0907298,0.0545603,0.0726451,0.468388,0.361178,29.6283,45.8308,45.9265,61.8317,0,0
05490,0,5.6124,1.36432,62.7,0.855428,0.248059,0.137853,2,4721.66,0.572845,0.319586,3,39.8585,2,2,0.734685,0.521619,0.352566,0.653406,0.502986,0.511978,0.490618,50.6174,51.8516,52.6469,67.1523,0,0
05495,0,45.9051,73.4377,61.5,45.1642,0.279109,0.0660014,2,7413.94,0.614382,0.319831,3,63.349,2,2,1,0.0196167,0.0565376,0.00420708,0.0303723,0.432545,0.456621,24.2148,41.6983,41.5871,67.3872,0,0
05501,0,86.4438,82.2263,33.4,27.4636,0.200841,0.302787,2,12385.1,0.691077,0.398235,4,52.2247,2,2,1,0.0575976,0.0755207,0.045139,0.0603299,0.529577,0.533891,23.5795,55.9591,56.4313,62.2584,0,0
05541,0,11.9791,10.1229,20,2.02459,0.452056,0.185157,1,5243.93,0.330903,0.322706,3,40.4445,1,1,0.999997,0,0.0349258,0,0.0174629,0.551165,0.48157,22.6279,55.6738,55.8069,68.8687,0,0
05543,0,75.4919,67.7059,53.5,36.2226,0.217387,0.102141,1,736.299,0.26136,0.193629,1,61.5185,1,0,1,0.213881,0.0189633,0.309295,0.164129,0.513286,0.379335,35.0933,53.0428,53.0994,65.5352,0,0
05576,1,53.9615,33.8148,45.7,15.4534,0.318404,0.17249,1,0,0.25,0.246965,2,49.1471,2,2,1,0.384329,0.0864604,0.401682,0.244071,0.56163,0.436448,38.2782,54.6995,54.8849,68.0176,0,1
05579,0,49.7133,14.5456,32.1,4.66913,0.575666,0.284744,2,418.566,0.506458,0.455623,4,38.9976,2,1,0.514992,0.517218,0.0408094,0.258521,0.149665,0.5494,0.586945,26.9393,60.0414,60.1017,70.9802,0,0
05585,0,35.3529,26.5746,33.1,8.79619,0.391987,0.372539,2,5044.36,0.577824,0.44745,4,41.3478,2,0,0.91558,0.515838,0.0299198,0.21467,0.122295,0.47224,0.508172,28.2851,49.7427,50.165,67.6408,0,0
05591,1,31.3373,27.6005,29.3,8.08695,0.308648,0.299904,0,10820.9,0.166944,0.258499,2,44.8752,2,2,0.998131,0.754079,0.00846237,0.268661,0.138562,0.53218,0.392799,33.0535,55.7291,56.2189,67.5362,0,1
05604,0,15.7572,7.50353,42.1,3.15899,0.401601,0.346604,2,800.035,0.512343,0.420183,4,39.0527,2,2,0.897234,0.157705,0.0533969,0.213914,0.133656,0.457663,0.472484,30.222,49.6598,49.5075,65.7372,0,0
05607,0,27.2852,10.4178,11.7,1.21888,0.575976,1,2,16701.9,0.757676,0.777884,4,27.4081,2,1,0.997668,6.37122e-05,0.00285808,1.70062e-05,0.00143754,0.71463,0.800057,9.52296,68.3932,68.6396,69.5332,0,0
05615,0,28.6681,37.8833,9.5,3.59892,0.640092,1,1,12147.6,0.437412,0.692502,4,31.4708,1,1,0.999999,0.561258,0,0,0,0.830494,0.720819,12.8341,83.7617,83.822,72.4155,0,0
05628,0,88.6891,84.9502,52.8,44.8537,0.255448,0.10518,2,768.688,0.511859,0.290829,3,64.005,2,2,0.999998,0.0726233,0.139887,0.0450194,0.0924532,0.522619,0.479434,27.4225,53.6491,53.4758,68.2221,0,0
05631,0,73.803,28.8749,4.5,1.29937,0.849032,1,2,19426.4,0.799709,0.882914,4,23.5426,2,2,0.999999,0.234788,0,0,0,0.720543,0.890789,5.30299,73.7912,73.4487,74.3965,0,0
05642,0,90.7692,80.3868,49.7,39.9522,0.308119,0.122229,2,3242.68,0.550028,0.326792,3,60.5299,1,2,1,0.464555,0.0696978,0.483782,0.27674,0.570116,0.529336,36.6241,55.6103,55.9353,63.5769,0,0
05647,0,74.4573,85.491,48.5,41.4631,0.284318,0.113209,2,4704.52,0.572581,0.323369,3,61.3898,2,0,1,0.0681623,0.127129,0.0808771,0.104003,0.442724,0.443058,29.3208,52.5799,52.5855,67.3017,0,0
05649,0,29.4458,68.9143,30.5,21.0189,0.553421,0.319059,2,15527.8,0.739562,0.537348,4,44.8474,2,0,0.895464,0.0502978,0.0709763,0.00422358,0.0375999,0.509879,0.633084,18.5442,53.2615,53.6038,67.9516,0,0
05652,0,48.9933,23.2931,46.4,10.808,0.314588,0.112801,2,12730,0.696398,0.374596,3,44.1477,2,2,1,0,0.0867562,0,0.0433781,0.509036,0.548057,22.0419,48.7325,48.5449,66.3303,0,0
05656,0,85.2239,78.1844,30.5,23.8462,0.39951,0.486554,2,2996.99,0.546237,0.477434,4,48.1064,2,2,1,0.48272,0.0657699,0.225895,0.145833,0.652351,0.635631,24.7129,64.3639,64.5548,68.4497,0,0
05658,0,35.8455,2.27738,34,0.774308,0.4172,0.281344,2,483.739,0.507463,0.402002,4,38.189,2,0,1,0.00198287,0.0796485,0.00032658,0.0399875,0.50465,0.507609,23.2116,56.085,56.5909,71.8296,0,0
05659,0,1.13015,0.609489,61.1,0.372398,0.204634,0.0997163,2,583.571,0.509003,0.271118,2,40.3882,1,2,0.0805557,0.834022,0.0341232,1,0.517062,0.418054,0.37725,56.6671,43.2571,43.9176,67.4082,0,0
05660,0,37.9921,55.9523,32.4,18.1285,0.346878,0.159361,2,3866.85,0.559658,0.355299,3,48.4723,2,2,1,0.011626,0.0669394,0.000551306,0.0337454,0.49818,0.506542,22.8562,53.2741,53.5704,71.1993,0,0
05664,1,13.5576,4.32611,19.5,0.843591,0.596352,0.488045,0,26653.3,0.411205,0.498534,4,35.9236,2,2,0.999999,0.807416,0.0584342,0.232154,0.145294,0.601257,0.59125,26.512,63.1061,63.7361,73.5058,0,1
05665,0,4.66498,2.21236,62.3,1.3783,0.244271,0.102678,1,0,0.25,0.198983,1,41.9133,0,1,0.857559,0.506467,0.393389,0.869232,0.631311,0.494975,0.368155,63.1578,45.3948,45.4975,68.9714,0,0
05667,0,27.4926,67.5525,36.8,24.8593,0.356149,0.181186,2,13464.4,0.707727,0.41502,4,50.4401,2,2,0.640587,0.0196088,0.082164,0.00224724,0.0422056,0.512502,0.574281,21.0326,51.7558,51.3683,70.2388,0,0
05670,0,27.5988,25.7192,40.8,10.4934,0.233763,0.106272,2,1339.56,0.520667,0.2869,3,45.7335,2,0,0.181196,0.227664,0.0414422,0.287594,0.164518,0.545974,0.499058,31.1855,53.8857,53.6082,68.2531,0,0
05674,1,18.6155,9.68907,27.8,2.69356,0.223051,0.165054,0,623.468,0.00961882,0.132575,1,43.3011,2,2,0.999999,0.0322369,0.0806267,0.0256524,0.0531396,0.569836,0.32492,29.2145,57.002,56.9827,65.3745,0,1
05679,1,96.4543,95.131,28.1,26.7318,0.314118,0.123338,0,1108.56,0.0171027,0.151519,1,56.8035,2,2,0.726203,0.416375,0.0612256,0.221393,0.141309,0.558864,0.357835,34.2202,56.6223,56.633,66.1467,0,1
05686,0,27.9065,19.4783,30.9,6.01881,0.510469,0.373529,1,2651.89,0.290913,0.391637,4,41.2172,1,1,0.999952,0.192125,0.129641,0.10548,0.11756,0.609242,0.533367,27.0898,59.721,60.3453,73.569,0,0
05690,0,29.2087,12.3444,41.5,5.12291,0.229265,0.350842,1,34465.9,0.75,0.443369,4,39.5367,1,1,0.955485,0.0230384,0.13759,0.0211137,0.079352,0.540939,0.552885,24.0634,53.3835,53.5411,68.0309,0,0
05697,1,12.9052,8.73086,22,1.92079,0.457165,0.25057,1,8701.3,0.384243,0.363993,3,39.6001,2,2,1,0,0.0485,0,0.02425,0.652163,0.56888,20.1341,62.9592,62.657,74.7634,0,0
05736,0,19.6622,6.26222,42.8,2.68023,0.57481,0.206855,1,1152.44,0.26778,0.349815,3,40.2928,1,0,0.995967,0.00900475,0.0495668,0.0573031,0.0534349,0.429554,0.419086,26.801,44.0663,44.4203,65.2461,0,0
05756,0,58.3018,25.6628,37.9,9.72619,0.399765,0.376579,2,274.276,0.504232,0.426858,4,42.3475,2,2,0.96828,0.206975,0.0826863,0.0602924,0.0714894,0.553099,0.53968,24.0597,56.2366,56.2088,69.8676,0,0
05761,1,93.2841,92.0616,28.7,26.4217,0.376552,0.346478,1,11173.1,0.422378,0.381802,4,52.1408,2,2,1,0.149571,0.0599006,0.0651959,0.0625482,0.580789,0.530137,23.8468,66.9836,67.5324,66.3688,0,1
05789,0,45.4146,39.0005,36.6,14.2742,0.375666,0.204069,2,379.363,0.505853,0.361862,3,46.2774,2,1,0.72512,0.394668,0.0512211,0.232189,0.141705,0.520471,0.493999,29.9748,57.2948,57.0705,69.4709,0,0
05790,0,22.3048,26.601,53.5,14.2315,0.302241,0.116986,2,2014.7,0.531083,0.31677,3,47.2122,2,2,0.999996,0.00621296,0.0190296,0.001679,0.0103543,0.382264,0.398288,24.5668,37.1662,36.9507,63.6533,0,0
05792,1,54.918,28.4423,42.6,12.1164,0.405303,0.348437,1,12230.4,0.438689,0.397476,4,44.3122,2,2,1,0.723071,0.0799732,0.546157,0.313065,0.605805,0.552275,37.6747,59.4356,60.0737,66.6724,0,1
05809,0,99.9729,93.6419,30.3,28.3735,0.318079,0.22497,2,3281.38,0.550625,0.364558,3,53.5982,2,2,1,0.332403,0.0707789,0.159343,0.115061,0.539258,0.518729,27.4674,61.1761,61.7157,67.4418,0,0
05819,1,92.7995,81.6485,53.5,43.682,0.324325,0.334737,1,10317.6,0.409179,0.35608,3,61.5307,2,2,0.999997,0.204363,0.143234,0.121062,0.132148,0.579255,0.502215,29.0991,57.0482,57.52,66.5721,0,1
05837,0,45.5544,7.3079,49.9,3.64664,0.331518,0.169394,1,115.884,0.251788,0.2509,2,42.5153,1,1,0.356416,0.165805,0.0626871,0.235977,0.149332,0.581071,0.441791,32.2204,59.2462,60.037,68.1852,0,0
05842,0,77.8937,68.5201,55.6,38.0972,0.209447,0.107843,2,11615.7,0.679207,0.332166,3,59.4402,2,2,0.95827,0.251007,0.0196973,0.306727,0.163212,0.486773,0.494508,31.2704,49.6873,49.4144,67.6124,0,0
05847,1,65.0156,68.6727,46.1,31.6581,0.380473,0.123079,1,79.7017,0.25123,0.251594,2,57.954,2,2,0.934213,0.0840947,0,0,0,0.461796,0.379403,24.3711,48.2145,49.0732,71.3628,0,1
05854,0,69.5201,83.8526,59.3,49.7246,0.208295,0.182938,1,1319.36,0.270355,0.220529,2,68.3038,1,0,1,0.0506883,0.0543808,0.16612,0.11025,0.500497,0.378146,31.6389,49.724,50.1371,61.5432,0,0
05856,0,32.689,20.0725,25.9,5.19876,0.454988,0.298294,2,4336.75,0.566907,0.440063,4,39.657,2,2,0.186405,0.548852,0.0227318,0.274417,0.148575,0.546085,0.558778,27.9876,55.7181,55.9193,66.6681,0,0
05858,0,5.11505,5.99982,41,2.45993,0.457646,0.230568,2,15757.3,0.743103,0.477106,4,37.3093,2,1,0.864745,0.255782,0.0757059,0.224017,0.149861,0.546899,0.631404,25.1199,59.4997,59.7501,72.0346,0,0
05861,0,89.1224,87.2485,25.8,22.5101,0.380857,0.388279,1,24579.5,0.629212,0.466116,4,47.7911,1,1,0.999998,0.765645,0.0509952,0.267081,0.159038,0.566497,0.585861,27.5276,62.3758,63.3876,70.357,0,0
05873,0,71.3846,47.7184,76.1,36.3137,0.177408,0.130588,1,8953.64,0.388136,0.232044,2,60.8661,0,0,0.969502,0,0,0,0,0.421726,0.344138,25.2193,42.3453,41.425,64.2937,0,0
05885,0,13.7627,5.89376,44,2.59325,0.298766,0.135253,1,0,0.25,0.228006,2,42.242,1,0,0.899373,0.218092,0.0778314,0.268296,0.173064,0.427492,0.329374,37.0591,48.0318,48.3187,65.1877,0,0
05887,0,65.5538,46.0496,33.8,15.5648,0.484588,0.255812,2,723.492,0.511162,0.417187,4,45.6255,2,2,0.963722,0.0419188,0.0404061,0.0145189,0.0274625,0.571659,0.582296,19.8471,58.0781,58.3603,71.4769,0,0
05890,0,15.9761,11.2194,45,5.04874,0.196522,0.148962,2,207.107,0.503195,0.282893,3,42.7985,2,2,0.707152,0.29781,0.0800078,0.276232,0.17812,0.467365,0.420102,34.7324,46.6494,46.7934,65.4215,0,0
05893,0,21.5544,8.34126,46.3,3.862,0.534172,0.572163,2,1558.49,0.524044,0.54346,4,36.24,2,2,0.933848,0.285903,0.0232067,0.399809,0.211508,0.513377,0.558833,31.6621,53.3933,53.4814,63.04,0,0
05895,0,25.3598,43.1755,58,25.0418,0.333006,0.35555,1,549.358,0.258475,0.315677,3,53.0417,1,0,1,0.0040306,0.0733698,0.000664668,0.0370172,0.467387,0.381551,26.7567,51.8351,52.0548,65.1369,0,0
08001,0,1.0971,0.225215,17.4,0.0391874,0.744293,0.868701,2,408.243,0.506298,0.706431,0,29.3303,2,1,0,0.250923,0,0.0032288,0.0016144,0.738914,0.771414,10.7853,76.2925,76.487,74.6477,0,0
08078,0,0,0,33.5,0,0.443586,0.0927238,1,2357.02,0.286364,0.274224,2,0,0,0,0.999999,0.999999,1,0.62741,0.813705,0.486681,0.427093,67.052,48.8389,48.8842,71.1013,0,0
08137,0,0.000551347,0.00390396,64.6,0.00252196,0.367253,0.0143321,1,2428.43,0.287466,0.223017,2,40.848,1,1,0.958096,0.707096,1,1,1,0.366049,0.323506,77.1247,39.7575,39.4393,74.063,0,0
08141,0,7.13067e-06,0,52,0,0.292203,0.0505132,1,353.621,0.255456,0.199391,1,0,1,1,0.764637,0.98711,1,1,1,0.371743,0.292737,79.3004,39.6737,39.1497,73.5456,0,0
08296,0,0.573774,0.103796,23.8,0.0247035,0.491934,0.285374,1,1353.48,0.270881,0.349397,3,38.8558,1,0,0.223787,0.906139,0.108395,0.334933,0.221664,0.620494,0.536147,33.1696,66.1297,66.0364,71.9791,0,0
08372,0,0.352118,0.0212123,36.7,0.00778491,0.373477,0.0864231,2,60016.5,1,0.486633,4,35.7957,2,1,0.769175,0.822864,0.909581,0.464296,0.686938,0.478527,0.647569,49.1398,48.4313,48.5878,69.5111,0,0
08421,0,5.00529,2.15324,55.4,1.1929,0.249276,0.050674,1,4031.7,0.312201,0.20405,1,41.7499,1,0,0.386013,0.725465,0.419852,0.750991,0.585422,0.427909,0.337899,62.1813,44.7513,44.8909,69.7868,0,0
08433,1,0,0,30,0,0.479974,0.179475,0,2393.22,0.0369224,0.232124,2,0,1,0,0.47886,0.764791,0.349563,0.438474,0.394019,0.51615,0.383748,49.2814,51.5874,51.6901,68.4388,0,1
08436,0,14.2747,55.9399,48.4,27.0749,0.35584,0.0270199,1,0,0.25,0.210953,1,56.1705,1,0,0.515735,0.989453,0.588807,0.91188,0.750344,0.379983,0.318996,71.3568,38.1898,37.9419,71.1023,0,0
08520,1,0.000823748,0,36,0,0.416859,0.0844995,0,3456.76,0.0533306,0.184896,1,0,1,1,1,0.682335,1,0.36818,0.68409,0.463032,0.327754,67.8113,50.2839,49.9829,71.1168,0,0
08549,0,1.4632,1.73358,45.2,0.783578,0.209025,0.0552815,1,0,0.25,0.171435,1,41.8685,0,1,0.842899,0.820181,1,0.525856,0.762928,0.367881,0.257564,75.247,46.0981,45.8528,67.0334,0,0
08558,0,0,0,30.5,0,0.387798,0.0438524,2,237.425,0.503663,0.311771,3,0,2,0,1,1,1,0.640524,0.820262,0.400853,0.393916,69.3834,41.2321,41.3187,72.7594,0,0
08560,1,0.0283635,0,46.7,0,0.263389,0.0192662,0,2023.48,0.0312181,0.104624,1,0,1,0,0.999999,0.730834,1,0.626238,0.813119,0.360631,0.193285,80.989,39.6046,39.5894,69.9915,0,0
08573,0,0.00536795,0,14.4,0,0.542325,0.804364,2,24282,0.874622,0.740437,4,0,2,2,0,0.459342,0,0.0158537,0.00792684,0.63827,0.772911,11.073,67.4295,67.2919,73.6014,0,0
08606,0,2.73526,0.454534,54.6,0.248175,0.293456,0.0278045,1,2870.5,0.294286,0.205182,1,41.2025,1,0,0.711195,0.454482,0.670606,0.519161,0.594884,0.388928,0.312508,63.8213,37.9649,37.9,69.0509,0,0
08634,0,0,0,31.9,0,0.47676,0.244465,1,100.545,0.251551,0.324259,3,0,1,0,0.953598,0.55915,1,0.33962,0.66981,0.505112,0.437013,61.2698,54.7243,55.4525,71.3855,0,0
08638,0,2.76732,2.05215,36.5,0.749036,0.384809,0.0812108,1,0,0.25,0.238673,2,41.0639,1,1,0.842699,0.930005,1,0.685711,0.842855,0.412948,0.346664,73.0862,44.8698,45.4471,71.5259,0,0
08675,0,0.0130986,0.195947,47.2,0.092487,0.333075,0.0444501,1,120.605,0.251861,0.209795,1,41.0603,1,0,0.356751,0.917167,0.0906282,0.915081,0.502854,0.382562,0.313009,58.4592,45.3266,45.6431,72.0057,0,0
08685,1,0,0,25.8,0,0.464052,0.100011,0,0,0,0.188021,1,0,1,0,1,0.813065,0.774111,0.21004,0.492075,0.448542,0.300498,58.2695,45.6484,45.4412,72.1851,0,0
08758,0,0.00661557,0,18.6,0,0.47768,0.136201,1,70.2111,0.251083,0.288322,3,0,1,0,0,0.183447,0,0.00327144,0.00163572,0.564811,0.496377,21.1609,56.7576,56.8912,71.3082,0,0
08770,1,1.1525e-05,0,43.8,0,0.409801,0.0716116,1,16983.4,0.512018,0.331144,3,0,1,0,0.395941,0.700222,0.590267,0.434181,0.512224,0.448814,0.471634,52.0227,49.3434,48.7086,70.7035,0,1
08832,0,0.175171,0.232895,32.8,0.0763895,0.252757,0.203294,1,29009.7,0.69756,0.384537,4,38.1846,1,1,0.5593,0.671853,0.556384,0.225992,0.391188,0.545654,0.565633,41.238,58.1278,58.2552,66.2555,0,0
08849,0,0.0976463,0.0212382,32.7,0.00694489,0.400572,0.056364,1,4027.88,0.312142,0.256359,2,40.4019,1,0,0.999999,0.999999,0.54189,0.482721,0.512306,0.483035,0.424833,54.2655,50.1632,49.9636,67.5751,0,0
11001,0,35.916,10.0715,9,0.906439,0.841097,1,2,6967.51,0.607494,0.816197,0,25.88,2,2,0.995217,0.139536,0,0,0,0.76147,0.829276,8.13872,78.9888,79.6029,68.4926,0,0
13001,0,31.8344,18.8813,19.9,3.75738,0.646938,0.648003,2,15014.6,0.731645,0.675529,0,32.1128,2,2,0.671223,0.481916,0.246938,0.0479454,0.147442,0.636081,0.755624,19.445,60.7781,60.9324,70.3932,0,0
13006,0,48.0481,43.6082,62.4,27.2115,0.150717,0.0607757,2,10128.8,0.656267,0.289253,3,54.7789,2,2,1,0.0427633,0.0577042,0.0838819,0.070793,0.432048,0.422837,27.8122,49.514,49.2793,66.9507,0,0
13030,1,56.022,41.5816,70.7,29.3982,0.157398,0.0451074,0,508.445,0.00784425,0.0701166,1,59.0375,1,0,0.824991,0.0440796,0.0501604,0.264085,0.157123,0.395243,0.193577,38.848,39.3732,39.3069,65.1052,0,1
13042,0,43.5325,79.5653,62,49.3305,0.305083,0.147086,1,12733.1,0.446445,0.299538,3,66.0165,1,0,0.244352,0.149908,0.013329,0.279259,0.146294,0.438702,0.41302,32.9403,44.4676,45.7421,66.7261,0,0
13052,0,28.836,9.48959,47.4,4.49807,0.381296,0.141361,2,563.22,0.508689,0.343782,3,41.3983,2,0,0.54773,0.59455,0.166872,0.6325,0.399686,0.48639,0.48692,45.3434,47.1632,47.3448,64.1843,0,0
13062,0,19.0394,18.9726,68.4,12.9772,0.245342,0.0657111,1,282.22,0.254354,0.188469,1,48.5926,1,0,0.46523,0.936716,0.306866,1,0.653433,0.353281,0.256622,69.5071,39.3587,39.7911,68.4299,0,0
13074,1,49.7964,49.8307,68.9,34.3333,0.188649,0.0273414,0,25250.6,0.389564,0.201852,1,60.3366,1,0,0.767903,0.115918,0.175023,0.061518,0.118271,0.324366,0.271433,34.7649,24.5635,24.3222,66.4447,0,0
13140,1,28.9158,43.3351,62.5,27.0844,0.265456,0.0397198,1,1040.85,0.266058,0.190411,1,56.4904,1,0,0.400696,0.597349,0.135222,0.399845,0.267533,0.368064,0.284044,44.4487,41.819,41.8294,65.0958,0,1
13160,1,39.4025,29.9146,50.6,15.1368,0.65314,0.445454,0,0,0,0.366198,3,46.6372,1,1,0.560466,0.00902137,0.00568981,0.00148125,0.00358553,0.487763,0.394744,24.2153,55.4762,55.6802,61.4354,0,0
13188,1,54.4068,42.1391,61.3,25.8312,0.311719,0.111684,0,7386.46,0.113958,0.17912,1,55.9476,1,1,0.987638,0.140329,0.159728,0.187958,0.173843,0.436568,0.302721,37.7836,40.6135,40.4603,70.6868,0,0
13212,0,37.9974,60.2174,61.9,37.2746,0.138588,0.0518187,1,2465.33,0.288035,0.15948,1,62.6333,1,0,0.667925,0.602123,0,0.791447,0.395724,0.30554,0.20679,54.8385,29.8845,29.7577,67.9186,0,0
13222,0,1.38105,1.06249,63,0.669367,0.374834,0.146601,1,769.966,0.261879,0.261105,2,40.7032,0,0,1,0.600335,1,1,1,0.449114,0.371511,73.7302,50.441,49.6171,65.3908,0,0
13244,0,3.50191,0.686485,58.4,0.400907,0.352589,0.0339715,2,836.183,0.512901,0.29982,3,39.9475,2,2,0.680867,0.331524,0.269272,0.467614,0.368443,0.347179,0.358842,48.637,27.6174,27.5928,63.6437,0,0
13248,0,17.1834,11.28,59.5,6.71163,0.250008,0.0600596,2,130.15,0.502008,0.270692,2,43.9183,2,0,0.340292,0.671169,0.278575,0.611833,0.445204,0.363987,0.335378,54.1591,40.1291,40.3246,65.4748,0,0
13268,1,89.1875,23.8491,67.7,16.1458,0.190172,0.0876096,1,30321.9,0.717804,0.331862,3,47.9332,1,0,0.915181,0.287355,0.197511,0.219172,0.208341,0.344046,0.39064,37.5771,36.0154,36.1514,65.4425,0,1
13300,1,79.2184,53.6368,73.8,39.5839,0.13723,0.0578999,0,11350.7,0.175118,0.123416,1,64.3984,1,0,1,0.033056,0.213974,0.0597131,0.136843,0.286046,0.163518,37.88,30.0897,29.9655,69.9886,0,0
13430,0,50.9227,42.2806,49.1,20.7598,0.372924,0.108956,2,5045.68,0.577845,0.353242,3,49.9107,2,0,0.833676,0.400843,0,0.284174,0.142087,0.395232,0.441174,31.7853,37.9753,38.2585,71.3519,0,0
13433,0,9.64149,12.5438,54.3,6.8113,0.208034,0.0478781,1,34.9626,0.250539,0.168817,1,45.3218,0,0,0.418284,0.809132,0.216384,0.890796,0.55359,0.415381,0.282815,62.6325,38.0912,37.8479,65.8371,0,0
13440,0,86.9404,51.9279,65.6,34.0647,0.108789,0.0192514,1,54475.6,0.75,0.29268,3,58.3503,1,1,0.999999,0.272731,0.186328,0.521811,0.354069,0.376902,0.405569,46.0689,40.5407,40.4936,66.522,0,0
13442,1,18.1478,14.9525,63.2,9.45001,0.223968,0.050541,0,489.635,0.00755406,0.0940209,1,47.4399,1,0,0.83569,0.530246,0.463513,0.824308,0.643911,0.35815,0.170131,72.0944,30.9095,30.8714,68.6449,0,1
13458,1,22.2974,32.3336,70.1,22.6658,0.130142,0,0,21103.1,0.325577,0.151906,1,54.4979,1,0,0.778168,3.4751e-06,0.0225809,9.3204e-09,0.0112904,0.346675,0.252666,27.8409,35.2673,34.855,50.7694,0,0
13468,0,68.1915,70.4245,49.1,34.5784,0.315693,0.104611,1,5246.28,0.330939,0.250414,2,59.5564,1,1,0.977377,0.247999,0.126734,0.334358,0.230546,0.433376,0.374275,39.4962,40.0247,40.3726,71.4769,0,0
13473,0,57.8571,47.4555,57.6,27.3344,0.175232,0.0235372,1,23850.3,0.617961,0.272243,2,55.1987,0,0,0.396679,0.273517,0.0323838,0.323633,0.178009,0.348747,0.354116,36.7122,27.8864,27.6516,58.3925,0,0
13490,0,7.00421,14.4177,66.2,9.54453,0.184097,0.0171372,1,3664.73,0.306539,0.169258,1,46.8691,1,0,0.510041,0.0247931,0.0259914,0.00671698,0.0163542,0.393647,0.296511,27.3544,44.8587,43.1775,60.9735,0,0
13549,0,65.9233,61.8113,67.5,41.7227,0.0826024,0.00281586,1,8032.32,0.373922,0.153113,1,65.2117,1,1,0.97068,0.0452525,0.133173,0.0638807,0.098527,0.395421,0.287725,33.0881,40.0466,39.8407,62.5244,0,0
13580,0,86.7644,43.4976,48.9,21.2703,0.294001,0.0881789,2,37133.1,1,0.460727,4,47.3342,2,0,1,0.107766,0.128128,0.0701865,0.0991575,0.369636,0.522603,26.3579,34.4249,34.2385,62.5575,0,0
13600,0,41.1912,40.1274,57.3,22.993,0.252824,0.0560509,2,21182.1,0.826796,0.378557,4,50.4583,2,2,0.842356,0.0993158,0.0769625,0.0938451,0.0854038,0.457007,0.534263,25.1026,48.9586,48.7658,59.9835,0,0
13620,1,47.4285,32.4704,49.9,16.2027,0.306521,0.0511529,0,2992.03,0.0461608,0.134612,1,50.9994,1,0,0.555379,0.700261,0.331194,0.842529,0.586861,0.379278,0.231848,66.5009,37.3661,37.4192,72.8954,0,0
13647,0,16.1597,32.4012,50.7,16.4274,0.301465,0.0277238,1,8490.64,0.380993,0.236727,2,49.851,1,0,0.471899,0.819631,0.193593,0.632929,0.413261,0.449012,0.391042,50.1414,47.2565,46.8593,70.0743,0,0
13650,1,85.4068,52.2644,64.3,33.606,0.089519,0.0101699,1,0,0.25,0.116563,1,61.0811,1,1,1,0.502375,0.180547,0.716333,0.44844,0.387252,0.244571,57.3366,37.8939,38.0817,64.1774,0,1
13654,0,4.64004,0.145607,60.3,0.0878008,0.408588,0.0550721,2,2300.84,0.535497,0.333052,3,39.1952,2,2,0.865875,0.373118,0.570437,0.545471,0.557954,0.379866,0.413189,57.2139,29.4921,29.2916,66.8151,0,0
13655,0,46.1256,46.6195,66.7,31.0952,0.150247,0.0421648,1,3153.21,0.298648,0.163686,1,59.1107,0,0,0.999967,0.00480401,0.0622463,0.00085144,0.0315489,0.350461,0.234702,29.5379,42.3718,42.7026,57.9599,0,0
13657,0,5.68106,1.01928,56.2,0.572834,0.366869,0.0704487,1,8351.62,0.378848,0.272055,2,40.4856,1,1,0.659182,0.564114,0.411647,0.569909,0.490778,0.440298,0.38995,54.6476,45.1987,44.9716,67.3799,0,0
13667,0,31.3023,62.7881,60.6,38.0496,0.277299,0.0440308,1,8279.1,0.37773,0.23302,2,61.7864,1,0,0.347329,0.226929,0.112712,0.355163,0.233938,0.369073,0.324197,41.1801,29.0884,29.5331,70.4968,0,0
13670,1,34.6117,31.5237,54,17.0228,0.453621,0.0882213,1,11427.6,0.426304,0.322715,3,48.5974,1,0,0.505251,0.166104,0.0106579,0.116867,0.0637625,0.471323,0.458649,26.281,50.0255,50.1844,66.0088,0,1
13673,0,17.659,25.5666,54.8,14.0105,0.231195,0.0813026,2,1126.21,0.517375,0.276624,2,47.8483,2,0,0.972286,0.588519,1,0.505556,0.752778,0.430361,0.408401,66.2427,42.2585,42.1507,66.5008,0,0
13683,0,9.4044,1.91881,54.3,1.04191,0.413165,0.129671,2,510.492,0.507876,0.350237,3,39.3937,2,2,0.96912,0.710916,1,0.891914,0.945957,0.46986,0.482872,65.6426,49.1551,49.3442,59.7655,0,0
13688,0,17.3064,3.4356,43.6,1.49792,0.45214,0.100879,2,2102.84,0.532443,0.361821,3,39.4145,2,2,0.82266,0.114066,0.0338666,0.111542,0.0727042,0.443534,0.477307,26.2538,41.7184,41.8519,69.232,0,0
13744,0,64.5524,20.8117,54.8,11.4048,0.275393,0.0904623,1,25184.1,0.638538,0.334798,3,45.3191,1,0,0.908516,0.307571,0.0469447,0.355816,0.20138,0.393344,0.417137,36.2898,41.159,41.2246,63.2592,0,0
13760,0,29.9487,67.4008,39.4,26.5559,0.392809,0.0419378,2,4114.52,0.563479,0.332742,3,53.4482,2,1,0.454726,0.416999,0.0424821,0.0976563,0.0700692,0.327821,0.390292,28.6873,31.0982,30.6019,64.2868,0,0
13780,1,64.6662,62.62,50.7,31.7483,0.249233,0.0925237,0,2509.74,0.0387202,0.126825,1,59.9203,1,0,0.934445,0.157897,0.120982,0.303918,0.21245,0.429796,0.257162,41.4181,41.1987,40.897,72.0374,0,1
13810,0,19.5421,32.4476,73,23.6867,0.218329,0,2,7398.67,0.614146,0.277492,2,53.1181,2,0,0.97322,0.02545,0.0273304,0.00730971,0.0173201,0.356087,0.379288,25.5178,38.7339,38.1462,64.242,0,0
13836,0,2.14962,3.88284,30.4,1.18038,0.471621,0.181468,1,158.441,0.252444,0.301844,3,40.3443,1,0,0.853015,0.800793,0.519557,0.401513,0.460535,0.445753,0.396311,52.6669,46.2855,45.955,63.7237,0,0
13838,0,42.8987,11.6874,42.8,5.00221,0.363077,0.20091,1,3848.47,0.309374,0.29112,3,42.6354,1,0,0.503914,0.665428,0.179472,0.514631,0.347052,0.452216,0.366695,47.0469,41.9583,41.4238,64.9612,0,0
13873,0,0.435459,0.067463,54.1,0.0364975,0.365275,0.0392722,1,16000,0.496847,0.300465,3,39.7353,1,1,0.354621,0.556294,0.194928,0.77753,0.486229,0.428529,0.426317,52.7926,38.8466,38.3413,65.4586,0,0
13894,0,21.8807,46.2718,62.4,28.8736,0.381567,0.130319,1,3038.36,0.296876,0.269587,2,56.0844,1,0,0.918693,0.460425,0.357232,0.428773,0.393002,0.40245,0.35778,50.1777,48.9085,48.5425,62.4925,0,0
15001,0,28.29,5.78121,11.4,0.659058,0.776948,0.566375,2,1439.03,0.522201,0.621841,4,32.3354,2,0,0.729485,0.0403509,0.00309897,0.00015339,0.00162618,0.662228,0.732508,12.4409,70.1388,70.8573,69.7305,0,0
15022,1,90.4179,70.7641,37.5,26.5366,0.235918,0.199102,1,542.005,0.258362,0.231128,2,55.5362,2,0,0.0193435,0.189598,0.0192828,0.174389,0.0968359,0.476339,0.339977,31.7618,52.1927,52.0673,63.0926,0,0
15047,0,63.4386,83.8921,33.5,28.1038,0.371841,0.160193,2,906.504,0.513985,0.348673,3,53.8669,2,2,0.830077,0.0884807,0.0562163,0.0252605,0.0407384,0.488337,0.446593,25.1793,48.8201,49.159,70.0849,0,0
15051,0,80.3413,64.7197,24.8,16.0505,0.528609,0.225633,2,103.693,0.5016,0.418614,4,45.8401,2,0,1,0.311029,0.0445735,0.0776015,0.0610875,0.565244,0.55546,22.8608,53.8709,53.7117,69.1693,0,0
15087,0,63.2496,19.0713,25.2,4.80598,0.514352,0.167794,1,1558.48,0.274044,0.31873,3,42.0409,1,0,0.378931,0.0981671,0.0460879,0.0655625,0.0558252,0.486303,0.424382,26.8028,53.1409,53.1535,74.0033,0,0
15090,0,86.3354,69.9141,40.5,28.3152,0.201996,0.244255,1,13872.9,0.46403,0.303427,3,55.0578,1,1,0.998276,0.574814,0.0133891,0.431377,0.222383,0.52985,0.445726,36.6218,53.4531,54.3979,69.342,0,0
15092,1,98.3394,81.5442,43.3,35.3086,0.185582,0.168272,1,117.419,0.251812,0.201888,1,60.8739,1,2,0.806188,0.85091,0.24766,0.527456,0.387558,0.51444,0.375484,49.2027,49.0815,49.2661,62.6486,0,0
15097,1,82.894,79.8863,48.1,38.4253,0.411833,0.150743,0,1890.76,0.0291705,0.197249,1,62.6703,2,1,0.999998,0.703092,0.317199,0.680065,0.498632,0.488476,0.332889,57.445,50.1485,50.2616,69.9844,0,1
15104,0,17.4869,11.43,39.7,4.5377,0.261435,0.282256,2,19089.9,0.794518,0.44607,4,39.1646,2,2,0.695111,0.0514397,0.4111,0.0849018,0.248001,0.563752,0.583261,32.706,52.0476,51.6628,72.1668,0,0
15106,0,77.6714,42.0149,48.5,20.3772,0.293788,0.166717,1,15515.5,0.489372,0.316626,3,50.5284,1,0,0.763089,0.58815,0.0232144,0.455506,0.23936,0.508563,0.47215,36.6952,53.2787,53.7171,69.2481,0,0
15109,0,100,86.7176,44.9,38.9362,0.287434,0.115763,1,0,0.25,0.217732,2,62.5707,1,1,0.33012,0.380627,0.00894958,0.368056,0.188503,0.513253,0.38729,36.4185,47.3426,47.887,67.0721,0,0
15114,0,100,69.6888,31.3,21.8126,0.298464,0.3253,1,1757.47,0.277114,0.300293,3,51.6436,1,1,0.999999,0.19863,0.172071,0.202927,0.187499,0.545979,0.435397,34.8184,57.7055,57.7521,64.6473,0,0
15131,0,100,70.4547,43.7,30.7887,0.145352,0.200835,2,334.821,0.505166,0.283784,3,56.8123,2,2,0.271128,0.180372,0.0520269,0.209195,0.130611,0.449345,0.368916,33.2192,46.663,46.4286,66.0402,0,0
15135,1,81.4302,91.523,52.3,47.8665,0.272479,0.819956,0,3893.86,0.0600743,0.38417,4,62.6112,2,1,0.40332,0.250452,0.0102619,0.310741,0.160502,0.535864,0.33309,36.1366,56.9677,57.4041,66.8879,0,1
15162,0,61.9151,31.3088,29.4,9.2048,0.306053,0.0698177,1,0,0.25,0.208624,1,46.2134,1,1,0.414814,0.416914,0.0629826,0.171872,0.117427,0.456443,0.352855,32.7898,47.5952,48.1842,70.3027,0,0
15172,0,86.4329,76.7262,41.1,31.5345,0.311009,0.233905,2,28949.4,0.946629,0.497181,4,51.1485,2,2,0.864442,0.307454,0.452174,0.273399,0.362787,0.571674,0.673059,34.4619,57.053,57.127,69.6037,0,0
15176,0,60.4414,28.6128,17.3,4.95001,0.691276,0.262072,1,2181.09,0.28365,0.412333,4,40.1817,1,0,0.963793,0.584906,0.019048,0.101858,0.060453,0.605356,0.589006,21.5884,62.2872,63.0077,73.1753,0,0
15180,0,60.2234,77.898,60.1,46.8167,0.248286,0.144689,2,5606.97,0.586504,0.326493,3,63.9702,0,2,0.763507,0.0554476,0.210149,0.0233067,0.116728,0.476669,0.460346,29.5696,48.8586,49.2529,69.1515,0,0
15183,0,56.4054,83.1709,69.1,57.4711,0.19486,0.147723,1,444.455,0.256857,0.199813,1,72.8709,1,1,0.383081,0.0233803,0.254349,0.0329088,0.143629,0.482696,0.3452,34.7109,54.8567,55.228,71.83,0,0
15185,1,74.2276,52.0136,46.4,24.1343,0.227341,0.141847,1,1789.39,0.277607,0.215598,2,54.4646,2,2,0.71467,0.227652,0.0735728,0.351654,0.212613,0.475307,0.362668,38.7013,45.133,45.6267,68.4284,0,0
15187,1,10.6094,5.03319,42.3,2.12904,0.262898,0.25933,1,889.047,0.263716,0.261981,2,41.5048,2,1,0.886752,0.0876159,0.248221,0.0660562,0.157138,0.527782,0.398206,34.084,58.6906,59.5253,62.2457,0,0
15189,0,52.2084,22.7593,40.5,9.21753,0.283254,0.138511,1,536.304,0.258274,0.22668,2,45.9775,1,1,0.632398,0.354968,0.424365,0.373645,0.399005,0.54476,0.408536,48.6144,57.3484,56.9023,71.2274,0,0
15204,1,58.9343,20.0007,36.1,7.22025,0.198795,0.197903,0,171.233,0.00264177,0.133113,1,45.8851,2,1,1,0.0199177,0.192535,0.0713924,0.131964,0.525961,0.295387,35.164,50.3847,50.9391,65.5928,0,1
15212,1,100,84.1971,38.8,32.6685,0.195526,0.130081,1,0,0.25,0.191869,1,59.5786,1,1,0.941484,0.454247,0.0183325,0.218264,0.118299,0.468115,0.32958,33.441,48.0591,47.8704,64.1127,0,1
15215,0,100,81.3252,26.6,21.6325,0.612468,0.290782,1,2148.02,0.283139,0.395463,4,49.32,0,0,0.999999,0.395537,0.131982,0.121649,0.126816,0.563171,0.532858,27.6678,57.2522,57.1206,68.463,0,0
15218,0,73.9749,39.903,55.6,22.1861,0.232979,0.189495,2,8094.13,0.624876,0.349116,3,50.7597,2,1,0.999997,0.293795,0.379189,0.369931,0.37456,0.418522,0.422465,46.6309,43.7401,44.4708,70.0698,0,0
15223,1,64.2437,36.0179,69.7,25.1045,0.174206,0.15479,0,272.775,0.00420836,0.111068,1,56.2861,2,1,0.719114,0,0,0,0,0.535082,0.302119,26.1327,51.8453,52.0047,64.2142,0,1
15224,1,64.8168,43.5889,25.9,11.2895,0.355596,0.193426,0,2876.88,0.0443844,0.197802,1,47.5252,2,1,1,0.109782,0.114925,0.0468745,0.0808996,0.539169,0.336168,30.7991,56.6441,57.4437,67.3861,0,1
15226,0,76.4886,71.0236,40.7,28.9066,0.183593,0.242218,1,1964.8,0.280313,0.235375,2,56.7631,1,0,1,0.297236,0.341906,0.254529,0.298217,0.564716,0.391009,43.1939,58.0803,58.4955,62.3664,0,0
15232,0,82.1003,75.4903,51.3,38.7265,0.140276,0.157574,1,3097.69,0.297791,0.198547,1,62.8129,1,1,0.903359,0.00572013,0.111309,0.0195507,0.0654297,0.476533,0.324153,30.0537,51.5666,51.8741,68.3847,0,0
15236,0,93.5053,87.9459,45.8,40.2792,0.261986,0.224043,2,0,0.5,0.328676,3,60.6433,1,2,0.892374,0.199692,0.396705,0.23686,0.316782,0.533678,0.492519,40.4449,53.3391,52.3746,67.0229,0,0
15238,0,58.4098,8.23208,10.5,0.864368,0.738069,0.295222,2,379.482,0.505855,0.513049,4,35.5535,2,2,0.46943,0.227354,0,0,0,0.636848,0.700547,13.6644,62.4074,63.1233,75.0656,0,0
15244,0,40.0965,80.9594,49.4,39.9939,0.435533,0.170474,2,331.304,0.505111,0.370373,3,59.2876,2,0,0.999985,0,0.327226,0,0.163613,0.502565,0.501156,31.0543,54.3603,54.8525,71.2449,0,0
15248,0,75.2216,52.9907,31.3,16.5861,0.375267,0.194108,2,4566.08,0.570445,0.37994,4,47.0805,2,1,1,0.533898,0.176527,0.17733,0.176929,0.446046,0.467254,33.0757,43.8694,44.4496,71.7626,0,0
15272,0,62.6948,8.24957,21.7,1.79016,0.303764,0.184888,1,777.635,0.261997,0.250216,2,41.4872,1,0,1,0.514703,0.0930671,0.112094,0.10258,0.531745,0.404406,30.3973,51.8492,52.5172,69.2247,0,0
15276,1,99.9214,91.4887,43.9,40.1635,0.327472,0.168894,1,4442.02,0.318531,0.271632,2,62.0604,2,0,0.978806,0.757344,0.279473,0.626583,0.453028,0.491484,0.411516,51.5994,43.8717,44.537,75.1696,0,0
15293,0,73.1961,67.8365,51.2,34.7323,0.304776,0.269616,1,5022.12,0.327481,0.300624,3,58.5125,1,1,1,0.597433,0.127416,0.616264,0.37184,0.581231,0.477532,44.2047,57.8922,57.962,70.0116,0,0
15296,0,69.7079,85.296,43.7,37.2744,0.250216,0.10331,1,0,0.25,0.201175,1,61.9683,0,0,1,0.0823485,0.265791,0.0324997,0.149145,0.493524,0.357266,34.7469,48.1826,48.3297,66.1376,0,0
15299,0,78.3765,88.4516,20.3,17.9557,0.622404,0.217459,2,13825.6,0.7133,0.517721,4,43.9892,2,1,0.131227,0.22109,0.0670174,0.0369928,0.0520051,0.571543,0.68171,17.4342,56.7809,56.5543,75.6763,0,0
15317,0,93.1551,85.8663,30.4,26.1034,0.385338,0.145221,2,21611.7,0.833424,0.454661,4,49.9071,2,0,0.999999,0.688692,0.167286,0.284954,0.22612,0.471565,0.580809,31.5811,49.5316,50.0492,69.0779,0,0
15322,0,79.8831,84.5762,19.4,16.4078,0.648255,0.250421,2,2959.83,0.545664,0.481447,4,44.3057,2,2,0.919216,0.177416,0.191919,0.0723163,0.132117,0.578058,0.62483,24.3814,62.9835,62.8636,71.3464,0,0
15325,1,75.9215,74.1624,36.1,26.7726,0.396967,0.322547,0,6240.77,0.0962822,0.271932,2,54.9011,2,1,0.396576,0.304713,0.273949,0.321462,0.297706,0.501904,0.343541,44.7172,53.2763,53.5612,65.9061,0,1
15332,1,57.4463,90.9397,48.1,43.742,0.275919,0.158347,0,3930.24,0.0606355,0.164967,1,66.1518,2,1,0.745271,0.0123102,0.125036,0.00115759,0.063097,0.462954,0.292218,30.6034,48.6839,49.0921,63.3111,0,1
15362,1,78.2802,40.086,24.8,9.94133,0.601558,0.476657,0,633.874,0.00977938,0.362665,3,43.947,2,1,1,0.681557,0.118516,0.174212,0.146364,0.576707,0.437588,32.1702,60.2069,60.3233,71.5503,0,1
15367,0,39.3121,21.8438,38.8,8.4754,0.307392,0.646907,2,5683.77,0.587689,0.513996,4,39.3956,2,1,0.964446,0.175967,0.496671,0.206012,0.351342,0.580472,0.561536,39.3337,64.4146,64.7646,72.7253,0,0
15368,0,78.5277,63.9391,64.7,41.3686,0.235477,0.158342,2,13553.3,0.7091,0.36764,3,60.0449,2,2,1,0.199026,0.455798,0.227383,0.341591,0.494739,0.512663,40.9947,49.1315,49.0123,69.2375,0,0
15377,0,72.2238,57.2701,57.4,32.873,0.21738,0.18798,2,6515.75,0.600525,0.335295,3,56.6785,2,2,1,0.0461383,0.0724614,0.190188,0.131325,0.51141,0.482965,29.7201,48.0755,48.8385,63.0312,0,0
15380,1,82.8027,62.4455,31.6,19.7328,0.423629,0.191172,1,0,0.25,0.288267,3,50.7598,2,1,0.694811,0.515208,0.335202,0.296409,0.315805,0.493136,0.398882,43.9987,54.104,53.5353,70.4556,0,0
15401,1,83.5692,63.7743,38.4,24.4893,0.298859,0.193736,0,0,0,0.164198,1,55.3851,1,1,0.804182,0.615346,0.0159724,0.489763,0.252868,0.430284,0.247219,44.3527,47.0712,48.334,63.4417,0,0
15403,1,85.1553,90.292,41.9,37.8323,0.378386,0.149636,1,2535.06,0.289111,0.272378,2,60.8136,2,2,0.999999,0.246436,0.262671,0.185543,0.224107,0.545876,0.452217,36.4976,55.4961,55.62,73.4487,0,0
15407,0,48.4347,15.8877,15.2,2.41494,0.583216,0.676217,2,4723.4,0.572872,0.610769,4,33.5339,2,2,0.999997,0.128919,0.0131056,0.0245212,0.0188134,0.636443,0.65739,16.4869,66.8603,67.3937,72.0204,0,0
15425,0,79.9016,78.4191,28.9,22.6631,0.2436,0.303955,1,6379.24,0.348419,0.298658,3,52.1358,1,1,0.0432975,0.376359,0.00715823,0.175546,0.0913519,0.576747,0.458033,28.0474,61.7904,62.0681,66.7447,0,0
15442,0,100,87.0812,67,58.3444,0.159968,0.114816,2,8446.17,0.630307,0.301697,3,70.3049,2,2,0.691098,0.365562,0.0258116,0.525447,0.275629,0.488213,0.47309,38.8229,48.6123,49.0649,65.4822,0,0
15455,1,74.3931,85.7295,21.1,18.0889,0.599485,0.634839,0,3379.76,0.0521428,0.428822,4,46.6199,2,1,0.865442,0.399213,0.00430058,0.130199,0.0672498,0.576636,0.451869,26.7126,61.4118,62.0044,68.9304,0,1
15464,0,76.6042,91.5531,50.7,46.4174,0.283465,0.0931084,1,2248.95,0.284697,0.220423,2,66.5487,1,0,1,0.0296886,0.212723,0.002842,0.107782,0.45124,0.356611,32.058,45.1126,45.3742,68.756,0,0
15466,0,66.684,87.2188,28.8,25.119,0.511979,0.114992,1,6204.8,0.345727,0.324233,3,52.8887,1,0,1,0.160012,0.152428,0.0274353,0.0899319,0.476872,0.461356,27.8518,51.2516,51.9748,72.3365,0,0
15469,1,77.5491,45.1308,27.1,12.2305,0.518019,0.258328,0,285.015,0.00439719,0.260248,2,47.1455,1,1,0.804145,0.54866,0.0435364,0.289236,0.166386,0.556949,0.390852,34.8971,52.7441,53.045,71.3388,0,0
15476,0,70.5068,10.0475,49.8,5.00364,0.184277,0.153663,2,347.882,0.505367,0.281102,3,42.803,2,2,0.67321,0.0902961,0.267511,0.0612898,0.1644,0.465649,0.406671,34.2882,48.062,47.9992,61.7154,0,0
15480,0,100,88.5223,40.7,36.0286,0.508056,0.265702,2,2667.68,0.541157,0.438305,4,55.2285,2,0,0.999999,0.0733988,0.0201471,0.0351044,0.0276258,0.529402,0.560678,20.6315,52.1087,52.5204,70.5362,0,0
15491,0,85.3149,57.336,10.5,6.02028,0.721351,1,1,1504.28,0.273208,0.664853,4,33.5358,1,1,1,0.672025,0,0,0,0.594198,0.58604,18.0414,53.8334,54.149,71.961,0,0
15494,1,52.6593,38.8446,46.2,17.9462,0.301694,0.191371,0,6473.38,0.0998709,0.197645,1,51.2713,0,0,0.609433,0.561251,0.457915,0.61375,0.535832,0.500175,0.338033,59.3972,51.3138,51.8947,67.3852,0,0
15500,0,14.9273,13.1282,22.8,2.99323,0.282278,0.397148,2,27316,0.92143,0.533619,4,36.0787,2,2,0.600753,0.0703447,0.0664828,0.0390929,0.0527879,0.558962,0.626742,19.6876,59.5802,59.7816,59.7427,0,0
15507,1,91.7779,89.5978,44.7,40.0502,0.431703,0.82519,0,14883.8,0.229626,0.495506,4,55.0955,2,1,0.918213,0.231555,0.043706,0.218674,0.13119,0.50371,0.410541,32.0524,53.0086,53.2528,66.4742,0,1
15511,1,99.9934,73.023,37.5,27.3836,0.277503,0.212395,0,5703.63,0.0879953,0.192631,1,56.6249,1,1,0.848971,0.592174,0.473315,0.407345,0.44033,0.481117,0.299986,55.0989,57.2669,57.7368,68.5611,0,0
15514,1,81.6998,94.1218,36.5,34.3545,0.410696,1,1,7146.06,0.360249,0.590315,4,49.0292,1,2,0.582819,0.220253,0.0142992,0.0705217,0.0424104,0.511506,0.443193,25.3877,48.8608,48.567,65.0754,0,0
15516,0,66.7097,17.9701,16.2,2.91115,0.639122,0.411052,2,2493.4,0.538468,0.529547,4,36.1501,2,1,0.666161,0.495219,0.0306914,0.0700134,0.0503524,0.668032,0.703887,16.4151,66.8296,67.1244,73.5515,0,0
15518,1,88.5992,97.8274,27.8,27.196,0.34261,0.31617,0,17158,0.264713,0.307831,3,54.3637,1,0,0.934795,0.0661675,0.00893223,0.014526,0.0117291,0.51127,0.38949,24.8874,50.1503,49.8817,63.9021,0,0
15522,0,82.7923,41.1843,42.7,17.5857,0.497935,0.189312,2,0,0.5,0.395749,4,47.2165,2,2,0.999999,0.236239,0.275853,0.170967,0.22341,0.443473,0.454306,36.3806,46.1373,45.7574,72.8481,0,0
15531,0,96.8787,89.1409,47.4,42.2528,0.322139,0.135005,2,14389.5,0.722,0.393048,4,59.6697,2,2,0.837894,0.278164,0.0219801,0.138371,0.0801758,0.478768,0.524476,25.1284,49.0877,49.8751,67.7843,0,0
15533,1,72.5342,60.6909,68.2,41.3912,0.124837,0.168139,1,0,0.25,0.180992,1,64.5854,2,2,0.86256,0.200687,0.0619968,0.202581,0.132289,0.457361,0.306638,34.9251,47.1732,48.0033,60.6202,0,0
15537,0,86.445,51.2097,21.6,11.0613,0.619405,0.269731,1,13472.9,0.45786,0.448999,4,42.4787,1,1,0.682136,0.567772,0.0762201,0.110573,0.0933966,0.506243,0.547739,25.1018,52.5643,53.0386,71.4565,0,0
15542,0,84.8633,91.9282,39.3,36.1278,0.228481,0.126178,1,179.785,0.252774,0.202478,1,61.3148,0,0,0.768612,0.39561,0.139596,0.232726,0.186161,0.503257,0.371252,36.7481,53.5639,53.8345,67.9914,0,0
15550,0,86.9609,97.3667,57.9,56.3753,0.171528,0.338456,2,3311.83,0.551095,0.353693,3,67.5752,2,1,1,0.044822,0.0730912,0.0193739,0.0462326,0.453468,0.411952,26.5365,52.0429,52.1021,58.6305,0,0
15572,1,25.9943,7.77118,33.6,2.61112,0.745461,0.399705,1,6633.66,0.352344,0.49917,4,36.8169,2,1,0.889726,0.624069,0.0622647,0.356773,0.209519,0.60127,0.621421,28.9006,61.0583,61.2523,69.6437,0,0
15580,1,94.0369,73.7773,64.6,47.6601,0.238301,0.160282,0,1853.66,0.0285981,0.142394,1,68.6832,1,1,0.748625,0.284032,0.0647985,0.425728,0.245263,0.408454,0.231084,44.1866,42.8362,43.5946,65.5938,0,0
15599,1,62.0714,10.2066,31.4,3.20487,0.473514,0.402952,0,5867.18,0.0905185,0.322328,3,41.0982,2,1,0.933207,0.156013,0.281068,0.169921,0.225494,0.537353,0.409669,38.0449,61.6278,61.4746,67.2919,0,1
15600,1,65.3613,36.9039,31.3,11.5509,0.405105,0.141426,0,2545.5,0.0392719,0.195268,1,47.7043,2,1,0.999998,0.4891,0.0633648,0.196344,0.129855,0.554134,0.389095,32.6001,56.9694,58.3246,63.9009,0,1
15621,0,88.3082,88.1012,46.9,41.3194,0.256253,0.107334,1,0,0.25,0.204529,1,64.1218,1,0,0.931367,0.41913,0.0156823,0.312896,0.164289,0.368722,0.27488,37.7918,37.502,38.1797,69.0873,0,0
15632,0,71.4398,73.7048,41.8,30.8086,0.160785,0.15278,2,1849.64,0.528536,0.2807,3,56.8902,2,2,1,0.162212,0.0930818,0.150845,0.121963,0.530574,0.44271,30.468,51.9115,51.8699,70.2424,0,0
15638,1,65.4418,26.539,23.8,6.31628,0.499808,0.469877,1,11635,0.429504,0.466396,4,39.5795,2,2,1,0.0102664,0.0398863,0.00488787,0.0223871,0.548644,0.504088,22.2237,58.1751,58.0591,69.5709,0,0
15646,1,61.2455,33.5603,21.5,7.21547,0.540858,0.375129,0,1366.14,0.0210767,0.312355,3,43.4768,2,1,0.999999,0.175613,0.063683,0.0280881,0.0458855,0.566613,0.398397,26.8886,59.9213,60.5322,72.5493,0,1
15660,1,71.3798,78.2865,35.9,28.1048,0.356552,0.266012,1,9241.26,0.392574,0.338379,3,54.1236,2,2,0.524327,0.071417,0.00923762,0.105499,0.0573684,0.478108,0.423765,26.9202,56.1798,57.2244,70.3176,0,0
15664,1,37.2137,26.8359,50.8,13.6326,0.251782,0.173456,1,487.854,0.257527,0.227588,2,48.4336,2,0,0.943284,0.596259,0.122427,0.777444,0.449936,0.488788,0.368332,53.1898,50.3583,51.0277,67.018,0,0
15667,0,36.7449,18.1046,31.4,5.68484,0.486184,0.269684,2,13156.9,0.702984,0.486284,4,38.7354,1,2,0.72039,0,0.0382741,0,0.019137,0.587517,0.6299,17.5723,58.2488,57.7933,67.9327,0,0
15673,1,89.5291,82.4941,45.8,37.7823,0.415166,0.115281,0,8378.28,0.12926,0.219902,2,61.901,2,1,0.999996,0.568942,0.298502,0.485847,0.392174,0.453824,0.342,50.6839,48.0103,48.3237,72.2038,0,1
15676,1,64.6149,43.3117,35.6,15.419,0.225123,0.470474,1,13040.1,0.451182,0.38226,4,46.4115,2,2,1,0.880404,0.0815973,0.535039,0.308318,0.593416,0.493517,39.9174,62.9177,64.3747,73.5303,0,0
15681,0,91.6154,72.009,53.7,38.6689,0.23324,0.11326,1,161.118,0.252486,0.199662,1,62.7613,1,0,0.370776,0.596342,0.0151676,0.461857,0.238512,0.450152,0.335726,41.1538,43.0502,43.9686,65.0147,0,0
15686,1,33.5128,11.9367,40.5,4.83436,0.353158,0.2058,0,196.258,0.00302786,0.187329,1,44.0017,2,1,0.524957,0.684246,0.0682202,0.552379,0.310299,0.528593,0.344927,45.472,55.0894,55.6563,69.4545,0,1
15690,0,75.9003,95.9497,29,27.8254,0.756176,0.762998,1,25153.8,0.638072,0.719082,4,41.1783,1,1,0.760619,0.0143026,0.135002,0.00128363,0.068143,0.59834,0.719715,16.7429,60.6652,61.571,69.4323,0,0
15693,1,50.8985,12.7541,19,2.42328,0.444958,0.0985997,0,530.782,0.00818888,0.183915,1,42.6721,2,1,0.463652,0.330733,0.0281676,0.0635921,0.0458799,0.468982,0.319449,28.8525,53.5489,53.8213,70.7638,0,1
15696,1,50.7458,50.3205,31.4,15.8006,0.430665,1,0,16609.1,0.256244,0.562303,4,41.5438,0,0,1,0.461073,0.0647472,0.206831,0.135789,0.548901,0.456555,30.8877,57.1525,57.379,66.1053,0,0
15720,1,77.8578,77.5258,51.6,40.0033,0.304261,0.167672,0,1168.39,0.0180259,0.16332,1,64.1004,1,1,0.942916,0.00794432,0.337543,0.00281088,0.170177,0.463824,0.276434,38.1525,48.5405,48.8314,68.8182,0,0
15723,0,92.3202,79.1331,29.7,23.5025,0.38048,0.232493,1,0,0.25,0.287658,3,52.8148,1,0,0.900918,0.202966,0.153197,0.0372399,0.0952184,0.48506,0.39989,30.0521,51.6018,51.8993,72.9358,0,0
15740,1,43.654,15.7172,45.1,7.08846,0.244351,0.124748,1,94.7394,0.251462,0.206854,1,45.0441,2,0,0.27535,0.26351,0.0571135,0.111615,0.0843643,0.498529,0.339838,30.9392,53.0029,53.3919,73.3738,0,0
15753,1,87.8167,94.5548,17.3,16.358,0.611888,0.124424,0,198.806,0.00306716,0.24646,2,49.6565,1,0,0.999996,0.559868,0.0532385,0.0917043,0.0724714,0.529625,0.412623,28.2167,53.5111,53.1664,73.9904,0,0
15755,1,66.7117,86.6753,52.9,45.8512,0.336142,0.100955,1,4583.08,0.320708,0.252602,2,65.5028,1,2,0.803119,0.0711401,0.21479,0.0630962,0.138943,0.483863,0.411543,32.5172,49.5397,50.1205,70.4497,0,0
15757,1,74.0933,63.3376,20.8,13.1742,0.580906,0.19287,0,2674.74,0.0412657,0.271681,2,47.4744,2,1,1,0.484552,0.0830375,0.0685366,0.075787,0.574488,0.453587,27.202,58.4412,58.697,75.729,0,1
15759,1,66.4021,22.0239,10.4,2.29048,0.769123,0.325086,0,403.663,0.00622768,0.366812,3,39.7432,2,1,1,0.468194,0,0,0,0.628397,0.535748,19.7807,64.9699,65.2468,74.7013,0,1
15761,0,93.0054,67.0245,41,27.48,0.310723,0.23733,2,788.777,0.512169,0.353408,3,53.4235,2,2,0.0212742,0.200451,0.0285444,0.198897,0.113721,0.528867,0.478174,28.7911,57.8277,58.3657,68.3261,0,0
15762,1,89.6014,55.3928,55.3,30.6322,0.143476,0.182382,1,22.3718,0.250345,0.192068,1,58.4436,2,0,0.996062,0,0.219967,0,0.109984,0.522132,0.341464,32.5935,52.8866,53.3165,66.5337,0,0
15763,1,66.3715,21.7371,35.4,7.69493,0.186032,0.330532,0,1692.89,0.0261179,0.180894,1,45.6939,2,1,0.702367,0.168532,0.148231,0.168233,0.158232,0.589299,0.331511,36.0284,55.5386,55.6035,67.0276,0,1
15764,1,4.80729,2.24054,38.5,0.862607,0.327759,0.194205,1,4628.76,0.321412,0.281125,3,40.5062,2,2,0.124994,0.0441628,0.0345125,0.0398143,0.0371634,0.478498,0.370251,27.0569,50.3999,49.8634,71.5095,0,0
15774,1,76.1679,81.6023,37.1,30.2745,0.204892,0.0795579,0,19157.1,0.295555,0.193335,1,58.2251,0,0,0.999999,0.15736,0.221394,0.0634761,0.142435,0.41402,0.304522,35.6513,39.1604,39.1438,66.3124,0,0
15776,0,40.0907,16.218,31.1,5.0438,0.365039,0.33015,2,5163.48,0.579662,0.42495,4,39.9375,2,2,0.999997,0.135445,0.0632196,0.204613,0.133916,0.576038,0.551041,27.414,61.6637,62.0486,66.5208,0,0
15778,1,74.0352,45.0386,47.4,21.3483,0.220027,0.232291,1,591.856,0.259131,0.23715,2,52.5712,2,2,0.782114,0.398514,0.767502,0.606072,0.686787,0.523228,0.356699,66.4339,55.5011,55.9395,66.7869,0,0
15790,0,67.7652,63.401,31.4,19.9079,0.299658,0.0547757,2,668.464,0.510313,0.288249,3,50.8553,2,1,0.999246,0.362589,0.164533,0.115544,0.140039,0.517672,0.49181,29.9497,53.4945,53.2366,69.8039,0,0
15798,1,77.0911,64.4692,41.1,26.4968,0.346511,0.190417,0,3538.81,0.0545965,0.197175,1,56.0626,2,1,0.994504,0.887505,0.706372,0.961342,0.833857,0.529999,0.331803,73.761,57.8899,58.3868,70.6943,0,1
15804,1,83.086,62.5173,47,29.3831,0.296769,0.135903,1,4337.3,0.316916,0.249862,2,56.7524,2,2,0.91322,0.382859,0.623898,0.402337,0.513118,0.564986,0.450972,53.0729,57.0351,57.0367,69.5013,0,0
15806,1,54.6408,20.0308,14.3,2.86441,0.678245,0.616806,1,474.384,0.257319,0.517457,4,36.4575,2,2,1,0.923406,0.0316359,0.0719983,0.0518171,0.667215,0.60004,20.6558,69.5187,70.1914,66.0396,0,0
15808,1,32.7182,35.4804,35.2,12.4891,0.293769,0.193226,0,15600.2,0.24068,0.242558,2,47.5707,1,0,1,0.262019,0.0771117,0.124698,0.100905,0.535038,0.394874,30.5631,54.9411,56.2478,65.9774,0,0
15810,1,73.2339,59.4228,41.6,24.7199,0.27593,0.1484,0,17134.1,0.264345,0.229558,2,54.5612,2,1,1,0.0857452,0.262017,0.0509681,0.156492,0.48326,0.372079,34.81,49.5492,49.8199,73.0522,0,1
15814,1,43.7802,11.6072,30.2,3.50537,0.430034,0.139501,0,424.194,0.00654444,0.192027,1,43.1964,2,1,0.416927,0.521335,0.0477995,0.132116,0.0899576,0.545065,0.344166,31.2022,50.0326,50.3775,75.5022,0,1
15816,1,63,44.358,50,22.179,0.175566,0.156758,0,6893.9,0.106359,0.146227,1,54.2837,2,1,0.887846,0.333578,0.110266,0.440727,0.275497,0.539854,0.330726,43.6846,51.0358,51.6431,68.3317,0,1
15820,1,98.6123,70.0233,28.7,20.0967,0.426923,0.114655,1,5847.21,0.34021,0.293929,3,50.8455,2,1,0.999999,0.427053,0.151167,0.189236,0.170201,0.53531,0.483417,32.0935,54.8657,55.2937,69.5039,0,1
15822,0,65.5218,81.1856,47.9,38.8879,0.17672,0.152945,1,0,0.25,0.193222,1,62.9953,1,0,0.933837,0.360312,0.321875,0.167747,0.244811,0.562037,0.392052,39.8329,56.3189,56.6848,72.1986,0,0
15832,1,90.1537,77.5609,42.1,32.6531,0.586113,0.444204,1,0,0.25,0.426772,4,53.9676,2,2,1,0.0233045,0.0209849,0.0444143,0.0326996,0.450211,0.419199,25.4548,44.58,44.9485,68.8408,0,0
15835,1,98.7029,84.5016,45.1,38.1102,0.349945,0.137937,0,1828.55,0.0282107,0.172031,1,62.9132,2,1,1,0.46548,0.689441,0.527374,0.608407,0.542412,0.350537,62.8368,53.6905,53.8304,74.3499,0,1
15837,1,49.3599,18.8165,32.8,6.17181,0.570813,0.76814,1,373.402,0.255761,0.531571,4,37.7387,2,2,0.98282,0.704474,0.200755,0.443356,0.322055,0.57057,0.513117,39.8794,60.9479,61.5706,71.5241,0,0
15839,0,45.7518,31.1188,36.4,11.3273,0.186611,0.228384,1,1473.94,0.27274,0.229245,2,47.1216,2,2,0.371774,0.0127231,0.075643,0.00167107,0.038657,0.4892,0.315044,28.4656,51.0248,50.5533,70.8403,0,0
15842,1,81.935,67.7882,49.4,33.4874,0.174061,0.125051,1,9642.68,0.398767,0.232626,2,59.318,2,0,0.978654,0.690336,0.696039,0.649322,0.672681,0.518269,0.409403,62.936,54.1993,54.632,70.2457,0,0
15861,1,88.5856,81.8949,25.7,21.047,0.319916,0.232582,1,1060.46,0.266361,0.272953,2,51.7693,2,2,1,0.338437,0.270321,0.139338,0.204829,0.521761,0.386669,37.4776,49.8102,49.7618,67.7137,0,0
15879,0,44.1847,15.2093,45.1,6.85939,0.168249,0.168138,1,6360.93,0.348136,0.228175,2,44.6351,1,1,0.0111114,0.212904,0.027076,0.200787,0.113932,0.554635,0.414761,30.8211,56.2822,55.9719,62.0645,0,0
15897,0,87.3781,88.7344,50.7,44.9884,0.354866,0.735013,2,0,0.5,0.52996,4,55.8984,2,1,0.940411,0.436341,0.0174501,0.437485,0.227467,0.614305,0.5684,32.1809,58.2505,58.7549,71.5581,0,0
17001,0,60.8638,32.144,13.9,4.46802,0.652789,0.318105,2,18468.4,0.78493,0.585275,0,35.3166,2,2,1,0.15181,0.0215995,0.00352646,0.012563,0.678582,0.80381,9.96825,69.1694,69.5677,75.8016,0,0
17013,0,66.8531,50.5519,30,15.1656,0.429422,0.122342,2,10736.5,0.665642,0.405802,4,45.7056,2,2,0.741349,0.337355,0.0762482,0.150126,0.113187,0.514059,0.558956,25.8762,56.1347,56.3096,71.1106,0,0
17042,0,24.2808,11.0956,32.5,3.60605,0.411319,0.1618,2,5431.09,0.583791,0.385637,4,40.0585,2,2,0.979561,0.403452,0.0726192,0.386625,0.229622,0.573155,0.567658,32.3348,57.1367,57.0369,70.1103,0,0
17050,1,85.3617,47.6572,32.1,15.298,0.447162,0.115092,1,94.8135,0.251463,0.271239,2,48.6511,2,1,0.864185,0.0521671,0.0632386,0.0407939,0.0520162,0.49517,0.403438,27.1496,48.9515,49,72.4325,0,1
17088,1,30.4156,9.25703,41.2,3.8139,0.374357,0.192674,0,19807.5,0.305589,0.290873,3,41.9832,2,1,1,0.772027,0.111223,0.727834,0.419528,0.524851,0.41845,49.4012,53.6723,53.8535,72.2258,0,1
17174,0,32.8646,63.2168,21.8,13.7813,0.658587,0.282317,2,3085.07,0.547596,0.496167,4,42.5675,2,2,1,0.177681,0.0509428,0.0899903,0.0704665,0.58734,0.648082,19.8737,58.4824,59.0973,71.3457,0,0
17272,1,57.6839,50.9383,36.2,18.4397,0.255206,0.0951292,1,3241.67,0.300012,0.216783,2,51.2762,2,0,0.928306,0.441073,0.081638,0.392279,0.236959,0.527267,0.406678,38.86,53.8946,53.8554,68.1137,0,0
17380,0,15.561,33.9877,26.8,9.10871,0.62506,0.340328,2,665.401,0.510266,0.491885,4,40.3322,2,2,0.892297,0.755014,0.0581,0.273064,0.165582,0.589504,0.635011,25.8551,61.7526,62.2453,72.8265,0,0
17388,0,62.1053,54.3889,34.5,18.7642,0.282215,0.10462,2,13214.6,0.703874,0.36357,3,48.6155,2,0,1,0.435332,0.0814473,0.333584,0.207516,0.491388,0.514839,33.176,44.8648,44.8868,74.1,0,0
17433,0,65.0096,43.2858,37.5,16.2322,0.382783,0.0806175,2,0,0.5,0.321134,3,48.2045,2,2,0.932218,0.125701,0.0169005,0.189753,0.103327,0.440302,0.440039,29.3722,50.423,50.9532,67.9751,0,0
17442,1,50.2609,37.1867,37.6,13.9822,0.365393,0.104988,0,3684.82,0.0568491,0.175744,1,49.3117,1,1,0.999999,0.45408,0.0729821,0.442925,0.257953,0.500476,0.34663,42.0869,54.0378,54.1706,71.26,0,0
17444,0,88.1282,85.0317,40.7,34.6079,0.337245,0.0750499,2,3422.59,0.552804,0.3217,3,57.9245,2,2,0.717027,0.237531,0.0434692,0.292761,0.168115,0.496609,0.488829,31.7729,51.9211,51.8825,70.1728,0,0
17446,0,86.6772,83.8155,34.6,29.0002,0.306816,0.190092,2,0,0.5,0.332303,3,54.7407,2,0,0.881206,0.120585,0.00850022,0.0954398,0.05197,0.513303,0.47615,24.984,50.9377,51.4423,66.9057,0,0
17486,0,73.2046,74.8181,31.3,23.4181,0.369165,0.187778,2,3236.03,0.549925,0.368956,3,50.9216,2,2,0.843276,0.178244,0.0873918,0.219216,0.153304,0.551783,0.536418,29.1255,60.8291,61.9297,71.3816,0,0
17495,0,58.9157,59.081,41.4,24.4595,0.52061,0.211383,1,37432.8,0.75,0.493998,4,47.8889,1,0,1,0.0222919,0.0685979,0.00812468,0.0383613,0.585093,0.686645,16.4467,58.2934,58.4522,73.1657,0,0
17513,1,68.6349,44.2835,33.3,14.7464,0.389801,0.123077,0,9977.29,0.153929,0.222269,2,49.1335,2,1,0.990066,0.212659,0.0753965,0.220355,0.147876,0.518021,0.377809,34.0888,50.7615,50.9925,72.1993,0,1
17524,1,42.7981,39.9012,30.1,12.0103,0.371358,0.256642,1,22598.2,0.598644,0.408881,4,43.982,2,1,0.999999,0.105785,0.121944,0.132868,0.127406,0.537382,0.540095,27.4354,58.0324,58.3995,69.2254,0,1
17541,0,73.398,73.3133,37.3,27.3459,0.323264,0.0799783,2,11025.2,0.670097,0.35778,3,53.2429,2,1,0.878304,0.0718096,0.0536407,0.0470433,0.050342,0.465602,0.501389,24.0645,49.0817,49.5603,69.1576,0,0
17614,0,31.1028,32.7239,29.3,9.5881,0.285671,0.135371,2,1768.33,0.527282,0.316108,3,44.7022,2,2,0.379832,0.241865,0.0134899,0.179361,0.0964252,0.505552,0.487554,27.3998,53.0974,53.4748,72.0222,0,0
17616,0,32.0549,25.6085,39.4,10.0897,0.385029,0.0829938,1,12947.8,0.449758,0.305927,3,45.1676,1,0,1,0.443911,0.117849,0.652477,0.385163,0.531335,0.460767,45.6709,52.6463,52.8707,73.5128,0,0
17653,0,86.8527,65.0227,28.7,18.6615,0.408235,0.118028,2,2209.61,0.53409,0.353451,3,48.7971,2,0,0.815719,0.436333,0.0639605,0.25948,0.16172,0.536721,0.527389,29.9696,50.9099,50.5822,67.5269,0,0
17662,0,55.2808,58.5212,39.9,23.35,0.279139,0.0793882,1,581.218,0.258967,0.205831,1,54.1783,1,1,0.919158,0.203995,0.0611463,0.191112,0.126129,0.496833,0.375553,32.7434,50.2751,50.7444,68.1202,0,0
17665,1,33.852,13.1097,39.9,5.23076,0.312278,0.23471,1,23766,0.616661,0.387883,4,40.8794,2,1,1,0.514405,0.118237,0.553153,0.335695,0.50932,0.50639,40.9351,55.075,55.6735,67.1943,0,1
17777,0,48.8874,27.4307,31.3,8.58582,0.386657,0.122384,1,2132.18,0.282895,0.263979,2,45.0655,1,1,0.825069,0.652156,0.0499696,0.428298,0.239134,0.490884,0.413807,38.7565,55.1516,55.2894,74.0801,0,0
17867,0,42.4131,24.9558,34.9,8.70957,0.318527,0.205772,2,18460.5,0.784808,0.436369,4,41.5816,2,2,0.972185,0.279016,0.0858334,0.213927,0.14988,0.545049,0.596455,26.5676,58.5151,58.8685,71.3852,0,0
17873,0,71.0694,58.2043,17,9.89473,0.487086,0.174991,2,12960.5,0.699954,0.45401,4,41.7471,2,1,0.944114,0.126521,0.0445813,0.0021178,0.0233496,0.566387,0.641755,17.3654,54.754,54.4889,69.4452,0,0
17877,1,33.565,30.2558,26,7.86652,0.595623,0.15378,1,0,0.25,0.333134,3,43.4363,2,1,0.986269,0.435744,0.0713742,0.113752,0.0925633,0.500017,0.446842,28.477,52.2325,52.6321,76.2429,0,1
18001,0,67.3903,27.1031,29.6,8.02251,0.626943,0.251586,2,3306.39,0.551011,0.476513,4,40.1933,2,1,1,0.0924197,0.00414889,0.0128777,0.00851331,0.584364,0.647695,16.2577,58.3003,58.9402,68.8393,0,0
18029,0,0.805064,0.414905,38.8,0.160983,0.332501,0.134007,1,4231.34,0.315281,0.260596,2,40.4267,1,1,0.330176,0.606814,0.00353296,0.51143,0.257481,0.475834,0.387364,40.7807,48.919,49.5732,69.0701,0,0
18094,1,38.1822,11.1706,50,5.5853,0.352901,0.188226,1,0,0.25,0.263709,2,43.4033,1,1,0.789929,0.215955,0.00754683,0.236904,0.122225,0.562357,0.438605,30.6148,54.069,53.954,64.9707,0,1
18150,0,5.01277,3.74417,63.3,2.37006,0.346909,0.115078,2,430.417,0.50664,0.322876,3,40.6308,2,0,0.589605,0.0419311,0,0.0309743,0.0154871,0.485012,0.465027,23.0092,50.2683,50.5812,60.6572,0,0
18205,0,10.4646,1.84732,55.4,1.02342,0.4552,0.125951,1,634.518,0.259789,0.280313,3,40.6083,1,1,0.166464,0.284829,0,0.478636,0.239318,0.459345,0.399052,39.2596,43.7282,45.2577,63.4973,0,0
18247,0,47.2068,24.3061,44.3,10.7676,0.445549,0.137382,1,660.948,0.260197,0.281043,3,45.9868,1,0,0.935876,0.0254732,0.00730346,0.0169156,0.0121095,0.487357,0.421613,24.0498,50.6599,50.8142,69.8806,0,0
18256,0,35.9311,13.7113,45.5,6.23862,0.309239,0.11772,1,1169.53,0.268044,0.231668,2,44.2389,1,1,0.951136,0.101031,0.00741139,0.287906,0.147659,0.471597,0.372297,34.2318,48.8736,49.6031,63.5987,0,0
18410,0,19.9296,13.8137,56.2,7.76329,0.164781,0.138905,1,1462.15,0.272558,0.192081,1,45.6047,1,1,0.766962,0.0279229,0.00873592,0.027725,0.0182305,0.525467,0.379447,25.5738,53.7988,54.9077,60.7448,0,0
18460,0,18.8372,13.6975,64.6,8.84855,0.135121,0.106922,1,11286.5,0.424127,0.222057,2,45.8346,1,1,0.971238,0.0225598,0.0116174,0.128191,0.0699041,0.480035,0.38177,28.9076,46.3204,46.5769,60.6232,0,0
18479,1,11.2057,4.42695,42.4,1.87703,0.360729,0.191759,1,438.636,0.256767,0.269752,2,41.2469,1,1,0.983754,0.460868,0.00709722,0.403134,0.205116,0.440443,0.352848,38.5044,47.9986,48.1645,66.3356,0,1
18592,0,57.4033,16.5639,54.3,8.99419,0.356375,0.115074,1,66.4666,0.251025,0.240825,2,45.6492,1,0,0.949716,0.0587143,0.00944026,0.0221072,0.0157737,0.419467,0.333565,26.5164,45.0855,45.634,62.2222,0,0
18610,0,27.8898,6.75826,48.7,3.29127,0.351366,0.141878,2,396.885,0.506123,0.333122,3,40.9456,2,2,0.561274,0.133083,0,0.190939,0.0954693,0.518921,0.49768,26.9979,55.6113,56.426,67.6875,0,0
18753,0,19.5291,15.9424,56.3,8.97558,0.397559,0.142711,2,355.542,0.505485,0.348585,3,43.7252,2,2,0.952874,0.16053,0,0.106144,0.0530721,0.52406,0.498822,24.3199,52.8439,53.7726,63.5983,0,0
18756,0,5.96302,6.5963,71.9,4.74274,0.181988,0.101584,2,0,0.5,0.261191,2,42.9733,2,1,0.520807,0.00199768,0,2.00835e-05,1.00418e-05,0.378866,0.352739,25.0198,38.5132,39.6379,56.5242,0,0
18785,0,16.3742,14.2109,58.1,8.25652,0.40778,0.127108,1,292.23,0.254509,0.263132,2,44.8963,1,1,0.488934,0.141573,0,0.393378,0.196689,0.397984,0.332814,38.5153,46.0375,46.8963,63.1462,0,0
18860,0,3.96721,2.43724,50,1.21862,0.234606,0.137644,1,0,0.25,0.207417,1,41.7249,1,0,0.802159,0.312789,0,0.542774,0.271387,0.441802,0.329066,43.4685,43.5971,44.595,58.8077,0,0
19001,0,84.3803,57.0622,18.4,10.4995,0.632416,0.302833,2,5455.87,0.584173,0.506474,4,40.6269,2,0,1,0.301014,0.0450661,0.0387483,0.0419072,0.598647,0.67326,17.1984,59.9587,60.6972,65.863,0,0
19022,0,93.8942,81.6869,62.9,51.3811,0.0509635,0.0300398,2,3243.27,0.550037,0.210347,1,69.4154,2,2,0.9336,0.623446,0.210383,0.694616,0.452499,0.401752,0.353042,53.9351,37.9968,38.3738,62.15,0,0
19050,0,84.921,95.1867,50.1,47.6886,0.144126,0.0740871,1,290.824,0.254487,0.157567,1,68.4577,0,0,0.995182,0.021249,0,0.00860427,0.00430213,0.426791,0.298619,26.4953,43.9939,44.1396,66.3348,0,0
19075,0,42.6891,27.4569,47.1,12.9322,0.179233,0.0357569,2,95.5938,0.501475,0.238821,2,47.8746,2,0,1,0.60176,0.0900994,0.560012,0.325056,0.428121,0.388084,44.9474,48.6791,49.1293,67.3738,0,0
19100,0,63.4541,54.2162,51.1,27.7045,0.0934864,0.0201634,2,1086.89,0.516768,0.210139,1,56.5327,2,2,0.956979,0.683717,0.164564,0.642059,0.403311,0.414602,0.362172,50.6439,39.483,39.7953,63.2664,0,0
19110,0,53.6176,41.3296,42.5,17.5651,0.0822821,0.0126624,2,808.974,0.512481,0.202475,1,50.9916,2,2,0.530383,0.584095,0.158773,0.500195,0.329484,0.438561,0.376348,45.6295,44.8516,44.7512,58.1486,0,0
19130,0,74.2514,67.462,56.9,38.3859,0.0580391,0.0395133,1,722.669,0.261149,0.119567,1,63.7634,1,0,0.984603,0.428928,0.27832,0.589495,0.433907,0.46342,0.292993,54.9275,47.8695,47.8729,62.0995,0,0
19137,0,81.637,73.2765,56,41.0349,0.0563247,0.0273229,2,132.328,0.502042,0.19523,1,64.139,2,2,0.659553,0.248862,0.101593,0.349975,0.225784,0.448554,0.370147,39.3197,49.6133,49.3452,64.7786,0,0
19142,0,19.1272,11.6182,37.4,4.34519,0.435884,0.318831,2,1805.23,0.527851,0.427522,4,39.5087,2,0,1,0.686479,0.500743,0.72686,0.613802,0.580491,0.587753,50.2706,60.2015,60.1517,63.3481,0,0
19212,0,47.3592,22.8432,33.7,7.69815,0.318274,0.103222,1,5153.54,0.329508,0.250335,2,44.7843,0,0,0.99751,0.405903,0.263852,0.281563,0.272707,0.500347,0.426905,40.3677,49.6903,50.0614,67.56,0,0
19256,0,67.6009,73.4251,46,33.7755,0.0814621,0.0268722,2,877.759,0.513542,0.207292,1,59.936,2,1,0.988751,0.192588,0.0388141,0.151119,0.0949665,0.499699,0.402989,29.947,51.9068,51.7503,62.7967,0,0
19290,0,68.724,38.0313,36.3,13.8054,0.190123,0.0583204,2,2959.13,0.545653,0.264699,2,47.9418,2,2,0.999999,0.450401,0.108436,0.366519,0.237478,0.456493,0.431416,38.05,44.9449,45.1997,69.3246,0,0
19300,0,6.43434,0.651829,20.2,0.131669,0.222245,0.744317,1,819.473,0.262643,0.409735,4,37.6769,1,1,1,0.710522,0.124388,0.207853,0.166121,0.620596,0.469266,32.3403,63.7723,64.635,60.0961,0,0
19318,0,10.9327,2.44039,68.9,1.68143,0.299173,0.0603818,1,277.665,0.254284,0.204613,1,42.0195,1,1,0.604607,0,0,0,0,0.419176,0.333508,25.4605,44.8043,45.149,62.1339,0,0
19355,0,55.4957,76.4204,59,45.088,0.0472332,0.0668091,2,0,0.5,0.204681,1,66.1658,2,2,1,0.198789,0.0641075,0.207771,0.135939,0.389244,0.318364,34.8864,43.3862,43.5644,64.2831,0,0
19364,0,84.1323,78.0528,46.5,36.2946,0.0555833,0.0394975,1,1753.51,0.277053,0.124045,1,62.5289,1,0,1,0.485972,0.341023,0.446925,0.393974,0.424596,0.280755,52.7723,46.2232,46.3231,65.1445,0,0
19392,0,68.5549,74.3427,53.6,39.8477,0.138541,0.0403828,2,8117.51,0.625236,0.268053,2,61.9788,2,2,0.999998,0.325983,0.182047,0.209509,0.195778,0.398034,0.388631,36.8412,41.8951,41.5104,64.9733,0,0
19397,0,77.4534,77.9971,56.7,44.2243,0.0449015,0.0255203,2,4816.07,0.574302,0.214908,2,65.4902,2,2,0.597983,0.280977,0.145737,0.293442,0.21959,0.454932,0.395539,38.1336,45.7162,46.1757,59.7756,0,0
19418,1,41.9912,16.369,81.2,13.2916,0.0923567,0.0362589,1,1251.63,0.26931,0.132642,1,49.3565,2,2,0.816723,0,0,0,0,0.376785,0.251621,27.0852,44.343,44.0774,60.3908,0,1
19450,0,45.4085,52.6638,46.6,24.5414,0.155184,0.0137896,2,499.917,0.507713,0.225562,2,54.5292,2,1,0.999999,0.628308,0.119375,0.512185,0.31578,0.432451,0.378572,44.7065,43.9906,43.8761,61.4111,0,0
19455,0,31.9241,11.2452,21.6,2.42897,0.458581,0.393003,2,2637.33,0.540689,0.464091,4,37.6197,2,2,0.999998,0.234243,0.143521,0.104691,0.124106,0.654183,0.656389,22.6037,66.1112,66.6911,65.9899,0,0
19473,0,71.3201,75.7947,48.7,36.912,0.0659235,0.0337688,2,1655.9,0.525547,0.208413,1,61.6401,2,2,0.561847,0.196054,0.211613,0.304398,0.258006,0.466031,0.384066,40.9211,46.3709,45.9173,65.2281,0,0
19513,1,1.16699,0.751384,22,0.165305,0.271223,0.151132,1,807.699,0.262461,0.228272,2,40.8729,2,2,1,0.468876,0.127716,0.192007,0.159862,0.43819,0.343675,35.8149,44.6454,45.0775,65.8118,0,1
19517,0,55.2126,62.1997,56.3,35.0184,0.0615469,0.0373056,2,2633.06,0.540623,0.213158,2,60.516,2,2,0.984048,0.19857,0.0601739,0.179249,0.119711,0.419677,0.360915,32.7256,42.0674,42.0651,67.2801,0,0
19532,0,39.3408,45.3366,44.1,19.9935,0.278227,0.077074,2,743.939,0.511477,0.288926,3,50.8885,2,2,0.788312,0.781233,0.0546583,0.634458,0.344558,0.495951,0.468131,43.046,52.0542,52.6016,64.4217,0,0
19533,0,20.1397,2.11407,44,0.930192,0.234329,0.080138,2,34856.2,1,0.438156,4,37.4577,2,2,0.980872,0.0177018,0,0.00237006,0.00118503,0.361578,0.522741,20.2852,34.9861,35.0239,63.8165,0,0
19548,1,96.2721,77.2822,30.7,23.7256,0.268875,0.136598,1,535.49,0.258262,0.221245,2,54.1478,2,2,0.644791,0.106749,0.206786,0.0773656,0.142076,0.522531,0.398978,33.0964,55.6667,56.018,65.4768,0,1
19573,0,2.11604,2.14313,16.6,0.35576,0.526875,0.279698,2,923.198,0.514243,0.440272,4,37.1049,2,1,0.999997,0.385218,0.072912,0.109215,0.0910637,0.551639,0.58557,23.5455,54.0977,54.6401,70.3959,0,0
19585,0,63.3885,88.2135,39.5,34.8443,0.0758124,0.0322512,2,1409.73,0.521749,0.209938,1,60.4779,2,2,1,0.135678,0.120831,0.0809726,0.100902,0.438486,0.379435,30.9946,47.663,47.5391,64.6495,0,0
19622,0,61.1586,58.7093,43.2,25.3624,0.121528,0.0496053,1,8564.09,0.382126,0.18442,1,55.612,1,1,1,0.261208,0.109092,0.326831,0.217961,0.39822,0.301129,40.7436,47.0822,47.1693,64.7273,0,0
19693,0,54.7473,77.4609,46.4,35.9419,0.0401841,0.0554705,2,3794.74,0.558545,0.218067,2,60.9318,2,1,0.527832,0.188058,0.059493,0.184427,0.12196,0.443779,0.381596,32.3033,41.4622,41.1661,62.8337,0,0
19698,0,24.7586,13.8846,23.8,3.30453,0.401317,0.123507,2,1648.42,0.525432,0.350085,3,40.6266,2,2,0.861594,0.726551,0.19488,0.287643,0.241262,0.499599,0.513092,35.2332,54.1744,54.7797,69.6027,0,0
19701,0,43.4397,26.5907,66.1,17.5764,0.0883164,0.0652506,1,1793.25,0.277666,0.143744,1,51.6945,1,1,0.878216,0.00372521,0.0109285,0.00169052,0.00630951,0.406233,0.27676,27.0611,41.6138,42.221,65.4128,0,0
19743,0,59.6259,65.2179,43.8,28.5654,0.0902066,0.0213206,2,1002.2,0.515462,0.208996,1,57.0283,2,2,0.942022,0.393338,0.543811,0.265811,0.404811,0.427285,0.368318,50.5072,44.5186,44.6061,65.2393,0,0
19760,0,74.5375,63.3029,32.3,20.4468,0.0441616,0.0527984,2,0,0.5,0.198987,1,52.6549,2,2,0.980501,0.204739,0.0610971,0.141457,0.101277,0.467705,0.376793,31.0915,46.7206,47.255,60.1244,0,0
19780,0,71.9698,72.9942,44.1,32.1904,0.132828,0.0453036,2,618.673,0.509545,0.229225,2,58.6737,2,1,0.184806,0.395883,0.0559903,0.431487,0.243739,0.40933,0.356243,40.8882,38.7268,38.3939,62.3648,0,0
19785,0,67.0286,53.4489,75.5,40.3539,0.0930792,0.0530194,2,3387.47,0.552262,0.232787,2,63.0335,1,2,0.641418,0.425746,0.155997,0.568626,0.362312,0.424252,0.375752,47.6628,43.8173,43.9444,58.9522,0,0
19807,0,95.2642,63.0136,35.7,22.4958,0.268262,0.0907178,2,1346.79,0.520778,0.293253,3,52.157,2,2,1,0.269105,0.0563715,0.255999,0.156185,0.440031,0.416003,33.4762,51.1375,51.3342,67.0331,0,0
19809,0,10.3985,14.4724,72.4,10.478,0.153311,0.142989,1,28574.6,0.690848,0.329049,3,44.9336,1,1,0.666485,0,0,0,0,0.519209,0.523409,20.1891,50.2168,49.9719,65.3757,0,0
19821,0,76.2618,75.2491,45.1,33.9374,0.0508661,0.0590589,2,2616.27,0.540364,0.216763,2,59.858,2,2,0.750224,0.221682,0.358894,0.231872,0.295383,0.354155,0.313598,45.4643,36.5568,36.5427,67.7336,0,0
19824,0,68.2866,71.6702,55.1,39.4903,0.0498781,0.0654453,2,393.842,0.506076,0.207133,1,63.0745,2,1,0.945364,0.379959,0.217985,0.415122,0.316554,0.451379,0.350338,45.6937,46.1531,45.9784,62.0075,0,0
19845,0,29.044,23.3404,22.7,5.29828,0.446442,0.502709,2,6737.06,0.603939,0.517697,4,37.6876,2,2,1,0.950784,0.263003,0.382674,0.322838,0.599039,0.628996,34.6478,61.5924,61.6176,61.9702,0,0
20001,1,39.8644,2.89167,30.5,0.881959,0.516331,0.27531,0,41.866,0.000645907,0.264096,2,40.7777,1,1,0.477305,0.425284,0.181056,0.166863,0.173959,0.512924,0.3788,35.7414,49.2901,49.0905,71.532,0,1
20011,1,17.1372,4.0762,37,1.5082,0.509164,0.151243,0,1893.88,0.0292186,0.229875,2,41.6075,1,1,0.80181,0.680245,0.0767558,0.506978,0.291867,0.445015,0.328894,44.7902,45.981,45.8192,63.5061,0,1
20013,1,41.1674,2.99071,44.5,1.33087,0.544592,0.0890966,0,1586.81,0.0244811,0.21939,2,41.6421,1,1,0.933898,0.368796,0,0.373532,0.186766,0.448834,0.340083,37.67,37.4608,37.3543,73.6201,0,0
20032,1,7.9678,0.909247,52.8,0.480082,0.273088,0.0678058,0,344.703,0.00531807,0.115404,1,42.1571,1,1,0.809623,0.913727,0.24887,0.968476,0.608673,0.403247,0.213256,68.4869,38.3599,38.3248,71.3589,0,1
20045,0,22.3187,1.01824,48.6,0.494865,0.66789,0.296744,2,2167.87,0.533446,0.49936,4,35.7223,2,1,0.950423,0.418359,0,0.478203,0.239101,0.643126,0.689956,27.3706,61.0307,59.8918,68.6384,0,0
20060,1,35.9414,1.26087,43.8,0.552261,0.470227,0.164412,1,951.613,0.264681,0.299773,3,40.032,2,0,0.396645,0.684972,0.192282,0.689557,0.440919,0.509026,0.439003,49.736,52.093,51.8573,69.9077,0,0
20175,0,27.3886,41.7969,52.5,21.9434,0.1956,0.0371781,1,854.933,0.26319,0.165323,1,53.9343,1,1,1,0.361557,0.214662,0.30459,0.259626,0.414721,0.296198,43.6135,39.5961,39.3226,71.3657,0,0
20178,1,48.2319,18.0312,41.3,7.44687,0.351169,0.264543,0,2286.16,0.0352707,0.216994,2,45.1154,1,1,0.705479,0.674845,0.119598,0.469612,0.294605,0.484658,0.327072,45.0201,43.0961,42.8131,74.2303,0,0
20228,0,35.4505,8.43211,45.8,3.86191,0.360375,0.093477,1,441.681,0.256814,0.236889,2,42.8345,1,0,0.459679,0.469202,0.140724,0.398675,0.2697,0.478975,0.384379,41.644,48.4302,47.9996,70.8047,0,0
20238,0,44.5944,9.23921,48.2,4.4533,0.397636,0.119412,2,4096.55,0.563201,0.360083,3,41.0487,1,2,0.657005,0.257076,0.446963,0.307015,0.376989,0.506978,0.505832,43.2546,55.4472,55.659,70.6821,0,0
20250,0,63.9786,79.9825,40.7,32.5529,0.279321,0.182912,1,974.147,0.265029,0.24242,2,58.6205,1,0,0.61853,0.634437,0.32546,0.474914,0.400187,0.469348,0.373093,50.0513,44.816,44.2947,73.1598,0,0
20295,1,22.3318,40.3711,48.6,19.6203,0.313418,0.166268,0,16198.5,0.249909,0.243198,2,51.5152,1,1,0.817987,0.863089,0.115457,0.719742,0.4176,0.432673,0.330064,52.6644,37.6501,37.6669,61.835,0,1
20310,0,21.768,13.3089,56.6,7.53281,0.158461,0.104113,1,0,0.25,0.170858,1,45.7103,1,1,1,0.375527,0.162967,0.412571,0.287769,0.403752,0.26958,46.1509,40.2142,40.9496,64.4748,0,0
20383,1,20.2492,30.2877,44.4,13.4477,0.257015,0.273013,1,16603.9,0.506163,0.345397,3,46.197,1,1,0.815315,0.522718,0.097532,0.440553,0.269043,0.485256,0.437315,39.7695,41.9536,41.3111,66.7541,0,1
20400,0,23.5401,1.3945,32.6,0.454606,0.695595,0.635724,2,9013.62,0.639062,0.656793,4,31.1449,2,2,0.719904,0.318418,0.169194,0.168004,0.168599,0.505651,0.63182,26.1615,46.5935,45.9219,70.5449,0,0
20443,1,68.7748,11.9267,41.2,4.91379,0.380128,0.07152,0,2311.48,0.0356613,0.162436,1,44.3067,1,1,0.988697,0.346432,0,0.145534,0.0727669,0.431019,0.278821,31.5346,46.2156,46.5945,67.1705,0,1
20517,1,48.6768,1.43398,46.1,0.661065,0.412776,0.0957187,0,295.027,0.00455167,0.171016,1,41.803,1,1,1,0.406137,0.183099,0.325051,0.254075,0.390256,0.248683,44.4011,39.1507,39.2472,69.6437,0,1
20550,1,20.2753,16.8842,51,8.61094,0.352013,0.144049,0,415.731,0.00641388,0.167492,1,46.3577,1,1,0.87808,0.599938,0.151213,0.646055,0.398634,0.523507,0.330193,51.4887,49.7931,49.2613,69.3431,0,1
20570,0,38.6549,41.8131,74.9,31.318,0.180187,0.0321532,1,0,0.25,0.154114,1,59.3604,0,0,0.828776,0.103716,0.699169,0.119635,0.409402,0.377786,0.248117,54.7027,34.6189,34.2851,61.8089,0,0
20614,0,18.7896,31.1896,48.3,15.0646,0.279831,0.158925,2,0,0.5,0.312919,3,47.7404,2,2,0.628548,0.535997,0.059882,0.409468,0.234675,0.442815,0.412544,38.5217,40.3049,40.0914,69.1863,0,0
20621,1,52.9951,8.36188,41.7,3.4869,0.364885,0.159234,1,1262.31,0.269475,0.264531,2,42.223,2,1,0.855209,0.287042,0.01293,0.275425,0.144177,0.470915,0.368197,34.1213,38.9633,38.5735,69.087,0,0
20710,1,12.6959,1.43495,31.9,0.45775,0.549265,0.32382,1,1554.95,0.27399,0.382358,4,38.4353,2,2,0.817825,0.390742,0.0315175,0.347038,0.189278,0.565496,0.501562,32.5895,55.7584,55.6908,71.205,0,0
20750,0,20.2763,14.2568,40.7,5.80253,0.270141,0.09319,1,2766.69,0.292684,0.218672,2,44.1689,1,1,0.886761,0.381985,0,0.378957,0.189478,0.426114,0.319714,38.3899,38.2582,37.9787,70.0453,0,0
20770,0,17.8297,4.59924,41.7,1.91788,0.509309,0.319626,1,91.7541,0.251416,0.360117,3,39.676,0,0,0.593475,0.55223,0.0383434,0.439397,0.23887,0.501517,0.438031,37.9037,51.8012,51.7206,66.6533,0,0
20787,1,55.1627,48.0061,47.5,22.8029,0.206915,0.207672,0,318.583,0.00491508,0.139834,1,54.7049,1,1,0.974402,0.722494,0.188556,0.687095,0.437825,0.433118,0.215737,57.4217,45.5508,45.5118,71.4907,0,1
23001,0,25.6303,33.3775,27.1,9.04531,0.460911,0.243494,1,1907.21,0.279424,0.327943,0,44.1782,1,1,0.772384,0.926204,0.0751424,0.324489,0.199815,0.518904,0.461604,34.6787,53.594,53.7902,71.1033,0,0
23068,0,54.3361,81.0823,62.4,50.5953,0.278071,0.107056,1,1758.39,0.277128,0.220752,2,68.7583,1,1,0.85293,0.402083,0,0.486327,0.243164,0.515673,0.403309,39.3593,54.3071,54.1613,64.2269,0,0
23079,0,15.9063,6.05046,58,3.50926,0.192307,0.20498,1,4428.59,0.318324,0.238537,2,42.614,1,1,0.472409,0.690345,0,0.96679,0.483395,0.528046,0.397705,53.8996,50.9947,51.3076,68.9063,0,0
23090,0,4.4499,3.03169,68.2,2.06761,0.139317,0.0868236,2,1278.23,0.51972,0.24862,2,41.6651,2,1,0.719449,0.685111,0.40895,1,0.704475,0.46949,0.397849,64.9558,56.2501,57.6929,70.6006,0,0
23162,0,21.7693,25.9952,34.4,8.94233,0.299328,0.131118,1,1128.76,0.267415,0.23262,2,45.7395,1,0,0.443388,0.920365,0.0517104,0.554507,0.303109,0.552711,0.433373,41.9712,48.3586,48.2454,70.3321,0,0
23168,1,47.9567,29.9709,57.8,17.3232,0.0913647,0.0253256,0,19968.9,0.308078,0.14159,1,51.5716,1,1,0.224445,0.68516,0.0922182,0.772954,0.432586,0.383925,0.244542,56.3102,40.0053,40.0037,68.7736,0,1
23182,0,0.201577,0.00668151,45.3,0.00302673,0.220216,0.0955898,1,0,0.25,0.188602,1,41.2488,1,0,0.931792,0.811135,0.0153974,0.817644,0.416521,0.451341,0.319448,52.963,43.3562,43.3818,69.7077,0,0
23189,0,19.5955,9.13994,52.3,4.78019,0.213153,0.146178,1,61.8463,0.250954,0.203428,1,43.7842,1,1,0.0175438,0.627407,0.00248906,0.752242,0.377366,0.525955,0.369162,48.8163,54.565,54.1247,69.2283,0,0
23300,0,50.3696,28.3572,39.7,11.2578,0.141645,0.0789509,1,13142.8,0.452766,0.224454,2,47.1513,1,0,0.999226,0.963063,0.181091,0.689284,0.435187,0.480358,0.377553,51.9604,45.1307,44.7381,67.5271,0,0
23350,0,23.4849,50.4163,52.6,26.519,0.334744,0.201426,1,364.022,0.255616,0.263929,2,54.9221,1,1,0.219924,0.936425,0,0.96007,0.480035,0.476906,0.382007,54.3769,51.3395,51.842,65.7385,0,0
23417,0,37.453,36.3528,41.1,14.941,0.251706,0.106133,1,3126.03,0.298228,0.218689,2,49.2941,1,1,0.366084,0.832616,0.0583943,0.623318,0.340856,0.480626,0.374733,46.3858,52.6137,52.9766,72.9294,0,0
23419,0,2.06183,1.83534,60.5,1.11038,0.107655,0.125715,1,0,0.25,0.161123,1,42.1532,1,1,0.000902116,0.615306,2.88004e-05,0.963562,0.481796,0.493303,0.317056,57.043,52.6498,53.097,63.1537,0,0
23464,0,10.8941,0.906094,42.1,0.381466,0.248309,0.0887487,2,287.567,0.504437,0.280498,3,40.2487,2,2,0.579284,0.791369,0.153624,0.672641,0.413132,0.38842,0.375067,50.7512,38.2696,38.2135,71.7357,0,0
23466,0,22.0356,1.23436,41.1,0.507323,0.447777,0.14724,2,830.018,0.512805,0.369274,3,38.7289,2,2,0.592562,0.43675,0.020601,0.368636,0.194618,0.50317,0.527997,31.9037,54.0534,53.8512,69.1498,0,0
23500,0,0.892581,0.566047,65.4,0.370195,0.104961,0.0506072,2,1536.62,0.523707,0.226425,2,41.0119,2,1,0.809281,0.287212,0.497426,0.551045,0.524235,0.476097,0.390401,56.4819,50.4055,49.9977,68.6316,0,0
23555,0,6.34782,0.634226,43,0.272717,0.347385,0.155768,1,1686.96,0.276026,0.259727,2,40.5018,1,1,0.366438,0.956188,0.0243419,0.801327,0.412834,0.496256,0.40763,49.4567,52.7681,53.0047,73.2788,0,0
23570,0,19.4673,4.90888,52.9,2.5968,0.13861,0.156403,2,3759.54,0.558002,0.284338,3,41.4171,2,2,0.409997,0.65538,0,0.790454,0.395227,0.474866,0.426439,47.6741,44.9054,45.1371,65.9148,0,0
23574,0,0.999993,1.16549,67.9,0.791367,0.093989,0.104805,1,103.426,0.251596,0.15013,1,42.0697,1,0,0.656167,0.773943,0.465493,1,0.732747,0.438711,0.273676,72.9516,48.1216,48.9449,65.5256,0,0
23580,1,47.9519,5.78814,58.9,3.40921,0.181785,0.134903,1,0,0.25,0.188896,1,43.1769,2,1,0.835684,0.170873,0.0483819,0.162399,0.10539,0.466663,0.334005,32.4764,47.9667,48.1283,65.054,0,1
23586,1,18.7507,12.0182,53.1,6.38169,0.182849,0.0917392,0,1033.83,0.0159499,0.0968461,1,45.661,1,1,0.07843,0.83949,0.0137007,0.907394,0.460547,0.382551,0.191245,59.5288,42.9926,43.0284,69.5649,0,1
23660,0,1.02779,2.09735,40.4,0.847331,0.26631,0.380715,2,593.581,0.509158,0.385394,4,38.5819,2,1,0.202015,0.94801,0.00652989,0.766283,0.386406,0.59047,0.537356,42.3264,54.5711,54.4569,70.5201,0,0
23670,1,0.155559,0.0694768,76.3,0.0530108,0.0904139,0.0713267,0,115.31,0.00177899,0.0545065,1,42.2098,1,1,0.602693,0.726526,0.308098,1,0.654049,0.468246,0.233787,70.4755,46.5847,46.2107,65.3405,0,1
23672,1,2.23376,0.194048,46,0.089262,0.225034,0.21227,1,2029.68,0.281314,0.239539,2,40.6818,1,1,0,0.357214,0,0.415026,0.207513,0.591303,0.456456,35.3321,57.7278,57.7985,70.1193,0,1
23675,0,19.9314,17.2381,57,9.82572,0.119334,0.0515034,2,2061.11,0.531799,0.234212,2,46.2104,1,2,0.159469,0.583314,0.0262448,0.713304,0.369775,0.343212,0.312055,50.2726,39.7494,40.0186,67.4992,0,0
23678,0,12.7214,22.5306,58,13.0678,0.0994267,0.0547339,1,99.4658,0.251535,0.135232,1,49.206,1,0,0.147471,0.723695,0.0376734,0.924674,0.481174,0.346219,0.208471,60.4626,39.8105,39.8773,64.518,0,0
23682,1,29.6716,6.15404,61.3,3.77243,0.173246,0.0917101,0,1171.8,0.0180785,0.0943448,1,44.1766,1,1,0.999929,0.113675,0.0568056,0.18452,0.120663,0.405643,0.21202,36.0396,40.0156,39.6263,56.5438,0,1
23686,0,21.1189,25.3994,45.8,11.6329,0.087766,0.0353933,2,622.247,0.5096,0.21092,1,47.5481,2,0,0.853103,0.975793,0.226942,0.909928,0.568435,0.411003,0.335357,61.3534,34.2451,34.0931,65.059,0,0
23807,1,43.6081,36.1203,63.8,23.0447,0.248859,0.0820437,0,362.088,0.00558628,0.112163,1,55.1004,0,1,0.527861,0.154967,0.123153,0.166427,0.14479,0.477058,0.278386,36.4043,47.5362,47.8927,70.6525,0,1
23815,1,0.0542037,0.0247116,78,0.019275,0.0559881,0.039516,1,12258.5,0.439123,0.178209,1,41.3663,1,1,0.682496,0.252972,0.265405,0.472998,0.369201,0.417219,0.332844,49.5673,40.6321,40.1957,61.5822,0,1
23855,0,27.4369,27.0794,53.1,14.3792,0.222525,0.0730599,1,774.484,0.261949,0.185845,1,49.4157,1,0,0.705308,0.528744,0.119288,0.665013,0.392151,0.429811,0.305606,51.892,43.9626,44.0612,68.4128,0,0
25001,1,14.4437,2.12015,17.9,0.379506,0.484497,0.213704,0,1221.2,0.0188406,0.239014,2,40.8518,2,1,0.687346,0.969107,0.291722,0.133446,0.212584,0.551366,0.406812,37.3295,56.0549,55.3863,71.3542,0,1
25019,1,95.3471,73.283,25.8,18.907,0.393979,0.237172,0,1035.46,0.015975,0.215708,2,51.5529,2,1,1,0.554756,0.0876153,0.327489,0.207552,0.493689,0.305613,39.9428,56.789,56.5439,61.9831,0,1
25035,1,98.8958,84.8137,22.6,19.1679,0.556392,1,1,6611.99,0.352009,0.636134,4,40.6129,2,2,0.999996,0.968622,0.552765,0.252012,0.402388,0.684791,0.63259,38.4651,69.8226,69.8518,66.5748,0,0
25040,1,89.0328,89.982,22.7,20.4259,0.324746,0.170796,0,1924.26,0.0296873,0.175076,1,52.959,2,1,0.999997,0.697369,0.616179,0.268419,0.442299,0.4737,0.289566,55.5658,45.6929,45.7504,72.1665,0,1
25053,1,88.7968,87.9466,20,17.5893,0.422113,0.191099,0,1488.8,0.0229691,0.21206,2,50.8702,2,1,1,0.57715,0.0823989,0.18653,0.134464,0.549235,0.349402,33.9987,50.79,50.7569,70.4633,0,1
25086,1,48.9645,3.11224,38.3,1.19199,0.24633,0.532558,1,21710.7,0.584951,0.454613,4,37.2047,2,1,0.813674,0.728532,0.228328,0.350387,0.289358,0.59808,0.548778,36.511,59.8029,59.2336,61.5096,0,1
25095,1,87.0121,47.1295,29.3,13.8089,0.274512,0.241011,0,7870.28,0.121422,0.212315,2,48.75,2,1,1,0.995489,0.0878421,0.443047,0.265444,0.451703,0.292287,44.0981,45.5886,46.294,61.4702,0,1
25099,1,81.8042,92.1524,16.8,15.4816,0.527856,0.550477,0,295.184,0.00455409,0.360962,3,46.9394,2,1,1,0.336788,0.290516,0.0965938,0.193555,0.598414,0.413053,35.931,58.8751,59.5939,68.5952,0,1
25120,1,49.961,74.4796,39.5,29.4194,0.429161,0.132797,0,9514.64,0.146791,0.23625,2,57.0281,1,0,1,0.187036,0.197055,0.150187,0.173621,0.427851,0.296255,37.9247,44.5973,44.5921,63.8151,0,0
25123,1,98.6729,81.2056,20.6,16.7284,0.442829,0.287536,0,2016.72,0.0311139,0.253826,2,49.7392,2,1,1,0.902624,0.567439,0.289168,0.428304,0.539495,0.368675,51.8982,55.5405,55.4453,66.0386,0,1
25126,1,32.6933,6.37715,6.8,0.433646,0.676942,0.791118,0,3624.59,0.05592,0.507993,4,35.4657,2,1,0.549452,0.540703,0,0,0,0.740391,0.60066,17.5139,75.1544,74.6274,73.6823,0,1
25148,1,89.7932,90.363,41.2,37.2296,0.24478,0.196005,0,2047.85,0.0315941,0.15746,1,62.6366,2,1,0.691943,0.535994,0.0811296,0.441215,0.261172,0.476578,0.280974,44.1067,54.5007,55.0687,63.9445,0,1
25151,0,79.6802,47.1093,21.7,10.2227,0.484465,0.324775,2,2006.59,0.530958,0.446733,4,42.1045,2,2,0.91137,0.128094,0.00774216,0.0718067,0.0397744,0.478654,0.481364,24.0479,46.603,46.7827,67.508,0,0
25154,0,90.3461,67.2512,31.2,20.9824,0.229447,0.149189,2,746.258,0.511513,0.296716,3,51.2688,2,2,0.803268,0.352502,0.0466671,0.135812,0.0912394,0.549007,0.456696,28.0828,59.0614,59.4063,66.6551,0,0
25168,0,47.3087,50.0638,58.7,29.3875,0.190578,0.200396,1,161.428,0.25249,0.214488,2,57.3926,1,0,0.745762,0.929367,0.324513,0.973832,0.649172,0.392414,0.259695,69.1357,42.3535,42.5579,64.7767,0,0
25175,1,48.9759,9.3209,6.7,0.6245,0.740224,1,0,1207.35,0.0186269,0.586284,4,33.3847,2,1,0.999999,0.532469,0,0,0,0.704585,0.590629,17.8769,71.9247,72.0883,75.2651,0,1
25178,0,90.5804,86.9856,31.1,27.0525,0.249837,0.353881,1,8556.01,0.382002,0.328573,3,53.8086,1,0,1,0.0679756,0.104289,0.0130328,0.0586607,0.511383,0.419382,27.1302,52.8445,52.7465,68.1629,0,0
25181,0,81.8133,42.6136,22.5,9.58806,0.360814,0.254839,1,251.382,0.253878,0.289844,3,45.1839,1,0,1,0.194181,0.0162621,0.0351804,0.0257212,0.586772,0.450539,24.0986,62.6031,61.7949,67.9942,0,0
25183,0,72.4229,30.1082,27.5,8.27974,0.439907,0.31295,1,90.8697,0.251402,0.334753,3,43.6286,1,1,0.76316,0.339627,0.747294,0.0844165,0.415855,0.564321,0.444916,48.0781,55.3267,55.8594,69.4775,0,0
25200,1,79.9602,50.2432,12.6,6.33064,0.477006,0.470575,0,0,0,0.31586,3,42.928,2,1,0.999997,0.616559,0.0764389,0.0250643,0.0507516,0.631875,0.454253,25.5884,67.3378,67.785,66.8099,0,1
25214,1,35.967,8.56689,9,0.77102,0.887325,1,1,17417.4,0.518715,0.802013,4,26.3372,2,2,1,0.783006,0,0,0,0.680512,0.774787,10.549,70.3136,70.1491,75.2338,0,0
25224,1,88.6446,63.3998,25,15.8499,0.331124,0.181727,0,3954.34,0.0610074,0.191286,1,50.1765,2,1,0.680731,0.401431,0.217545,0.131967,0.174756,0.432406,0.287723,38.2015,44.6494,44.6944,65.4302,0,1
25245,0,96.5156,91.8176,18.3,16.8026,0.462511,0.292468,2,1757.12,0.527109,0.427363,4,45.9994,2,2,0.985394,0.894795,0.347947,0.165696,0.256821,0.588793,0.590748,32.8696,60.347,60.4441,67.9467,0,0
25258,1,98.5991,83.7718,49.5,41.467,0.186568,0.293498,1,87.3678,0.251348,0.243805,2,63.3917,2,1,1,0.340973,0.131113,0.297067,0.21409,0.423676,0.296883,40.5949,43.6969,43.5274,61.1156,0,1
25260,0,59.719,47.5379,12.8,6.08485,0.573924,0.297316,2,861.1,0.513285,0.461508,4,39.5849,2,0,1,0.922907,0.102742,0.0552249,0.0789834,0.65212,0.638479,20.7558,59.4623,59.4436,75.2762,0,0
25269,1,44.7846,7.10002,10.5,0.745502,0.654999,0.284944,0,477.511,0.00736702,0.31577,3,39.8653,2,1,1,0.760672,0,0,0,0.653171,0.523227,20.195,64.7397,64.9588,72.3126,0,1
25279,0,59.1373,39.2592,27.4,10.757,0.439941,0.238407,2,3080.86,0.547531,0.408626,4,43.3312,2,2,0.870796,0.050039,0.0524195,0.047107,0.0497632,0.592501,0.556015,22.1507,58.6602,58.5092,69.2329,0,0
25281,1,90.922,71.0454,45.2,32.1125,0.30408,0.169898,1,5346,0.332478,0.268818,2,57.8442,2,1,0.00844925,0.199383,0.000573263,0.221792,0.111183,0.528038,0.396812,31.1721,55.277,55.732,66.2499,0,1
25286,1,48.1613,21.9653,7.8,1.7133,0.771245,0.998482,0,184.864,0.00285207,0.59086,4,33.7897,0,0,1,0.653876,0,0,0,0.700741,0.588459,17.9548,69.9705,69.7178,75.6103,0,0
25288,1,55.9652,42.5045,23.6,10.0311,0.292867,0.340877,0,0,0,0.211248,2,46.6438,2,1,1,0.620374,0.0408987,0.218667,0.129783,0.535945,0.323037,34.3635,55.3324,55.8205,71.5113,0,1
25290,1,75.5989,17.4121,12.2,2.12428,0.692265,0.370671,1,2575.35,0.289732,0.450889,4,37.7835,2,1,1,0.788872,0.010656,0.0270379,0.0188469,0.700682,0.651463,16.7214,68.2408,68.5053,73.0271,0,1
25293,1,95.2093,74.5018,51.5,38.3684,0.383661,0.298913,0,25652.4,0.395763,0.359446,3,58.8075,2,1,0.706974,0.019097,0.160221,0.0305147,0.0953677,0.476617,0.4379,28.9326,51.2692,51.6863,66.4354,0,1
25295,1,25.0325,12.867,11.1,1.42823,0.523312,0.457041,0,130.099,0.00200717,0.327453,3,40.0315,2,1,0.996818,0.722154,0.00336755,0.0013587,0.00236312,0.617798,0.45011,22.6088,66.0218,66.4682,64.6061,0,1
25297,1,91.2566,78.0694,43.2,33.726,0.453792,0.236336,0,4817.81,0.074329,0.254819,2,59.0058,2,1,0.725251,0.101693,0.158496,0.273575,0.216035,0.480568,0.346626,39.3885,49.4287,50.3831,67.0712,0,1
25299,1,93.7414,81.7698,42.9,35.0792,0.248076,0.259241,0,53489,0.5,0.335773,3,57.8015,2,1,0.38222,0,0.129047,0,0.0645235,0.477168,0.44122,26.8634,52.2902,52.1671,65.0192,0,1
25307,1,57.7836,8.90525,13.4,1.1933,0.740102,0.455497,0,758.099,0.0116959,0.402432,4,38.4038,0,0,0.836946,0.823516,0.104129,0.0121371,0.058133,0.751007,0.605133,20.8388,74.3024,74.5267,69.1528,0,0
25312,0,95.9192,89.9499,19.9,17.9,0.336369,0.376784,2,0,0.5,0.404384,4,47.1617,2,2,0.89735,0.607619,0.211537,0.196967,0.204252,0.569581,0.519335,32.8091,60.5947,61.6906,64.1417,0,0
25317,1,63.992,75.1041,25.7,19.3017,0.461763,0.181823,0,1327.43,0.0204795,0.221355,2,51.6879,2,1,0.999998,0.832111,0.0472125,0.269534,0.158373,0.562038,0.404195,33.9807,50.025,50.1319,71.3283,0,1
25320,1,38.3061,8.54688,27.2,2.32475,0.420729,0.234252,0,1077.7,0.0166267,0.223869,2,42.1449,2,1,0.698518,0.795247,0.0910483,0.276035,0.183542,0.526517,0.345602,37.3085,56.2783,56.8737,64.8555,0,1
25322,1,59.8538,59.436,15.5,9.21258,0.42368,0.479473,0,5441.37,0.0839492,0.329034,3,44.2476,2,1,0.963442,0.300805,0.215339,0.0295051,0.122422,0.669878,0.486122,29.0614,69.6467,70.1288,68.2177,0,1
25324,1,84.7898,33.4055,32.9,10.9904,0.327702,0.315877,0,1952.93,0.0301297,0.22457,2,46.9999,2,1,1,0.672243,0.200485,0.248844,0.224665,0.612466,0.407949,38.0497,62.2116,62.2385,65.8535,0,1
25326,1,67.8263,29.6251,33.1,9.80591,0.414108,0.264113,0,633.053,0.0097667,0.229329,2,46.2695,2,1,0.839433,0.17763,0.981743,0.139336,0.56054,0.582755,0.380119,58.9137,52.0038,52.1436,64.89,0,1
25328,1,96.1453,65.8256,29.4,19.3527,0.309126,0.215094,1,0,0.25,0.258073,2,51.1124,2,2,0.999999,0.89809,0.0817408,0.550319,0.31603,0.573837,0.411859,43.5446,59.0703,59.2126,67.1817,0,0
25335,0,97.803,94.2473,29.6,27.8972,0.303357,0.711099,2,0,0.5,0.504819,4,49.1826,2,2,0.349755,0.0499453,0.00650321,0.025891,0.0161971,0.558164,0.507133,21.736,54.4564,53.0313,65.7065,0,0
25339,0,70.3532,88.5782,37.6,33.3054,0.267453,0.168493,1,1833.84,0.278292,0.238079,2,59.114,1,1,0.721936,0.078671,0.007751,0.0213063,0.0145287,0.442912,0.30567,27.0415,54.2301,54.2345,64.742,0,0
25368,1,77.8992,36.3599,34.9,12.6896,0.35816,0.282519,0,7981.12,0.123132,0.254604,2,47.4918,2,1,0.959627,0.888172,0.22326,0.429128,0.326194,0.49134,0.338692,46.6743,55.4582,55.911,66.8926,0,1
25372,1,77.1349,58.6813,57.8,33.9178,0.215352,0.13838,0,4535.08,0.0699669,0.141233,1,60.9858,2,1,0.350515,0.0546774,0.195928,0.284384,0.240156,0.479147,0.276436,42.8257,46.7197,46.9059,64.2963,0,1
25377,1,79.3861,27.7316,9.8,2.7177,0.466729,0.735053,1,1747.9,0.276967,0.492916,4,37.0357,2,1,1,0.467875,0,0,0,0.704494,0.590377,17.8859,69.6622,70.0229,72.0038,0,0
25386,0,99.8764,87.7892,18.3,16.0654,0.622234,0.472887,2,4977.12,0.576787,0.557302,4,41.8311,2,2,1,0.980913,0.38928,0.209337,0.299309,0.621787,0.676521,31.1288,65.7211,65.3006,67.839,0,0
25394,1,97.2321,88.7641,39.4,34.9731,0.324465,0.118047,0,1131.52,0.017457,0.153323,1,61.4272,1,1,1,0.514119,0.0961735,0.409682,0.252928,0.427063,0.253671,44.2117,48.5305,48.7711,66.3504,0,0
25398,1,99.6596,86.7711,50.3,43.6459,0.235554,0.135079,0,1129.45,0.0174251,0.129352,1,66.6178,2,1,1,0.843204,0.132162,0.817078,0.47462,0.497194,0.302293,57.1395,54.5959,54.6536,64.0559,0,1
25402,1,99.9982,87.601,22.1,19.3598,0.525836,0.533482,0,8366.67,0.129081,0.396133,4,48.1282,2,1,1,0.36416,0.0452678,0.157737,0.101502,0.667154,0.520832,26.5642,66.5372,66.6131,66.5833,0,1
25407,1,94.2544,84.8999,29.1,24.7059,0.414481,0.14795,0,11258.4,0.173694,0.245375,2,54.2788,2,1,0.999998,0.432066,0.0580729,0.157956,0.108014,0.510816,0.401414,30.8345,53.639,53.6825,68.4076,0,1
25426,0,89.8905,92.0331,38.2,35.1566,0.245143,0.221069,1,20915.2,0.572678,0.346297,3,57.5584,1,0,0.693167,0.337514,0.274261,0.149722,0.211991,0.377242,0.350194,39.0248,37.368,37.9459,71.1001,0,0
25430,0,33.1995,13.8789,10.4,1.44341,0.571866,0.486942,2,1038.85,0.516027,0.524945,4,35.5302,2,0,1,0.516941,0,0,0,0.664174,0.67377,14.7367,66.213,65.8317,73.3691,0,0
25436,0,90.3346,82.5245,35.5,29.2962,0.287802,0.226706,1,12314.4,0.439985,0.318165,3,55.2365,1,1,0.799378,0.252339,0.41261,0.241422,0.327016,0.433533,0.384424,45.1963,47.7684,47.5714,63.7233,0,0
25438,1,47.4926,3.51001,38.5,1.35135,0.378915,0.148279,0,7633.83,0.117774,0.21499,2,41.7083,2,1,0.979812,0.00171013,0.0305242,0.131711,0.0811179,0.432552,0.297849,31.697,45.1643,45.7047,63.7543,0,1
25473,0,63.4382,26.7541,9.6,2.56839,0.666597,0.620522,2,0,0.5,0.595706,4,34.0668,2,2,1,0.300671,0,0,0,0.780125,0.749037,11.6525,79.4845,78.5567,73.9779,0,0
25483,1,69.731,19.6539,27.8,5.46378,0.517095,0.448904,1,27576.4,0.675448,0.547149,4,36.937,2,2,0.86994,0.971538,0.153891,0.277997,0.215944,0.553454,0.617789,29.4165,61.9025,61.1643,62.2099,0,0
25486,1,36.953,40.4559,14.2,5.74474,0.412479,0.472994,0,296.9,0.00458055,0.296685,3,42.9495,2,1,0.758403,0.577554,0.144109,0.0588425,0.101476,0.564853,0.380378,31.0061,62.7418,63.1662,70.7403,0,1
25488,1,31.5338,27.8432,22.1,6.15334,0.287666,0.788569,0,19067.2,0.294167,0.456801,4,39.7398,2,1,0.654989,0.879131,0.0545381,0.157976,0.106257,0.735094,0.568377,25.1058,76.545,77.4693,61.1,0,1
25489,1,99.9179,69.4515,30.2,20.9744,0.354289,0.266188,0,0,0,0.206825,1,52.8378,2,1,1,0.742537,0.0648026,0.304406,0.184604,0.449648,0.287921,38.8539,46.8097,47.4921,62.055,0,1
25491,0,100,84.125,26.2,22.0408,0.355662,0.21288,2,1581.42,0.524398,0.364314,3,50.318,2,2,0.999999,0.512211,0.0557021,0.201172,0.128437,0.514554,0.512299,28.5132,54.8395,54.9096,62.412,0,0
25506,0,100,82.9588,38.1,31.6073,0.339148,0.163019,2,0,0.5,0.334056,3,56.055,2,2,0.999997,0.147579,0.187733,0.135451,0.161592,0.453044,0.443193,32.9422,45.5048,44.9903,69.3365,0,0
25513,1,98.507,97.087,27.7,26.8931,0.469676,0.205332,0,4104.27,0.0633205,0.246109,2,55.4642,2,1,1,0.406307,0.0612128,0.231899,0.146556,0.601552,0.442978,32.0075,64.4868,64.6759,68.8405,0,1
25518,0,96.0738,85.5564,55,47.056,0.21853,0.267714,2,0,0.5,0.328748,3,64.0194,2,2,1,0.0548576,0.0296901,0.055411,0.0425505,0.431273,0.376551,27.2504,48.515,48.4664,63.8134,0,0
25524,1,100,84.7917,36.7,31.1186,0.265291,0.188295,0,1631.31,0.0251677,0.159585,1,59.1779,2,1,1,0.764995,0.197508,0.511869,0.354688,0.473379,0.275761,50.3779,48.8985,49.2569,66.2316,0,1
25530,0,18.9982,5.51189,37.4,2.06145,0.547961,0.592879,2,5602.89,0.586441,0.57576,4,34.4079,2,1,0.999898,0.0859219,0.066193,0.0398628,0.0530279,0.566823,0.577793,21.5589,59.6166,59.2691,63.9919,0,0
25535,0,70.7507,85.3011,30.6,26.1021,0.333656,0.154147,2,1491.57,0.523012,0.336938,3,53.1095,2,2,1,0.419139,0.151291,0.148072,0.149682,0.506567,0.468253,31.3596,49.7422,50.1909,66.6507,0,0
25572,1,27.8712,9.17887,31,2.84545,0.476685,0.460776,0,4488.9,0.0692545,0.335572,3,40.6561,2,1,0.995867,0.833974,0.0461672,0.430412,0.23829,0.582341,0.436844,37.9099,63.2097,62.9092,62.4052,0,1
25580,0,75.0418,28.3251,46,13.0295,0.23322,0.104905,1,0,0.25,0.196042,1,48.5277,1,0,1,0.85596,0.314819,0.685924,0.500371,0.498554,0.364438,56.2711,53.5939,53.2066,62.8647,0,0
25592,1,81.7351,52.3473,32.1,16.8035,0.251016,0.309026,1,8121.87,0.375304,0.311782,3,48.7043,2,2,1,0.936106,0.0722562,0.524384,0.29832,0.565228,0.475917,40.0479,57.18,56.8459,64.2464,0,0
25594,1,95.0994,84.8369,37.7,31.9835,0.394069,0.559861,0,17576.6,0.27117,0.408367,4,54.1965,2,1,0.436248,0.0863769,0.0101033,0.126304,0.0682037,0.483963,0.392593,28.5027,48.8396,49.261,73.0518,0,1
25596,1,82.8806,64.3317,44.1,28.3703,0.285618,0.133959,0,21312.4,0.328807,0.249461,2,56.2084,2,1,0.999999,0.886349,1,0.744426,0.872213,0.418435,0.341976,74.1856,40.7579,41.3654,66.1301,0,1
25599,0,96.4295,80.6851,28.4,22.9146,0.361892,0.26921,2,3172.97,0.548952,0.393352,4,50.0353,2,1,1,0.999952,0.789436,0.357657,0.573547,0.608406,0.590532,48.4932,60.5206,61.0681,61.1392,0,0
25612,0,11.767,1.5463,17.5,0.270603,0.487769,1,2,1226.58,0.518924,0.668898,4,30.6694,2,1,0.889853,0.877421,0.303701,0.0716192,0.18766,0.714397,0.691325,24.5737,72.6389,72.2786,60.9841,0,0
25645,1,95.2278,85.1529,21.8,18.5633,0.236641,0.188791,0,2019.7,0.0311598,0.152197,1,52.1685,2,1,0.999999,0.501529,0.577566,0.19401,0.385788,0.552242,0.323457,50.9143,55.5597,55.2679,60.305,0,1
25649,1,71.3023,87.3153,34.8,30.3857,0.45274,0.149542,1,214.658,0.253312,0.285198,3,56.566,2,2,1,0.298225,0.166194,0.144848,0.155521,0.511249,0.425583,33.132,50.7999,50.9013,64.4303,0,0
25653,1,99.1147,93.083,36.9,34.3476,0.28543,0.137177,1,1596.62,0.274633,0.232413,2,59.7906,2,1,1,0.0509176,0.0175841,0.0364249,0.0270045,0.552011,0.386979,25.957,57.6551,57.9381,64.7592,0,1
25658,1,97.7503,82.9934,20.2,16.7647,0.432998,0.203044,1,4115.35,0.313491,0.316511,3,48.5869,2,1,1,0.496819,0.0413972,0.1378,0.0895985,0.504599,0.423835,28.9906,50.0459,49.9454,64.1297,0,1
25662,1,59.9665,47.7492,35.6,16.9987,0.393423,0.299058,0,7335.79,0.113176,0.268552,2,49.6333,2,1,0.856151,0.839308,0.185582,0.435896,0.310739,0.459911,0.324663,46.1258,43.7717,44.3994,70.2791,0,1
25718,1,100,84.1267,22.9,19.265,0.347631,0.259853,0,18.2705,0.000281876,0.202589,1,51.9425,2,1,0.999998,0.61396,0.0563189,0.265096,0.160707,0.54637,0.321426,36.4497,59.056,58.9151,66.3913,0,1
25736,0,52.7262,24.8626,17.7,4.40068,0.42543,0.552169,1,586.383,0.259047,0.412215,4,39.8933,1,0,0.968503,0.546422,0.313186,0.102541,0.207864,0.671088,0.52519,32.7949,71.5928,71.8354,67.3595,0,0
25740,1,83.4948,44.7155,13.5,6.03659,0.547871,0.466328,0,3153.6,0.0486536,0.354284,3,42.0221,2,1,1,0.503272,0.121389,0.0242372,0.0728133,0.639427,0.494158,25.7078,65.0049,65.0744,69.0601,0,1
25743,1,99.7773,82.2825,23.5,19.3364,0.41081,0.257982,0,305.927,0.00471982,0.224504,2,51.6587,2,1,0.908377,0.611188,0.122754,0.280911,0.201832,0.549372,0.351838,38.3209,54.5015,54.6293,66.8295,0,1
25745,1,57.9593,17.4457,22.4,3.90784,0.465084,0.286662,0,667.574,0.0102993,0.254015,2,42.6155,2,1,0.934878,0.316869,0.0364484,0.0551741,0.0458112,0.49722,0.334086,28.5126,53.4233,53.3593,65.6577,0,1
25754,1,50.7437,8.05136,14.1,1.13524,0.506103,0.141647,0,629.225,0.00970765,0.219153,2,41.5349,2,1,1,0.410603,0.142754,0.00917874,0.0759665,0.503877,0.375348,29.4761,54.3299,54.2102,66.4768,0,1
25758,0,36.8622,19.2607,8,1.54086,0.767125,1,1,4154.85,0.314101,0.693742,4,30.4611,0,1,0.999996,0.793782,0,0,0,0.768521,0.708855,13.326,78.4441,79.0917,71.6726,0,0
25769,0,78.6763,41.4527,12.6,5.22304,0.454502,0.387945,1,200.005,0.253086,0.365177,3,41.3592,1,1,0.918896,0.540457,0.070811,0.0204418,0.0456264,0.669985,0.543181,22.351,67.6379,68.2172,71.1263,0,0
25772,1,74.5467,70.1857,14,9.82599,0.413674,0.216564,0,3458.23,0.0533534,0.227864,2,46.3015,2,1,0.27682,0.35928,0.0919189,0.022954,0.0574365,0.533675,0.352134,28.8514,51.6652,52.1635,70.4236,0,1
25777,1,99.6203,90.5525,28.2,25.5358,0.352238,0.181194,0,2194.5,0.0338567,0.189096,1,55.6435,2,1,1,0.564628,0.0674121,0.315809,0.191611,0.550399,0.344608,37.8611,54.9859,55.2542,64.6275,0,1
25779,1,74.7458,39.7663,27.1,10.7767,0.319013,0.20124,1,23.593,0.250364,0.256872,2,46.3945,2,1,0.926722,0.675862,0.0493923,0.18156,0.115476,0.44306,0.328645,33.2771,44.1986,44.6342,61.5325,0,1
25781,1,89.0269,70.8165,21.3,15.0839,0.453286,0.184581,0,10004.4,0.154347,0.264071,2,48.6578,2,1,0.912415,0.428041,0.0286836,0.153821,0.0912525,0.507509,0.406278,29.6124,53.3294,53.1318,64.8877,0,1
25785,1,59.7318,18.907,9.6,1.81507,0.415045,0.531554,1,0,0.25,0.398866,4,38.8139,2,0,0.900126,0.551525,0,0,0,0.66265,0.547718,19.3776,68.46,69.4235,70.8902,0,0
25793,1,83.5805,79.565,24.3,19.3343,0.549069,0.301953,1,83053.1,0.75,0.533674,4,44.1579,2,2,0.947181,0.280003,0.581749,0.0790542,0.330402,0.580921,0.63513,34.7408,60.8802,61.181,69.5797,0,0
25797,1,94.6445,75.1468,18.5,13.9022,0.282602,0.236295,0,2431.81,0.0375179,0.185472,1,49.1511,2,1,0.999999,0.836091,0.442767,0.200375,0.321571,0.530017,0.314509,47.1236,53.5709,53.6989,61.0041,0,1
25799,0,10.3426,6.83645,10.4,0.710991,0.78743,1,2,13016.7,0.700821,0.829417,4,25.3059,2,2,0.999999,0.761005,0,0,0,0.725876,0.839706,7.66622,75.3632,75.1751,73.6493,0,0
25805,1,95.4519,69.3269,27.4,18.9956,0.249477,0.193584,0,881.01,0.0135922,0.152218,1,52.4135,2,1,1,0.772825,0.135132,0.245011,0.190071,0.463463,0.244619,40.1743,49.1406,49.8215,63.806,0,1
25807,0,95.6118,75.2468,52.3,39.3541,0.225348,0.160719,1,12507.4,0.442963,0.276344,2,61.5224,0,1,1,0.707026,0.762013,0.699123,0.730568,0.483862,0.404858,65.6122,45.9839,45.7872,62.5406,0,0
25815,1,48.5343,32.1929,24.4,7.85506,0.491255,0.323775,0,959.424,0.0148019,0.276611,2,44.4548,2,1,0.911617,0.996589,0.590171,0.286284,0.438228,0.575116,0.417866,50.4924,59.0418,59.1984,65.1732,0,1
25817,0,23.7338,9.23863,10.1,0.933101,0.75487,1,1,5589.82,0.336239,0.697037,4,30.0647,1,0,0.848249,0.723205,0,0,0,0.706477,0.702626,13.58,71.4567,71.2008,69.9455,0,0
25823,1,85.2316,64.0436,47.1,30.1646,0.146877,0.0408752,0,4774.26,0.073657,0.0871363,1,59.3678,2,1,1,0.0580359,0.0899665,0.0529456,0.0714561,0.382752,0.18646,33.0313,39.6096,39.3535,57.4647,0,1
25839,1,83.2731,87.2769,47,41.0201,0.49862,0.289899,0,1081.76,0.0166893,0.268403,2,62.5878,2,1,0.639293,0.0158741,0.125642,0.0135966,0.0696195,0.49542,0.366552,29.2904,47.3354,47.7711,66.0564,0,1
25841,0,76.0958,44.9988,34.1,15.3446,0.325722,0.227141,1,3619.72,0.305845,0.286236,3,48.4059,0,0,1,0.0533984,0.0309769,0.023407,0.0271919,0.462662,0.336686,27.2088,46.9752,46.5137,66.8577,0,0
25843,1,65.8379,19.3173,14.2,2.74306,0.632323,0.257637,0,5.38976,8.3153e-05,0.296681,3,41.2942,2,1,1,0.621204,0.0106624,0.0676243,0.0391433,0.497787,0.389541,26.686,52.1533,52.0985,71.212,0,1
25845,0,55.0763,71.4901,29.6,21.1611,0.50731,0.207705,1,8508.76,0.381273,0.365429,3,49.8304,1,0,0.892304,0.177197,0.0120174,0.0120326,0.012025,0.515062,0.450406,23.2224,51.4947,52.0703,66.9347,0,0
25851,1,96.8761,82.3518,35.5,29.2349,0.496776,0.231951,0,17550.1,0.270762,0.333163,3,54.8422,2,1,1,1,0.0837358,0.554132,0.318934,0.50238,0.456213,42.0353,53.4474,53.7541,67.1093,0,1
25862,1,95.3287,83.4565,50,41.7283,0.244585,0.112895,1,9334.72,0.394015,0.250498,2,63.3799,2,0,1,0.258471,0.132252,0.243005,0.187629,0.439112,0.376474,36.6881,48.2445,48.2538,62.8489,0,0
25867,1,71.3685,38.3858,31.6,12.1299,0.351073,0.14745,1,672.595,0.260377,0.252966,2,47.2077,2,0,1,0.929345,0.0753886,0.477172,0.276281,0.491174,0.396628,41.644,58.5216,57.8242,65.4816,0,1
25871,0,91.5758,76.1487,38.2,29.0888,0.310842,0.269173,2,30188.4,0.965745,0.515253,4,49.3928,0,2,1,0.102616,0.0432718,0.255727,0.149499,0.454702,0.593775,26.6542,46.0677,45.6749,67.0601,0,0
25873,0,96.8673,88.3596,31.4,27.7449,0.494863,0.271734,1,26906.2,0.665107,0.477235,4,50.0056,1,1,1,0.255519,1,0.0788487,0.539424,0.528477,0.560413,48.7071,51.9881,52.3587,69.0822,0,0
25875,1,93.2358,93.1482,18.7,17.4187,0.632464,0.363198,0,4958.92,0.076506,0.35739,3,48.0483,2,1,0.999998,0.937168,0.0329623,0.220107,0.126534,0.670456,0.543395,27.2601,69.9119,70.3277,71.3475,0,1
25878,1,91.1722,89.8579,36.3,32.6184,0.349595,0.150103,0,674.187,0.0104013,0.170033,1,59.8777,2,1,0.961124,0.563429,1,0.28613,0.643065,0.49952,0.3,67.0301,53.8067,53.6743,67.7646,0,1
25885,0,82.7991,79.3984,55.5,44.0661,0.241318,0.086965,1,8400.2,0.379598,0.23596,2,64.9507,1,1,1,0.46447,0.141646,0.462991,0.302319,0.385272,0.316481,45.8281,40.0949,40.4078,62.2093,0,0
25898,1,58.0049,64.0056,20.5,13.1212,0.341637,0.244585,0,13818.5,0.21319,0.266471,2,47.5341,2,1,1,0.811787,0.430231,0.182532,0.306382,0.567685,0.425675,42.4541,55.4812,55.2427,63.5408,0,1
25899,1,75.0659,52.8206,10.3,5.44052,0.655041,0.470358,1,1568.98,0.274206,0.466535,4,39.123,2,1,0.929487,0.445902,0,0,0,0.733119,0.666306,15.0305,75.1387,75.1726,73.6061,0,1
27001,1,39.1287,4.32121,44.4,1.91862,0.565995,0.168394,0,743.641,0.0114729,0.248621,2,41.5817,1,1,0.978614,0,0,0,0,0.449574,0.349561,25.0936,46.3896,46.7722,64.2239,0,1
27006,1,74.5143,19.4624,51.4,10.0037,0.373924,0.0703703,1,2551.93,0.289371,0.244555,2,46.1564,1,1,0.181338,0.213128,0.00549858,0.0988433,0.052171,0.406549,0.318256,29.3011,50.8574,50.6114,68.2793,0,1
27025,1,69.5871,45.0138,90.6,40.7825,0.0469034,0.0947953,1,9330.84,0.393956,0.178551,1,64.2905,1,1,0.649205,0,0,0,0,0.384464,0.272984,26.702,43.8653,43.6869,54.7513,0,1
27050,0,8.85794,10.3639,61.5,6.3738,0.202774,0.329827,2,0,0.5,0.3442,3,42.4077,2,0,0.791635,0,0.0100382,0,0.0050191,0.343796,0.333096,25.8063,41.7904,42.4316,57.9255,0,0
27073,0,38.7856,33.7499,81,27.3374,0.133981,0.137156,1,2634.01,0.290637,0.187258,1,56.6775,1,1,0.95507,0,0,0,0,0.394381,0.290678,26.3626,50.3152,50.9126,64.0085,0,0
27075,1,68.5362,11.6312,46.6,5.42014,0.484665,0.186386,0,0,0,0.223684,2,43.8879,1,1,0.553535,0,0,0,0,0.421037,0.290435,26.3674,46.1488,45.6036,63.6867,0,1
27077,0,51.6937,37.9465,80.4,30.509,0.103467,0.172338,1,1388.86,0.271427,0.182411,1,58.5202,1,1,0.65368,0,0,0,0,0.470027,0.328081,25.581,46.3759,45.7181,62.5895,0,0
27099,0,47.9412,28.4042,77.1,21.8997,0.0552294,0.176878,2,0,0.5,0.244036,2,52.7588,2,2,0.931871,0,0,0,0,0.482188,0.385055,24.2284,49.3447,48.501,61.1314,0,0
27135,0,17.9573,18.6454,60.2,11.2245,0.252472,0.0864399,1,925.926,0.264285,0.201066,1,47.4473,1,0,0.19834,0,0,0,0,0.402989,0.316117,25.8404,46.3513,46.5615,62.9017,0,0
27150,0,65.3456,49.704,77.8,38.6697,0.0819043,0.126353,2,18767.1,0.789538,0.332599,3,59.7192,2,2,0.877676,0.00852575,0.0129796,0.00232015,0.00764988,0.437366,0.416743,23.8937,51.2112,49.6804,55.7982,0,0
27160,0,2.68428,5.00814,55.9,2.79955,0.22547,0.0988332,2,20570,0.817353,0.380552,4,39.7336,2,2,0.204331,0,0.00137894,0,0.00068947,0.495323,0.566903,18.7596,58.9562,59.4893,57.5383,0,0
27205,0,25.6944,3.83667,53.2,2.04111,0.428118,0.0710333,1,5448.4,0.334058,0.277736,2,41.2142,1,1,0.111229,0,0,0,0,0.474943,0.438135,22.8002,50.8954,51.3303,67.3143,0,0
27245,0,52.1536,72.9987,54,39.4193,0.32277,0.155238,1,7769.66,0.36987,0.282626,3,61.4047,1,1,1,0.0336711,0.00957308,0,0.00478654,0.392101,0.343308,25.5584,44.4758,44.6864,61.7612,0,0
27250,0,21.7513,9.52035,83.1,7.91141,0.0438496,0.0624881,2,0,0.5,0.202113,1,45.5672,2,0,0.944365,0,0.0153457,0,0.00767287,0.424079,0.359497,25.3692,49.63,49.02,54.1243,0,0
27361,0,4.98218,19.2044,55.1,10.5816,0.541232,0.122879,2,223.953,0.503455,0.389189,4,43.6963,2,2,0.54269,0,0,0,0,0.388169,0.459229,22.1896,46.3522,45.9494,63.2597,0,0
27372,0,88.7044,23.5706,71.8,16.9237,0.194659,0.192008,2,0,0.5,0.295556,3,49.0909,2,1,0.0464056,0,0,0,0,0.461639,0.417682,23.3691,61.8545,60.0243,58.1228,0,0
27413,0,20.8866,24.4098,74.4,18.1609,0.177954,0.170197,1,1819.47,0.278071,0.208741,1,51.2374,1,1,0.859604,0,0.00787133,0,0.00393567,0.401004,0.300313,26.436,49.2156,50.4287,63.686,0,0
27425,0,54.1002,43.4673,76.6,33.2959,0.0470022,0.110563,1,1357.39,0.270942,0.142836,1,60.6154,1,1,0.999971,0,0,0,0,0.410235,0.269143,26.773,40.9075,41.3527,48.5434,0,0
27430,0,49.4519,32.2382,80.2,25.855,0.0511437,0.168273,1,0,0.25,0.156472,1,56.2495,1,1,0.223241,0,0,0,0,0.543014,0.351053,25.0588,64.0783,63.315,59.2579,0,0
27450,0,15.8019,24.0102,69.7,16.7351,0.0914274,0.0355227,1,3171.43,0.298929,0.14196,1,51.2333,1,1,0.357261,0,0,0,0,0.425323,0.299057,26.195,48.1884,48.547,63.7502,0,0
27491,0,24.0795,35.5953,60.1,21.3928,0.221698,0.0514379,2,3963.83,0.561154,0.278097,2,51.8597,2,1,0.114228,0,0,0,0,0.490052,0.474686,21.7272,57.6999,56.765,54.1985,0,0
27493,0,43.5349,24.21,68.25,17.5423,0.17871,0.116721,1,1826.03,0.336913,0.232344,2,51.2354,1,1,0.60137,0,0,0,0,0.41736,0.339921,25.4755,48.702,48.524,61.4463,1,1
27495,0,61.6112,35.3186,72.9,25.7473,0.0860157,0.0225415,2,185.53,0.502862,0.203807,1,55.5446,2,0,0.204057,0,0,0,0,0.394033,0.336533,25.3925,47.9541,46.8696,57.7619,0,0
27580,0,29.388,14.292,75.1,10.7333,0.1032,0.0484489,1,27570.5,0.675356,0.275668,2,46.0603,0,0,0.0867086,0,0,0,0,0.353568,0.375029,24.4802,35.252,36.0792,58.027,0,0
27600,0,26.0964,19.956,66.8,13.3306,0.127582,0.0434755,1,525.628,0.258109,0.143056,1,49.2843,1,1,0.99963,0,0.0124121,0,0.00620605,0.333782,0.22019,28.024,38.2307,37.9664,65.8246,0,0
27615,1,72.2163,51.2072,70.9,36.3059,0.136473,0.109641,1,1832.58,0.278273,0.174796,1,61.8666,1,1,0.664588,0.00702332,0.0114697,0.0032447,0.00735721,0.465255,0.291825,26.8392,49.6709,49.7473,53.6416,0,1
27660,0,83.1761,89.3191,59.1,52.7876,0.179466,0.197261,2,4804.13,0.574118,0.316948,3,67.1693,2,1,0.807143,0,0,0,0,0.491688,0.451413,22.4186,53.973,53.9798,58.0858,0,0
27745,0,51.6402,37.9489,69.7,26.4504,0.149545,0.149137,1,0,0.25,0.182894,1,56.2429,1,1,0.274582,0,0.00761844,0,0.00380922,0.465358,0.330491,25.7834,51.747,51.1388,59.3213,0,0
27787,0,35.1836,8.44355,59.9,5.05769,0.361529,0.0661806,1,2936.59,0.295306,0.241005,2,43.4466,1,1,0.705353,0,0.00393727,0,0.00196863,0.413682,0.363228,24.9,38.2119,38.5954,70.7403,0,0
27800,0,73.7371,36.7779,63.4,23.3172,0.206087,0.073641,1,7092.42,0.359421,0.21305,2,54.0502,1,0,0.201884,0.0580842,0.00967674,0.0295781,0.0196274,0.367845,0.258307,28.3113,40.4612,40.5359,62.3001,0,0
27810,0,22.3589,13.0628,57.4,7.49804,0.333714,0.157719,1,5818.59,0.339769,0.277067,2,44.2497,1,0,0,0,0,0,0,0.38187,0.345951,25.1775,53.2719,54.1291,67.4349,0,0
41001,1,42.1589,3.13981,17.6,0.552607,0.735586,0.32227,1,176.891,0.252729,0.436862,4,37.2883,2,1,1,0.572394,0.124919,0.0438293,0.0843742,0.620169,0.603528,22.4559,63.86,64.4236,69.8081,0,0
41006,1,29.8109,52.4911,51,26.7704,0.266335,0.0947953,1,0,0.25,0.20371,1,56.1155,2,2,1,0.158091,0.0267252,0.199745,0.113235,0.479206,0.34742,32.6556,52.4379,52.6108,67.4994,0,0
41013,1,55.8051,58.7247,50,29.3624,0.410403,0.138211,0,984.886,0.0151948,0.187936,1,57.7986,2,1,1,0.702484,1,0.373529,0.686764,0.535273,0.354518,66.5486,53.1602,53.0803,70.5898,0,1
41016,0,56.33,17.9621,35.4,6.35857,0.547625,0.258824,2,1042.08,0.516077,0.440842,4,40.2446,2,2,1,0.591043,0.228943,0.133242,0.181093,0.512611,0.55767,29.9427,55.9206,56.5635,67.0733,0,0
41020,1,58.3741,22.3646,45.2,10.1088,0.370493,0.0649345,1,4786.33,0.323843,0.25309,2,46.0835,2,0,1,0.251772,0.53559,0.164606,0.350098,0.480782,0.405189,45.8451,51.7903,52.0513,70.8056,0,0
41026,1,28.0704,13.8767,30.4,4.21851,0.493851,0.230803,0,571.584,0.00881836,0.244491,2,42.9274,1,0,1,0.462049,0.0704351,0.344447,0.207441,0.562818,0.399373,37.2446,57.1809,57.5818,67.4705,0,0
41078,0,59.1181,21.1672,49.4,10.4566,0.32941,0.140213,1,2236.54,0.284505,0.251376,2,46.3036,1,0,1,0.496331,0.533049,0.426431,0.47974,0.526007,0.418373,52.7927,53.1635,53.5144,69.4659,0,0
41132,1,28.7475,6.11203,31.1,1.90084,0.490931,0.202494,0,14382.5,0.221893,0.305106,3,40.6863,1,1,0.999999,0.650993,0.396772,0.335005,0.365888,0.525335,0.436203,45.5771,55.6209,56.1025,71.1144,0,0
41206,1,82.2426,47.4892,61.7,29.3008,0.268028,0.058812,0,222.763,0.00343677,0.110092,1,58.6899,1,1,1,0.262242,0.0677905,0.202278,0.135034,0.431766,0.227616,36.7555,49.6148,50.1302,62.7448,0,0
41244,1,48.6152,27.8955,32.3,9.01025,0.279654,0.117523,0,0,0,0.132392,1,46.9139,0,0,0.999999,0.549853,0.116247,0.304755,0.210501,0.516235,0.301282,40.2472,57.6654,58.6099,70.7294,0,0
41298,1,40.1318,14.8589,32,4.75486,0.439436,0.130319,1,940.85,0.264515,0.27809,2,42.7142,2,2,1,0.544179,0.986213,0.236742,0.611478,0.523079,0.444465,58.2568,55.4766,56.2422,67.7216,0,0
41306,1,46.1389,52.4438,36.9,19.3518,0.397717,0.199405,0,0,0,0.199041,1,52.0406,1,1,1,0.60789,1,0.344344,0.672172,0.577242,0.381388,64.4382,52.1868,52.7498,69.1967,0,0
41319,1,22.9934,29.6657,43.2,12.8156,0.274612,0.0744775,1,133.727,0.252063,0.200384,1,48.3516,2,2,0.999999,0.264823,0.0216927,0.202647,0.11217,0.533964,0.401177,31.1093,56.2286,57.0043,72.5413,0,0
41349,1,17.2433,9.54182,38.8,3.70223,0.527074,0.138946,1,4707.71,0.32263,0.32955,3,41.2369,2,0,0.999998,0.701563,1,0.236495,0.618247,0.524794,0.483232,56.4542,55.4245,55.7536,67.7281,0,0
41357,1,49.1072,58.2976,49.6,28.9156,0.271805,0.032444,0,4810,0.0742084,0.126152,1,58.3181,0,0,0.999999,0.280998,0.9061,0.22203,0.564065,0.455763,0.278774,63.4108,48.2232,48.459,70.0783,0,0
41359,0,46.0081,17.3971,43.1,7.49816,0.282369,0.0517032,1,2201.09,0.283958,0.20601,1,45.2856,1,0,1,0.521744,0.179238,0.399224,0.289231,0.468676,0.366715,43.4459,52.8931,53.2015,68.3285,0,0
41378,1,48.0766,65.1301,44,28.6572,0.292575,0.0651007,1,0,0.25,0.202558,1,57.1822,2,2,1,0.135582,0.0588216,0.0447762,0.0517989,0.474626,0.360884,28.2601,51.8192,52.1718,70.1877,0,0
41396,1,80.6513,44.2559,42.5,18.8087,0.378856,0.0837506,1,421.061,0.256496,0.239701,2,51.124,2,0,0.962212,0.235971,0.0417978,0.274457,0.158127,0.543399,0.437097,32.9253,56.2212,56.8802,73.7143,0,0
41483,1,44.534,22.8901,46.9,10.7355,0.280971,0.0907344,0,4128.5,0.0636943,0.145133,1,47.7864,1,1,1,0.374272,0.217433,0.221521,0.219477,0.53492,0.335928,39.9141,55.5078,55.8715,73.6053,0,0
41503,1,57.0772,69.9818,58.5,40.9394,0.181427,0.0386828,1,935.814,0.264438,0.161516,1,64.6492,2,1,1,0.16123,1,0.154645,0.577323,0.482126,0.341269,61.5864,49.3528,49.9801,71.4337,0,0
41518,1,49.1788,39.1862,39.1,15.3218,0.450564,0.14866,1,751.615,0.261596,0.28694,3,48.3804,2,0,1,0.638861,0.0822456,0.352738,0.217492,0.524856,0.449884,36.1755,54.8942,54.5031,69.283,0,0
41524,0,24.9905,16.1598,32.6,5.26808,0.481077,0.376174,1,5936.18,0.341583,0.399611,4,40.6394,1,1,1,0.686065,0.229163,0.252165,0.240664,0.583408,0.526011,34.6823,62.9932,63.4949,69.5153,0,0
41530,1,31.5664,51.603,51,26.3175,0.201013,0.0653657,1,127.106,0.251961,0.17278,1,56.3055,2,2,0.999997,0.00776596,0.08022,0.00679031,0.0435052,0.506624,0.352058,27.9297,56.7436,56.4996,68.8455,0,0
41548,1,54.6222,70.9942,43.9,31.1665,0.293005,0.055991,0,0,0,0.116332,1,59.6954,0,0,1,0.533058,1,0.455307,0.727653,0.495054,0.285036,72.1237,52.6402,52.9273,68.0123,0,0
41551,1,40.3413,31.4668,33.7,10.6043,0.55278,0.177674,1,897.872,0.263852,0.331436,3,44.9543,2,2,1,0.457082,0.0836863,0.270605,0.177146,0.588451,0.526652,30.9185,62.4318,62.5784,71.2616,0,0
41615,1,25.5434,2.84114,27.4,0.778473,0.420728,0.237852,0,4091.25,0.0631196,0.240567,2,41.0547,1,0,0.999999,0.626629,0.430267,0.242785,0.336526,0.585925,0.412937,44.7409,56.4666,56.2041,69.3045,0,0
41660,1,62.4976,72.399,57.8,41.8466,0.227583,0.0533228,1,882.132,0.263609,0.181505,1,64.8278,2,2,1,0.060492,1,0.0980949,0.549047,0.486213,0.352509,59.5265,53.2832,53.3534,71.5914,0,0
41668,1,60.8662,66.8623,36.3,24.271,0.293637,0.0591782,1,92.2322,0.251423,0.201413,1,54.7579,2,2,0.977344,0.111734,0.0502464,0.0641707,0.0572085,0.504788,0.386114,27.9604,52.9035,53.0128,71.2645,0,0
41676,0,36.7344,54.4972,51.5,28.066,0.295504,0.0747641,2,645.12,0.509953,0.293407,3,55.147,2,0,1,0.243837,0.32645,0.370557,0.348504,0.499892,0.455685,43.7819,50.2513,50.3581,69.8599,0,0
41770,1,36.8981,49.9381,41.6,20.7743,0.21998,0.0785348,1,222.203,0.253428,0.183981,1,53.0418,2,2,0.856698,0.388796,0.0187026,0.33411,0.176407,0.46894,0.334434,37.1449,52.5877,52.9912,70.7991,0,0
41791,1,48.1185,75.7672,47.1,35.6864,0.248069,0.0582702,0,110.284,0.00170145,0.10268,1,62.3982,2,1,1,0.52229,1,0.461694,0.730847,0.501832,0.282875,72.3901,54.281,54.3708,73.1795,0,1
41797,1,39.4625,82.1917,36.1,29.6712,0.447315,0.150285,1,2785.75,0.292978,0.296859,3,55.9266,2,0,0.999999,0.723547,0.423696,0.401085,0.41239,0.566572,0.492172,45.8005,58.0222,57.7362,72.922,0,0
41799,1,50.2509,20.5943,44.5,9.16446,0.351351,0.11281,1,6298.22,0.347169,0.270443,2,45.2811,2,2,0.999999,0.547976,0.864509,0.517446,0.690977,0.503687,0.415242,63.3994,52.2508,52.286,69.1892,0,0
41801,1,50.7887,73.187,39.9,29.2016,0.422438,0.0691081,0,6611.73,0.102005,0.19785,1,57.5584,2,1,0.999999,0.224737,0.334758,0.138023,0.23639,0.511268,0.365879,40.1265,55.1886,55.6861,68.0887,0,1
41807,1,31.6411,25.3095,40.8,10.3263,0.267707,0.0677361,1,1345.68,0.270761,0.202068,1,46.9287,2,0,0.999999,0.316185,0.149668,0.309886,0.229777,0.510144,0.386758,39.0563,55.0546,55.0598,71.0327,0,0
41872,1,24.4694,10.9889,37.9,4.1648,0.428784,0.144542,1,1419.81,0.271905,0.281744,3,42.328,2,0,1,0.434441,0.497676,0.137488,0.317582,0.523372,0.431685,42.9016,55.2028,54.9576,64.5935,0,0
41885,0,14.8941,2.92359,23.8,0.695814,0.893259,0.490812,1,18502.9,0.535462,0.639844,4,31.7961,1,0,0.999999,0.511704,0.417355,0.138533,0.277944,0.625268,0.739106,26.9369,65.9651,65.8044,67.5566,0,0
44001,1,7.88277,4.92058,45.1,2.21918,0.483726,0.129983,1,861.573,0.263292,0.292334,3,41.0772,2,2,0.979885,0.173989,0.561129,0.0906534,0.325891,0.509295,0.451812,42.6172,53.4943,54.0767,66.7976,0,1
44035,0,6.98485,4.0317,49.8,2.00779,0.59302,0.514627,2,1307.84,0.520177,0.542608,4,35.3298,2,2,0.934365,0.449663,0.892863,0.163008,0.527936,0.635006,0.665713,42.2931,64.2864,63.3703,64.8599,0,0
44078,0,67.1227,8.8415,46.7,4.12898,0.557705,0.113612,1,2242.72,0.284601,0.318639,3,41.6717,1,1,0.72338,0.607751,0.746932,0.257911,0.502421,0.394194,0.392586,55.1832,36.8816,36.9724,65.9129,0,0
44090,0,54.1027,27.0121,65.5,17.693,0.177037,0.16509,2,1654.38,0.525524,0.289217,3,49.6316,2,0,0.869582,0.101988,0.369375,0.0991062,0.234241,0.415599,0.376156,39.6725,47.4196,47.1171,63.4299,0,0
44098,1,40.4594,3.20391,40.2,1.28797,0.227593,0.0545393,1,6921.93,0.356791,0.212975,2,41.6972,2,2,0.567022,0.839029,0.5369,0.383375,0.460138,0.496062,0.394091,52.7369,48.7055,49.01,65.2171,0,1
44110,0,63.5461,0.389811,37,0.14423,0.418567,0.174866,2,2222.1,0.534282,0.375905,4,38.3985,2,0,0.999332,0.385606,0.291611,0.342254,0.316933,0.468203,0.469665,41.384,48.3654,48.5454,67.4686,0,0
44279,0,50.9906,3.47408,36,1.25067,0.446803,0.0630146,1,491.774,0.257587,0.255801,2,41.1053,1,1,0.417723,0.821032,0.122113,0.366387,0.24425,0.467774,0.39726,39.6272,40.3396,40.0104,71.8914,0,0
44378,1,52.8103,23.977,43.3,10.382,0.460207,0.156468,1,194.198,0.252996,0.28989,3,45.6194,2,2,0.995351,0.870733,0.763494,0.316871,0.540182,0.533027,0.465168,53.75,56.0944,56.3896,68.2086,0,1
44420,0,46.4394,10.5496,43,4.53632,0.287776,0.145072,2,12654.2,0.695229,0.376026,4,40.7624,2,2,1,0.467685,0.412555,0.209736,0.311146,0.471688,0.476924,40.7557,46.2564,45.8274,59.1196,0,0
44430,0,12.684,4.73813,60,2.84288,0.385321,0.0430551,2,447.347,0.506902,0.311759,3,41.0892,2,2,0.738455,0.225944,0.505667,0.0533957,0.279531,0.461902,0.475092,38.9759,48.7577,48.7256,66.4576,0,0
44560,1,15.7006,10.6364,86.7,9.22174,0.0510758,0.0333256,1,162.325,0.252504,0.112302,1,47.1896,2,2,0.977362,0.105974,1,0.0651036,0.532552,0.428909,0.283971,61.3252,50.3501,50.0405,57.1058,0,1
44650,0,45.2081,7.44353,36.6,2.72433,0.325455,0.0654685,2,804.017,0.512404,0.301109,3,41.2088,2,2,0.636879,0.733146,0.127195,0.299906,0.213551,0.424209,0.409534,37.3015,42.7326,42.2905,71.1912,0,0
44847,0,3.14566,4.32726,92.2,3.98974,0.0288275,0.103332,2,845.17,0.513039,0.215066,2,43.1948,2,2,0.3371,0,0.775239,0,0.38762,0.472932,0.399038,48.3163,44.6555,44.9148,58.5543,0,0
44855,0,71.1364,6.3609,32,2.03549,0.421854,0.0451277,1,414.33,0.256392,0.241125,2,41.7521,0,0,0.999717,0.321985,0.207541,0.121369,0.164455,0.422623,0.344788,36.0855,43.3608,44.2669,66.8048,0,0
44874,0,42.0813,0.722832,31,0.224078,0.435004,0.0371306,2,305.068,0.504707,0.325614,3,39.4044,1,2,1,0.545333,0.140181,0.227292,0.183737,0.42529,0.443226,34.3214,39.9799,39.9448,67.4194,0,0
47001,0,58.2279,12.3508,24.4,3.0136,0.627632,0.400181,2,3433.96,0.552979,0.526931,4,36.2742,2,2,0.88587,0.0560252,0.0387746,0.0163839,0.0275793,0.601585,0.662127,16.813,60.8245,61.5238,67.3003,0,0
47030,1,3.64836,18.1562,57.3,10.4035,0.312874,0.0355384,1,15043.6,0.482091,0.276835,2,45.8585,1.5,0.5,0.988958,0.840718,0.791197,1,0.895599,0.459788,0.415022,69.7392,47.5296,47.1881,67.8144,0,1
47053,1,42.038,3.39828,50,1.69914,0.296646,0.0493789,0,2170.73,0.0334899,0.126505,1,42.7779,1.5,0.5,0.977868,0.0363937,0.0774982,0.115294,0.0963961,0.438351,0.261924,33.4754,39.1171,39.4635,60.7285,0,1
47058,0,5.41231,0.0932722,56.4,0.0526055,0.352598,0.0718157,2,852.715,0.513156,0.312523,3,39.5401,2,2,0.947511,0.834168,0.67748,0.961647,0.819564,0.442626,0.434817,66.7116,44.8397,45.1935,68.1477,0,0
47161,1,39.8303,29.868,62.4,18.6376,0.222307,0.0748072,0,845.473,0.0130439,0.103386,1,52.6477,1.5,0.5,0.748893,0.620781,0.160937,0.609209,0.385073,0.32131,0.148623,55.2661,30.5613,30.3875,67.4723,0,1
47170,1,7.35536,1.36471,53.3,0.727388,0.276619,0.04881,0,8052.18,0.124229,0.149886,1,42.0353,1.5,0.5,0.644721,0.804922,0.147805,0.991613,0.569709,0.370237,0.232028,65.4321,28.7517,28.0496,66.3556,0,1
47189,0,64.9361,15.3597,44.6,6.85044,0.445492,0.162993,1,2454.76,0.287872,0.298786,3,43.5212,1,1,0.901216,0.0418303,0.0371423,0.126451,0.0817966,0.466353,0.41408,28.7764,45.2011,45.0362,69.4046,0,0
47205,1,24.9196,62.1399,67.9,42.193,0.176606,0.0531198,0,1039.67,0.01604,0.0819218,1,66.2916,0,0,0.351717,0.930668,0.0805151,1,0.540258,0.399832,0.197739,64.6119,42.1135,42.3833,70.4525,0,0
47245,0,41.7558,71.0611,54.7,38.8704,0.35621,0.0727094,1,7686.45,0.368586,0.265835,2,61.514,1,0,1,0.327284,0.177763,0.379805,0.278784,0.448851,0.408657,41.3846,43.4439,42.8632,71.6763,0,0
47258,1,31.6534,32.0421,50.4,16.1492,0.153457,0.00652292,1,13024.8,0.450945,0.203642,1,50.1815,1.5,0.5,0.999999,0.850413,0.17222,0.825953,0.499087,0.438716,0.357546,56.4826,38.9393,38.4559,66.8394,0,1
47268,1,42.5467,2.57391,63.6,1.63701,0.381345,0.0815553,1,129462,0.75,0.4043,4,38.6,1,0.5,0.700311,0.173912,0.0849942,0.330988,0.207991,0.465048,0.516497,33.1402,43.9815,43.9047,66.7509,0,1
47288,0,36.3337,3.0551,43.9,1.34119,0.452991,0.0608364,1,14156.4,0.468405,0.32741,3,39.9846,1,0,0.878595,0.267883,0.216829,0.193413,0.205121,0.495952,0.499891,33.6026,44.9508,44.5186,69.6392,0,0
47318,1,31.378,41.6191,60.3,25.0963,0.202125,0.0422537,0,24.3708,0.000375991,0.081585,1,56.4986,1.5,0.5,0.999999,0.751231,0.180604,0.95028,0.565442,0.393706,0.196961,66.2632,45.0219,45.0873,69.9286,0,1
47460,0,46.6415,45.1302,66.4,29.9664,0.234042,0.0705332,1,5008.86,0.327276,0.210617,1,57.7772,1,0,0.886535,0.995135,0.144947,1,0.572474,0.470886,0.361202,60.4244,44.6581,43.8921,65.8624,0,0
47541,1,18.8474,24.4564,56.2,13.7445,0.329823,0.0235296,0,24206,0.373449,0.242267,2,48.2733,1.5,0.5,0.214182,0.679547,0.0596857,0.63663,0.348158,0.286324,0.287005,49.6378,31.3628,31.4849,70.3265,0,1
47545,1,8.48014,47.0445,60.8,28.6031,0.255974,0.113917,1,3526.3,0.304404,0.224765,2,56.7846,1.5,0.5,1,0.69165,0.454807,0.720035,0.587421,0.375115,0.274761,64.949,38.7708,38.8377,61.3428,0,1
47551,0,14.505,25.5766,52.4,13.4021,0.310939,0.0953277,2,293.721,0.504532,0.303599,3,47.0191,2,0,0.978753,0.696092,0.132306,0.832761,0.482534,0.41155,0.388315,54.2529,45.9828,45.7767,68.8206,0,0
47555,0,19.1063,23.4156,52.7,12.34,0.390489,0.0864534,2,4685.36,0.572285,0.349742,3,45.51,2,2,0.920198,0.682367,0.137,0.725668,0.431334,0.478319,0.504962,46.2242,49.2561,48.7675,66.9346,0,0
47570,1,9.68271,21.7613,58,12.6216,0.135729,0.0574952,1,3630.67,0.306014,0.166413,1,48.6453,2,2,0.118965,0.0182877,0.00581248,0.0135192,0.00966586,0.401216,0.287436,27.0829,38.0232,38.2758,65.2051,0,0
47605,1,75.7,65.3747,50.6,33.0796,0.261415,0.0313348,1,7335.99,0.363179,0.218643,2,59.3536,1.5,0,0.785143,0.285618,0.0901605,0.228256,0.159208,0.3901,0.326955,36.2101,35.2199,34.6938,65.4565,0,1
47660,0,11.3147,3.60604,69.4,2.50259,0.140026,0.0348022,2,0,0.5,0.224943,2,42.2311,2,2,0.820627,0.779578,0.582899,1,0.79145,0.473557,0.391017,68.6641,43.2671,42.7025,62.9452,0,0
47675,0,94.7131,76.8969,44.3,34.0653,0.315509,0.138753,2,18846.9,0.790769,0.41501,4,55.0196,2,0,1,0.92123,0.0854393,0.797209,0.441324,0.479708,0.546006,44.7623,45.0023,44.5596,74.5059,0,0
47692,0,18.8455,40.0248,63.8,25.5358,0.201796,0.0391021,1,1669.59,0.275758,0.172219,1,55.8733,1,0,1,0.842965,0.194341,1,0.59717,0.414135,0.300399,64.4675,38.2678,38.363,71.541,0,0
47703,0,28.1124,29.3723,56.4,16.566,0.0984522,0.0307315,1,9935.98,0.403292,0.177492,1,50.7514,0,1,0.976555,0.698255,0.14614,0.766529,0.456335,0.467521,0.355094,54.0836,42.3943,41.8525,68.1462,0,0
47707,1,22.1877,36.491,47.3,17.2602,0.305752,0.0584993,1,9763.76,0.400635,0.254962,2,50.0136,1.5,0.5,0.945086,0.798178,0.176801,0.67602,0.42641,0.41255,0.356152,52.2585,41.9965,41.7996,64.0144,0,1
47720,1,30.0351,42.795,57.8,24.7355,0.315213,0.0602752,0,10116.2,0.156073,0.177187,1,55.3581,1.5,0.5,1,0.859196,0.172025,0.938842,0.555433,0.475031,0.325916,61.0217,47.8301,47.7458,66.0494,0,1
47745,0,56.5414,44.9435,70.7,31.7751,0.239976,0.249949,2,41680,1,0.496642,4,51.2791,2,0,0.171418,0.0521251,0.0400205,0.0462104,0.0431154,0.492365,0.6246,19.1992,53.6224,54.9557,61.1194,0,0
47798,0,14.1613,51.2475,56.3,28.8523,0.236162,0.0590049,1,9800.92,0.401208,0.232125,2,56.7919,1,1,0.977179,0.557022,0.235236,0.680955,0.458095,0.362811,0.306852,55.9649,41.7085,41.2556,69.7542,0,0
47960,0,20.9906,48.5382,70.4,34.1709,0.175892,0.00927732,2,8456.6,0.630468,0.271879,2,58.8796,2,1,0.723935,0.917942,0.277502,1,0.638751,0.428414,0.421162,60.7649,34.6441,34.9292,62.822,0,0
47980,1,18.7452,11.2489,48.6,5.46696,0.151807,0.0692486,0,22397.6,0.345549,0.188868,1,44.3427,1.5,0.5,0.909885,0.165199,0.0642957,0.179825,0.12206,0.468702,0.325227,33.7976,39.7619,39.8219,66.7387,0,1
50001,0,24.4352,12.9479,15.9,2.05871,0.734532,0.311793,2,4930.66,0.57607,0.540798,0,35.4061,2,2,0.835942,0.27468,0.0125197,0.0102916,0.0114057,0.600822,0.696248,14.4991,61.7676,62.5769,64.9238,0,0
50006,0,43.6345,4.94739,19.2,0.949898,0.908537,0.437731,1,5632.63,0.3369,0.561056,4,34.2764,0,0,0.982809,0.129856,0.0145966,0.00836092,0.0114788,0.630863,0.683988,14.9996,63.6899,64.0153,72.1016,0,0
50110,0,10.7611,7.31663,36.5,2.67057,0.678002,0.985288,2,0,0.5,0.721097,4,30.0647,1,2,0.58578,0.19809,0.0297789,0.275035,0.152407,0.581096,0.620867,25.707,57.7708,58.1048,68.4437,0,0
50124,0,9.9415,0.0602047,32.2,0.0193859,0.709228,0.771079,2,0,0.5,0.660102,4,30.83,2,2,0.655406,0.36523,0.0301538,0.29418,0.162167,0.531027,0.600324,27.1181,51.3262,50.5018,64.8603,0,0
50150,0,1.06747,0.179,23.1,0.041349,0.676222,1,2,23039.1,0.855446,0.843889,4,24.4725,2,2,1,0.532838,0.0338793,0.109068,0.0714734,0.601338,0.775452,14.458,59.8411,59.4519,71.9673,0,0
50223,0,52.5841,5.37313,21.8,1.17134,0.518412,0.196934,2,0,0.5,0.405115,4,38.3335,2,1,0.953669,0.0309852,0.00707968,0.0181771,0.0126284,0.544432,0.560263,19.7256,51.3016,51.3143,69.4344,0,0
50226,0,2.99497,5.02429,22.7,1.14051,0.585081,0.405619,1,13479.1,0.457954,0.482885,4,36.4784,1,1,0.859043,0.248872,0.0387463,0.0418113,0.0402788,0.590724,0.586928,20.4529,63.026,63.4014,71.6401,0,0
50245,0,93.3175,67.3595,29.7,20.0058,0.207284,0.183645,2,1355.37,0.520911,0.303947,3,50.5938,2,2,0.331356,0,0.0327319,0,0.0163659,0.506108,0.445073,23.6578,51.9205,52.3998,64.825,0,0
50251,0,43.7373,3.48094,42.2,1.46896,0.35717,0.162691,2,6672.26,0.602939,0.374267,3,39.1474,2,2,1,0.221515,0.0140637,0.223085,0.118574,0.547527,0.537679,26.9928,57.492,57.5103,67.8974,0,0
50270,0,36.2121,21.1242,28.9,6.10489,0.311666,0.162705,1,7241.64,0.361724,0.278698,2,43.452,0,0,0.999999,0.146413,0.00814767,0.124555,0.0663512,0.48394,0.407248,27.9739,43.5963,43.4929,69.2809,0,0
50287,0,3.50349,3.7169,32,1.18941,0.545415,0.225592,2,4602.92,0.571014,0.44734,4,37.3777,2,2,1,0.674697,0.00951186,0.373219,0.191366,0.548993,0.559579,30.4652,53.7934,54.4904,69.7916,0,0
50313,0,0.0881837,0.0559778,29.6,0.0165694,0.65687,0.210932,2,3121.96,0.548165,0.471989,4,36.1658,2,2,1,0.726427,0.0084891,0.365063,0.186776,0.515985,0.590219,28.9475,56.4063,56.4365,72.2837,0,0
50318,0,43.1389,1.95683,22.6,0.442243,0.871359,0.445084,1,35078.4,0.75,0.688814,4,30.1039,1,1,1,0.00369321,0.0155272,0.000186682,0.00785693,0.57461,0.76591,11.3725,60.0019,60.05,71.0233,0,0
50325,0,7.92295,32.5675,64.2,20.9083,0.318037,0.140249,2,0,0.5,0.319429,3,50.7529,2,2,0.997194,0.158517,0.0118259,0.219983,0.115904,0.406474,0.390364,31.6623,44.5439,45.4963,50.3155,0,0
50330,0,24.7535,4.3291,45.1,1.95242,0.36298,0.14679,2,6547.22,0.60101,0.37026,3,39.4904,2,2,1,0.0537597,0.00761836,0.0184627,0.0130405,0.500362,0.506341,21.5631,47.5746,48.0234,61.4179,0,0
50350,0,4.5042,6.19953,67.9,4.20948,0.169148,0.0906136,1,163.111,0.252516,0.170759,1,43.8235,1,1,0.96672,0.196662,0,0.295357,0.147678,0.463042,0.332055,35.3195,48.1483,48.2512,48.1135,0,0
50370,0,53.8942,2.99538,60.4,1.80921,0.283922,0.0914194,2,0,0.5,0.291781,3,40.8595,1,0,0.995226,0.0101756,0,0.0268719,0.013436,0.440189,0.4159,24.2939,50.5197,51.1477,58.9654,0,0
50400,0,75.3137,34.0104,39.9,13.5702,0.424069,0.134815,1,294.295,0.25454,0.271141,2,47.7018,2,0,1,0.0739468,0.0128859,0.0340505,0.0234682,0.584172,0.466955,23.4604,59.5815,59.6937,69.5072,0,0
50450,0,23.5176,13.2314,53,7.01262,0.370985,0.156046,1,0,0.25,0.25901,2,44.2699,1,0,0.998724,0.166577,0.00938249,0.172787,0.0910845,0.452992,0.358988,30.8986,55.302,56.1594,56.7162,0,0
50568,0,6.45739,40.6302,51.8,21.0464,0.781173,1,2,1469.52,0.522672,0.767948,4,36.4099,2,1,0.861236,0.754437,0.00704451,0.604296,0.30567,0.595384,0.684866,31.0386,61.7584,61.5468,63.3183,0,0
50573,0,6.67727,2.43738,32.7,0.797024,0.691257,0.85948,2,12419.9,0.691614,0.74745,4,28.2875,2,1,0.556343,0.374153,0.00424112,0.0761283,0.0401847,0.580729,0.682111,16.7377,60.6935,61.3323,70.834,0,0
50577,0,7.65372,9.88857,43.5,4.30153,0.348084,0.25369,1,0,0.25,0.283925,3,42.368,1,0,0.876158,0.489495,0.0191556,0.433667,0.226411,0.58695,0.439528,37.0864,59.7947,59.9934,59.1292,0,0
50590,0,14.0144,2.96787,47.1,1.39787,0.446095,0.18878,2,987.243,0.515231,0.383369,4,38.9206,2,1,0.929097,0.182371,0.00783942,0.138968,0.0734035,0.512131,0.510395,25.1975,54.5214,55.1441,55.1075,0,0
50606,0,34.8036,2.77613,15.3,0.424747,0.5476,0.451233,1,11238.9,0.423393,0.474075,4,36.3271,1,0,0.911005,0.193457,0.024146,0.00770231,0.0159242,0.687258,0.638849,17.0382,69.4371,69.656,71.5984,0,0
50680,0,1.81262,0.420894,31.9,0.134265,0.547749,0.556235,2,819.743,0.512647,0.538877,4,34.484,2,0,0.66523,0.368003,0.038455,0.174987,0.106721,0.703444,0.674759,20.8404,70.3029,70.2129,67.8194,0,0
50683,0,8.65362,0.958305,37.9,0.363198,0.408886,0.169183,2,964.803,0.514885,0.364318,3,38.7498,2,0,0.999996,0.570141,0.0121809,0.32659,0.169385,0.561695,0.527743,30.4143,57.0767,57.1004,61.3141,0,0
50686,0,95.684,98.8441,43.2,42.7006,0.446734,0.473336,2,8705.65,0.63431,0.518127,4,55.3989,2,0,0.448235,0,0.0308006,0,0.0154003,0.466663,0.51228,21.5186,49.3988,49.8088,71.9669,0,0
50689,1,2.0984,0.00378788,25.5,0.000965909,0.553754,0.245405,1,507.492,0.25783,0.35233,3,38.7868,2,1,0.662294,0.517892,0.0142617,0.168921,0.0915911,0.568175,0.494544,26.8638,55.7849,55.8262,69.2051,0,1
50711,0,8.09213,2.3101,48.5,1.1204,0.344476,0.131332,2,746.877,0.511523,0.32911,3,39.8327,2,2,0.891806,0.176355,0.00796545,0.108317,0.058141,0.500609,0.475547,25.3929,51.6586,52.6537,62.6174,0,0
52001,1,46.0105,27.503,16.3,4.48299,0.635134,0.358673,1,3220.15,0.29968,0.431162,0,39.4952,2,2,0.999999,0.0914971,0.00941796,0.0106249,0.0100214,0.602588,0.579373,18.8911,60.3094,61.4026,67.7346,0,1
52019,0,55.6194,45.5109,44.2,20.1158,0.246564,0.0381026,2,6127.17,0.59453,0.293066,3,50.8731,2,2,1,0.388209,0.116004,0.370391,0.243198,0.404466,0.39994,39.4731,48.5762,49.8894,69.3746,0,0
52022,1,99.5777,64.4709,29.1,18.761,0.175345,0.0379363,1,1713.15,0.27643,0.163237,1,52.1592,2,2,0.90309,0.583285,0.0648472,0.357411,0.211129,0.441143,0.30082,40.3003,37.8556,37.9895,75.596,0,1
52036,1,64.3661,50.9201,22.2,11.3043,0.174739,0.0494541,2,714.877,0.511029,0.245074,2,46.8727,2,2,1,0.793486,0.0454953,0.247207,0.146351,0.423401,0.377575,33.997,40.1847,40.202,72.1611,0,1
52051,1,47.1558,30.9603,54.3,16.8114,0.140677,0.0715732,1,19749.1,0.554687,0.255646,2,49.7543,2,2,0.763322,0.426132,0.134915,0.479971,0.307443,0.466471,0.404175,43.2993,40.8849,40.6288,64.5096,0,1
52079,1,41.9524,48.9123,76.1,37.2223,0.135222,0.0306346,0,1600.97,0.0246997,0.0635187,1,63.5702,2,2,0.62685,0.00120487,0.00689378,0.000121932,0.00350786,0.446886,0.242714,27.4774,44.8372,44.2551,61.3445,0,1
52083,1,38.4199,16.6058,34.1,5.66258,0.378108,0.0805316,1,1389.27,0.271434,0.243358,2,43.7512,0,2,1,0.727016,0.0991695,0.320779,0.209974,0.492485,0.420472,36.7174,48.7024,49.2206,71.5791,0,1
52110,1,64.2154,70.9249,39.2,27.8026,0.208722,0.0448,1,704.021,0.260862,0.171461,1,57.1574,2,2,0.820384,0.3213,0.0844023,0.166501,0.125452,0.482606,0.345684,33.5044,47.5774,47.881,66.0408,0,1
52203,1,64.082,42.0594,42.4,17.8332,0.130664,0.0556063,1,0,0.25,0.145423,1,51.8237,1,2,0.999999,0.920828,0.135491,0.743856,0.439674,0.492087,0.310408,54.7055,51.7631,51.8869,65.9727,0,1
52207,0,61.1894,70.7771,34.9,24.7012,0.135347,0.0492433,2,328.2,0.505063,0.229885,2,54.5453,2,2,1,0.388118,0.097149,0.21152,0.154334,0.51499,0.415054,33.3884,50.3092,50.2515,69.3916,0,0
52210,0,63.9466,44.5051,44,19.5822,0.13453,0.0607997,2,0,0.5,0.231777,2,51.6809,2,2,0.999999,0.101809,0.153887,0.244758,0.199323,0.535702,0.423474,35.9526,54.1055,53.921,67.0292,0,0
52215,1,56.5624,72.7225,41.8,30.398,0.171746,0.0524725,0,592.88,0.00914692,0.0777883,1,59.5651,2,2,0.567556,0.0120457,0.0225436,0.0227058,0.0226247,0.394384,0.177131,29.7633,41.5865,41.9599,71.0034,0,1
52224,1,92.3307,74.4746,51.4,38.2799,0.157065,0.0421711,1,914.416,0.264108,0.154448,1,63.2671,2,2,0.632253,0.555478,0.128229,0.763778,0.446003,0.474837,0.304776,55.2898,42.0852,42.1093,68.1199,0,1
52227,1,54.6354,69.8235,28.6,19.9695,0.134799,0.0251832,0,681.225,0.0105099,0.0568306,1,53.678,2,2,0.685758,0.0352436,0.0184425,0.00802752,0.013235,0.435318,0.210638,28.6532,43.534,43.7373,70.1712,0,1
52233,0,61.807,57.7389,39.4,22.7491,0.308932,0.129472,2,0,0.5,0.312801,3,51.8816,2,2,0.978971,0.255109,0.0125751,0.00413529,0.0083552,0.455514,0.442708,23.2097,48.6116,49.8605,69.1171,0,0
52240,1,69.7457,68.1509,32.2,21.9446,0.269746,0.140556,1,0,0.25,0.220101,2,53.1773,2,2,0.921244,0.42642,0.0748501,0.104179,0.0895145,0.562026,0.406981,29.4799,60.4931,60.6417,62.4787,0,1
52250,1,34.7536,6.07274,75.9,4.60921,0.225803,0.0331084,1,115.308,0.251779,0.17023,1,44.056,1,2,0.757848,0.00426018,0.00716864,0.000390815,0.00377973,0.34983,0.25656,27.2581,32.0326,32.2099,66.1309,0,1
52254,1,55.7323,57.6089,43,24.7718,0.199914,0.0699486,2,3821.03,0.558951,0.276271,2,53.7307,2,2,0.999996,0.452493,0.114352,0.520342,0.317347,0.469081,0.422766,43.2221,46.3918,46.7521,68.8346,0,1
52256,1,66.1809,39.8809,52.1,20.7779,0.0872285,0.0296365,1,2699.04,0.291641,0.136169,1,53.5904,2,2,0.992755,0.197168,0.0456146,0.165013,0.105314,0.440477,0.292008,33.4518,44.0572,44.1173,58.9051,0,1
52258,0,59.8359,67.7837,50.4,34.163,0.0951528,0.0438187,2,1201.52,0.518537,0.21917,2,59.9381,2,2,1,0.141143,0.131865,0.100754,0.116309,0.447253,0.378412,32.0256,47.9947,48.3492,71.1421,0,0
52260,1,28.5703,15.9575,31.9,5.09045,0.242789,0.0599163,1,628.721,0.2597,0.187468,1,44.1452,0,2,1,0.561073,0.0797351,0.332016,0.205876,0.477993,0.348484,38.6781,50.6141,50.4714,72.158,0,1
52287,0,51.259,67.2962,41.1,27.6587,0.208627,0.0507843,2,434.045,0.506696,0.255369,2,55.7078,2,2,0.999999,0.0798346,0.0669823,0.0593252,0.0631538,0.460831,0.404036,27.8569,43.1989,42.7552,69.1665,0,0
52317,1,63.9881,71.7781,30.4,21.8205,0.1653,0.045817,1,2189.25,0.283776,0.164964,1,53.8692,1,2,1,0.151853,0.082682,0.125573,0.104128,0.486306,0.344853,32.121,49.8146,49.4852,71.443,0,1
52320,0,57.754,55.8506,33.6,18.7658,0.234856,0.0494923,2,2537.33,0.539146,0.274498,2,50.4941,1,2,1,0.68953,0.0930241,0.443828,0.268426,0.455381,0.422933,40.2475,47.0792,46.8795,69.3828,0,0
52323,1,70.5353,69.4453,30.9,21.4586,0.313113,0.0866694,1,1249.49,0.269277,0.22302,2,52.8614,2,2,1,0.246559,0.0836192,0.228758,0.156189,0.507163,0.3771,34.6463,56.1347,55.9867,75.9778,0,1
52352,1,65.7962,72.2975,43.6,31.5217,0.245407,0.0653141,1,303.156,0.254677,0.188466,1,58.994,0,2,1,0.542592,0.142009,0.518071,0.33004,0.521363,0.357948,46.2891,44.7505,45.096,69.1674,0,1
52354,1,60.3324,43.3397,40.2,17.4225,0.173701,0.0954339,2,1209.26,0.518656,0.262597,2,49.9713,2,2,1,0.226748,0.119336,0.305172,0.212254,0.509086,0.444374,36.0464,51.8677,52.0144,67.5202,0,1
52356,0,40.2455,65.3157,23.4,15.2839,0.56659,0.210584,2,1295.95,0.519994,0.432389,4,45.0867,2,2,0.812342,0.0299049,0.00473743,0.0153479,0.0100426,0.498825,0.549555,19.9367,46.5795,47.1113,70.0817,0,0
52378,0,57.0022,75.7104,27.8,21.0475,0.254669,0.112243,2,348.488,0.505376,0.290763,3,51.4238,2,2,0.999999,0.171801,0.0712452,0.0720877,0.0716664,0.52452,0.487186,25.8666,50.6178,51.2583,73.3818,0,0
52381,0,59.4425,46.0696,59,27.1811,0.138262,0.0618356,2,1943.88,0.52999,0.243363,2,55.6722,2,2,1,0.393335,0.187881,0.784352,0.486117,0.466636,0.39153,54.3179,48.2358,48.2353,67.5946,0,0
52385,0,46.5561,62.8954,33.6,21.1329,0.363434,0.0450169,2,103.909,0.501603,0.303351,3,51.2139,2,2,0.999999,0.0876655,0.0201132,0.0211584,0.0206358,0.436801,0.445389,23.9235,40.308,40.5105,67.6907,0,0
52390,1,33.9657,19.744,73.9,14.5908,0.203003,0.0668079,1,52.5233,0.25081,0.17354,1,49.6814,1,2,0.986451,0,0,0,0,0.308322,0.226978,27.4907,37.3225,36.9611,59.8457,0,1
52399,1,31.1083,17.8685,48.6,8.68408,0.338945,0.0486426,2,374.45,0.505777,0.297788,3,44.5462,2,2,0.999997,0.579735,0.16089,0.65751,0.4092,0.4433,0.430119,48.3257,49.924,50.2267,72.4661,0,1
52405,1,54.5975,68.7389,55.3,38.0126,0.218296,0.0726015,1,2732.59,0.292158,0.194352,1,62.4937,1,2,0.999999,0.569437,0.0790523,0.455026,0.267039,0.42199,0.312655,43.6535,45.3037,45.7323,62.4505,0,1
52411,1,86.704,77.637,32.9,25.5426,0.188168,0.0377881,1,0,0.25,0.158652,1,56.0469,2,2,0.999997,0.803702,0.088154,0.417504,0.252829,0.525478,0.365792,41.1753,54.9226,55.2129,68.2504,0,1
52418,1,40.8292,67.3633,44.9,30.2461,0.399604,0.0933679,2,1967.56,0.530355,0.341109,3,55.1701,2,2,0.825068,0.128278,0.0210391,0.0673246,0.0441819,0.465672,0.471572,24.6353,49.0484,50.4171,68.4417,0,1
52427,1,10.5356,11.4079,85.3,9.73093,0.139371,0.0163814,0,765.569,0.0118112,0.0558545,1,47.7835,2,2,0.300553,0.0012398,0.00372849,5.78757e-05,0.00189318,0.392268,0.194243,28.0991,44.0818,43.814,53.3312,0,1
52435,1,40.8258,30.8437,39,12.0291,0.133714,0.070169,1,416.175,0.256421,0.153434,1,48.4432,1,2,0.999999,0.0660228,0.00623884,0,0.00311942,0.459686,0.312454,26.1285,47.9624,48.2935,65.0738,0,1
52473,1,47.7541,54.5841,70.2,38.318,0.213809,0.0106331,1,0,0.25,0.158148,1,63.236,2,2,0.928839,0,0,0,0,0.380631,0.28325,26.5075,37.3891,37.0029,56.7777,0,1
52480,0,48.2742,31.5852,40.8,12.8868,0.318943,0.196993,2,3817.25,0.558892,0.358276,3,45.6176,2,2,0.999999,0.336402,0.110672,0.453641,0.282157,0.512024,0.496329,38.2893,50.8104,51.0589,67.9581,0,0
52490,1,15.9,8.50917,75.9,6.45846,0.267902,0.0494615,1,26278,0.655415,0.324259,3,42.841,2,2,1,0,0,0,0,0.399489,0.445884,22.5787,43.0253,43.0066,60.5421,0,1
52506,0,56.5753,40.7794,28.9,11.7852,0.17127,0.0609079,2,323.405,0.504989,0.245722,2,47.1302,2,2,1,0.182209,0.0748291,0.0586973,0.0667632,0.467396,0.385348,28.6059,43.4177,43.7493,67.6159,0,0
52520,0,15.0338,4.3334,69.5,3.01171,0.154499,0.00762449,2,382.355,0.505899,0.222674,2,42.5469,1,2,0.851494,0,0,0,0,0.361186,0.337641,25.3675,47.4468,48.4143,55.3811,0,0
52540,0,74.5658,66.3245,38.7,25.6676,0.277514,0.0620339,2,4939.85,0.576212,0.305253,3,53.6064,2,1,0.999999,0.214198,0.0185197,0.155603,0.0870612,0.423598,0.431624,28.5942,48.0593,49.4247,69.2235,0,0
52560,0,51.5372,55.7067,27.5,15.3193,0.18741,0.0267308,2,3086.52,0.547619,0.25392,2,48.9589,0,2,0.653168,0.01905,0.0196053,0.0130224,0.0163138,0.467412,0.404219,24.7992,46.5691,46.8909,73.9042,0,0
52565,0,38.9281,20.0614,55.3,11.094,0.155965,0.0509651,2,5582.55,0.586127,0.264352,2,46.4491,2,0,0.999999,0.765517,0.180877,0.842784,0.511831,0.43325,0.414219,54.7293,45.7476,46.7752,62.5409,0,0
52573,0,60.5459,54.7377,32.7,17.8992,0.263648,0.141746,2,2930.22,0.545207,0.316867,3,49.1913,2,2,0.658352,0.0117417,0.02226,0.00415293,0.0132064,0.476069,0.448504,23.3541,40.8206,41.1042,74.563,0,0
52585,0,87.228,68.4429,32.2,22.0386,0.275458,0.0760665,2,2745.93,0.542364,0.297963,3,51.8136,0,2,0.963036,0.255018,0.086931,0.117978,0.102454,0.4868,0.451858,28.945,47.9887,48.2781,72.9165,0,0
52612,1,15.4109,11.4525,71.9,8.23436,0.105234,0.05159,1,1147.24,0.2677,0.141508,1,46.3929,0,2,0.467312,0.0103956,0.00675759,0.0167111,0.0117343,0.41198,0.284455,27.2819,38.7477,38.547,59.9501,0,1
52621,1,10.474,9.12006,81,7.38725,0.145051,0.0370932,0,221.404,0.00341581,0.0618534,1,46.4109,2,2,0.686725,0,0,0,0,0.368212,0.169288,28.2833,36.9721,37.0197,56.9545,0,1
52678,0,57.6646,53.1546,47.7,25.3547,0.236243,0.0529615,2,0,0.5,0.263068,2,54.3055,2,2,1,0.168503,0.0490597,0.0927915,0.0709256,0.495228,0.448955,27.0363,43.3061,43.8167,67.7507,0,0
52683,0,53.6101,59.5679,28.9,17.2151,0.33693,0.0553869,2,208.965,0.503224,0.298514,3,49.1917,2,2,1,0.739362,0.0742184,0.381771,0.227995,0.460306,0.445946,36.958,48.3628,48.7876,72.0391,0,0
52685,0,81.2632,64.4526,59.4,38.2848,0.179137,0.0655853,2,4912.05,0.575783,0.273502,2,61.0265,2,2,1,0.936767,0.165337,1,0.582669,0.468515,0.440464,57.0946,51.9258,53.1116,67.5466,0,0
52687,0,35.08,38.6889,55.3,21.395,0.10069,0.0385508,2,315.946,0.504874,0.214705,2,52.9549,2,0,0.942697,0.633426,0.166726,0.75953,0.463128,0.400561,0.328895,55.4801,41.7941,42.0373,66.5668,0,0
52693,0,81.5905,54.9162,41.1,22.5706,0.193811,0.0771048,2,1949.53,0.530077,0.266998,2,52.713,2,1,1,0.856581,0.128719,0.577396,0.353058,0.499385,0.45603,44.0314,51.2219,51.2252,69.6641,0,0
52694,0,33.3243,20.3914,54.6,11.1337,0.118227,0.0868383,2,2165.11,0.533403,0.246156,2,46.7611,2,2,1,0.77563,0.167568,0.875557,0.521562,0.42018,0.36854,57.2961,43.0553,43.3668,66.5764,0,0
52696,1,30.6959,19.961,75.1,14.9907,0.194182,0.0785452,1,784.801,0.262108,0.178278,1,49.8522,1,2,0.427697,0,0.00490299,0,0.0024515,0.384786,0.289256,26.5571,44.7974,44.2903,55.3057,0,1
52699,0,52.9195,40.3649,65.1,26.2776,0.0922512,0.0739158,2,454.603,0.507014,0.224394,2,55.5083,1,2,1,0.0823892,0.0482254,0.0644134,0.0563194,0.399516,0.351448,28.7943,42.813,43.8787,64.6212,0,0
52720,1,66.0483,36.4947,43,15.6927,0.175767,0.0656672,2,386.066,0.505956,0.24913,2,49.2444,2,2,1,0.000384816,0.125188,0.00101673,0.0631022,0.485451,0.398712,28.0018,41.0404,40.754,70.4456,0,1
52786,0,34.4048,46.5535,36.1,16.8058,0.219743,0.0894894,2,1329.25,0.520508,0.27658,2,49.383,2,0,1,0.632172,0.0788478,0.300177,0.189513,0.467181,0.422143,35.3821,47.2639,48.3655,70.543,0,0
52788,1,57.6964,62.1304,46,28.58,0.118406,0.0986519,0,186.609,0.00287899,0.0733124,1,58.549,2,2,1,0.38556,0.14413,0.354478,0.249304,0.511617,0.235465,44.3678,53.4935,53.6548,65.113,0,1
52835,1,15.7591,8.57422,53.7,4.60436,0.227712,0.0508049,1,51.4146,0.250793,0.176437,1,43.9892,1,2,0.475012,0.00263977,0.00282661,0.000410804,0.00161871,0.382663,0.286743,26.5498,40.8224,40.7949,59.4376,0,1
52838,0,52.222,23.0572,32.5,7.4936,0.291975,0.0469587,2,6.71892,0.500104,0.279679,2,44.2038,2,2,0.999998,0.120104,0.0894211,0.115913,0.102667,0.454354,0.414856,30.096,45.5296,45.6361,70.3198,0,0
52885,1,72.0009,65.9798,44.2,29.1631,0.195913,0.0356269,1,295.531,0.254559,0.162033,1,58.046,2,2,0.999998,0.782871,0.145812,0.741291,0.443551,0.390844,0.247528,56.9358,40.0628,40.1669,69.5359,0,1
54001,0,34.8671,6.76982,25.7,1.73984,0.691554,0.236755,2,2012.26,0.531045,0.486451,0,36.6981,2,2,0.857554,0.490031,0.252875,0.0798591,0.166367,0.556048,0.63476,25.91,59.9456,60.3701,70.1396,0,0
54003,0,43.9253,12.7123,55.8,7.09347,0.250714,0.0508345,1,1259.77,0.269436,0.190328,1,45.2464,1,1,0.239575,0.252308,0.0132509,0.123512,0.0683816,0.514298,0.377582,28.9197,49.7849,50.3484,67.0884,0,0
54051,0,82.9027,78.706,53.5,42.1077,0.172918,0.0730847,2,0,0.5,0.248668,2,63.6229,2,1,1,0.261978,0.587998,0.198441,0.393219,0.524052,0.440973,46.9604,55.8909,55.6794,66.5965,0,0
54099,0,100,80.4059,36.3,29.1873,0.333501,0.132097,1,1921.04,0.279638,0.248412,2,56.6736,0,0,1,0.12301,0.689447,0.0789704,0.384209,0.541005,0.423578,47.1503,55.8755,55.8896,64.2032,0,0
54109,0,70.0658,68.2792,67.9,46.3616,0.0744052,0.0613293,2,2020.89,0.531178,0.222304,2,66.4775,2,2,0.636133,0.524098,0.0367974,0.530175,0.283486,0.448806,0.371851,42.9183,47.5586,46.7968,59.2026,0,0
54125,0,97.8657,78.2166,48.9,38.2479,0.348375,0.201424,1,9487.71,0.396376,0.315392,3,59.9665,1,0,0.491012,0.688141,0.0783253,0.418625,0.248475,0.567381,0.480657,36.9199,55.9928,56.5866,71.0918,0,0
54128,0,48.7848,46.3008,56.4,26.1137,0.102882,0.0597001,2,4468.08,0.568933,0.243838,2,55.0787,2,2,0.92673,0.175701,0.0689231,0.232009,0.150466,0.469291,0.41544,33.1308,50.329,50.4246,64.7977,0,0
54172,0,95.3315,90.0549,30.3,27.2866,0.524681,0.156629,2,9262.09,0.642895,0.441402,4,50.8893,2,2,0.448497,0.454341,0.273039,0.172775,0.222907,0.50385,0.574539,31.6638,56.1732,56.1956,67.609,0,0
54174,0,85.8023,83.6616,54.8,45.8466,0.254355,0.172983,2,17557.7,0.77088,0.399406,4,61.1505,2,2,0.688772,0.0390042,0.0838982,0.0408611,0.0623796,0.534233,0.559313,22.8002,51.1736,51.1318,66.8037,0,0
54206,0,32.6533,48.8596,64,31.2702,0.205895,0.067773,2,2800.18,0.543201,0.27229,2,57.3182,2,2,0.997517,0.127145,0.0707328,0.126853,0.0987929,0.465526,0.428889,29.4266,49.294,48.5304,68.6746,0,0
54223,0,76.2966,70.3948,71.1,50.0507,0.120654,0.063741,2,4106.31,0.563352,0.249249,2,67.7707,2,2,0.969794,0.330548,0.821494,0.295282,0.558388,0.491037,0.430133,56.409,50.1301,49.9319,66.1259,0,0
54239,1,100,91.4094,44.5,40.6772,0.30431,0.188722,0,40476.3,0.5,0.331011,3,60.7789,2,1,1,0.181185,0.471391,0.0810598,0.276226,0.436118,0.409343,41.2033,51.3023,51.4863,69.4846,0,1
54245,0,37.2395,35.6729,68.9,24.5786,0.112657,0.0621457,1,7494.36,0.365623,0.180142,1,55.2306,1,0,0.924825,0.162914,0.0876037,0.127975,0.107789,0.487329,0.344514,32.3712,48.0914,48.2971,62.9066,0,0
54250,0,81.4445,78.3859,71.2,55.8108,0.205509,0.0531621,1,271.42,0.254187,0.170953,1,72.6447,1,0,1,0.0416317,0.0673075,0.078793,0.0730502,0.424325,0.298729,31.1351,45.1207,44.7468,67.1932,0,0
54261,0,42.5848,26.8913,41.9,11.2675,0.446996,0.116554,2,5831.56,0.589969,0.384506,4,44.1672,2,2,1,0.540904,0.354677,0.366431,0.360554,0.564897,0.586317,38.6543,58.3439,58.3549,68.1667,0,0
54313,0,87.269,92.8135,42.3,39.2601,0.17914,0.0905689,2,468.482,0.507228,0.258979,2,61.8772,2,2,0.99986,0.527145,0.381813,0.419201,0.400507,0.385794,0.349296,50.9388,42.9284,42.6311,67.2069,0,0
54344,0,54.298,56.6627,73.4,41.5904,0.0882311,0.0493868,1,0,0.25,0.129206,1,65.462,1,1,0.181385,0.332118,0.00457558,0.324508,0.164542,0.458164,0.284616,37.5902,44.7789,44.9607,63.0018,0,0
54347,0,97.9607,92.1519,52.4,48.2876,0.0856317,0.0664071,2,5616.65,0.586653,0.246231,2,66.9321,2,2,0.0403355,0.44233,0.00846835,0.386447,0.197458,0.490091,0.443302,35.1698,49.7625,49.3299,62.8231,0,0
54377,0,96.3779,80.2312,41.3,33.1355,0.166499,0.148959,2,3016.75,0.546542,0.287334,3,57.9823,2,2,0.948064,0.263051,0.106669,0.222755,0.164712,0.411303,0.371337,35.3626,47.4049,47.1624,66.5075,0,0
54385,0,16.0971,5.38706,57.1,3.07601,0.136937,0.180865,2,4558.99,0.570336,0.296046,3,41.4888,1,2,0.787315,0.423725,0.0648413,0.617067,0.340954,0.550511,0.464676,42.9796,54.9465,54.9855,62.988,0,0
54398,0,60.676,48.1368,67.9,32.6849,0.111558,0.0540552,2,110.065,0.501698,0.222437,2,59.0687,2,0,0.696556,0.581938,0.0775253,0.550063,0.313794,0.345102,0.268158,47.9046,42.3356,42.3594,67.2898,0,0
54405,0,67.3394,7.20837,21.4,1.54259,0.570969,0.238578,1,934.788,0.264422,0.35799,3,39.5147,1,1,0.999999,0.0802974,0.31271,0.011612,0.162161,0.538963,0.501242,30.9632,50.5644,50.5965,68.0798,0,0
54418,0,98.4516,92.3262,45.3,41.8238,0.30545,0.105881,2,122.22,0.501886,0.304406,3,62.0918,2,1,0.462421,0.325264,0.0273339,0.243386,0.13536,0.391498,0.371136,33.4664,49.8328,49.7365,69.8454,0,0
54480,0,78.8093,83.9611,42.2,35.4316,0.263206,0.120483,2,9791.21,0.651058,0.344915,3,57.736,2,1,0.525675,0.277134,0.236399,0.0877955,0.162097,0.490468,0.490103,31.3603,52.2914,52.6976,67.5646,0,0
54498,0,32.187,5.26191,31.4,1.65224,0.54627,0.116555,1,170.312,0.252628,0.305151,3,40.5485,1,0,0.369556,0.494941,0.0106616,0.110736,0.0606986,0.541066,0.481332,25.3686,52.8941,53.205,73.1873,0,0
54518,0,97.6828,98.5186,20.5,20.1963,0.594551,0.124718,2,10166.4,0.656846,0.458705,4,46.8564,2,0,0.491408,0.638802,0.137612,0.105702,0.121657,0.492122,0.599253,24.8139,56.7878,57.0926,73.442,0,0
54520,0,100,89.506,41.7,37.324,0.196522,0.113238,1,3359.35,0.301828,0.203863,1,61.9479,0,1,0.251423,0.377681,0.261065,0.208386,0.234725,0.551658,0.415211,38.4352,54.9124,54.7753,69.2828,0,0
54553,0,39.815,46.2887,42.9,19.8579,0.631688,0.0831274,2,0,0.5,0.404939,4,48.1589,2,2,0.66874,0.64709,0.484981,0.601936,0.543459,0.397876,0.48424,52.9405,48.1733,47.6463,70.7661,0,0
54599,0,86.7673,89.6021,41.4,37.0953,0.264327,0.142078,1,5214.24,0.330445,0.245617,2,61.0116,1,0,0.349318,0.470666,0.195727,0.44252,0.319123,0.438438,0.360722,45.5154,45.5933,46.0392,69.348,0,0
54660,0,73.2822,88.3524,48.8,43.116,0.23908,0.0741441,2,662.101,0.510215,0.27448,2,63.5346,2,0,0.999907,0.086436,0.489999,0.0578016,0.2739,0.504147,0.4601,39.2171,48.8991,48.8421,67.8384,0,0
54670,0,68.7928,51.8235,73.5,38.0903,0.0949282,0.0272069,1,0,0.25,0.124045,1,63.546,1,0,0.819025,0.22175,0.119115,0.278676,0.198895,0.379983,0.207394,41.4859,39.5189,40.1332,59.8273,0,0
54673,0,74.4075,12.5707,37.6,4.72657,0.379515,0.274578,2,6896.57,0.6064,0.420164,4,39.8823,2,2,1,0.193471,0.367572,0.183954,0.275763,0.52357,0.538023,36.2039,50.5682,50.4343,62.9655,0,0
54680,0,97.0296,90.0293,48.1,43.3041,0.290445,0.0622772,1,9891.51,0.402606,0.251776,2,64.1841,1,1,0.999999,0.210684,0.518922,0.104897,0.311909,0.460178,0.400078,43.7181,51.1157,50.9187,65.8063,0,0
54720,0,51.0532,75.7138,53.8,40.734,0.290814,0.0622749,2,222.098,0.503427,0.285505,3,62.0194,2,2,0.557484,0.186781,0.0261761,0.234188,0.130182,0.364608,0.359853,33.4388,40.1126,40.0881,63.5847,0,0
54743,0,64.9671,79.994,46.6,37.2772,0.210994,0.162735,1,5964.26,0.342016,0.238582,2,61.2557,1,1,0.828258,0.328109,0.121427,0.0753625,0.0983946,0.474112,0.351807,31.5653,50.644,49.9581,68.1953,0,0
54800,0,39.8438,47.708,67.1,32.0121,0.0974901,0.0621058,1,126.761,0.251956,0.137184,1,59.9561,0,1,0.941984,0.0537017,0.0792226,0.0722111,0.0757168,0.471625,0.306232,31.1495,49.548,50.1604,63.5304,0,0
54810,0,13.1962,10.8725,57.6,6.26258,0.327235,0.122589,2,1633.39,0.5252,0.325008,3,42.72,2,1,0.843044,0.122597,0.0340763,0.172994,0.103535,0.451758,0.442595,29.3056,52.3802,52.0438,62.4119,0,0
54820,0,71.1409,86.6543,50.1,43.4138,0.27439,0.284049,2,9404.11,0.645086,0.401175,4,59.9525,2,2,0.942914,0.0427634,0.0340877,0.0555216,0.0448046,0.520677,0.523945,22.9638,60.1554,60.5812,69.3196,0,0
54871,0,74.9933,85.8105,64.8,55.6052,0.189887,0.0902488,2,10501.5,0.662017,0.314051,3,68.6037,2,1,0.363368,0.284248,0.0198414,0.431797,0.225819,0.459735,0.443198,36.9215,50.5328,50.5618,67.9043,0,0
54874,0,61.9926,8.72101,24.6,2.14537,0.564743,0.143963,2,1769.25,0.527296,0.412,4,38.7003,2,0,0.84998,0.132334,0.37824,0.0693358,0.223788,0.508477,0.562534,32.2154,52.8015,52.994,67.872,0,0
63001,0,4.98923,3.45552,14.4,0.497594,0.684493,0.421672,2,147.407,0.502274,0.536146,4,34.7434,0,2,0.745874,0.72866,0.0130907,0.0448187,0.0289547,0.741532,0.750506,13.219,72.6225,72.956,74.7124,0,0
63111,0,20.0158,12.7383,29,3.6941,0.38935,0.227619,2,11239.3,0.6734,0.430123,4,39.1042,2,2,1,0.509193,0.0952163,0.333862,0.214539,0.605426,0.596776,30.2472,62.8121,63.2338,65.5804,0,0
63130,0,41.7299,4.43319,19.9,0.882205,0.488383,0.188674,2,5755.97,0.588803,0.421953,4,37.8047,2,2,0.834582,0.47532,0.0321118,0.0445291,0.0383205,0.570364,0.598344,19.9112,55.4493,56.5097,70.5318,0,0
63190,1,23.8877,9.01813,17.3,1.56014,0.489702,0.149845,1,111.683,0.251723,0.29709,3,40.6338,2,1,0.119374,0.526965,0.00404178,0.116308,0.0601747,0.54618,0.464676,25.8651,58.6462,59.037,68.888,0,0
63212,0,58.0518,12.435,30.7,3.81755,0.409131,0.131467,2,52298.1,1,0.513533,4,37.0497,2,2,0.999999,0.118079,0.101501,0.031106,0.0663036,0.511531,0.649473,19.576,57.3584,57.6232,68.4464,0,0
63272,0,33.228,30.4097,18.1,5.50415,0.572807,0.285892,2,1914.72,0.52954,0.462747,4,39.2524,2,2,0.25251,0.222898,0.0118174,0.0821,0.0469587,0.596485,0.601369,20.3152,64.3292,65.0557,71.9745,0,0
63302,0,78.9146,24.3809,33.1,8.07009,0.370363,0.127964,2,4668.6,0.572027,0.356785,3,43.0671,2,2,0.610427,0.141492,0.0437565,0.0900579,0.0669072,0.580917,0.553508,23.2852,55.9525,56.403,69.733,0,0
63401,0,10.369,1.45242,27.4,0.397963,0.583325,0.228312,2,0,0.5,0.437212,4,37.1984,2,2,0.879031,0.868795,0.0990801,0.417244,0.258162,0.555482,0.587115,33.1035,58.8695,59.7256,71.4114,0,0
63470,1,11.1372,7.97071,25.8,2.05644,0.588635,0.188413,0,516.84,0.00797379,0.261674,2,41.4689,2,2,0.99151,0.784355,0.10054,0.448661,0.274601,0.616458,0.461459,39.2074,59.6796,60.4466,73.4908,0,1
63548,0,69.1195,17.3531,28.8,4.99769,0.557034,0.137153,2,659.286,0.510171,0.401453,4,40.4543,1,2,1,0.167994,0.0935538,0.0238663,0.0587101,0.483461,0.501151,24.5951,50.0566,50.7683,75.5929,0,0
63594,0,21.2996,14.8234,22,3.26114,0.587458,0.229216,1,887.153,0.263687,0.36012,3,40.4034,1,1,0.897219,0.497731,0.0591805,0.190202,0.124691,0.594516,0.528457,27.7009,62.0048,62.7065,73.561,0,0
63690,0,67.2976,19.3316,19.7,3.80833,0.549892,0.322858,2,0,0.5,0.457583,4,38.5002,2,2,0.25841,0.298437,0.00382555,0.0552174,0.0295215,0.627918,0.627695,18.2739,65.5784,66.0297,67.4088,0,0
66001,0,32.7052,21.9,15.1,3.3069,0.716409,0.560338,2,7862.98,0.62131,0.632686,0,33.2855,1,2,0.797215,0.393608,0.0193221,0.0330308,0.0261765,0.791045,0.798172,10.966,80.7692,81.7545,73.4267,0,0
66045,0,59.0259,53.5614,33.6,17.9966,0.37917,0.104935,2,4920.09,0.575907,0.353337,3,48.4474,2,1,0.294266,0.424541,0.0596607,0.284384,0.172022,0.513483,0.507602,31.3266,49.8772,50.4558,65.4888,0,0
66075,0,57.7145,28.2026,31.6,8.91203,0.443405,0.484278,2,129.831,0.502003,0.476562,4,40.6476,2,2,0.777971,0.84425,0.0461667,0.343742,0.194954,0.683773,0.646759,26.9796,69.7263,69.8554,65.8924,0,0
66088,0,42.3321,18.1203,35.6,6.45083,0.412567,0.137393,2,538.484,0.508308,0.352756,3,42.2771,2,1,0.770474,0.501736,0.0962534,0.429185,0.262719,0.524105,0.498145,37.0821,52.9392,53.4027,72.9236,0,0
66170,0,26.8121,10.4654,13.7,1.43377,0.578488,0.286803,2,17700,0.773074,0.546122,4,34.9416,2,1,0.897123,0.361182,0.0107039,0.0106043,0.0106541,0.638149,0.750729,12.182,62.6041,63.148,72.0753,0,0
66318,0,47.0299,52.1382,36.5,19.0304,0.283631,0.0561723,1,0,0.25,0.196601,1,51.8939,0,0,0.885369,0.443848,0.104827,0.417023,0.260925,0.476711,0.353675,42.0639,42.1289,42.6783,72.7213,0,0
66383,0,88.6467,63.7514,37.5,23.9068,0.33388,0.103476,2,484.175,0.50747,0.314942,3,52.4533,2,2,0.529365,0.63056,0.0805519,0.440087,0.26032,0.45269,0.427304,39.5965,49.7553,50.2712,68.1879,0,0
66400,0,34.5778,22.9724,19,4.36476,0.649527,0.193652,2,4192.21,0.564677,0.469285,4,38.4956,2,2,0.788629,0.87202,0.0103151,0.0953426,0.0528289,0.529019,0.614631,20.1594,53.1223,53.7133,76.3696,0,0
66440,0,35.4009,22.8881,33.3,7.62173,0.446672,0.102605,2,0,0.5,0.349759,3,42.9706,2,2,0.999999,0.304607,0.0869435,0.113396,0.10017,0.47161,0.47035,28.2043,50.6465,50.7902,68.4241,0,0
66456,0,66.2118,77.8403,65.3,50.8297,0.199039,0.0510409,2,3729.92,0.557545,0.269208,2,67.6352,2,2,0.786169,0.0210519,0.033259,0.00785171,0.0205554,0.500997,0.466007,23.3034,53.3089,53.246,68.5082,0,0
66572,0,74.2557,73.7101,70.5,51.9656,0.185106,0.0607201,2,1085.98,0.516754,0.254193,2,68.6236,2,2,0.731593,0.0909277,0.010082,0.00472937,0.00740567,0.503947,0.45576,22.7679,52.2325,52.2647,69.2117,0,0
66594,0,27.76,24.9086,41.4,10.3122,0.248935,0.0878271,2,383.396,0.505915,0.280892,3,45.7385,2,2,0.492059,0.612405,0.0447025,0.645125,0.344914,0.532555,0.483305,42.4361,58.2832,58.9698,72.8618,0,0
66682,0,56.3527,26.9035,21.2,5.70353,0.54573,0.194165,2,0,0.5,0.413298,4,40.5582,2,2,0.957312,0.0291137,0.0379408,0.00773441,0.0228376,0.644377,0.641716,17.3367,61.3977,61.6533,71.5006,0,0
66687,0,83.7331,77.7359,39.9,31.0166,0.415239,0.142918,2,2577.26,0.539762,0.365973,3,54.9146,2,2,0.270465,0.541553,0.0693757,0.412733,0.241055,0.544646,0.528856,34.5903,56.8103,57.263,66.8593,0,0
68001,1,28.8243,18.0196,14.2,2.55878,0.803959,0.519688,0,4292.92,0.066231,0.463293,0,37.7072,1,1,0.471882,0.518345,0.00267192,0.0129894,0.00783068,0.728938,0.639522,16.5318,75.8615,76.284,70.6107,0,1
68013,1,76.9819,76.2063,41.8,31.8543,0.133993,0.116879,0,0,0,0.0836238,1,60.3609,1,1,0.496529,0.171774,0.0597729,0.120621,0.0901969,0.395442,0.187381,34.3169,37.2531,37.1507,66.6374,0,1
68020,1,82.6181,61.0029,48.1,29.3424,0.344307,0.454017,1,1443.81,0.272275,0.356866,3,54.298,1,1,1,0.238077,0.0838476,0.336721,0.210284,0.500061,0.416167,36.8792,52.6328,53.2694,61.2595,0,1
68051,1,66.8864,54.0767,40.6,21.9551,0.412608,0.252701,0,2950.4,0.0455186,0.236942,2,52.91,1,1,0.098701,0.326805,0.0455245,0.436534,0.241029,0.491339,0.344355,41.0671,50.7226,50.5161,70.4051,0,0
68077,0,23.5501,45.956,21.6,9.92649,0.670383,0.185473,2,1444.09,0.522279,0.459378,4,41.6233,2,2,1,0.984177,0.0438765,0.333754,0.188815,0.498364,0.580397,29.4705,51.5447,51.5734,70.3526,0,0
68079,0,31.2036,40.4527,28.5,11.529,0.425238,0.276721,1,0,0.25,0.31732,3,45.7351,1,0,0.488042,0.156098,0.022787,0.0656745,0.0442308,0.613818,0.502612,23.6418,64.9504,64.462,69.5898,0,0
68081,0,32.26,4.88636,26.4,1.29,0.88319,1,2,10103.8,0.655881,0.846357,4,24.9292,2,2,0.767215,0.398798,0.123335,0.141504,0.13242,0.684542,0.826101,15.2905,61.9882,62.318,71.6933,0,0
68092,0,40.1187,25.3264,43.9,11.1183,0.409936,0.457223,1,25359.7,0.641248,0.502802,4,41.0422,1,1,0.750711,0.229115,0.294762,0.124677,0.20972,0.648966,0.652747,27.5217,65.9542,66.6866,66.1492,0,0
68101,1,38.8274,57.3161,45.5,26.0788,0.146753,0.142156,1,0,0.25,0.179636,1,56.0795,1,1,0.983545,0.139047,0.0543742,0.0880667,0.0712205,0.471725,0.32709,30.3717,46.3306,46.6818,62.0439,0,1
68121,1,61.6049,52.0724,34,17.7046,0.169112,0.294746,0,3695.57,0.057015,0.173624,1,51.4408,1,1,0.554487,0.311514,0.0428814,0.218149,0.130515,0.588196,0.36632,33.2844,54.9609,55.5615,63.2869,0,1
68132,1,68.9526,54.438,21.2,11.5409,0.522202,0.296281,1,12960.9,0.44996,0.422814,4,43.3939,1,0,1,0.0164449,0.0159046,0.00250717,0.00920588,0.537045,0.550778,19.843,49.291,48.8125,59.7056,0,0
68147,1,63.9583,21.5036,35.7,7.67678,0.486911,0.196675,0,3555.59,0.0548554,0.246147,2,44.8352,1,1,1,0.481546,0.209822,0.407698,0.30876,0.508817,0.374017,44.4257,50.48,51.3436,72.654,0,1
68152,0,71.9672,93.8758,60.8,57.0765,0.145921,0.120371,2,4180.92,0.564503,0.276932,2,70.508,2,2,0.405196,0.17434,0.101167,0.181579,0.141373,0.431375,0.402454,32.9474,49.2463,49.4152,67.4971,0,0
68160,1,60.8312,51.4212,32,16.4548,0.201666,0.214579,0,0,0,0.138748,1,51.1045,1,1,0,0.157403,0,0.117556,0.058778,0.365175,0.178892,32.2541,33.9701,34.1745,64.5742,0,1
68162,1,48.0284,92.3515,41.9,38.6953,0.334773,0.120279,1,720.91,0.261122,0.238724,2,62.0168,1,1,0.153755,0.0181733,0.0185116,0.017927,0.0182193,0.495505,0.371309,25.7786,47.5346,47.4182,69.7624,0,1
68167,0,67.0317,23.4378,26.9,6.30477,0.466498,0.205506,1,2845.27,0.293897,0.321967,3,42.8003,0,0,0.931679,0.188746,0.0316906,0.152277,0.0919838,0.551283,0.486117,27.1713,50.7804,50.9522,76.3078,0,0
68169,1,65.8373,53.4653,35.1,18.7663,0.196211,0.0988443,0,14323.7,0.220986,0.172014,1,52.0598,1,1,0.909347,0.519359,0.0343447,0.256813,0.145579,0.438132,0.310096,35.7273,44.8435,44.9416,64.8577,0,1
68176,1,83.923,90.0416,45.2,40.6988,0.32556,0.208093,0,4625.22,0.0713576,0.20167,1,63.8368,1,1,0.488046,0.0299842,0.0854222,0.130871,0.108147,0.522763,0.3393,32.5268,51.015,51.8534,69.7983,0,1
68179,1,62.6022,63.8045,42.8,27.3083,0.193725,0.169384,1,63.9163,0.250986,0.204698,1,56.3992,1,1,1,0.374595,0.103225,0.406663,0.254944,0.47353,0.346106,41.9097,52.6784,52.7526,69.7072,0,1
68190,1,14.1552,10.6089,36,3.8192,0.441252,0.540947,0,40450.9,0.5,0.494066,4,37.572,1,1,0.69149,0.467138,0.0182826,0.309677,0.16398,0.554156,0.551434,29.183,59.7301,60.2475,65.8844,0,1
68207,1,59.2073,87.7555,36.2,31.7675,0.27854,0.109604,0,0,0,0.129382,1,59.904,1,1,0.130342,0.092433,0.0102628,0.0730826,0.0416727,0.497109,0.274116,29.5184,52.5611,52.4484,70.111,0,1
68209,1,71.2537,62.9535,32.6,20.5228,0.258447,0.172582,1,4372.6,0.31746,0.249497,2,51.906,1,0,0.213287,0.666713,0.0157922,0.440574,0.228183,0.558909,0.427568,37.6095,57.179,57.2426,65.5586,0,1
68211,1,62.1799,62.3781,29.2,18.2144,0.540725,0.237499,1,345.7,0.255333,0.344519,3,48.7626,1,1,0.445404,0,0.0349565,0,0.0174783,0.56932,0.510275,21.7143,48.6682,48.7287,72.3385,0,1
68217,0,72.9428,57.1931,53.6,30.6555,0.15139,0.117539,1,30.4359,0.25047,0.173133,1,58.735,1,1,0.818477,0.0399752,0.0552573,0.0749978,0.0651275,0.500683,0.344429,29.5508,56.7623,57.3606,68.118,0,0
68229,1,42.0906,30.089,35.7,10.7418,0.311158,0.131065,1,295.923,0.254565,0.232263,2,46.7506,1,2,0.730038,0.306269,0.127521,0.123159,0.12534,0.510171,0.392405,32.2131,50.3234,50.6485,70.2357,0,0
68235,0,42.7426,48.0169,58.9,28.2819,0.181515,0.11111,2,412.48,0.506364,0.26633,2,55.8306,2,2,0.941504,0.118914,0.133512,0.15181,0.142661,0.535507,0.456102,31.332,45.0675,44.6132,61.8296,0,0
68245,1,79.3662,82.9303,33,27.367,0.25217,0.273172,1,6504.58,0.350352,0.291898,3,54.8056,2,2,0.851919,0.129473,0.0543144,0.114279,0.0842968,0.541398,0.433558,28.3591,47.7337,47.4658,67.1344,0,0
68250,0,77.1631,69.9011,57.8,40.4028,0.12855,0.105939,2,2835.29,0.543743,0.25941,2,62.4733,2,2,1,0.102538,0.0314072,0.0950566,0.0632319,0.413429,0.380628,28.5013,44.2621,44.5151,64.1488,0,0
68255,0,33.7187,30.8429,45.7,14.0952,0.406516,0.106051,1,5669.94,0.337476,0.283347,3,47.7746,0,0,0.894699,0.106814,0.0525219,0.148846,0.100684,0.40449,0.365657,31.3533,37.2709,37.3717,74.0921,0,0
68264,0,73.2579,75.7727,32,24.2473,0.174928,0.120911,2,2297.83,0.535451,0.277097,2,53.43,2,2,0.567758,0.000874569,0.0105939,0.00488342,0.00773868,0.513671,0.458924,22.6956,50.3545,49.9219,66.3051,0,0
68266,0,98.2989,78.0133,35.3,27.5387,0.222199,0.124839,2,25406.8,0.891974,0.413004,4,51.8462,2,2,0.114239,0.50896,0.0206385,0.366828,0.193733,0.45239,0.545627,31.1605,49.4805,49.6265,70.1139,0,0
68271,1,72.0903,72.911,56,40.8301,0.241254,0.888727,1,1584.67,0.274448,0.468143,4,56.4391,1,2,1,0.385613,0.0306563,0.475577,0.253116,0.515342,0.397826,40.1627,54.2229,54.9962,67.8564,0,0
68276,0,37.2943,10.4999,11,1.15499,0.668825,0.43447,2,22607.4,0.848786,0.650694,4,31.6764,2,2,0.394422,0.475706,0,0,0,0.774241,0.865576,6.47937,78.41,78.1527,73.2299,0,0
68296,0,79.1495,44.1035,41.9,18.4794,0.238753,0.166012,1,757.803,0.261691,0.222152,2,51.2177,1,1,0.851215,0.630457,0.0907159,0.393239,0.241977,0.561888,0.415341,38.881,57.9977,57.9565,70.6431,0,0
68298,0,80.803,66.6224,51.1,34.0441,0.180665,0.191821,1,6051.5,0.343362,0.238616,2,59.5049,1,0,0.406586,0.025192,0.0522655,0.0392008,0.0457332,0.499698,0.393648,27.0074,55.0286,55.1456,61.5663,0,0
68307,1,35.1806,25.8003,16.5,4.25705,0.652985,0.411591,1,37427.6,0.75,0.604859,4,34.6159,1,1,0.59783,0.381841,0.026353,0.0784916,0.0524223,0.655317,0.772231,13.5638,66.8483,67.2072,67.5684,0,1
68318,1,57.9818,83.804,60.3,50.5338,0.222793,0.113347,0,136.242,0.00210193,0.112747,1,70.7082,1,1,0.57332,0.0766539,0.172322,0.127919,0.15012,0.436316,0.220617,37.9127,42.2406,42.5463,69.5236,0,1
68320,1,52.7719,31.6502,39.1,12.3752,0.367008,0.201914,0,4968.41,0.0766523,0.215191,2,47.9066,1,1,0.521706,0.0302703,0.0496688,0.0421696,0.0459192,0.493849,0.336441,28.4646,55.5731,55.8213,72.7276,0,1
68322,0,35.3274,22.0657,31.4,6.92863,0.256299,0.265985,1,2419.77,0.287332,0.269872,2,44.0518,1,0,0.811375,0.335447,0.0573235,0.224895,0.141109,0.569908,0.429769,32.0885,58.1568,57.6731,67.1686,0,0
68324,1,99.5576,77.7726,40.4,31.4201,0.278187,0.145124,0,1687.18,0.0260297,0.14978,1,59.4721,1,1,1,0.373236,0.0939114,0.394753,0.244332,0.485426,0.299541,42.5214,49.1447,49.4233,64.1636,0,1
68327,1,58.0549,28.2243,29.6,8.3544,0.463495,0.218929,0,4067.7,0.0627562,0.248394,2,45.1794,1,1,0.999998,0.975132,0.0589173,0.47544,0.267179,0.549928,0.413398,40.5053,50.9686,50.8984,68.9579,0,1
68344,1,73.715,34.6619,46.9,16.2564,0.228533,0.256151,0,0,0,0.161561,1,50.7591,1,0,1,0.30639,0.112456,0.290063,0.20126,0.569921,0.330827,38.8677,46.4677,47.0029,65.8791,0,1
68368,0,51.7934,43.218,40.8,17.633,0.264962,0.820375,2,2132.19,0.532895,0.539411,4,43.1553,2,0,1,0.234771,0.074142,0.322241,0.198191,0.478988,0.451384,34.9368,53.868,53.8859,68.4134,0,0
68370,1,62.6897,28.9098,53.7,15.5246,0.0757976,0.351049,0,5553.93,0.0856857,0.170844,1,50.2407,0,0,0.435112,0.151966,0.201688,0.268304,0.234996,0.515932,0.284741,42.2805,52.6671,53.2038,69.1034,0,0
68377,1,65.4888,27.1241,36.1,9.79182,0.270318,0.383142,1,7606.4,0.367351,0.340271,3,44.3363,1,1,1,0.4233,0.0169102,0.190606,0.103758,0.488248,0.412168,30.2457,55.0403,55.8305,68.9154,0,1
68385,0,56.372,70.9855,49.1,34.8539,0.348398,0.160349,2,2219.41,0.534241,0.347663,3,57.367,2,2,0.579316,0.0215187,0.0348633,0.00687016,0.0208667,0.417659,0.42366,24.5616,42.3183,43.1637,71.0745,0,0
68397,0,68.5458,63.4789,36.1,22.9159,0.206896,0.135501,1,254.013,0.253919,0.198772,1,54.0396,0,0,0.877112,0.14801,0.0493321,0.0908542,0.0700931,0.454844,0.326815,30.303,46.229,45.8489,65.9711,0,0
68406,0,38.9558,11.1347,27,3.00637,0.653744,0.315245,1,3071.32,0.297384,0.422124,4,38.9272,1,1,0.910757,0.520753,0.0672282,0.305342,0.186285,0.632906,0.574458,29.568,63.0651,63.1732,70.0865,0,0
68418,1,35.3278,12.4833,44.6,5.56757,0.345729,0.288259,0,0,0,0.211329,2,44.1309,1,1,0,0.0825447,0,0.072012,0.036006,0.588799,0.362696,27.1703,61.3877,60.9293,63.8789,0,1
68425,1,73.7802,49.032,50.3,24.6631,0.150026,0.228244,0,4110.23,0.0634124,0.147228,1,55.6814,1,0,1,0.369214,0.336212,0.368772,0.352492,0.495581,0.280845,50.0931,54.0159,53.5948,67.8928,0,0
68432,1,99.5295,92.6885,19.3,17.8889,0.611034,0.17439,1,1562.41,0.274105,0.353176,3,48.3939,2,2,0,0.621262,0,0.153189,0.0765947,0.492184,0.479927,26.4131,49.9427,49.8994,77.5891,0,0
68444,1,73.28,35.4858,38.2,13.5556,0.280267,0.173713,0,215.381,0.00332288,0.152435,1,49.3213,1,1,0.949588,0.416056,0.0410289,0.244709,0.142869,0.529561,0.319884,35.3085,47.4886,47.869,70.2358,0,1
68464,1,38.2073,8.10576,49.4,4.00425,0.276172,0.119354,1,3405.87,0.302546,0.232691,2,42.9718,1,1,1,0.180814,0.180509,0.16835,0.174429,0.482518,0.388894,35.4707,49.3709,49.4171,69.4335,0,1
68468,1,80.0039,77.8878,51.9,40.4238,0.203186,0.117101,0,3084.85,0.0475929,0.122627,1,64.8826,1,0,0.64778,0.437637,0.211972,0.610574,0.411273,0.468631,0.271851,54.1469,46.374,46.5311,68.2472,0,0
68498,1,70.9452,34.7983,38.6,13.4322,0.145383,0.118767,1,390.256,0.256021,0.17339,1,49.0274,1,1,1,0.33555,0.045788,0.378194,0.211991,0.500412,0.346214,39.1386,55.0755,55.0539,65.987,0,1
68500,1,61.8092,73.8391,31.8,23.4808,0.401038,0.221812,0,1847.48,0.0285028,0.217118,2,54.0777,1,1,0.986382,0.0360084,0.0659673,0.0274993,0.0467333,0.519741,0.354923,28.0734,46.9586,47.5295,69.6479,0,1
68502,0,82.9742,89.0322,55.1,49.0568,0.230909,0.144756,2,14661.1,0.726191,0.367285,3,63.7408,2,2,0.936757,0.0308717,0.362449,0.0376727,0.200061,0.48833,0.518893,32.5777,52.1379,52.1363,63.4555,0,0
68522,1,62.3667,29.9196,32.5,9.72385,0.238565,0.37392,0,287.804,0.00444022,0.205642,1,46.5439,1,1,0.999998,0.963485,0.0725005,0.580102,0.326301,0.526985,0.320567,47.2443,54.4168,56.7101,69.6022,0,1
68524,0,50.5084,32.2582,27.3,8.80649,0.306395,0.191619,1,0,0.25,0.249338,2,45.4169,1,1,0.190938,0.875159,0.0118761,0.386351,0.199113,0.547447,0.403312,36.5934,57.2531,57.7673,72.0908,0,0
68533,1,37.0823,34.7919,31.5,10.9595,0.349033,0.267389,0,340.038,0.00524609,0.207223,1,47.2186,1,1,1,0.610217,0.043814,0.498617,0.271215,0.541852,0.321358,43.6796,49.5261,49.5514,69.545,0,1
68547,0,43.8895,25.9853,16.2,4.20962,0.576439,0.334779,2,11413.6,0.676088,0.529102,4,36.8196,1,2,0.435817,0.408077,0.00843258,0.0744638,0.0414482,0.665296,0.734077,14.6276,60.0403,59.9703,71.4552,0,0
68549,0,70.8286,47.4183,23.8,11.2855,0.343666,0.33173,2,320.853,0.50495,0.393449,4,43.9694,2,2,0.975655,0.587899,0.0249562,0.221549,0.123253,0.460666,0.437504,30.7145,50.8798,51.5454,62.1725,0,0
68572,0,73.1883,65.4968,26.4,17.2912,0.349431,0.459798,2,306.902,0.504735,0.437988,4,45.9658,1,2,0.988543,0.439008,0.0506013,0.283125,0.166863,0.583368,0.552443,29.3137,62.6711,62.6771,68.5975,0,0
68573,1,21.637,24.2068,36.1,8.73865,0.31246,0.454602,1,3180.13,0.299063,0.355375,3,43.4564,1,1,0.773697,0.544138,0.0219599,0.342373,0.182166,0.567556,0.462128,33.5766,54.4197,54.5591,65.9859,0,1
68575,1,56.1892,42.8158,40.3,17.2547,0.438651,0.158821,0,37670.8,0.5,0.365824,3,47.7664,1,1,0.450083,0.384556,0.0167843,0.240559,0.128672,0.43954,0.452298,30.5815,47.041,46.9917,66.3858,0,1
68615,0,38.3975,33.3516,37.8,12.6069,0.393701,0.169183,2,3853.75,0.559455,0.374113,3,45.1148,2,0,0.788286,0.527481,0.0356561,0.40403,0.219843,0.479586,0.480105,35.2256,48.4985,48.5801,67.1117,0,0
68655,0,16.206,9.34271,36.6,3.41943,0.536551,0.238139,1,1703.91,0.276288,0.350326,3,40.6842,1,1,0.713623,0.371218,0.0600203,0.287504,0.173762,0.576019,0.514074,31.1908,50.5223,51.078,69.1772,0,0
68669,0,90.6959,91.2664,42.4,38.697,0.286864,0.144924,1,0,0.25,0.227262,2,62.2528,1,0,0.154441,0.374387,0.021849,0.320001,0.170925,0.498523,0.379891,35.5143,57.4171,57.0517,70.4272,0,0
68673,0,70.333,63.1505,49.8,31.449,0.147583,0.182106,1,1295.71,0.26999,0.199893,1,58.7737,1,0,0.183883,0.922455,0.0301695,0.978861,0.504515,0.506073,0.353442,56.9636,49.25,49.5395,63.6035,0,0
68679,0,51.433,14.0236,13.7,1.92123,0.70804,0.329544,2,8221.19,0.626836,0.554807,4,34.9422,2,2,0.999998,0.485651,0.00459256,0.0478035,0.026198,0.663959,0.751652,13.0152,65.4181,64.6846,77.9867,0,0
68682,0,61.0747,69.0961,41.4,28.6058,0.322162,0.178537,2,562.645,0.50868,0.33646,3,54.4325,2,1,0.999997,0.183847,0.25818,0.0851685,0.171674,0.475865,0.466679,32.7723,43.9846,44.4741,68.8646,0,0
68684,0,82.069,32.9051,47.6,15.6628,0.171987,0.162051,2,7322.79,0.612976,0.315671,3,48.0088,1,2,0.776331,0.37317,0.141732,0.700703,0.421218,0.483687,0.465204,47.4927,50.5995,51.5967,70.2123,0,0
68686,1,94.6709,82.7522,33.6,27.8047,0.228735,0.171274,1,9155.02,0.391243,0.26375,2,55.6236,1,1,0.994027,0.692429,0.188707,0.345732,0.26722,0.411,0.342417,42.8066,43.5578,43.6025,69.4036,0,1
68689,1,24.9622,56.348,34.9,19.6655,0.371034,0.187539,0,366.969,0.00566158,0.188078,1,52.3647,1,1,0.684602,0.254003,0.101422,0.188931,0.145176,0.510067,0.327843,35.2619,48.4951,48.5665,65.652,0,1
68705,1,58.0924,49.0697,53.8,26.3995,0.205635,0.172526,1,1158.82,0.267878,0.215346,2,55.7252,1,1,0.723271,0.063373,0.302244,0.0657594,0.184001,0.493462,0.364381,36.8087,48.9149,48.8582,65.9141,0,1
68720,1,57.2561,64.0321,47.9,30.6714,0.337011,0.269845,0,6084.27,0.0938678,0.233575,2,57.7625,1,1,0.351615,5.369e-07,0.0404095,7.13233e-08,0.0202048,0.498424,0.334946,26.7816,47.5602,48.3873,68.1596,0,1
68745,0,29.7857,44.5607,44.5,19.8295,0.254763,0.232186,1,419.439,0.256471,0.247807,2,51.5528,1,1,0.84235,0.209338,0.0594334,0.169558,0.114496,0.520712,0.390182,31.5763,50.7347,50.4702,65.1951,0,0
68755,0,56.9647,25.3809,15.1,3.83251,0.658671,0.246712,1,618.799,0.259547,0.38831,4,40.1223,1,1,0.971775,0.623276,0.0124705,0.0733691,0.0429198,0.607859,0.564961,21.413,62.2225,62.4951,72.4463,0,0
68770,0,52.7128,24.2683,37.8,9.17343,0.293245,0.163347,2,473.4,0.507304,0.321299,3,44.3769,2,2,0.478405,0.159089,0.0388787,0.264167,0.151523,0.538234,0.478652,31.1153,59.5443,59.953,69.2042,0,0
68773,1,53.1217,38.1251,47.1,17.9569,0.103316,0.101597,0,2302.67,0.0355254,0.0801461,1,52.4069,1,1,1,0.225183,0.0404318,0.160858,0.100645,0.442817,0.225818,34.432,51.5081,51.9309,65.2633,0,1
68780,0,83.0975,59.3952,44.2,26.2527,0.188923,0.165173,2,7258.17,0.611979,0.322025,3,53.5397,2,0,0.963817,0.202294,0.0512614,0.174123,0.112692,0.56413,0.535926,26.7015,53.1009,52.736,65.0018,0,0
68820,0,46.2723,35.8093,45.8,16.4007,0.321674,0.244487,2,2706.25,0.541752,0.369304,3,47.2342,2,1,0.802516,0.170579,0.0628919,0.0402574,0.0515747,0.537475,0.49723,24.2785,49.4395,49.2386,65.7907,0,0
68855,0,63.6643,35.2048,36.6,12.885,0.368601,0.150016,2,10799.7,0.666618,0.395078,4,44.7735,2,2,1,0.477709,0.0425807,0.471117,0.256849,0.525769,0.5528,34.5072,56.3484,56.3772,71.9223,0,0
68861,1,61.358,82.724,32.3,26.7199,0.471501,0.170134,1,8763.58,0.385204,0.34228,3,53.3041,2,1,0.792282,0.073768,0.0357737,0.0310524,0.0334131,0.550187,0.52309,22.2854,58.9291,59.3298,67.8048,0,1
68867,0,41.5313,43.8569,31.9,13.9904,0.319387,0.158374,2,12532.4,0.693348,0.39037,4,45.467,2,1,1,0.16851,0.0325302,0.0346425,0.0335863,0.48404,0.539897,21.7234,49.8436,49.9071,63.0789,0,0
68872,0,28.482,40.9761,27.5,11.2684,0.387968,0.229972,2,735.834,0.511352,0.376431,4,44.3514,2,2,0.501294,0.0164554,0.0322218,0.0135059,0.0228638,0.636867,0.605305,18.723,59.0995,58.999,73.2672,0,0
68895,0,49.6486,24.9876,26.9,6.72165,0.511282,0.324299,2,5342.7,0.582427,0.472669,4,39.6261,2,2,0.627059,0.447952,0.12494,0.108921,0.11693,0.618429,0.638152,22.9594,55.2077,54.6363,72.4358,0,0
70001,0,0.384984,0.0587715,30.4,0.0178665,0.559366,0.308037,2,0,0.5,0.455801,4,36.5598,1,2,0.774,0.842446,0.061547,0.358822,0.210185,0.537094,0.578827,30.7595,55.2934,55.6671,73.3243,0,0
70110,1,1.00345,0.0654433,49.1,0.0321326,0.353072,0.0837705,1,0,0.25,0.228947,2,40.7892,2,1,0.613835,0.999999,0,1,0.5,0.41674,0.330304,57.6266,51.4997,51.9097,70.0791,0,1
70124,0,40.0195,53.435,58.7,31.3663,0.126129,0.0673639,2,1334.2,0.520584,0.238025,2,58.059,2,2,0.978806,0.332165,0,0.488791,0.244395,0.40831,0.354146,40.9933,40.7566,40.4232,68.8915,0,0
70204,0,4.14224,1.94952,59.6,1.16191,0.205845,0.0979537,2,1907.2,0.529424,0.277741,2,40.7256,2,2,0.258782,0.347923,0.0722662,0.436258,0.254262,0.355278,0.323516,42.5201,33.9001,33.686,70.107,0,0
70215,0,0.193865,0,34.5,0,0.398747,0.141327,2,1632.05,0.525179,0.355084,3,0,2,0,0.418658,0.918059,0,0.675288,0.337644,0.447181,0.467056,42.6913,48.1207,48.0985,74.0115,0,0
70221,0,0.380457,0.0968324,45,0.0435746,0.473733,0.611967,2,24484.7,0.877748,0.654483,4,31.0199,2,2,0.0249749,0.228368,0.00175248,0.141462,0.0716074,0.575598,0.709648,17.3709,59.8154,60.2926,70.5175,0,0
70230,0,5.69262,8.21602,73.9,6.07164,0.293924,0.0871055,2,0,0.5,0.293677,3,43.1816,2,2,0.142553,0.391505,0.0284934,0.454808,0.241651,0.364867,0.355284,40.7834,34.3057,34.4642,74.5154,0,0
70233,0,0,0,64.3,0,0.190938,0.0796862,2,714.623,0.511025,0.26055,2,0,2,0,0.930998,0.710844,0,1,0.5,0.401748,0.359551,56.4525,41.5793,41.8354,71.0584,0,0
70235,0,0.327616,3.24816,46.1,1.4974,0.272505,0.0561741,2,11205.4,0.672877,0.333852,3,39.9519,2,0,0.867865,0.94384,0,0.955807,0.477903,0.36623,0.415056,52.8377,34.282,34.4298,71.9281,0,0
70265,0,43.7236,33.1236,66.1,21.8947,0.240418,0.0603888,2,34919,1,0.433602,4,48.423,2,1,1,0,0,0,0,0.306311,0.456732,22.2631,35.6254,35.7507,69.1847,0,0
70400,1,1.20925,0.214947,55.8,0.11994,0.271894,0.089577,1,0,0.25,0.203824,1,41.1458,2,1,0.277802,0.648882,0,0.878125,0.439062,0.431701,0.3163,54.4645,43.8099,43.8885,70.4257,0,1
70418,0,0.173529,0.00860242,41.6,0.00357861,0.239194,0.0329793,1,545.667,0.258419,0.176864,1,41.371,1,0,0,0.472075,0,0.539273,0.269637,0.401467,0.290192,44.4283,38.2891,38.0117,73.4721,0,0
70429,0,46.0072,54.9736,64.4,35.403,0.169998,0.0497532,2,5239.96,0.580842,0.266864,2,59.6476,2,2,1,0.331842,0,0.403136,0.201568,0.436886,0.40098,36.8225,39.2277,39.4118,71.1517,0,0
70473,1,18.502,2.24312,42.8,0.960053,0.304485,0.0683476,1,0,0.25,0.207611,1,41.5764,2,1,0.120407,0.670512,0.0110385,0.626902,0.31897,0.330691,0.251446,48.6664,30.8531,31.1399,70.0981,0,1
70508,0,2.17883,1.04054,51.5,0.535879,0.260561,0.0855078,1,11129.3,0.421703,0.255924,2,40.7039,1,0,0.081596,0.505458,0.00178305,0.450525,0.226154,0.384591,0.323604,40.6891,37.5005,37.6963,73.2976,0,0
70523,1,1.49233,0.710039,65.1,0.462235,0.155732,0.0622863,1,387.319,0.255976,0.157998,1,41.8124,2,1,0.149907,0.903883,0.0667058,1,0.533353,0.451467,0.307944,60.4659,45.8825,45.8536,71.9188,0,1
70670,0,0.00308344,0.00517786,56.9,0.0029462,0.260967,0.0684483,1,19.4048,0.250299,0.193238,1,41.1986,0,1,0.919029,0.959111,0.0312525,1,0.515626,0.37845,0.289688,60.0915,41.7671,41.6526,73.4264,0,0
70678,0,53.8745,58.1218,63,36.6167,0.110552,0.0394313,1,904.058,0.263948,0.137977,1,62.5486,1,0,0.999998,0.414493,0,0.593205,0.296603,0.388832,0.247529,47.2725,37.2678,37.3015,65.9394,0,0
70702,1,0.00193567,0,44.8,0,0.264746,0.107952,1,2094.33,0.282311,0.218336,2,40.9049,2,1,0.00367637,0.973049,0,1,0.5,0.367916,0.273699,59.6942,32.691,32.4538,71.8381,0,1
70708,0,50.6855,27.0629,59.1,15.9942,0.297054,0.0851592,1,1838.58,0.278366,0.220193,2,49.8608,1,0,0.651929,0.410737,0,0.524008,0.262004,0.477693,0.381134,41.2675,48.059,48.3105,69.5005,0,0
70713,0,24.5052,49.693,69,34.2881,0.194852,0.0562277,2,0,0.5,0.25036,2,59.4009,2,0,0.844264,0.695267,0.364382,0.982462,0.673422,0.312458,0.296626,68.8038,33.7355,33.5941,72.1104,0,0
70717,0,1.15833e-05,0,47.1,0,0.338648,0.122152,2,903.807,0.513944,0.324915,3,0,2,1,0.00141199,1,0,1,0.5,0.349132,0.365148,56.2203,36.5452,36.2277,73.246,0,0
70742,0,0,0,51.1,0,0.335086,0.142964,2,89.6238,0.501383,0.326478,3,0,2,1,0.186683,0.979257,0,1,0.5,0.409397,0.404755,54.5123,46.8009,46.6327,72.4039,0,0
70771,0,63.5545,77.8747,63.4,49.3726,0.109671,0.0170607,1,2331.96,0.285977,0.13757,1,69.7103,0,0,1,0.0692153,0,0.0755721,0.037786,0.390039,0.263215,29.4614,32.1249,32.0153,66.7959,0,0
70820,0,3.71617,2.29968,42.7,0.981962,0.461346,0.222507,2,0,0.5,0.394618,4,38.4592,2,2,0.848231,0.687056,0.084956,0.623467,0.354211,0.474755,0.497877,42.3405,41.5184,42.1019,66.696,0,0
70823,0,6.91144,7.94777,45.8,3.64008,0.314513,0.231556,1,2269.77,0.285018,0.277029,2,42.1131,1,1,0.817088,0.800478,0.165806,0.712091,0.438948,0.532823,0.435349,49.7851,51.0875,51.2062,72.4736,0,0
73001,1,56.1495,12.3811,14.8,1.8324,0.740834,0.310978,0,309.56,0.00477588,0.352196,0,39.7857,1.5,0,0.922097,0.420432,0.0343624,0.0220538,0.0282081,0.654403,0.546966,21.1473,66.4075,66.8242,68.196,0,1
73024,1,85.9458,92.3532,30.9,28.5371,0.375707,0.174946,1,0,0.25,0.266884,2,55.9575,1.5,0,0.999999,0.518555,0.0622567,0.146507,0.104382,0.48301,0.372871,31.401,47.6992,48.2519,70.7274,0,1
73026,1,45.0659,13.1055,38.8,5.08493,0.365775,0.449529,0,3250.91,0.0501549,0.288486,3,42.7255,1.5,0,0.466858,0.932962,0.257711,0.596541,0.427126,0.65605,0.442788,48.8021,65.3434,65.7238,66.3484,0,1
73030,1,10.3227,41.8323,32.9,13.7628,0.524736,0.220512,1,30796.9,0.725132,0.490127,4,42.7314,1.5,0,0.341904,0.730266,0.104107,0.450048,0.277078,0.589413,0.635591,31.9341,59.7282,59.6448,64.3734,0,1
73043,1,66.7088,35.6222,55.8,19.8772,0.188253,0.0804662,1,3235.25,0.299913,0.189544,1,52.4643,1.5,0,0.999999,0.33167,0.920461,0.360046,0.640254,0.436333,0.314544,66.2098,39.3946,39.8677,62.7043,0,1
73055,1,14.5756,11.839,27.3,3.23203,0.4284,0.277291,1,1680.65,0.275929,0.327207,3,41.0235,1.5,0,0.833909,0.621227,0.124791,0.245433,0.185112,0.588602,0.47783,33.2031,64.2226,64.3305,69.6548,0,1
73067,1,71.5559,53.2318,64,34.0683,0.2142,0.0591083,1,3354.38,0.301751,0.191686,1,60.3582,1.5,0,0.999996,0.624243,0.296082,0.625894,0.460988,0.378512,0.273043,57.2749,38.4787,38.8178,65.7405,0,1
73124,1,91.8598,94.5156,36.2,34.2147,0.417933,0.224367,1,1341.25,0.270693,0.304331,3,58.1515,1.5,0,0.911568,0.28113,0.114903,0.129786,0.122345,0.51495,0.410352,31.492,47.6252,47.9317,67.2344,0,1
73148,0,75.6068,94.9014,20.7,19.6446,0.571751,0.536578,1,890.662,0.263741,0.457357,4,46.6185,1,0,0.999999,0.792848,0.0673663,0.154465,0.110915,0.699107,0.62511,23.1484,71.1411,71.7146,63.549,0,0
73152,1,71.5482,69.8819,43.8,30.6083,0.244212,0.0669137,1,180.763,0.252789,0.187972,1,58.4928,1.5,0,0.999999,0.20208,0.139536,0.0719346,0.105736,0.48248,0.34825,32.1403,48.9408,49.2435,69.108,0,1
73168,1,54.4272,31.6448,39.7,12.563,0.397276,0.112527,1,209.888,0.253238,0.254347,2,47.4258,1.5,0,0.999998,0.478102,0.0512203,0.276706,0.163963,0.514161,0.421594,33.792,49.2721,49.5649,68.3583,0,1
73200,1,31.9163,8.66168,35.8,3.10088,0.35159,0.427168,1,5510.14,0.33501,0.371256,3,40.0897,1.5,0,0.536452,0.956856,0.197917,0.409986,0.303952,0.538839,0.463581,40.8649,54.1036,54.1249,65.5163,0,1
73217,1,27.7158,2.14394,62.1,1.33139,0.149909,0.100028,1,0,0.25,0.166646,1,42.2269,1.5,0,1,0.938823,0.572735,1,0.786367,0.385317,0.263989,75.9866,36.2584,36.6177,67.1241,0,1
73226,1,67.8022,56.9772,40.8,23.2467,0.227388,0.0761823,1,0,0.25,0.184523,1,54.4238,1.5,0,0.999999,0.789643,0.268836,0.484406,0.376621,0.45293,0.321784,50.3942,47.1217,47.8469,67.7664,0,1
73236,1,90.7355,95.9642,32.8,31.4763,0.305291,0.0741774,1,127.211,0.251963,0.210477,1,58.6136,1.5,0,0.999999,0.519796,0.12683,0.300834,0.213832,0.471775,0.356145,38.9713,46.783,46.9031,74.2612,0,1
73268,1,29.7643,33.1666,19.2,6.36799,0.65119,0.336144,1,2245.37,0.284641,0.423992,4,40.6574,1.5,0,0.964319,0.886425,0.129781,0.163402,0.146592,0.5786,0.551034,28.1688,58.1208,58.8637,71.8704,0,1
73270,1,69.3452,48.7803,39.3,19.1706,0.267872,0.0796168,1,0,0.25,0.199163,1,51.9374,1.5,0,0.999999,0.536881,0.218487,0.344194,0.28134,0.49215,0.359633,43.1754,49.3947,49.9983,72.7102,0,1
73275,0,18.4331,3.46335,17.4,0.602624,0.453701,0.422814,2,24604.5,0.879596,0.585371,4,33.4006,2,1,1,0.698301,0.107251,0.072924,0.0900873,0.633972,0.74107,17.0203,60.644,60.5448,61.9156,0,0
73283,1,78.7645,79.0301,33.6,26.5541,0.370658,0.0938729,1,532.264,0.258212,0.240914,2,55.373,1.5,0,0.999998,0.43686,0.03803,0.376563,0.207296,0.480971,0.383778,37.7238,50.13,50.7322,70.2124,0,1
73319,1,11.8809,5.74983,32.2,1.85144,0.352984,0.223271,1,0,0.25,0.275418,2,41.1451,1.5,0,0.973258,0.873565,0.366022,0.493795,0.429908,0.575308,0.436752,49.2183,61.4352,61.7706,66.7115,0,1
73347,1,73.489,68.1393,54,36.7952,0.269325,0.171583,1,1560.34,0.274073,0.238327,2,61.0007,1.5,0,0.999999,0.128162,0.077128,0.0939203,0.0855242,0.413509,0.30627,31.8066,43.9889,44.1373,66.5107,0,1
73349,1,13.7064,15.2865,25.8,3.94392,0.640777,0.337515,1,2758.8,0.292563,0.423618,4,39.3884,1.5,0,0.847701,0.641415,0.0872332,0.163207,0.12522,0.521558,0.512175,28.3215,57.5645,58.1265,67.6216,0,1
73352,1,90.8547,84.7905,33.7,28.5744,0.260145,0.108328,1,542.362,0.258368,0.208947,1,57.0341,1.5,0,1,0.553694,0.176619,0.39752,0.28707,0.465115,0.345843,43.9698,48.5102,48.8149,65.2535,0,1
73408,1,42.3459,8.29124,28.1,2.32984,0.495711,0.220242,1,0,0.25,0.321984,3,40.6249,1.5,0,0.575052,0.822674,0.103018,0.355588,0.229303,0.571371,0.482403,35.7082,56.9137,56.5447,67.0319,0,1
73411,1,90.818,73.9761,33.4,24.708,0.494516,0.15175,0,27.1224,0.000418444,0.215561,2,54.7837,1.5,0,0.999998,0.38298,0.184774,0.228839,0.206807,0.495086,0.344231,38.8588,50.8511,51.0674,71.0186,0,1
73443,1,31.265,25.1814,27.1,6.82415,0.557127,0.24102,0,179.629,0.00277131,0.266973,2,44.0402,1.5,0,0.468956,0.25571,0.0332113,0.0887063,0.0609588,0.582828,0.444482,26.537,56.2798,56.1042,70.0639,0,1
73449,1,93.2028,85.7261,19.7,16.888,0.73961,0.5952,1,8399.74,0.379591,0.571467,4,41.7667,1.5,0,0.978777,0.881993,0.0615616,0.1196,0.090581,0.642207,0.664631,20.3515,67.1495,68.2045,70.8746,0,1
73461,1,61.4476,86.929,50.4,43.8122,0.335233,0.115187,1,126.179,0.251947,0.234122,2,64.8565,1.5,0,1,0.292009,0.318309,0.245351,0.28183,0.418961,0.329359,44.1321,43.4158,44.112,60.7912,0,1
73483,1,60.5435,4.54127,42.1,1.91188,0.323669,0.149382,1,269.633,0.25416,0.242404,2,41.6651,1.5,0,1,0.854658,0.278352,0.473494,0.375923,0.425621,0.330193,50.0751,44.533,45.2411,71.1764,0,1
73504,1,22.6752,17.8947,51.3,9.17998,0.158807,0.0664552,1,18668.8,0.538021,0.254428,2,45.5463,1.5,0,1,0.820018,0.208293,0.823047,0.51567,0.465089,0.418507,54.7383,45.7524,45.6301,64.5522,0,1
73520,1,54.3272,37.74,45.5,17.1717,0.280965,0.104027,0,1325.27,0.0204461,0.135146,1,51.5467,1.5,0,1,0.716654,0.232515,0.692487,0.462501,0.491796,0.290936,56.7826,52.1714,52.7921,71.894,0,1
73547,1,10.6686,2.21548,27.2,0.602611,0.40514,0.341439,1,0,0.25,0.332193,3,39.4928,1.5,0,0.319046,0.849251,0.0948069,0.358863,0.226835,0.507446,0.411594,38.0648,56.8398,56.6881,61.1291,0,1
73555,1,33.3994,61.8208,55.4,34.2487,0.268538,0.0710481,1,310.368,0.254788,0.198125,1,60.3525,1.5,0,0.964066,0.019363,0.117183,0.0826797,0.0999315,0.43542,0.309309,32.7023,52.752,53.0421,68.3311,0,1
73563,1,66.1139,37.6329,36.6,13.7737,0.387648,0.168529,1,0,0.25,0.268726,2,47.8556,1.5,0,0.878245,0.730798,0.209882,0.467768,0.338825,0.492521,0.391936,45.6508,45.8122,45.6578,70.3904,0,1
73585,1,44.0441,19.6547,32.6,6.40743,0.431007,0.201498,1,3792.47,0.30851,0.313671,3,43.0103,1.5,0,0.975329,0.737545,0.19779,0.325487,0.261638,0.533354,0.469913,38.1132,52.8488,53.9734,71.3694,0,1
73616,1,37.7713,58.3583,60.5,35.3067,0.157965,0.0739846,0,228.271,0.00352175,0.0784903,1,62.3754,1.5,0,0.999998,0.0533365,0.0771238,0.0843424,0.0807331,0.480084,0.242085,32.7818,47.9685,48.4232,65.93,0,1
73622,1,44.3593,55.7323,42,23.4076,0.312206,0.156856,1,0,0.25,0.239687,2,53.6646,1.5,0,0.480143,0.190992,0.0996145,0.199088,0.149351,0.464189,0.34563,35.0745,46.7811,47.4027,66.9581,0,1
73624,1,36.1964,39.8355,47,18.7227,0.310604,0.0715122,0,2165.71,0.0334125,0.13851,1,52.398,1.5,0,0.84797,0.630759,0.297287,0.545978,0.421632,0.495298,0.303183,53.8248,51.1244,51.2152,68.4651,0,1
73671,1,13.3115,16.4529,36.3,5.9724,0.450235,0.306137,1,286.187,0.254415,0.336929,3,42.3331,1.5,0,1,0.956312,0.333972,0.648715,0.491344,0.556735,0.452883,51.8422,63.3975,63.4397,68.9468,0,1
73675,1,37.2471,59.5448,53.7,31.9755,0.276697,0.0822868,1,1089.28,0.266805,0.208596,1,58.921,1.5,0,0.939972,0.258275,0.151602,0.227505,0.189554,0.441088,0.327194,38.1988,44.4754,44.9279,70.813,0,1
73678,1,19.0543,6.21148,39.4,2.44732,0.281386,0.205756,0,344.647,0.00531719,0.164153,1,42.8861,1.5,0,0.91441,0.810249,0.279448,0.562662,0.421055,0.468948,0.268123,54.8853,48.5885,49.5882,65.3641,0,1
73686,1,63.7024,47.3498,50.9,24.1011,0.400125,0.0855117,1,1153.48,0.267796,0.251144,2,53.8431,1.5,0,1,0.348541,0.680776,0.344016,0.512396,0.501972,0.410872,54.9126,51.9398,52.0321,67.5313,0,1
73770,1,13.069,4.72029,34.3,1.61906,0.312808,0.310774,0,0,0,0.207861,1,41.9458,1.5,0,0.999999,0.941565,0.184189,0.395696,0.289943,0.474513,0.270375,46.2746,54.604,54.481,66.577,0,1
73854,1,61.3469,27.3913,40.4,11.0661,0.29935,0.0989139,0,2643.14,0.0407782,0.146347,1,47.9634,1.5,0,0.999998,0.991218,0.424484,0.629732,0.527108,0.455491,0.257586,61.9226,49.5711,50.3091,65.5835,0,1
73861,1,28.4023,9.96002,36.3,3.61549,0.552998,0.247272,1,19570.8,0.551938,0.450736,4,38.5682,1.5,0,0.726059,0.770881,0.230293,0.508542,0.369417,0.455229,0.507827,42.7495,39.5677,40.0179,66.2511,0,1
73870,1,81.1476,82.5235,51.3,42.3345,0.259944,0.0591202,1,3288.42,0.300734,0.206599,1,64.6346,1.5,0,1,0.394122,0.307692,0.247353,0.277523,0.409625,0.307712,44.4725,47.6962,47.8334,64.1398,0,1
73873,1,94.6166,87.9485,38.4,33.7722,0.308684,0.0742112,1,3096.26,0.297769,0.226888,2,59.5818,1.5,0,1,0.150189,0.244212,0.142608,0.19341,0.424019,0.328283,38.4225,39.122,39.526,69.6874,0,1
76001,0,28.8203,15.8677,11.9,1.88825,0.69965,0.626389,2,6959.35,0.607368,0.644469,0,32.2275,2,2,1,0.323,0.0423157,0.00189954,0.0221076,0.769787,0.793694,10.9432,83.3752,83.8568,69.2459,0,0
76020,1,26.8962,7.5748,31.9,2.41636,0.475798,0.17416,0,1868.28,0.0288238,0.226261,2,42.1655,2,1,0.864768,0.582699,0.123119,0.4807,0.301909,0.527926,0.371186,44.0934,56.4003,57.3656,65.1423,0,1
76036,1,38.9437,12.46,15.3,1.90638,0.45509,0.238897,1,530.067,0.258178,0.317388,3,40.4749,2,1,0.998702,0.565597,0.0459034,0.0932018,0.0695526,0.608795,0.500956,25.2775,61.4263,61.4876,69.2173,0,1
76041,1,78.5758,93.7493,31.3,29.3435,0.411025,0.153313,1,830.375,0.262811,0.275716,2,56.2106,2,1,0.234136,0.868695,0.0195092,0.521976,0.270743,0.533179,0.422057,40.4203,56.1088,56.1251,68.4472,0,1
76054,1,88.5724,79.2252,36.2,28.6795,0.356211,0.124841,1,0,0.25,0.243684,2,56.4859,2,0,0,0.716007,0,0.00526941,0.0026347,0.494359,0.352308,25.205,53.1407,53.7651,68.5706,0,0
76100,0,77.5816,33.4127,29.7,9.92358,0.23759,0.11284,2,12689.5,0.695772,0.348734,3,44.2329,2,2,0.594999,0.371785,0.0207723,0.05643,0.0386011,0.561356,0.544551,21.8711,55.6146,55.3379,69.2277,0,0
76109,1,27.9991,2.91802,41,1.19639,0.487378,0.448321,0,1088.15,0.0167879,0.317496,3,40.0829,2,1,0.855459,0.00148181,0.00584041,5.2192e-06,0.00292281,0.577584,0.431102,23.1882,58.3923,59.2591,65.6468,0,1
76111,0,53.3837,10.455,12.3,1.28596,0.650383,0.36691,2,347.514,0.505361,0.507551,4,35.9153,1,2,1,0.375489,0.0266267,0.011517,0.0190718,0.652955,0.688476,15.2587,63.6444,63.8324,72.6375,0,0
76113,1,30.0148,11.8343,25.8,3.05324,0.511643,0.508811,1,8211.6,0.376688,0.465714,4,37.9045,1,2,0.882783,0.721632,0.151224,0.3228,0.237012,0.609726,0.574205,32.4773,64.1544,64.0217,68.8843,0,0
76122,0,32.6652,41.0664,24.6,10.1023,0.578238,0.137662,1,257.642,0.253975,0.323291,3,44.8434,1,1,0.804995,0.703045,0.0696957,0.316672,0.193184,0.526145,0.461288,34.2832,52.5504,52.6903,72.8697,0,0
76126,1,46.8275,44.9633,25.7,11.5556,0.500511,0.292749,1,1623.46,0.275047,0.356102,3,44.953,2,1,0.999196,0.0827301,0.00649043,0,0.00324521,0.593165,0.523491,20.3896,61.982,62.7273,69.1438,0,0
76130,0,4.3499,5.84177,15.5,0.905475,0.358697,0.424266,2,4139.08,0.563857,0.44894,4,37.1902,2,2,1,0.300394,0.148211,0.0911293,0.11967,0.698967,0.668505,21.8374,69.4692,68.985,70.2999,0,0
76147,0,25.7616,13.8782,16.6,2.30379,0.667674,0.258964,2,2087.19,0.532201,0.48628,4,36.9941,2,0,0.274128,0.83666,0.0251083,0.126364,0.0757363,0.6376,0.690243,18.4311,66.0393,66.4549,71.1045,0,0
76233,1,54.5594,21.671,28.4,6.15456,0.260466,0.181506,1,0,0.25,0.230657,2,44.2058,2,1,0.778713,0.275943,0.0138264,0.0126128,0.0132196,0.567734,0.427118,23.9683,58.518,58.0073,67.156,0,1
76243,0,97.7891,88.1681,43.5,38.3531,0.259689,0.0834227,2,2414.03,0.537243,0.293452,3,60.5814,2,2,0.308938,0.411455,0.0770053,0.430123,0.253564,0.448979,0.410632,39.7594,50.1476,50.6798,66.264,0,0
76246,0,84.5968,89.0688,35.8,31.8866,0.338604,0.0731541,2,0,0.5,0.303919,3,56.9376,2,0,0,0.337422,0,0,0,0.49671,0.433111,22.9421,53.7264,54.1487,64.8114,0,0
76248,0,42.1061,2.96512,15.2,0.450699,0.488421,0.340911,1,498.296,0.257688,0.36234,3,38.8364,1,1,1,0.350272,0.140844,0.03942,0.0901322,0.617093,0.533407,25.4218,62.2087,62.5241,72.0015,0,0
76250,1,80.042,38.1185,37.2,14.1801,0.466007,0.126368,0,6035.09,0.093109,0.228495,2,48.7257,2,1,0.376574,0.555227,0.00250873,0.00639826,0.0044535,0.49208,0.358124,25.188,52.8013,52.6394,66.9081,0,1
76275,1,33.746,6.9638,18.9,1.31616,0.410101,0.141209,0,2644.11,0.0407932,0.197368,1,41.8965,2,1,0.995569,0.22749,0.194049,0.0671521,0.130601,0.502309,0.353782,33.6292,51.2358,51.1753,74.6808,0,1
76306,1,47.3419,21.8183,14.7,3.20729,0.374888,0.236854,0,677.389,0.0104507,0.207397,1,42.8483,2,1,1,0.447579,0.191984,0.0304524,0.111218,0.477757,0.309325,33.4562,47.8413,47.9228,68.0542,0,1
76318,1,12.1499,2.48741,16,0.397986,0.404491,0.26687,0,1859.62,0.0286901,0.23335,2,40.9376,1,1,1,0.479845,0.317747,0.100476,0.209112,0.539844,0.364704,38.4162,59.1439,59.7683,70.6252,0,0
76364,1,30.5849,16.0671,14.9,2.39399,0.496395,0.381418,1,816.085,0.262591,0.380134,4,39.5242,2,1,0.999999,0.589299,0.0182375,0.0588457,0.0385416,0.587108,0.510862,23.0136,69.5155,69.8406,70.1535,0,1
76377,1,7.81534,3.42584,25.3,0.866737,0.212378,0.176352,0,0,0,0.129577,1,42.2785,2,1,1,0.575342,0.0160451,0.0816338,0.0488395,0.506651,0.28001,29.889,50.6701,50.7912,66.7098,0,1
76400,1,48.409,22.0897,22.5,4.97018,0.621335,0.222084,1,371.159,0.255726,0.366382,3,41.198,2,1,0,0.921597,0,0.337562,0.168781,0.592768,0.539747,29.9196,61.2634,61.7785,71.5672,0,1
76403,0,36.6563,7.12111,22.9,1.63073,0.464193,0.21172,1,0,0.25,0.308637,3,40.4767,1,1,0.131347,0.912531,0.00797153,0.30409,0.156031,0.599355,0.492634,30.8996,59.4917,59.8805,72.1469,0,0
76497,1,38.8313,8.54371,31.2,2.66564,0.464801,0.213823,0,1399.98,0.0215987,0.233407,2,42.2108,2,1,0.496085,0.781378,0.184854,0.506657,0.345755,0.524576,0.34307,47.7634,58.21,58.7071,69.2684,0,1
76520,1,42.875,5.04703,11.5,0.580409,0.528143,0.494757,1,297.303,0.254587,0.425829,4,37.5565,2,2,0.999997,0.38336,0.0141695,0.00403417,0.00910182,0.753786,0.631443,16.9157,70.853,70.5856,73.7352,0,0
76563,0,44.0652,14.668,24.8,3.63765,0.48314,0.221799,2,0,0.5,0.401646,4,39.7259,2,2,0.918751,0.367249,0.333108,0.134949,0.234029,0.587923,0.593816,31.4679,57.2381,57.7541,70.754,0,0
76606,1,7.94628,1.20203,20.7,0.24882,0.510723,0.17299,0,984.918,0.0151953,0.232969,2,40.8588,2,1,1,0.675476,0.0119839,0.135273,0.0736283,0.567526,0.401838,28.5984,59.3663,59.2689,73.2641,0,1
76616,1,35.5156,21.8356,23.2,5.06586,0.371858,0.206643,0,2689.02,0.0414861,0.206662,1,43.9061,1,0,0.922399,0.519751,0.320065,0.13019,0.225128,0.611585,0.401796,38.2802,66.9204,66.9169,72.7751,0,0
76622,0,35.5422,11.0427,16.5,1.82204,0.531428,0.164199,2,2619.33,0.540411,0.412012,4,38.5279,2,2,0.136817,0.786046,0.00250381,0.0781415,0.0403226,0.601396,0.611055,19.5522,62.6351,62.4337,76.4104,0,0
76670,1,24.242,1.94558,18,0.350205,0.372994,0.332874,0,0,0,0.235289,2,40.8852,2,1,1,0.622312,0.190018,0.177843,0.18393,0.603066,0.374767,36.5012,58.8978,59.2718,66.2982,0,1
76736,0,43.2129,10.8546,27.4,2.97415,0.492047,0.130371,2,0,0.5,0.374139,3,39.9616,2,1,0.729651,0.464245,0.11497,0.207773,0.161372,0.516936,0.519884,30.2298,52.0718,52.5447,69.4299,0,0
76823,1,70.1027,66.188,32.1,21.2463,0.424577,0.121251,0,0,0,0.181943,1,53.3339,0,0,0.000885559,0.817205,2.40014e-06,0.458284,0.229143,0.529086,0.347524,40.209,54.8077,55.196,68.2977,0,0
76828,1,53.0285,51.1036,34.9,17.8351,0.316624,0.087552,0,3305.74,0.0510007,0.151726,1,51.7601,2,1,0.518073,0.604641,0.221722,0.363583,0.292653,0.51543,0.312165,45.3288,57.4946,57.4483,69.2854,0,1
76834,0,54.9359,3.30696,13.7,0.453053,0.589829,0.308701,2,6658.47,0.602727,0.500419,4,35.6733,2,2,0.95382,0.406991,0.0265836,0.0222612,0.0244224,0.669822,0.719255,14.2947,65.9062,65.9436,75.5192,0,0
76845,0,24.3997,22.1112,24.2,5.3509,0.324544,0.15905,1,0,0.25,0.244531,2,43.56,1,1,0.965933,0.312234,0.077145,0.080963,0.079054,0.546543,0.402253,28.9385,58.4728,57.5226,67.9091,0,0
76863,0,75.8791,23.354,30.6,7.14631,0.369513,0.10944,1,0,0.25,0.242984,2,44.5857,1,1,0.359299,0.718624,0.00197569,0.00237474,0.00217521,0.543304,0.420503,23.4338,56.8863,57.1748,69.8003,0,0
76869,1,25.7386,63.8499,19,12.1315,0.415397,0.14249,0,364.749,0.00562733,0.187838,1,48.1229,2,1,1,0.682503,0.172581,0.0727382,0.12266,0.522565,0.34025,33.4607,54.5798,54.5272,67.4027,0,1
76890,1,37.9461,45.5066,20.8,9.46538,0.413105,0.584354,1,5564.08,0.335842,0.444434,4,41.7713,2,1,1,0.767775,0.440997,0.156306,0.298651,0.64327,0.538177,37.489,58.8011,58.9643,69.0424,0,1
76892,1,50.8997,51.2267,15.6,7.99136,0.854724,1,0,5960.87,0.091964,0.648896,4,34.9968,2,1,1,0.607529,0.20646,0.0430976,0.124779,0.751116,0.661216,22.4365,74.5303,74.7153,68.6398,0,1
76895,1,35.8943,5.76152,17.2,0.990981,0.578395,0.459319,0,2141.4,0.0330374,0.356917,3,39.2363,2,1,0.124725,0.754601,0.00488561,0.140725,0.0728051,0.646823,0.511321,25.1288,66.7886,67.4215,68.3245,0,1
81001,0,81.6924,30.7919,38.6,11.8857,0.705186,0.300518,2,19294.1,0.797669,0.601124,4,38.4164,2,1,0.870805,0.836842,0.023325,0.325055,0.17419,0.534784,0.708207,23.0741,54.7947,55.4868,64.6341,0,0
81065,1,72.001,54.7706,49.2,26.9471,0.313544,0.144832,1,13779.1,0.462584,0.306987,3,54.2502,2,2,0.902787,0.253313,0.0304139,0.180003,0.105208,0.52498,0.485119,28.028,56.9997,56.8611,65.8132,0,0
81220,1,66.7997,14.3714,48.8,7.01323,0.481946,0.163542,0,7351.67,0.113421,0.25297,2,44.3629,2,1,0.49867,0.874985,0.005689,0.693082,0.349386,0.487337,0.351155,47.7215,47.3123,46.9099,66.3154,0,1
81300,0,59.6479,15.9829,48.3,7.71976,0.421998,0.107633,1,2683.74,0.291405,0.273679,2,44.4283,1,1,0.12498,0.00194189,0.00713478,0.000326245,0.00373051,0.495626,0.405402,23.944,52.2296,52.1766,67.3703,0,0
81591,1,82.5432,42.2671,45,19.0202,0.445099,0.144044,1,16729.6,0.508103,0.365749,3,48.6988,2,1,0.988612,0.739163,0.0297601,0.571677,0.300719,0.537134,0.499699,39.2261,51.1851,50.3947,65.2055,0,1
81736,0,24.2216,6.09823,39.4,2.4027,0.575991,0.156569,2,2883.58,0.544488,0.425683,4,38.5256,2,0,0.204811,0.013746,0.00460009,0.00612459,0.00536234,0.548068,0.587639,18.3109,54.8502,55.2044,69.8755,0,0
81794,0,53.1481,28.3662,41.9,11.8854,0.579384,0.159068,2,761.382,0.511747,0.416733,4,43.7244,2,1,0.400581,0.224408,0.0149777,0.201134,0.108056,0.483194,0.502507,27.6095,54.5699,55.4373,68.7052,0,0
85001,0,45.2448,6.04753,22.9,1.38488,0.794986,0.420969,1,1804.05,0.277833,0.497929,4,36.2184,0,0,0.267734,0.596688,0.0016894,0.154537,0.078113,0.609404,0.61766,21.5341,62.3571,62.6916,70.1973,0,0
85010,0,46.2857,21.3213,27,5.75675,0.8422,0.563922,2,37083.1,1,0.80204,4,28.5519,2,2,0.38046,0.391079,0.0098526,0.219453,0.114653,0.565179,0.83541,13.9259,59.8307,60.593,68.0623,0,0
85015,1,89.8653,64.1516,36,23.0946,0.423777,0.313844,1,10092.3,0.405703,0.381108,4,50.4457,2,2,0.334696,0.0528503,0.0036277,0.0428715,0.0232496,0.477236,0.450257,23.9483,52.2876,53.3324,64.0629,0,1
85125,0,69.285,40.8405,56.1,22.9115,0.34315,0.217625,2,1074.32,0.516575,0.359117,3,50.9005,2,2,0.676268,0.633387,0.0129618,0.693842,0.353402,0.459293,0.422288,45.3916,41.8041,42.4131,62.8935,0,0
85136,0,60.9975,96.5364,48.1,46.434,0.329811,0.357145,2,119.706,0.501847,0.396268,4,61.531,2,2,0.0786331,0.060543,0.000507073,0.066289,0.033398,0.438093,0.433706,25.0861,47.2576,47.5475,65.8568,0,0
85139,0,76.8138,43.4207,30.3,13.1565,0.73243,0.5067,2,0,0.5,0.57971,4,39.7161,2,1,0.474853,0.753646,0.00962681,0.328133,0.16888,0.621003,0.674821,24.2985,65.2749,65.0672,68.0335,0,0
85162,0,23.1824,2.07511,27.5,0.570655,0.639769,1,2,30115.8,0.964625,0.868131,4,23.7926,2,2,0.853929,0.0489557,0.0104112,0.00890888,0.00966005,0.568152,0.768805,11.348,60.8595,61.1295,71.3076,0,0
85225,0,35.8729,12.7052,56.4,7.16573,0.337657,0.394064,2,0,0.5,0.410574,4,41.3942,2,2,0.160698,0.477212,0.00272503,0.529807,0.266266,0.508006,0.453281,39.0152,53.6142,53.9207,63.484,0,0
85230,0,87.782,16.0836,45.8,7.36629,0.691844,0.594877,2,3154.38,0.548666,0.611795,4,35.9065,2,2,0.466422,0.806833,0.00290955,0.311931,0.15742,0.556129,0.639022,25.224,59.9462,59.9187,65.3019,0,0
85250,0,81.1887,23.4827,37.8,8.87647,0.583308,0.212349,2,0,0.5,0.431886,4,41.7799,2,2,0.682485,0.680583,0.0050295,0.182999,0.0940142,0.571075,0.596922,23.2822,56.7949,57.0498,70.5065,0,0
85263,0,48.8947,15.8628,45.2,7.16997,0.490999,0.268893,2,19161.1,0.795616,0.518503,4,38.6109,2,2,0.307732,0.694757,0.00116693,0.567768,0.284468,0.556297,0.663694,30.99,56.8549,56.879,66.2284,0,0
85279,0,92.5504,83.8751,39.3,32.9629,0.17558,0.538004,1,137828,0.75,0.487861,4,52.1319,1,1,0.459812,0.08942,0.00794308,0.0430513,0.0254972,0.410262,0.450358,24.0896,43.7468,44.99,55.6014,0,0
85300,0,25.4809,2.57553,34.2,0.880831,0.465826,1,1,33781.8,0.75,0.738609,4,28.6323,1,1,0.738605,0.0142995,0.0140445,0.00210115,0.0080728,0.539946,0.616955,17.4,60.5955,59.8264,66.2344,0,0
85315,0,57.2446,44.8708,32.5,14.583,0.40108,0.186033,2,3066.5,0.54731,0.378141,4,46.068,2,1,0.0445117,0.0182225,0.00117113,0.00106211,0.00111662,0.406352,0.441592,22.774,42.298,42.543,63.8121,0,0
85325,1,68.0278,8.22087,37,3.04172,0.624208,0.556385,1,0,0.25,0.476864,4,37.617,2,1,0.861676,0.555381,0.0108111,0.379994,0.195403,0.529144,0.495303,33.1905,56.9857,57.3908,66.1105,0,1
85400,0,66.3439,83.7056,55,46.0381,0.258161,0.0886504,1,13429.4,0.457188,0.268,2,65.2143,1,1,0.377788,0.176734,0.0128807,0.0559078,0.0343942,0.398481,0.360275,27.1237,42.1399,42.1471,61.6736,0,0
85410,0,49.6272,2.83787,27.2,0.771901,0.853711,0.874161,2,0,0.5,0.742624,4,28.4432,2,2,0.793526,0.453144,0.00449166,0.0574337,0.0309627,0.585557,0.684245,16.1184,62.6954,63.4827,68.9178,0,0
85430,0,68.7708,10.5093,38.7,4.06711,0.601817,0.174232,2,4747.4,0.573243,0.449764,4,38.8281,1,2,0.894309,0.610361,0.00587443,0.426977,0.216426,0.483459,0.552813,32.1918,50.5788,51.0733,67.18,0,0
85440,0,24.8427,1.9765,24.6,0.486219,0.812693,0.315922,2,3616.89,0.555801,0.561472,4,34.0316,2,2,0.943049,0.247845,0.00876619,0.114664,0.0617151,0.498982,0.614728,20.682,48.9555,48.7542,74.8578,0,0
86001,0,54.2975,92.9982,24.8,23.0636,0.605927,0.169408,2,12334.5,0.690297,0.488544,4,47.382,2,2,0.999994,0.0445578,0.00306443,0.00449837,0.0037814,0.461077,0.592766,18.0298,45.4085,45.8144,68.5102,0,0
86219,0,43.1258,9.33184,22.6,2.109,0.380773,0.104635,1,477.324,0.257364,0.247591,2,41.7029,1,0,1,0.330515,0.00261832,0.0511308,0.0268746,0.492217,0.402629,25.5325,57.0017,57.1503,70.9798,0,0
86320,0,35.4121,13.2241,39.8,5.26318,0.480393,0.152642,1,326.849,0.255043,0.296026,3,42.6956,1,1,1,0.0945555,0,0.0318301,0.0159151,0.440646,0.398923,24.9146,51.9147,52.1671,60.6704,0,0
86568,0,1.53615,4.77624,44.1,2.10632,0.571567,0.13133,1,259.838,0.254009,0.318969,3,40.5565,1,1,0.857328,0.0466349,0,0.0161296,0.00806479,0.42992,0.415061,23.9668,49.6972,49.7472,64.5153,0,0
86569,0,2.97472,2.11915,38.9,0.824349,0.28753,0.075344,2,5960.52,0.591959,0.318278,3,39.8646,2,2,1,0.335181,0,0.142626,0.0713129,0.379828,0.40973,28.2247,39.7615,39.8905,60.2948,0,0
86571,0,6.15695,2.73414,62.2,1.70064,0.0974091,0.0150397,2,867.15,0.513378,0.208609,1,41.9829,2,2,0.680187,0.027935,0,0.0410073,0.0205037,0.340563,0.293935,27.6878,42.7226,42.2507,54.2361,0,0
86573,1,9.19471,6.044,53.6,3.23958,0.291018,0.0341404,0,0,0,0.108386,1,43.786,1,1,0.606215,0.00404239,0,0.000710261,0.00035513,0.30646,0.14615,28.563,27.5562,26.1691,57.6694,0,1
86749,0,43.9984,24.7617,23,5.6952,0.491307,0.0850443,1,1646.6,0.275404,0.283918,3,43.1391,1,0,0.791297,0.108043,0,0.0725159,0.036258,0.533909,0.476279,23.9855,51.6324,51.8765,74.5097,0,0
86755,0,49.3412,5.46796,23.5,1.28497,0.338444,0.175194,1,16706.8,0.507752,0.340463,3,39.7123,1,0,0.974362,0,0,0,0,0.415196,0.424356,23.186,44.3419,44.3945,68.9132,0,0
86757,0,4.65316,3.14149,48.5,1.52362,0.269682,0.0825772,2,5785.7,0.589261,0.31384,3,40.3271,2,2,0.735075,0.0437186,0,0.0324417,0.0162208,0.37678,0.408024,24.6905,41.7609,42.6559,57.1437,0,0
86760,0,49.6424,36.0548,37.2,13.4124,0.283404,0.133435,1,33912.4,0.75,0.388947,4,45.1967,1,0,1,0.0580571,0,0.0440732,0.0220366,0.444064,0.509011,22.0415,48.5336,49.2364,68.4184,0,0
86865,0,11.0424,5.44898,41,2.23408,0.413243,0.109619,2,949.09,0.514643,0.345835,3,40.1274,2,2,0.886443,0.0615132,0,0.0231528,0.0115764,0.443222,0.469223,22.6323,38.6719,39.807,63.4132,0,0
86885,0,46.8688,17.6022,37.1,6.53042,0.587806,0.269325,1,4838.4,0.324647,0.393926,4,41.4385,1,0,0.999998,0.0735562,0,0.0730196,0.0365098,0.443861,0.452,24.7465,45.2364,45.432,66.1141,0,0
88001,1,0,0,16.8,0,0.255889,0,0,0,0,0.0852964,1,42.0553,2,1,0.204682,0,0,0,0,0,0,29.2893,49.1012,48.9794,58.2201,0,1
88564,1,0,0,13.7,0,0.654055,0.322155,1,0,0.25,0.408737,4,37.6284,2,1,0,0,0,0,0,0.497549,0.482208,21.4976,49.1012,48.9794,58.2201,0,1
91001,0,2.34774,0.347968,48.4,0.168417,0.582076,0.291125,2,393.516,0.506071,0.459758,4,36.5437,2,2,0.0552292,0,0,0,0,0.439554,0.502573,20.8615,36.7851,37.3203,66.3658,0,0
91263,1,15.411,5.40573,77.5,4.18944,0,0,0,0,0,0,1,44.6837,2,2,0.0257553,0,0,0,0,0,0,29.2893,31.5621,31.7753,63.9989,0,1
91405,1,3.21813,5.44763,88.1,4.79936,0,0,0,0,0,0,1,45.0359,2,2,0.166376,0,0,0,0,0,0,29.2893,31.5621,31.7753,63.9989,0,1
91407,1,3.58546,18.4704,90.9,16.7896,0,0,0,0,0,0,1,51.9585,2,2,0.958274,0,0,0,0,0,0,29.2893,31.5621,31.7753,63.9989,0,1
91430,1,11.0925,15.6633,96.4,15.0994,0,0,0,0,0,0,1,50.9826,2,2,1,0,0,0,0,0,0,29.2893,31.5621,31.7753,63.9989,0,1
91460,1,6.70517,3.01345,91.2,2.74827,0,0,0,0,0,0,1,43.8517,2,2,0.829706,0,0,0,0,0,0,29.2893,31.5621,31.7753,63.9989,0,1
91530,1,12.5439,13.0658,82.4,10.7663,0,0,0,0,0,0,1,48.4809,2,2,0.427129,0,0,0,0,0,0,29.2893,31.5621,31.7753,63.9989,0,1
91536,1,3.36534,3.49678,84.6,2.95828,0,0,0,0,0,0,1,43.9729,2,2,0.281374,0,0,0,0,0,0,29.2893,31.5621,31.7753,63.9989,0,1
91540,0,23.6096,9.76435,70.4,6.8741,0.216347,0.129525,2,0,0.5,0.281957,3,43.8234,2,2,0,0,0,0,0,0.367853,0.348901,25.109,26.3391,26.2303,61.632,0,0
91669,1,4.86579,0.913067,88.7,0.809891,0,0,0,0,0,0,1,42.7326,2,2,0.395658,0,0,0,0,0,0,29.2893,31.5621,31.7753,63.9989,0,1
91798,1,7.87448,4.07731,80,3.26185,0,0,0,0,0,0,1,44.1482,2,2,0.565689,0,0,0,0,0,0,29.2893,31.5621,31.7753,63.9989,0,1
94001,1,25.0601,20.6075,67.2,13.8483,0.489909,0.151098,0,3077.43,0.0474784,0.229495,2,48.5257,0,0,0.99886,0.0256034,0,0.0460084,0.0230042,0.447124,0.334599,26.9768,44.9056,44.2302,59.2844,0,1
94343,0,9.75265,5.92686,86.5,5.12674,0,0,1,0,0.25,0.0833333,1,45.014,0,0,0.962632,0,0,0,0,0,0,29.2893,44.9056,44.2302,59.2844,0,1
94883,1,3.35372,4.98118,88.3,4.39838,0,0,0,0,0,0,1,44.8044,0,0,0.93663,0,0,0,0,0,0,29.2893,44.9056,44.2302,59.2844,0,1
94884,1,2.36989,1.09609,96.3,1.05554,0,0,0,0,0,0,1,42.8744,0,0,0.988662,0.000232372,0,1.06582e-06,5.3291e-07,0,0,29.2894,44.9056,44.2302,59.2844,0,1
94885,1,5.69111,6.67476,84.1,5.61347,0,0,0,0,0,0,1,45.5059,0,0,0.846335,0,0,0,0,0,0,29.2893,44.9056,44.2302,59.2844,0,1
94886,1,11.7855,19.9073,90.1,17.9365,0,0,0,0,0,0,1,52.6206,0,0,0.98314,0.0420466,0,0.00911189,0.00455594,0,0,29.6115,44.9056,44.2302,59.2844,0,1
94887,1,2.17136,9.67473,98.5,9.52961,0,0,0,0,0,0,1,47.7669,0,0,0.991929,0,0,0,0,0,0,29.2893,44.9056,44.2302,59.2844,0,1
94888,1,11.6963,21.6958,95.7,20.7629,0,0,0,0,0,0,1,54.2524,0,0,0.998303,0.000613407,0,4.02783e-07,2.01392e-07,0,0,29.2893,44.9056,44.2302,59.2844,0,1
95001,0,6.84306,7.88154,42.1,3.31813,0.597601,0.166821,2,0,0.5,0.421474,4,39.1072,0,2,0.75727,0.0531497,0,0.0309568,0.0154784,0.518014,0.570511,19.5399,53.5342,53.6956,62.5615,0,0
95015,0,4.07198,12.0975,58,7.01657,0.344342,0.128931,1,0,0.25,0.241091,2,44.5408,1,0,0.973141,0.00802793,0,0.011997,0.0059985,0.437234,0.351127,25.4571,50.5854,50.872,57.4506,0,0
95025,0,5.78265,4.23091,51.5,2.17892,0.250362,0.172439,2,1522.11,0.523483,0.315428,3,40.6594,2,2,0.823028,0.0498075,0,0.0424573,0.0212287,0.424676,0.414135,24.8501,43.8506,44.7336,60.9398,0,0
95200,0,5.06636,23.8855,66.7,15.9316,0.227974,0.251153,2,1964.09,0.530302,0.336476,3,47.7198,2,0,0.997597,0.000596181,0,1.71034e-05,8.55171e-06,0.344388,0.350593,25.0701,34.6354,35.1404,55.7837,0,0
97001,0,4.28294,5.49776,74.8,4.11233,0.230057,0.0930361,2,0,0.5,0.274364,2,42.4176,1,2,0.856655,0.000398111,0,1.60771e-06,8.03854e-07,0.462612,0.438542,22.7887,46.4208,46.0579,57.461,0,0
97161,1,4.2157,5.55772,81.1,4.50731,0.269712,0.23349,1,2522.7,0.28892,0.26404,2,42.7985,1.5,2,0.99516,0.00204275,0,1.94053e-05,9.70266e-06,0.428462,0.342889,25.2486,44.2204,43.8044,62.9667,0,1
97511,1,6.57612,4.40131,98.4,4.33089,0,0,0,0,0,0,1,44.7654,1.5,2,0.99518,1.78648e-05,0,0,0,0,0,29.2893,44.2204,43.8044,57.461,0,1
97666,0,3.40632,0,85.6,0,0.236545,1,2,0,0.5,0.578848,4,0,2,2,0.324135,0,0,0,0,0.386679,0.370924,24.5817,37.1143,35.8186,53.2279,0,0
97777,1,4.18311,12.0682,97.9,11.8148,0,0,0,0,0,0,1,49.0862,1.5,2,0.896916,0.00264134,0,0,0,0,0,29.2893,44.2204,43.8044,57.461,0,1
97889,1,1.06598,0,94.8,0,0,0,0,0,0,0,1,0,1.5,2,0.952509,0,0,0,0,0,0,29.2893,44.2204,43.8044,57.461,0,1
99001,0,16.1315,0,55.7,0,0.618398,0.126183,1,0,0.25,0.331527,3,0,1,1,0.761606,0.826697,0,0.323894,0.161947,0.51421,0.48519,31.5258,55.6672,56.5835,59.3948,0,0
99524,0,17.3937,11.0477,63.2,6.98213,0.429638,0.19613,2,3777.91,0.558285,0.394685,4,41.6617,2,2,0.680394,0.87795,0,0,0,0.444569,0.479763,21.5726,42.9911,43.3251,56.985,0,0
99624,0,25.0332,54.3249,56.8,30.8565,0.461548,0.0736699,1,214.148,0.253304,0.262841,2,57.293,0,1,0.706865,0.877298,0,0,0,0.393595,0.349456,25.0961,37.6854,38.035,58.7158,0,0
99773,0,16.2804,13.7184,91.4,12.5386,0.0423249,0.0239523,1,182.856,0.252821,0.106366,1,49.1321,1,0,0.664702,0.303725,0,0.05816,0.02908,0.358115,0.21995,29.606,31.9628,31.1396,45.7233,0,0
