DIVIPOLA,mes,intensidad_max_mm,frac_lluvia
05001,1,7.904,0.05351
05001,2,9.359,0.04629
05001,3,10.362,0.07798
05001,4,7.797,0.11782
05001,5,6.665,0.16244
05001,6,5.502,0.13546
05001,7,3.314,0.11647
05001,8,4.541,0.08934
05001,9,6.893,0.12686
05001,10,10.594,0.10992
05001,11,10.81,0.1073
05001,12,5.953,0.044
05002,1,2.657,0.02713
05002,2,2.205,0.02325
05002,3,5.051,0.04303
05002,4,5.685,0.07151
05002,5,5.449,0.07865
05002,6,4.375,0.05126
05002,7,5.623,0.04956
05002,8,6.951,0.04145
05002,9,4.207,0.0714
05002,10,4.831,0.07059
05002,11,3.943,0.05814
05002,12,2.197,0.02658
05004,1,1.982,0.01285
05004,2,5.439,0.01812
05004,3,6.525,0.03207
05004,4,6.007,0.04314
05004,5,7.275,0.04464
05004,6,9.054,0.061
05004,7,6.561,0.04933
05004,8,4.064,0.03314
05004,9,6.509,0.03405
05004,10,7.152,0.05066
05004,11,9.181,0.04172
05004,12,7.856,0.0193
05021,1,3.999,0.02223
05021,2,4.533,0.0187
05021,3,8.471,0.04285
05021,4,7.165,0.0837
05021,5,8.639,0.07181
05021,6,6.16,0.03655
05021,7,7.751,0.04009
05021,8,8.375,0.02899
05021,9,6.664,0.04525
05021,10,7.16,0.05372
05021,11,6.152,0.06394
05021,12,3.909,0.03228
05030,1,6.607,0.02438
05030,2,3.723,0.02202
05030,3,9.266,0.04455
05030,4,6.323,0.07518
05030,5,5.418,0.05047
05030,6,5.497,0.05614
05030,7,7.429,0.06982
05030,8,4.171,0.22174
05030,9,4.013,0.14452
05030,10,3.22,0.10401
05030,11,5.355,0.08657
05030,12,3.444,0.02436
05031,1,5.236,0.01413
05031,2,4.873,0.01522
05031,3,9.317,0.03486
05031,4,8.084,0.06858
05031,5,8.653,0.08514
05031,6,9.205,0.05928
05031,7,9.251,0.06221
05031,8,8.071,0.05754
05031,9,9.3,0.06566
05031,10,9.419,0.07126
05031,11,5.266,0.0436
05031,12,4.269,0.0197
05034,1,3.667,0.0272
05034,2,4.65,0.03527
05034,3,4.6,0.0382
05034,4,8.3,0.0976
05034,5,5.7,0.07977
05034,6,7.6,0.05481
05034,7,7.6,0.0489
05034,8,4.1,0.04224
05034,9,3.8,0.05449
05034,10,3.9,0.0882
05034,11,7.8,0.05899
05034,12,4.4,0.0389
05036,1,6.994,0.03397
05036,2,5.748,0.03132
05036,3,8.54,0.06067
05036,4,6.649,0.08788
05036,5,5.818,0.07889
05036,6,5.607,0.08294
05036,7,6.333,0.0852
05036,8,4.627,0.17028
05036,9,5.303,0.13373
05036,10,6.1,0.10751
05036,11,7.17,0.09579
05036,12,4.497,0.03308
05038,1,5.8,0.01014
05038,2,5.9,0.01679
05038,3,11.5,0.0326
05038,4,9.8,0.06215
05038,5,10.067,0.1007
05038,6,13.2,0.08349
05038,7,12.1,0.08946
05038,8,8.6,0.08114
05038,9,10.933,0.08225
05038,10,12.2,0.09159
05038,11,4.8,0.038
05038,12,4.4,0.0174
05040,1,4.28,0.00946
05040,2,4.189,0.01473
05040,3,6.389,0.02189
05040,4,5.577,0.04073
05040,5,9.125,0.0875
05040,6,10.534,0.08175
05040,7,8.006,0.05898
05040,8,8.67,0.05939
05040,9,9.676,0.06807
05040,10,8.788,0.06603
05040,11,5.068,0.03576
05040,12,4.339,0.01431
05042,1,1.817,0.0062
05042,2,4.117,0.01357
05042,3,7.908,0.02719
05042,4,5.983,0.03691
05042,5,8.283,0.0344
05042,6,11.283,0.06634
05042,7,8.317,0.05888
05042,8,3.758,0.03285
05042,9,6.775,0.02813
05042,10,7.017,0.03995
05042,11,8.317,0.02865
05042,12,9.033,0.00963
05044,1,4.317,0.02684
05044,2,5.858,0.02988
05044,3,7.265,0.06206
05044,4,6.304,0.06921
05044,5,6.985,0.07084
05044,6,7.421,0.08804
05044,7,6.315,0.07987
05044,8,5.195,0.05924
05044,9,6.946,0.07296
05044,10,7.93,0.07175
05044,11,7.886,0.0676
05044,12,6.416,0.02981
05045,1,5.1,0.02519
05045,2,3.204,0.00463
05045,3,3.854,0.00824
05045,4,12.834,0.04306
05045,5,8.245,0.04293
05045,6,16.825,0.06261
05045,7,12.91,0.0592
05045,8,14.17,0.06074
05045,9,12.224,0.06374
05045,10,11.843,0.05275
05045,11,13.001,0.03402
05045,12,12.435,0.02723
05051,1,2.043,0.00286
05051,2,0.123,0.00102
05051,3,0.436,0.00106
05051,4,7.031,0.01236
05051,5,12.755,0.03868
05051,6,12.317,0.02557
05051,7,8.142,0.02031
05051,8,9.181,0.0188
05051,9,8.122,0.02471
05051,10,11.006,0.02602
05051,11,9.016,0.01527
05051,12,3.394,0.00408
05055,1,3.622,0.03625
05055,2,3.674,0.03383
05055,3,4.732,0.05269
05055,4,6.347,0.08809
05055,5,5.874,0.0938
05055,6,5.425,0.06078
05055,7,6.339,0.05723
05055,8,6.791,0.04831
05055,9,4.9,0.08653
05055,10,5.85,0.09096
05055,11,5.473,0.08255
05055,12,3.711,0.03907
05059,1,6.087,0.03229
05059,2,5.59,0.03242
05059,3,7.248,0.0686
05059,4,6.315,0.0812
05059,5,5.887,0.06813
05059,6,5.443,0.08146
05059,7,6.338,0.08216
05059,8,5.406,0.13364
05059,9,5.937,0.11523
05059,10,6.458,0.09694
05059,11,6.67,0.08974
05059,12,4.449,0.03521
05079,1,2.745,0.03758
05079,2,4.25,0.03854
05079,3,2.853,0.04508
05079,4,1.129,0.03494
05079,5,1.431,0.0483
05079,6,1.457,0.04294
05079,7,0.989,0.02235
05079,8,2.276,0.02709
05079,9,3.289,0.0562
05079,10,4.151,0.05489
05079,11,5.653,0.05153
05079,12,3.564,0.0331
05086,1,1.963,0.02556
05086,2,3.701,0.02775
05086,3,3.817,0.03679
05086,4,2.191,0.03154
05086,5,3.039,0.03654
05086,6,4.309,0.04384
05086,7,3.017,0.02694
05086,8,2.332,0.0207
05086,9,4.348,0.03757
05086,10,5.365,0.0434
05086,11,6.704,0.03721
05086,12,5.459,0.01955
05088,1,6.977,0.05197
05088,2,8.447,0.04503
05088,3,9.095,0.07393
05088,4,6.578,0.10463
05088,5,5.806,0.13968
05088,6,4.773,0.11669
05088,7,3.007,0.09995
05088,8,4.046,0.07797
05088,9,6.379,0.11496
05088,10,9.665,0.10528
05088,11,10.031,0.10006
05088,12,5.8,0.04484
05091,1,3.436,0.02173
05091,2,2.95,0.02507
05091,3,3.202,0.03101
05091,4,4.629,0.06941
05091,5,3.617,0.05735
05091,6,5.563,0.04158
05091,7,5.495,0.04511
05091,8,3.636,0.04104
05091,9,3.738,0.06079
05091,10,4.466,0.07593
05091,11,6.134,0.06006
05091,12,3.836,0.03193
05093,1,3.59,0.02532
05093,2,4.135,0.03284
05093,3,3.844,0.07415
05093,4,5.122,0.05871
05093,5,5.564,0.03308
05093,6,5.211,0.06364
05093,7,6.752,0.06519
05093,8,6.845,0.05539
05093,9,6.814,0.06687
05093,10,6.412,0.07105
05093,11,4.764,0.07163
05093,12,4.159,0.04012
05101,1,1.575,0.01437
05101,2,1.2,0.01528
05101,3,2.925,0.02616
05101,4,3.45,0.05736
05101,5,3.267,0.04844
05101,6,5.9,0.04328
05101,7,5.625,0.04986
05101,8,4.467,0.03537
05101,9,4.9,0.05346
05101,10,6.35,0.06673
05101,11,4.7,0.06086
05101,12,3.55,0.02829
05107,1,2.252,0.00662
05107,2,2.437,0.01127
05107,3,1.922,0.00752
05107,4,3.252,0.0165
05107,5,8.669,0.07625
05107,6,8.961,0.08732
05107,7,6.306,0.04787
05107,8,8.839,0.04297
05107,9,8.484,0.05526
05107,10,7.411,0.05138
05107,11,6.897,0.03627
05107,12,4.652,0.0135
05113,1,1.935,0.01246
05113,2,4.787,0.01753
05113,3,6.738,0.03167
05113,4,5.573,0.04074
05113,5,7.158,0.04
05113,6,9.289,0.06056
05113,7,6.787,0.05055
05113,8,3.711,0.03144
05113,9,6.428,0.03255
05113,10,7.074,0.0478
05113,11,8.718,0.03753
05113,12,8.116,0.01643
05120,1,0.529,0.00022
05120,2,0.052,0.00021
05120,3,0.055,9e-05
05120,4,1.685,0.0042
05120,5,9.982,0.05039
05120,6,9.194,0.00799
05120,7,9.684,0.02465
05120,8,5.217,0.00947
05120,9,0.356,0.00128
05120,10,0.27,0.00113
05120,11,0.177,0.00069
05120,12,0.149,0.00029
05125,1,3.199,0.01771
05125,2,5.043,0.02284
05125,3,7.407,0.0477
05125,4,6.123,0.05469
05125,5,7.51,0.05313
05125,6,9.017,0.07775
05125,7,7.215,0.07025
05125,8,4.651,0.04772
05125,9,6.88,0.05329
05125,10,7.473,0.0578
05125,11,7.95,0.05077
05125,12,7.467,0.02132
05129,1,4.706,0.02708
05129,2,4.01,0.02563
05129,3,10.478,0.05314
05129,4,6.444,0.07345
05129,5,5.945,0.08329
05129,6,4.638,0.06892
05129,7,5.405,0.0732
05129,8,4.97,0.12481
05129,9,5.011,0.11157
05129,10,4.155,0.07161
05129,11,5.304,0.06625
05129,12,3.028,0.02577
05134,1,4.946,0.01006
05134,2,5.189,0.01728
05134,3,9.154,0.02738
05134,4,7.758,0.04959
05134,5,9.347,0.09334
05134,6,11.892,0.0827
05134,7,10.143,0.07499
05134,8,8.4,0.07073
05134,9,9.98,0.07484
05134,10,10.462,0.07779
05134,11,4.736,0.03561
05134,12,4.122,0.01587
05138,1,2.045,0.00943
05138,2,5.777,0.01489
05138,3,6.263,0.02692
05138,4,7.922,0.04517
05138,5,8.09,0.05486
05138,6,9.285,0.06637
05138,7,7.839,0.05873
05138,8,5.296,0.03984
05138,9,7.093,0.03835
05138,10,8.017,0.05729
05138,11,10.643,0.04754
05138,12,7.697,0.02215
05142,1,4.798,0.01378
05142,2,4.231,0.01241
05142,3,9.187,0.0317
05142,4,7.601,0.06318
05142,5,7.499,0.05159
05142,6,6.896,0.03097
05142,7,8.183,0.03086
05142,8,8.224,0.02236
05142,9,8.938,0.03897
05142,10,8.603,0.04915
05142,11,7.02,0.04754
05142,12,6.429,0.02309
05145,1,4.155,0.0261
05145,2,4.181,0.03168
05145,3,6.947,0.04799
05145,4,6.844,0.06141
05145,5,5.961,0.05046
05145,6,6.899,0.05723
05145,7,5.939,0.05202
05145,8,7.069,0.05686
05145,9,6.075,0.06218
05145,10,5.06,0.06083
05145,11,5.36,0.06126
05145,12,6.602,0.03947
05147,1,4.724,0.03195
05147,2,3.736,0.00728
05147,3,3.057,0.00776
05147,4,13.346,0.04536
05147,5,7.771,0.04033
05147,6,12.944,0.06635
05147,7,15.216,0.08241
05147,8,15.514,0.08525
05147,9,14.422,0.0971
05147,10,8.643,0.05887
05147,11,13.984,0.04252
05147,12,13.647,0.03128
05148,1,4.701,0.04389
05148,2,5.867,0.04278
05148,3,7.987,0.06476
05148,4,5.337,0.07046
05148,5,6.269,0.08145
05148,6,5.018,0.06913
05148,7,4.866,0.06625
05148,8,5.099,0.06303
05148,9,5.533,0.09806
05148,10,5.111,0.09614
05148,11,6.325,0.08766
05148,12,5.044,0.05785
05150,1,3.752,0.02021
05150,2,4.568,0.02702
05150,3,6.124,0.03221
05150,4,4.722,0.03725
05150,5,4.873,0.06865
05150,6,6.686,0.059
05150,7,5.809,0.04524
05150,8,5.264,0.04751
05150,9,6.347,0.06039
05150,10,7.017,0.05581
05150,11,4.527,0.03381
05150,12,3.158,0.01794
05154,1,0.1,0.00013
05154,2,1.6,0.00102
05154,3,5.2,0.00669
05154,4,9.1,0.01067
05154,5,15.8,0.03023
05154,6,3.933,0.01088
05154,7,8.933,0.01345
05154,8,10.267,0.02498
05154,9,7.6,0.01491
05154,10,11.333,0.02108
05154,11,8.4,0.01275
05154,12,5.333,0.00754
05172,1,4.6,0.03335
05172,2,3.65,0.00773
05172,3,2.8,0.00758
05172,4,13.5,0.04576
05172,5,7.625,0.03946
05172,6,12.133,0.06675
05172,7,15.667,0.08701
05172,8,15.8,0.09024
05172,9,14.733,0.10408
05172,10,7.933,0.06051
05172,11,14.4,0.0448
05172,12,14.1,0.03255
05190,1,4.024,0.01751
05190,2,4.01,0.01389
05190,3,7.775,0.03665
05190,4,6.532,0.07656
05190,5,7.793,0.06649
05190,6,5.401,0.0322
05190,7,6.944,0.03398
05190,8,7.851,0.02775
05190,9,6.933,0.04052
05190,10,6.771,0.04563
05190,11,5.647,0.05107
05190,12,3.651,0.02436
05197,1,6.4,0.05234
05197,2,6.367,0.05001
05197,3,7.225,0.07485
05197,4,8.05,0.09429
05197,5,8.433,0.10891
05197,6,8.15,0.07684
05197,7,7.6,0.0689
05197,8,8.35,0.06374
05197,9,7.25,0.11207
05197,10,6.8,0.11141
05197,11,8.533,0.11583
05197,12,6.867,0.06047
05206,1,3.387,0.03443
05206,2,5.082,0.03007
05206,3,7.032,0.05109
05206,4,4.56,0.07049
05206,5,5.896,0.06115
05206,6,4.055,0.04173
05206,7,4.942,0.04124
05206,8,5.153,0.03064
05206,9,5.019,0.05433
05206,10,6.776,0.07039
05206,11,6.56,0.07036
05206,12,4.268,0.04354
05209,1,3.733,0.02465
05209,2,4.55,0.03235
05209,3,3.8,0.08458
05209,4,5.3,0.05963
05209,5,5.9,0.02695
05209,6,5.067,0.06831
05209,7,6.9,0.06913
05209,8,7.3,0.06005
05209,9,7.175,0.07187
05209,10,6.5,0.07101
05209,11,4.8,0.07305
05209,12,4.067,0.03837
05212,1,6.285,0.05081
05212,2,7.765,0.04407
05212,3,8.144,0.0709
05212,4,5.667,0.0948
05212,5,5.158,0.12274
05212,6,4.223,0.10268
05212,7,2.77,0.0876
05212,8,3.674,0.06943
05212,9,5.996,0.10603
05212,10,8.98,0.10177
05212,11,9.456,0.09462
05212,12,5.685,0.04538
05234,1,2.3,0.01351
05234,2,10.2,0.02115
05234,3,5.333,0.03346
05234,4,9.5,0.06017
05234,5,8.6,0.07822
05234,6,8.0,0.06654
05234,7,5.4,0.04312
05234,8,6.8,0.04679
05234,9,7.267,0.04396
05234,10,7.733,0.06971
05234,11,12.6,0.0706
05234,12,6.2,0.03882
05237,1,2.712,0.0371
05237,2,4.149,0.03713
05237,3,2.508,0.04442
05237,4,0.984,0.03639
05237,5,0.879,0.05298
05237,6,1.061,0.04474
05237,7,0.426,0.02098
05237,8,2.025,0.02346
05237,9,3.282,0.05242
05237,10,4.737,0.04859
05237,11,6.093,0.04744
05237,12,3.461,0.02605
05240,1,5.074,0.0322
05240,2,6.687,0.03271
05240,3,8.281,0.06234
05240,4,6.712,0.07967
05240,5,7.056,0.0937
05240,6,7.343,0.09951
05240,7,5.67,0.08817
05240,8,4.812,0.06489
05240,9,6.908,0.08339
05240,10,8.614,0.07913
05240,11,8.822,0.07451
05240,12,6.615,0.03147
05250,1,2.583,0.0012
05250,2,3.869,0.00492
05250,3,5.604,0.01026
05250,4,9.307,0.03766
05250,5,14.648,0.05071
05250,6,10.177,0.03533
05250,7,11.247,0.0382
05250,8,11.371,0.04343
05250,9,7.698,0.02713
05250,10,10.045,0.0448
05250,11,8.205,0.03277
05250,12,7.733,0.01017
05264,1,2.233,0.04408
05264,2,3.6,0.03498
05264,3,1.867,0.05346
05264,4,0.05,0.04387
05264,5,0.067,0.03612
05264,6,0.033,0.02537
05264,7,0.033,0.01366
05264,8,0.8,0.01085
05264,9,3.9,0.04567
05264,10,6.8,0.06966
05264,11,7.45,0.05516
05264,12,5.0,0.03241
05266,1,5.766,0.04238
05266,2,6.919,0.03863
05266,3,10.235,0.06923
05266,4,6.895,0.09339
05266,5,6.397,0.12699
05266,6,4.839,0.10417
05266,7,3.824,0.09411
05266,8,4.932,0.07617
05266,9,6.234,0.10848
05266,10,7.651,0.08555
05266,11,8.038,0.08375
05266,12,4.589,0.03918
05282,1,7.496,0.02596
05282,2,3.87,0.02234
05282,3,8.815,0.03762
05282,4,5.709,0.07494
05282,5,4.664,0.05142
05282,6,4.98,0.04967
05282,7,6.73,0.06521
05282,8,3.173,0.22906
05282,9,3.095,0.15134
05282,10,2.549,0.10906
05282,11,5.803,0.08825
05282,12,3.505,0.02346
05284,1,2.152,0.01109
05284,2,7.321,0.01694
05284,3,5.763,0.02884
05284,4,8.655,0.05077
05284,5,8.216,0.0646
05284,6,8.632,0.06642
05284,7,7.047,0.05405
05284,8,5.953,0.04286
05284,9,7.188,0.04141
05284,10,8.068,0.06334
05284,11,11.542,0.05698
05284,12,7.07,0.02881
05306,1,1.924,0.01156
05306,2,4.791,0.01702
05306,3,6.882,0.03105
05306,4,5.707,0.04054
05306,5,7.35,0.0399
05306,6,9.556,0.06152
05306,7,6.984,0.05162
05306,8,3.776,0.03193
05306,9,6.494,0.03212
05306,10,7.078,0.04707
05306,11,8.732,0.03685
05306,12,8.214,0.01585
05308,1,5.211,0.04902
05308,2,6.698,0.04239
05308,3,6.631,0.06623
05308,4,4.238,0.07992
05308,5,4.082,0.09715
05308,6,3.318,0.08122
05308,7,2.33,0.06836
05308,8,3.058,0.05572
05308,9,5.409,0.09174
05308,10,8.017,0.09569
05308,11,8.637,0.08577
05308,12,5.507,0.04535
05310,1,4.56,0.01733
05310,2,4.209,0.02214
05310,3,6.08,0.03092
05310,4,5.345,0.04532
05310,5,5.461,0.07288
05310,6,6.376,0.05554
05310,7,5.834,0.04263
05310,8,6.148,0.04953
05310,9,7.229,0.06277
05310,10,6.271,0.0521
05310,11,4.519,0.03394
05310,12,3.434,0.01541
05313,1,5.49,0.04582
05313,2,5.712,0.04379
05313,3,6.439,0.06493
05313,4,8.262,0.08642
05313,5,8.805,0.09895
05313,6,8.402,0.07398
05313,7,7.693,0.06756
05313,8,8.587,0.05957
05313,9,7.897,0.10542
05313,10,7.071,0.10389
05313,11,9.131,0.10906
05313,12,7.565,0.06264
05315,1,5.249,0.01281
05315,2,5.281,0.01928
05315,3,9.422,0.0316
05315,4,8.047,0.05439
05315,5,8.26,0.08979
05315,6,10.638,0.07337
05315,7,9.708,0.07163
05315,8,7.618,0.06903
05315,9,9.406,0.0745
05315,10,9.905,0.07584
05315,11,4.625,0.0359
05315,12,3.943,0.01656
05318,1,5.481,0.04408
05318,2,6.808,0.04105
05318,3,9.33,0.06771
05318,4,6.085,0.08491
05318,5,6.172,0.10992
05318,6,4.722,0.09303
05318,7,3.934,0.08517
05318,8,4.622,0.07245
05318,9,5.863,0.10553
05318,10,6.844,0.09283
05318,11,7.52,0.08665
05318,12,4.84,0.04804
05321,1,4.549,0.03899
05321,2,5.01,0.03728
05321,3,5.601,0.0546
05321,4,8.548,0.07851
05321,5,9.247,0.08893
05321,6,8.734,0.07099
05321,7,7.855,0.06612
05321,8,8.917,0.05511
05321,9,8.617,0.09857
05321,10,7.379,0.09594
05321,11,9.794,0.10226
05321,12,8.328,0.06484
05347,1,6.961,0.04065
05347,2,7.046,0.03743
05347,3,8.692,0.0705
05347,4,6.944,0.09641
05347,5,6.167,0.10597
05347,6,5.499,0.10216
05347,7,5.195,0.09575
05347,8,4.918,0.12449
05347,9,6.167,0.12345
05347,10,7.946,0.10403
05347,11,8.337,0.09762
05347,12,5.027,0.03809
05353,1,4.75,0.02432
05353,2,3.343,0.02687
05353,3,2.623,0.03068
05353,4,3.459,0.06275
05353,5,2.706,0.05151
05353,6,4.143,0.03273
05353,7,4.198,0.03927
05353,8,2.728,0.04475
05353,9,2.802,0.07006
05353,10,3.324,0.07609
05353,11,6.3,0.06005
05353,12,3.737,0.03079
05360,1,6.302,0.04523
05360,2,7.535,0.04061
05360,3,10.25,0.07142
05360,4,7.108,0.09941
05360,5,6.461,0.13564
05360,6,5.005,0.11188
05360,7,3.697,0.0996
05360,8,4.827,0.07944
05360,9,6.394,0.11308
05360,10,8.381,0.09186
05360,11,8.73,0.08976
05360,12,4.939,0.04057
05361,1,2.2,0.01064
05361,2,1.4,0.00555
05361,3,3.2,0.0121
05361,4,10.5,0.03842
05361,5,6.4,0.06765
05361,6,5.9,0.06608
05361,7,11.6,0.09173
05361,8,6.8,0.04644
05361,9,7.7,0.05775
05361,10,11.7,0.08394
05361,11,13.6,0.0562
05361,12,6.8,0.02487
05364,1,4.106,0.02644
05364,2,4.626,0.03625
05364,3,4.47,0.04061
05364,4,7.362,0.08754
05364,5,5.033,0.06871
05364,6,6.642,0.05326
05364,7,6.73,0.04794
05364,8,4.384,0.04928
05364,9,3.905,0.06322
05364,10,3.49,0.08433
05364,11,7.45,0.06033
05364,12,4.967,0.03796
05368,1,8.467,0.03161
05368,2,4.433,0.03186
05368,3,0.967,0.02967
05368,4,0.1,0.04354
05368,5,0.1,0.03472
05368,6,0.1,0.00752
05368,7,0.5,0.02269
05368,8,0.15,0.05526
05368,9,0.15,0.09637
05368,10,0.1,0.07641
05368,11,6.75,0.06002
05368,12,3.45,0.02748
05376,1,1.904,0.02247
05376,2,2.402,0.02515
05376,3,9.861,0.05366
05376,4,5.386,0.04922
05376,5,6.068,0.06191
05376,6,3.866,0.04562
05376,7,5.022,0.05194
05376,8,5.921,0.05138
05376,9,5.124,0.07519
05376,10,2.246,0.04198
05376,11,3.017,0.04249
05376,12,2.221,0.0311
05380,1,5.729,0.03628
05380,2,5.866,0.03292
05380,3,10.455,0.06217
05380,4,6.909,0.0886
05380,5,6.213,0.11157
05380,6,4.904,0.09233
05380,7,4.613,0.08822
05380,8,4.864,0.10852
05380,9,5.708,0.11537
05380,10,6.419,0.08354
05380,11,7.196,0.07962
05380,12,4.024,0.03216
05390,1,6.474,0.02607
05390,2,2.914,0.01964
05390,3,3.939,0.0288
05390,4,3.177,0.05161
05390,5,3.127,0.04629
05390,6,2.579,0.03114
05390,7,3.477,0.03839
05390,8,3.979,0.09378
05390,9,1.859,0.09384
05390,10,2.463,0.07987
05390,11,5.237,0.05682
05390,12,2.431,0.01905
05400,1,3.634,0.03488
05400,2,4.25,0.03542
05400,3,8.771,0.06114
05400,4,5.858,0.06436
05400,5,6.566,0.07685
05400,6,5.024,0.05895
05400,7,5.444,0.05968
05400,8,6.1,0.05742
05400,9,5.646,0.08935
05400,10,4.008,0.07224
05400,11,5.099,0.07055
05400,12,3.987,0.04514
05411,1,1.855,0.01222
05411,2,3.971,0.01832
05411,3,6.529,0.02977
05411,4,4.723,0.03429
05411,5,6.541,0.0352
05411,6,8.983,0.05918
05411,7,6.554,0.048
05411,8,3.324,0.02897
05411,9,5.918,0.03112
05411,10,6.339,0.03978
05411,11,7.691,0.03078
05411,12,7.76,0.01253
05425,1,3.669,0.01596
05425,2,4.041,0.01322
05425,3,7.725,0.03505
05425,4,5.764,0.07012
05425,5,6.493,0.05721
05425,6,4.544,0.0278
05425,7,5.85,0.03313
05425,8,6.69,0.02886
05425,9,6.267,0.04825
05425,10,5.77,0.04464
05425,11,4.91,0.04551
05425,12,3.324,0.02109
05440,1,5.016,0.04716
05440,2,6.558,0.04543
05440,3,7.706,0.06538
05440,4,4.819,0.07081
05440,5,5.909,0.08074
05440,6,4.693,0.07302
05440,7,4.32,0.06899
05440,8,4.305,0.06554
05440,9,5.305,0.10063
05440,10,5.444,0.10555
05440,11,6.661,0.09262
05440,12,5.343,0.06342
05467,1,2.539,0.01879
05467,2,2.058,0.02069
05467,3,10.255,0.04787
05467,4,5.531,0.05108
05467,5,5.771,0.05536
05467,6,3.927,0.04326
05467,7,5.515,0.05354
05467,8,5.415,0.09453
05467,9,4.617,0.08919
05467,10,1.796,0.04747
05467,11,2.91,0.04416
05467,12,1.916,0.02427
05475,1,4.354,0.16391
05475,2,5.907,0.13171
05475,3,7.762,0.10105
05475,4,13.47,0.15966
05475,5,12.476,0.11048
05475,6,12.128,0.16699
05475,7,7.922,0.19008
05475,8,4.4,0.18744
05475,9,6.304,0.17104
05475,10,7.682,0.15303
05475,11,8.652,0.17496
05475,12,4.657,0.18355
05480,1,2.837,0.01789
05480,2,7.518,0.01596
05480,3,4.457,0.02456
05480,4,10.582,0.05397
05480,5,8.088,0.06762
05480,6,8.72,0.06653
05480,7,8.639,0.05978
05480,8,8.949,0.05713
05480,9,9.105,0.06007
05480,10,8.285,0.06932
05480,11,13.157,0.06261
05480,12,8.163,0.03555
05483,1,3.927,0.03962
05483,2,3.459,0.04149
05483,3,4.345,0.05677
05483,4,5.312,0.08198
05483,5,5.576,0.08344
05483,6,5.357,0.05522
05483,7,5.942,0.0506
05483,8,6.601,0.04673
05483,9,4.749,0.07695
05483,10,5.536,0.08994
05483,11,4.772,0.08477
05483,12,4.297,0.05448
05490,1,5.82,0.02073
05490,2,4.859,0.00387
05490,3,5.327,0.0094
05490,4,12.001,0.04224
05490,5,9.057,0.04802
05490,6,19.487,0.0639
05490,7,11.645,0.04577
05490,8,13.187,0.0452
05490,9,12.227,0.04073
05490,10,14.467,0.04483
05490,11,10.167,0.02301
05490,12,9.559,0.02009
05495,1,7.427,0.00404
05495,2,10.002,0.01358
05495,3,11.017,0.02488
05495,4,17.002,0.10261
05495,5,18.173,0.07763
05495,6,18.295,0.09698
05495,7,15.842,0.0796
05495,8,19.571,0.1054
05495,9,16.048,0.07997
05495,10,18.749,0.125
05495,11,16.438,0.09615
05495,12,17.537,0.02886
05501,1,1.834,0.0088
05501,2,4.056,0.01559
05501,3,7.323,0.02835
05501,4,5.447,0.03588
05501,5,7.542,0.03473
05501,6,10.303,0.06326
05501,7,7.567,0.05428
05501,8,3.569,0.03118
05501,9,6.415,0.02941
05501,10,6.741,0.04001
05501,11,8.059,0.02963
05501,12,8.5,0.01091
05541,1,5.045,0.04536
05541,2,5.881,0.04406
05541,3,7.853,0.06698
05541,4,6.034,0.07587
05541,5,6.817,0.08784
05541,6,5.783,0.07034
05541,7,5.572,0.06646
05541,8,5.959,0.06283
05541,9,5.96,0.1009
05541,10,5.45,0.09828
05541,11,6.783,0.0934
05541,12,5.419,0.05764
05543,1,2.175,0.01074
05543,2,3.766,0.01015
05543,3,4.284,0.01891
05543,4,9.701,0.04323
05543,5,7.143,0.06589
05543,6,7.061,0.06622
05543,7,9.761,0.07641
05543,8,6.417,0.04481
05543,9,7.484,0.05085
05543,10,10.198,0.07512
05543,11,12.704,0.05604
05543,12,6.944,0.02616
05576,1,7.427,0.02993
05576,2,4.246,0.03118
05576,3,1.538,0.03048
05576,4,1.32,0.05104
05576,5,0.991,0.04111
05576,6,1.396,0.01564
05576,7,1.703,0.02768
05576,8,0.916,0.05236
05576,9,0.908,0.08844
05576,10,0.975,0.07721
05576,11,6.743,0.05995
05576,12,3.572,0.02892
05579,1,0.35,0.00708
05579,2,4.45,0.01221
05579,3,8.075,0.02434
05579,4,1.45,0.03229
05579,5,0.0,0.0
05579,6,0.0,0.0
05579,7,0.5,0.02382
05579,8,0.7,0.02217
05579,9,0.85,0.07252
05579,10,0.15,0.02531
05579,11,0.6,0.01677
05579,12,0.4,0.0072
05585,1,6.35,0.00719
05585,2,4.55,0.01089
05585,3,11.25,0.02156
05585,4,9.2,0.03269
05585,5,6.3,0.02274
05585,6,9.417,0.03016
05585,7,9.95,0.02327
05585,8,8.533,0.0137
05585,9,12.667,0.03874
05585,10,11.65,0.05497
05585,11,9.492,0.03824
05585,12,11.7,0.01915
05591,1,8.2,0.00536
05591,2,10.934,0.00922
05591,3,9.557,0.00815
05591,4,12.017,0.03385
05591,5,3.607,0.01685
05591,6,3.204,0.00835
05591,7,3.521,0.01462
05591,8,8.973,0.02014
05591,9,13.794,0.04141
05591,10,15.279,0.05894
05591,11,24.553,0.04348
05591,12,18.842,0.03106
05604,1,3.213,0.01456
05604,2,4.072,0.01312
05604,3,7.607,0.03319
05604,4,4.933,0.0627
05604,5,5.186,0.04768
05604,6,3.678,0.02359
05604,7,4.752,0.03151
05604,8,5.541,0.02898
05604,9,5.442,0.05435
05604,10,4.715,0.04213
05604,11,4.154,0.03986
05604,12,2.899,0.01806
05607,1,0.2,0.00944
05607,2,0.3,0.01443
05607,3,11.0,0.04688
05607,4,5.4,0.03622
05607,5,5.933,0.04992
05607,6,3.15,0.03133
05607,7,5.1,0.04325
05607,8,6.4,0.04432
05607,9,4.867,0.06125
05607,10,0.5,0.00907
05607,11,1.0,0.01495
05607,12,0.5,0.01488
05615,1,5.205,0.04897
05615,2,6.919,0.04689
05615,3,7.549,0.06587
05615,4,4.598,0.07137
05615,5,5.761,0.08082
05615,6,4.578,0.07513
05615,7,4.085,0.07044
05615,8,3.952,0.06683
05615,9,5.216,0.10216
05615,10,5.641,0.1106
05615,11,6.869,0.09561
05615,12,5.525,0.0663
05628,1,1.925,0.01135
05628,2,2.971,0.01597
05628,3,4.707,0.02067
05628,4,6.253,0.02936
05628,5,5.822,0.04741
05628,6,7.135,0.06083
05628,7,7.632,0.05742
05628,8,4.624,0.03462
05628,9,5.888,0.04061
05628,10,7.124,0.04665
05628,11,8.935,0.03592
05628,12,6.389,0.01543
05631,1,5.651,0.03714
05631,2,6.03,0.03379
05631,3,10.485,0.06378
05631,4,6.943,0.08946
05631,5,6.273,0.11565
05631,6,4.862,0.09503
05631,7,4.414,0.08955
05631,8,4.938,0.09935
05631,9,5.855,0.11278
05631,10,6.679,0.08194
05631,11,7.327,0.07913
05631,12,4.075,0.03285
05642,1,3.116,0.02374
05642,2,3.305,0.02989
05642,3,3.702,0.05811
05642,4,4.689,0.05782
05642,5,4.908,0.04011
05642,6,5.438,0.05666
05642,7,6.441,0.05965
05642,8,6.092,0.04849
05642,9,6.212,0.06097
05642,10,6.341,0.07027
05642,11,4.727,0.06866
05642,12,4.108,0.03911
05647,1,3.081,0.00889
05647,2,2.895,0.01055
05647,3,4.667,0.01515
05647,4,7.402,0.03523
05647,5,8.194,0.07903
05647,6,8.882,0.07883
05647,7,9.579,0.07345
05647,8,8.055,0.05333
05647,9,8.79,0.0626
05647,10,10.085,0.07261
05647,11,8.787,0.04379
05647,12,5.358,0.01849
05649,1,1.882,0.01456
05649,2,2.149,0.01355
05649,3,3.154,0.02294
05649,4,11.791,0.06874
05649,5,12.719,0.07021
05649,6,12.005,0.05517
05649,7,11.022,0.05557
05649,8,13.14,0.03158
05649,9,12.064,0.07054
05649,10,9.291,0.06071
05649,11,12.629,0.08683
05649,12,11.058,0.06346
05652,1,3.355,0.0283
05652,2,3.397,0.02722
05652,3,3.851,0.04065
05652,4,10.606,0.07727
05652,5,11.068,0.08583
05652,6,10.835,0.06578
05652,7,9.79,0.06232
05652,8,11.458,0.04524
05652,9,10.625,0.09071
05652,10,8.388,0.08208
05652,11,11.47,0.09916
05652,12,10.012,0.06415
05656,1,3.144,0.02407
05656,2,5.069,0.02489
05656,3,7.089,0.04324
05656,4,5.058,0.05486
05656,5,6.163,0.06079
05656,6,7.655,0.07145
05656,7,5.494,0.06072
05656,8,3.272,0.03953
05656,9,6.172,0.05201
05656,10,7.696,0.06065
05656,11,8.634,0.05041
05656,12,7.528,0.02158
05658,1,1.904,0.0241
05658,2,3.626,0.02897
05658,3,3.415,0.03336
05658,4,1.939,0.02563
05658,5,2.696,0.03727
05658,6,3.969,0.04444
05658,7,2.662,0.02311
05658,8,2.501,0.02098
05658,9,3.854,0.03719
05658,10,4.398,0.03482
05658,11,5.998,0.03304
05658,12,4.657,0.01758
05659,1,3.236,0.00797
05659,2,0.061,9e-05
05659,3,1.469,0.00332
05659,4,8.747,0.02068
05659,5,10.658,0.04112
05659,6,14.515,0.03511
05659,7,7.772,0.0227
05659,8,10.819,0.02023
05659,9,7.803,0.02433
05659,10,13.506,0.03435
05659,11,11.549,0.01957
05659,12,6.556,0.01197
05660,1,0.0,0.0
05660,2,0.0,0.0
05660,3,0.0,0.0
05660,4,14.2,0.05464
05660,5,15.0,0.05766
05660,6,14.8,0.0542
05660,7,12.8,0.05539
05660,8,15.9,0.02374
05660,9,15.4,0.06679
05660,10,10.6,0.04714
05660,11,15.8,0.08235
05660,12,14.6,0.07205
05664,1,3.127,0.04164
05664,2,4.539,0.03737
05664,3,3.168,0.05171
05664,4,1.413,0.04859
05664,5,1.236,0.05916
05664,6,1.181,0.04781
05664,7,0.609,0.02918
05664,8,1.849,0.02624
05664,9,3.931,0.05842
05664,10,6.193,0.06364
05664,11,7.15,0.05725
05664,12,4.332,0.03053
05665,1,4.328,0.01746
05665,2,0.843,0.00171
05665,3,2.884,0.00654
05665,4,12.24,0.03625
05665,5,9.305,0.04259
05665,6,17.499,0.05118
05665,7,9.991,0.0387
05665,8,12.13,0.03946
05665,9,8.805,0.03958
05665,10,13.251,0.04715
05665,11,14.237,0.03021
05665,12,11.841,0.02434
05667,1,2.728,0.01948
05667,2,3.651,0.01741
05667,3,6.564,0.03505
05667,4,9.546,0.07977
05667,5,11.018,0.07097
05667,6,9.126,0.04459
05667,7,9.741,0.04831
05667,8,10.854,0.0275
05667,9,8.748,0.05373
05667,10,8.333,0.05648
05667,11,9.202,0.07847
05667,12,7.014,0.04955
05670,1,2.6,0.01549
05670,2,4.5,0.01235
05670,3,10.05,0.03684
05670,4,7.55,0.08756
05670,5,9.917,0.06106
05670,6,6.3,0.02407
05670,7,8.967,0.03467
05670,8,9.1,0.01286
05670,9,5.6,0.01913
05670,10,7.733,0.0364
05670,11,5.7,0.05889
05670,12,2.7,0.03148
05674,1,5.958,0.05048
05674,2,7.312,0.04732
05674,3,8.058,0.06988
05674,4,5.849,0.08474
05674,5,6.413,0.10217
05674,6,5.392,0.08756
05674,7,4.548,0.07942
05674,8,4.844,0.07081
05674,9,5.911,0.10887
05674,10,6.841,0.11061
05674,11,7.954,0.10152
05674,12,5.847,0.06079
05679,1,5.385,0.02185
05679,2,2.854,0.0217
05679,3,7.978,0.03899
05679,4,4.521,0.05663
05679,5,4.176,0.0477
05679,6,3.454,0.03569
05679,7,5.005,0.05002
05679,8,3.602,0.13702
05679,9,3.081,0.11224
05679,10,1.426,0.07119
05679,11,4.473,0.05965
05679,12,2.547,0.02154
05686,1,1.7,0.02249
05686,2,3.225,0.0371
05686,3,0.867,0.02158
05686,4,0.067,0.00039
05686,5,0.125,0.04072
05686,6,1.025,0.04183
05686,7,0.033,0.00037
05686,8,2.867,0.01939
05686,9,1.3,0.03776
05686,10,0.1,0.00075
05686,11,2.767,0.018
05686,12,0.6,0.01178
05690,1,3.554,0.01755
05690,2,4.035,0.0156
05690,3,7.611,0.03539
05690,4,6.167,0.07208
05690,5,7.535,0.06324
05690,6,5.194,0.03149
05690,7,6.732,0.03121
05690,8,7.659,0.0242
05690,9,6.194,0.03622
05690,10,6.378,0.04001
05690,11,5.409,0.04971
05690,12,3.207,0.02462
05697,1,5.278,0.0468
05697,2,6.05,0.04527
05697,3,7.725,0.06816
05697,4,6.236,0.07846
05697,5,6.987,0.09065
05697,6,6.062,0.07181
05697,7,5.771,0.0672
05697,8,6.172,0.06333
05697,9,6.104,0.10282
05697,10,5.685,0.10148
05697,11,7.074,0.09722
05697,12,5.663,0.05885
05736,1,4.174,0.01296
05736,2,4.503,0.01446
05736,3,8.086,0.03197
05736,4,5.66,0.05544
05736,5,5.313,0.05993
05736,6,5.812,0.0416
05736,7,5.773,0.04815
05736,8,5.452,0.04938
05736,9,7.063,0.07287
05736,10,6.12,0.05876
05736,11,3.91,0.03387
05736,12,3.412,0.01403
05756,1,3.054,0.03645
05756,2,3.833,0.03732
05756,3,4.3,0.05468
05756,4,6.3,0.09835
05756,5,5.3,0.09955
05756,6,5.2,0.06108
05756,7,6.512,0.0598
05756,8,5.8,0.04989
05756,9,4.767,0.09088
05756,10,5.833,0.0945
05756,11,5.35,0.08832
05756,12,3.75,0.04192
05761,1,2.359,0.01493
05761,2,4.47,0.01898
05761,3,7.317,0.03468
05761,4,5.355,0.0443
05761,5,7.082,0.04489
05761,6,9.353,0.06654
05761,7,6.836,0.0576
05761,8,3.435,0.03451
05761,9,6.41,0.03833
05761,10,7.275,0.04944
05761,11,8.404,0.03841
05761,12,8.261,0.01536
05789,1,6.263,0.03042
05789,2,4.602,0.03284
05789,3,3.433,0.03532
05789,4,4.042,0.06551
05789,5,3.126,0.05446
05789,6,4.043,0.03022
05789,7,3.838,0.0363
05789,8,2.332,0.04951
05789,9,2.406,0.07446
05789,10,2.389,0.07707
05789,11,6.917,0.06086
05789,12,4.313,0.0349
05790,1,0.5,0.00011
05790,2,0.0,0.0
05790,3,0.0,0.0
05790,4,1.5,0.00378
05790,5,9.867,0.05002
05790,6,9.1,0.00603
05790,7,9.633,0.02419
05790,8,5.05,0.00837
05790,9,0.0,0.0
05790,10,0.0,0.0
05790,11,0.0,0.0
05790,12,0.0,0.0
05792,1,7.594,0.02844
05792,2,3.996,0.02741
05792,3,3.424,0.03135
05792,4,2.125,0.05529
05792,5,1.758,0.04119
05792,6,2.229,0.02436
05792,7,2.942,0.03876
05792,8,1.437,0.10861
05792,9,1.501,0.10993
05792,10,1.575,0.08746
05792,11,6.367,0.07027
05792,12,3.556,0.02662
05809,1,6.201,0.02623
05809,2,4.35,0.0272
05809,3,6.45,0.05784
05809,4,5.513,0.06993
05809,5,5.122,0.0406
05809,6,5.082,0.05857
05809,7,6.852,0.06779
05809,8,4.819,0.16263
05809,9,4.792,0.1204
05809,10,4.381,0.09702
05809,11,5.603,0.085
05809,12,3.901,0.03049
05819,1,2.595,0.00926
05819,2,2.216,0.00863
05819,3,3.648,0.01273
05819,4,8.027,0.03366
05819,5,7.536,0.07397
05819,6,7.68,0.07494
05819,7,9.9,0.07697
05819,8,7.664,0.04894
05819,9,8.299,0.0595
05819,10,10.333,0.07397
05819,11,10.457,0.04769
05819,12,5.837,0.02032
05837,1,5.0,0.01699
05837,2,0.175,0.00025
05837,3,3.7,0.00781
05837,4,12.8,0.03945
05837,5,8.225,0.04208
05837,6,21.425,0.05362
05837,7,9.8,0.02871
05837,8,12.65,0.03016
05837,9,7.825,0.02437
05837,10,15.125,0.04989
05837,11,14.4,0.03012
05837,12,13.425,0.02762
05842,1,2.262,0.01285
05842,2,9.238,0.01966
05842,3,5.364,0.03168
05842,4,9.335,0.05726
05842,5,8.438,0.07469
05842,6,8.079,0.0665
05842,7,5.988,0.04727
05842,8,6.602,0.04586
05842,9,7.262,0.04382
05842,10,7.941,0.06868
05842,11,12.385,0.06694
05842,12,6.423,0.03602
05847,1,3.359,0.02316
05847,2,4.325,0.03219
05847,3,5.486,0.05664
05847,4,5.602,0.0506
05847,5,6.586,0.0384
05847,6,7.21,0.06319
05847,7,7.352,0.0615
05847,8,5.822,0.04667
05847,9,6.795,0.05053
05847,10,6.495,0.0622
05847,11,5.883,0.05854
05847,12,6.051,0.03613
05854,1,1.725,0.00485
05854,2,2.225,0.01218
05854,3,0.067,0.00228
05854,4,0.033,0.00282
05854,5,9.15,0.07514
05854,6,9.25,0.0944
05854,7,3.8,0.02809
05854,8,9.5,0.03607
05854,9,8.35,0.05037
05854,10,5.367,0.03528
05854,11,5.167,0.0299
05854,12,4.033,0.00943
05856,1,3.721,0.02359
05856,2,3.122,0.0246
05856,3,6.13,0.04176
05856,4,6.421,0.05651
05856,5,5.864,0.05133
05856,6,6.024,0.05519
05856,7,5.625,0.04825
05856,8,7.823,0.04977
05856,9,5.359,0.05768
05856,10,5.016,0.05989
05856,11,4.687,0.05171
05856,12,5.031,0.03036
05858,1,3.89,0.01616
05858,2,3.96,0.01338
05858,3,7.339,0.0349
05858,4,5.53,0.06778
05858,5,6.019,0.05736
05858,6,4.318,0.0288
05858,7,5.412,0.03301
05858,8,6.376,0.03157
05858,9,6.451,0.0527
05858,10,5.525,0.04625
05858,11,4.839,0.04371
05858,12,3.467,0.01957
05861,1,8.097,0.02677
05861,2,4.15,0.02164
05861,3,9.838,0.03792
05861,4,6.633,0.08394
05861,5,5.258,0.05423
05861,6,5.946,0.05827
05861,7,7.89,0.07425
05861,8,3.32,0.27583
05861,9,3.38,0.1694
05861,10,3.15,0.1246
05861,11,6.15,0.10032
05861,12,3.825,0.02371
05873,1,0.2,0.00076
05873,2,4.267,0.01092
05873,3,8.8,0.02116
05873,4,11.467,0.04522
05873,5,13.6,0.09246
05873,6,7.667,0.04983
05873,7,9.933,0.03992
05873,8,0.2,0.00081
05873,9,0.267,0.00125
05873,10,4.867,0.0218
05873,11,4.333,0.01657
05873,12,1.267,0.0028
05885,1,4.285,0.01709
05885,2,3.893,0.01353
05885,3,7.173,0.03588
05885,4,5.866,0.07062
05885,5,6.483,0.06292
05885,6,4.679,0.03181
05885,7,5.778,0.03386
05885,8,6.846,0.03314
05885,9,7.035,0.05188
05885,10,5.982,0.04867
05885,11,5.23,0.04586
05885,12,3.797,0.02039
05887,1,4.543,0.01004
05887,2,4.855,0.01753
05887,3,8.048,0.02494
05887,4,6.795,0.04367
05887,5,9.001,0.08984
05887,6,11.27,0.08229
05887,7,9.217,0.06815
05887,8,8.302,0.06581
05887,9,9.526,0.07134
05887,10,9.639,0.07125
05887,11,4.705,0.03447
05887,12,3.989,0.01515
05890,1,5.842,0.01961
05890,2,3.475,0.01438
05890,3,5.483,0.0373
05890,4,5.7,0.06794
05890,5,5.725,0.0744
05890,6,4.59,0.04126
05890,7,4.95,0.03511
05890,8,6.663,0.04582
05890,9,8.833,0.06597
05890,10,6.017,0.05912
05890,11,5.75,0.04373
05890,12,4.95,0.01665
05893,1,2.4,0.00558
05893,2,9.6,0.01236
05893,3,11.2,0.01314
05893,4,18.6,0.05495
05893,5,20.1,0.06139
05893,6,24.0,0.04336
05893,7,22.3,0.04481
05893,8,12.2,0.03337
05893,9,13.1,0.04957
05893,10,13.9,0.05426
05893,11,6.8,0.03044
05893,12,19.0,0.0157
05895,1,0.697,0.00139
05895,2,1.132,0.00362
05895,3,1.745,0.00284
05895,4,3.629,0.00581
05895,5,11.644,0.05022
05895,6,7.424,0.03147
05895,7,7.828,0.02168
05895,8,7.983,0.02136
05895,9,4.776,0.01854
05895,10,5.212,0.01652
05895,11,4.184,0.0123
05895,12,2.859,0.00505
08001,1,0.75,0.00028
08001,2,0.925,0.00062
08001,3,0.35,0.00046
08001,4,0.333,0.00077
08001,5,4.167,0.01352
08001,6,2.033,0.00586
08001,7,1.567,0.00199
08001,8,2.567,0.00594
08001,9,11.9,0.02133
08001,10,10.475,0.03136
08001,11,6.425,0.01989
08001,12,3.65,0.0023
08078,1,0.897,0.092
08078,2,1.099,0.08819
08078,3,1.159,0.08336
08078,4,5.971,0.06904
08078,5,9.095,0.06136
08078,6,8.114,0.09781
08078,7,5.215,0.08339
08078,8,5.873,0.07758
08078,9,13.93,0.07347
08078,10,10.779,0.10243
08078,11,10.945,0.07033
08078,12,2.613,0.0947
08137,1,0.992,0.0048
08137,2,2.631,0.0032
08137,3,2.558,0.00342
08137,4,8.633,0.01866
08137,5,5.678,0.01567
08137,6,6.786,0.02443
08137,7,7.048,0.02107
08137,8,6.997,0.02798
08137,9,7.654,0.02818
08137,10,6.136,0.02919
08137,11,6.833,0.01739
08137,12,1.611,0.00564
08141,1,0.669,0.00647
08141,2,1.07,0.00455
08141,3,0.994,0.00419
08141,4,14.207,0.01621
08141,5,10.21,0.01689
08141,6,12.615,0.02838
08141,7,10.686,0.02301
08141,8,8.493,0.02708
08141,9,13.619,0.02907
08141,10,8.381,0.02997
08141,11,11.038,0.01635
08141,12,0.5,0.00921
08296,1,0.909,0.08367
08296,2,1.136,0.0803
08296,3,1.091,0.07588
08296,4,3.68,0.06191
08296,5,7.744,0.05691
08296,6,6.119,0.08794
08296,7,3.706,0.07438
08296,8,4.84,0.06969
08296,9,13.189,0.06885
08296,10,10.799,0.09618
08296,11,9.788,0.06723
08296,12,3.076,0.08657
08372,1,0.703,0.06817
08372,2,0.882,0.06542
08372,3,0.871,0.06182
08372,4,2.848,0.05034
08372,5,7.56,0.04829
08372,6,6.718,0.07433
08372,7,4.617,0.06415
08372,8,7.117,0.05962
08372,9,13.341,0.05852
08372,10,11.994,0.08358
08372,11,9.6,0.06686
08372,12,4.074,0.07083
08421,1,0.222,0.00048
08421,2,0.393,0.00028
08421,3,0.363,0.00032
08421,4,5.072,0.00427
08421,5,7.909,0.01232
08421,6,9.934,0.01592
08421,7,8.76,0.01687
08421,8,12.438,0.01656
08421,9,13.887,0.01731
08421,10,13.384,0.02896
08421,11,9.533,0.03919
08421,12,5.008,0.00138
08433,1,1.04,0.14937
08433,2,1.304,0.14284
08433,3,1.667,0.13502
08433,4,5.839,0.11
08433,5,10.247,0.09095
08433,6,8.91,0.15286
08433,7,5.06,0.13122
08433,8,6.4,0.12005
08433,9,13.918,0.10722
08433,10,10.946,0.1465
08433,11,12.143,0.10586
08433,12,2.68,0.1537
08436,1,0.5,0.00057
08436,2,0.4,0.00025
08436,3,0.3,0.00022
08436,4,17.9,0.01015
08436,5,13.1,0.01473
08436,6,16.3,0.0211
08436,7,13.2,0.01815
08436,8,9.8,0.01987
08436,9,17.4,0.02038
08436,10,10.0,0.02962
08436,11,13.8,0.00541
08436,12,0.0,0.0
08520,1,0.959,0.11293
08520,2,1.062,0.10489
08520,3,1.233,0.09841
08520,4,4.148,0.0851
08520,5,7.689,0.07058
08520,6,6.468,0.12474
08520,7,3.794,0.10221
08520,8,4.878,0.09816
08520,9,11.609,0.0974
08520,10,9.333,0.1085
08520,11,9.418,0.09679
08520,12,2.44,0.12498
08549,1,0.365,0.03921
08549,2,0.405,0.03747
08549,3,0.498,0.03544
08549,4,6.109,0.03128
08549,5,9.284,0.03282
08549,6,10.764,0.05183
08549,7,8.576,0.04719
08549,8,11.559,0.04331
08549,9,14.837,0.03989
08549,10,13.292,0.05987
08549,11,10.93,0.05683
08549,12,4.392,0.04078
08558,1,0.925,0.10358
08558,2,1.139,0.09926
08558,3,1.263,0.09384
08558,4,6.067,0.07734
08558,5,9.405,0.06736
08558,6,8.383,0.10889
08558,7,5.268,0.0931
08558,8,6.037,0.08614
08558,9,13.994,0.08009
08558,10,10.834,0.11147
08558,11,11.257,0.0772
08558,12,2.609,0.10645
08560,1,0.827,0.08959
08560,2,0.628,0.07761
08560,3,0.842,0.07157
08560,4,7.722,0.07333
08560,5,7.63,0.05656
08560,6,8.263,0.11782
08560,7,5.906,0.09038
08560,8,5.432,0.0933
08560,9,10.088,0.10061
08560,10,6.849,0.07496
08560,11,8.589,0.09734
08560,12,0.837,0.11314
08573,1,0.818,0.04125
08573,2,1.018,0.03976
08573,3,0.709,0.03751
08573,4,1.853,0.03074
08573,5,5.899,0.03479
08573,6,4.037,0.0462
08573,7,2.628,0.03766
08573,8,3.811,0.03728
08573,9,12.524,0.04458
08573,10,10.718,0.06318
08573,11,8.059,0.04378
08573,12,3.448,0.04371
08606,1,0.415,0.00086
08606,2,0.703,0.00049
08606,3,0.643,0.00056
08606,4,9.707,0.00794
08606,5,9.296,0.01345
08606,6,11.579,0.01841
08606,7,9.978,0.01764
08606,8,10.872,0.01894
08606,9,14.198,0.01945
08606,10,11.331,0.02918
08606,11,10.56,0.02502
08606,12,2.941,0.00113
08634,1,0.988,0.12475
08634,2,1.184,0.11812
08634,3,1.406,0.11136
08634,4,4.797,0.09266
08634,5,8.829,0.07761
08634,6,7.481,0.1316
08634,7,4.324,0.11087
08634,8,5.541,0.10352
08634,9,12.884,0.09735
08634,10,10.29,0.12369
08634,11,10.687,0.09628
08634,12,2.656,0.1319
08638,1,0.752,0.03806
08638,2,1.198,0.03602
08638,3,1.235,0.03419
08638,4,13.237,0.03708
08638,5,10.86,0.03373
08638,6,12.599,0.05438
08638,7,10.08,0.04707
08638,8,8.554,0.04675
08638,9,14.289,0.04304
08638,10,9.267,0.05851
08638,11,11.922,0.03191
08638,12,0.957,0.03851
08675,1,0.926,0.00347
08675,2,2.271,0.00216
08675,3,2.221,0.00222
08675,4,9.763,0.01638
08675,5,6.651,0.01564
08675,6,8.013,0.02141
08675,7,7.787,0.01945
08675,8,7.245,0.0251
08675,9,8.869,0.02494
08675,10,6.876,0.0302
08675,11,7.689,0.0136
08675,12,1.376,0.00258
08685,1,0.969,0.11689
08685,2,1.113,0.10954
08685,3,1.299,0.103
08685,4,4.388,0.08752
08685,5,8.142,0.07303
08685,6,6.858,0.12653
08685,7,3.998,0.10495
08685,8,5.139,0.09957
08685,9,12.156,0.09665
08685,10,9.753,0.11424
08685,11,9.931,0.09583
08685,12,2.544,0.12676
08758,1,1.095,0.17703
08758,2,1.389,0.16952
08758,3,1.922,0.16033
08758,4,6.893,0.13008
08758,5,11.478,0.10545
08758,6,10.258,0.17938
08758,7,5.747,0.15495
08758,8,7.166,0.14064
08758,9,14.465,0.12209
08758,10,11.177,0.1688
08758,11,13.33,0.12067
08758,12,2.545,0.18098
08770,1,1.08,0.00354
08770,2,3.075,0.00223
08770,3,3.0,0.00269
08770,4,7.2,0.01876
08770,5,4.5,0.015
08770,6,5.267,0.02223
08770,7,6.125,0.01983
08770,8,6.65,0.02742
08770,9,6.1,0.02685
08770,10,5.575,0.02888
08770,11,5.75,0.01644
08770,12,1.925,0.00334
08832,1,0.828,0.07912
08832,2,1.039,0.07593
08832,3,1.016,0.07175
08832,4,3.257,0.05841
08832,5,7.674,0.0543
08832,6,6.345,0.08403
08832,7,4.04,0.07165
08832,8,5.792,0.06684
08832,9,13.236,0.06564
08832,10,11.315,0.09243
08832,11,9.725,0.06832
08832,12,3.515,0.08196
08849,1,0.815,0.07075
08849,2,0.958,0.06778
08849,3,0.961,0.06406
08849,4,8.029,0.05498
08849,5,9.663,0.05048
08849,6,9.437,0.07937
08849,7,6.597,0.06758
08849,8,6.491,0.06361
08849,9,14.513,0.06118
08849,10,10.617,0.08559
08849,11,11.309,0.05584
08849,12,2.154,0.0728
11001,1,3.178,0.0133
11001,2,4.096,0.02641
11001,3,5.772,0.03978
11001,4,5.276,0.0711
11001,5,4.906,0.06396
11001,6,4.474,0.05609
11001,7,2.564,0.04328
11001,8,2.616,0.03351
11001,9,5.007,0.03387
11001,10,5.773,0.04102
11001,11,7.115,0.04616
11001,12,2.983,0.01446
13001,1,0.356,0.00163
13001,2,0.421,0.00032
13001,3,0.065,0.00086
13001,4,5.683,0.00513
13001,5,8.383,0.02808
13001,6,8.304,0.0313
13001,7,12.105,0.03103
13001,8,6.203,0.06939
13001,9,6.395,0.09564
13001,10,10.357,0.05917
13001,11,6.915,0.02411
13001,12,2.054,0.00384
13006,1,7.55,0.00526
13006,2,8.141,0.01099
13006,3,9.693,0.02201
13006,4,14.729,0.09009
13006,5,16.603,0.08146
13006,6,20.161,0.09899
13006,7,16.535,0.0774
13006,8,19.813,0.10595
13006,9,16.281,0.08883
13006,10,17.18,0.1203
13006,11,15.796,0.09148
13006,12,14.845,0.02861
13030,1,3.421,0.02807
13030,2,3.204,0.01998
13030,3,2.416,0.01002
13030,4,11.525,0.02495
13030,5,7.293,0.04927
13030,6,9.547,0.02553
13030,7,11.501,0.03702
13030,8,9.778,0.07116
13030,9,16.032,0.07202
13030,10,9.834,0.04693
13030,11,9.098,0.04368
13030,12,3.323,0.0192
13042,1,1.296,0.00304
13042,2,2.853,0.0065
13042,3,7.219,0.00709
13042,4,11.001,0.02664
13042,5,14.985,0.05493
13042,6,8.228,0.0348
13042,7,13.27,0.04598
13042,8,7.666,0.09167
13042,9,9.207,0.06712
13042,10,8.828,0.05817
13042,11,7.444,0.05349
13042,12,1.14,0.01454
13052,1,7.55,0.04055
13052,2,1.3,0.01881
13052,3,3.167,0.07586
13052,4,11.85,0.0272
13052,5,22.45,0.06496
13052,6,13.85,0.02696
13052,7,11.833,0.01972
13052,8,14.933,0.02406
13052,9,14.875,0.02824
13052,10,12.4,0.05237
13052,11,14.7,0.05191
13052,12,7.8,0.06921
13062,1,0.91,0.00637
13062,2,1.807,0.004
13062,3,1.887,0.0029
13062,4,8.912,0.01573
13062,5,6.342,0.0186
13062,6,7.565,0.01922
13062,7,7.091,0.01968
13062,8,6.332,0.02357
13062,9,8.229,0.02395
13062,10,7.522,0.0349
13062,11,7.092,0.01366
13062,12,1.166,0.00303
13074,1,4.04,0.03506
13074,2,3.868,0.02409
13074,3,1.201,0.01123
13074,4,11.834,0.02473
13074,5,5.264,0.04757
13074,6,10.053,0.02445
13074,7,11.242,0.03617
13074,8,10.657,0.06736
13074,9,17.983,0.07416
13074,10,10.279,0.0445
13074,11,9.948,0.04244
13074,12,4.084,0.02095
13140,1,0.99,0.00488
13140,2,2.424,0.00307
13140,3,2.424,0.00276
13140,4,8.17,0.01718
13140,5,5.507,0.01675
13140,6,6.526,0.02075
13140,7,6.686,0.01974
13140,8,6.536,0.02545
13140,9,7.281,0.02536
13140,10,6.579,0.03181
13140,11,6.507,0.01494
13140,12,1.531,0.00315
13160,1,6.58,0.00771
13160,2,8.588,0.01445
13160,3,10.81,0.02405
13160,4,9.483,0.04629
13160,5,12.561,0.05259
13160,6,14.925,0.04153
13160,7,14.613,0.04057
13160,8,9.769,0.03666
13160,9,12.079,0.0439
13160,10,15.446,0.0573
13160,11,10.385,0.0432
13160,12,12.49,0.01273
13188,1,4.383,0.01922
13188,2,1.605,0.00697
13188,3,4.588,0.01995
13188,4,4.178,0.03509
13188,5,5.721,0.03477
13188,6,7.652,0.0472
13188,7,9.253,0.05538
13188,8,6.145,0.02699
13188,9,7.255,0.03431
13188,10,9.904,0.03195
13188,11,8.244,0.02043
13188,12,1.424,0.01024
13212,1,5.007,0.01829
13212,2,1.917,0.00806
13212,3,4.999,0.01652
13212,4,5.403,0.02994
13212,5,7.493,0.03405
13212,6,7.141,0.04187
13212,7,8.71,0.04995
13212,8,6.492,0.02483
13212,9,7.434,0.02914
13212,10,11.173,0.03161
13212,11,7.897,0.01705
13212,12,1.287,0.00879
13222,1,0.235,0.00125
13222,2,0.057,0.00056
13222,3,0.095,0.00223
13222,4,0.883,0.00113
13222,5,7.141,0.01344
13222,6,8.553,0.01443
13222,7,7.931,0.01679
13222,8,13.851,0.01669
13222,9,13.488,0.01899
13222,10,15.357,0.03084
13222,11,8.698,0.05279
13222,12,6.979,0.00363
13244,1,10.7,0.00717
13244,2,2.55,0.00356
13244,3,9.167,0.0039
13244,4,11.15,0.02248
13244,5,15.2,0.03481
13244,6,12.525,0.02406
13244,7,15.533,0.03125
13244,8,13.6,0.04027
13244,9,15.533,0.03254
13244,10,20.4,0.03348
13244,11,13.9,0.01656
13244,12,0.35,0.0034
13248,1,1.05,0.01854
13248,2,0.953,0.01176
13248,3,1.543,0.00637
13248,4,1.92,0.01626
13248,5,2.165,0.03006
13248,6,2.005,0.01119
13248,7,1.953,0.02117
13248,8,1.73,0.02032
13248,9,1.838,0.02243
13248,10,8.465,0.05266
13248,11,2.0,0.01771
13248,12,1.027,0.00593
13268,1,4.228,0.03718
13268,2,4.073,0.02534
13268,3,0.836,0.01161
13268,4,11.947,0.02464
13268,5,4.679,0.04707
13268,6,10.221,0.02417
13268,7,11.177,0.03598
13268,8,10.933,0.06637
13268,9,18.599,0.07492
13268,10,10.441,0.04384
13268,11,10.235,0.04217
13268,12,4.318,0.02151
13300,1,4.13,0.03573
13300,2,3.97,0.02447
13300,3,1.099,0.01145
13300,4,11.972,0.02448
13300,5,5.221,0.04741
13300,6,10.184,0.02463
13300,7,11.216,0.03636
13300,8,10.764,0.06712
13300,9,18.332,0.07469
13300,10,10.514,0.04454
13300,11,10.241,0.04258
13300,12,4.162,0.02111
13430,1,3.894,0.02051
13430,2,1.589,0.00744
13430,3,4.25,0.02169
13430,4,3.703,0.03623
13430,5,5.12,0.0348
13430,6,7.172,0.0503
13430,7,8.662,0.0585
13430,8,5.497,0.02514
13430,9,6.509,0.03382
13430,10,8.974,0.03082
13430,11,7.731,0.02024
13430,12,1.54,0.01092
13433,1,5.297,0.03044
13433,2,1.099,0.01468
13433,3,2.433,0.05174
13433,4,11.003,0.02261
13433,5,17.371,0.05096
13433,6,12.104,0.02323
13433,7,10.273,0.01973
13433,8,11.775,0.02274
13433,9,12.927,0.02598
13433,10,11.324,0.04891
13433,11,12.284,0.03861
13433,12,5.383,0.04719
13440,1,3.715,0.04786
13440,2,3.532,0.0264
13440,3,1.624,0.01166
13440,4,10.246,0.02542
13440,5,5.538,0.04641
13440,6,8.611,0.03205
13440,7,8.957,0.03942
13440,8,8.529,0.05797
13440,9,15.239,0.06839
13440,10,9.622,0.05217
13440,11,9.301,0.04679
13440,12,3.393,0.03684
13442,1,6.596,0.02386
13442,2,1.58,0.01207
13442,3,4.521,0.03338
13442,4,8.708,0.02253
13442,5,14.253,0.04546
13442,6,9.952,0.02142
13442,7,10.05,0.02367
13442,8,10.632,0.02791
13442,9,11.232,0.02784
13442,10,13.684,0.04668
13442,11,10.711,0.03103
13442,12,3.526,0.03044
13458,1,7.685,0.00549
13458,2,12.089,0.01516
13458,3,11.069,0.02539
13458,4,16.88,0.10127
13458,5,16.582,0.07596
13458,6,18.257,0.09948
13458,7,15.759,0.0835
13458,8,19.313,0.10542
13458,9,15.804,0.08064
13458,10,18.007,0.12256
13458,11,16.837,0.0955
13458,12,16.855,0.02819
13468,1,2.652,0.06093
13468,2,2.738,0.02892
13468,3,1.438,0.01771
13468,4,6.237,0.03309
13468,5,3.264,0.04326
13468,6,6.213,0.04802
13468,7,7.104,0.05408
13468,8,5.876,0.04796
13468,9,9.526,0.05875
13468,10,6.341,0.0516
13468,11,6.454,0.04852
13468,12,3.127,0.05078
13473,1,0.976,0.00228
13473,2,2.2,0.00639
13473,3,7.483,0.00684
13473,4,11.472,0.0263
13473,5,16.401,0.05717
13473,6,8.556,0.03533
13473,7,14.209,0.04812
13473,8,7.807,0.10202
13473,9,9.462,0.07255
13473,10,9.224,0.06201
13473,11,7.571,0.05936
13473,12,1.003,0.01608
13490,1,1.831,0.01121
13490,2,1.573,0.01033
13490,3,5.452,0.00719
13490,4,11.047,0.02542
13490,5,12.73,0.0542
13490,6,8.537,0.02887
13490,7,12.592,0.04055
13490,8,7.862,0.08517
13490,9,11.53,0.06948
13490,10,9.003,0.05455
13490,11,7.281,0.04961
13490,12,1.519,0.01586
13549,1,5.677,0.02165
13549,2,5.028,0.01713
13549,3,5.06,0.01423
13549,4,12.351,0.0453
13549,5,9.657,0.06012
13549,6,15.426,0.05368
13549,7,13.513,0.05248
13549,8,14.605,0.07708
13549,9,17.037,0.07226
13549,10,12.875,0.06595
13549,11,12.352,0.05214
13549,12,8.317,0.01837
13580,1,2.194,0.0143
13580,2,1.893,0.0119
13580,3,4.819,0.00763
13580,4,10.934,0.02538
13580,5,11.331,0.0527
13580,6,8.566,0.02771
13580,7,12.046,0.03881
13580,8,8.06,0.079
13580,9,12.199,0.06799
13580,10,8.973,0.05186
13580,11,7.438,0.04634
13580,12,1.824,0.01581
13600,1,1.688,0.00936
13600,2,1.403,0.00918
13600,3,5.751,0.00685
13600,4,10.904,0.02549
13600,5,13.147,0.05447
13600,6,8.355,0.02899
13600,7,12.556,0.04044
13600,8,7.582,0.08509
13600,9,10.965,0.06832
13600,10,8.829,0.05481
13600,11,7.002,0.04928
13600,12,1.309,0.01519
13620,1,0.6,0.00129
13620,2,1.053,0.00074
13620,3,0.97,0.00084
13620,4,13.371,0.01138
13620,5,10.223,0.01444
13620,6,12.652,0.0206
13620,7,10.808,0.01837
13620,8,9.422,0.02123
13620,9,14.112,0.0215
13620,10,9.422,0.02934
13620,11,11.195,0.01314
13620,12,1.217,0.00102
13647,1,2.486,0.01247
13647,2,0.56,0.00578
13647,3,1.081,0.02296
13647,4,11.187,0.0125
13647,5,14.113,0.02886
13647,6,13.367,0.02067
13647,7,11.232,0.01802
13647,8,12.57,0.01945
13647,9,15.639,0.02121
13647,10,12.307,0.03624
13647,11,12.627,0.033
13647,12,4.352,0.0213
13650,1,3.514,0.05283
13650,2,3.34,0.02738
13650,3,1.812,0.01172
13650,4,9.578,0.02596
13650,5,5.647,0.04622
13650,6,8.01,0.03493
13650,7,8.22,0.04085
13650,8,7.731,0.05578
13650,9,14.022,0.0666
13650,10,9.205,0.05542
13650,11,8.857,0.04915
13650,12,3.125,0.04335
13654,1,8.672,0.01008
13654,2,2.251,0.00524
13654,3,7.603,0.00574
13654,4,9.174,0.02249
13654,5,12.458,0.03405
13654,6,10.411,0.02436
13654,7,12.819,0.03205
13654,8,11.092,0.03564
13654,9,12.652,0.03072
13654,10,17.633,0.03595
13654,11,11.519,0.01678
13654,12,0.556,0.0044
13655,1,8.7,0.00406
13655,2,11.85,0.01655
13655,3,13.0,0.0279
13655,4,19.1,0.11782
13655,5,18.8,0.08113
13655,6,20.5,0.10627
13655,7,16.55,0.09095
13655,8,20.65,0.11272
13655,9,17.2,0.07776
13655,10,20.4,0.13351
13655,11,17.9,0.10151
13655,12,20.6,0.02634
13657,1,3.577,0.0178
13657,2,1.316,0.01056
13657,3,3.275,0.0111
13657,4,4.618,0.0184
13657,5,6.448,0.0337
13657,6,5.12,0.01509
13657,7,5.565,0.02318
13657,8,5.232,0.02481
13657,9,5.712,0.025
13657,10,11.281,0.04859
13657,11,5.47,0.02005
13657,12,1.396,0.01018
13667,1,4.134,0.03614
13667,2,3.97,0.02473
13667,3,1.015,0.01141
13667,4,11.887,0.02469
13667,5,4.96,0.04732
13667,6,10.134,0.02429
13667,7,11.21,0.03606
13667,8,10.796,0.06686
13667,9,18.288,0.07453
13667,10,10.352,0.04415
13667,11,10.083,0.04229
13667,12,4.203,0.02124
13670,1,7.254,0.00708
13670,2,8.659,0.01536
13670,3,10.153,0.02292
13670,4,9.805,0.04682
13670,5,12.41,0.05202
13670,6,14.77,0.04146
13670,7,14.909,0.04201
13670,8,10.057,0.03686
13670,9,12.277,0.04346
13670,10,16.137,0.05724
13670,11,10.986,0.04459
13670,12,13.304,0.0135
13673,1,0.0,0.0
13673,2,0.0,0.0
13673,3,0.0,0.0
13673,4,0.3,0.00012
13673,5,6.6,0.01109
13673,6,8.4,0.0132
13673,7,7.6,0.01599
13673,8,14.2,0.01383
13673,9,13.8,0.01486
13673,10,15.7,0.02874
13673,11,8.6,0.05425
13673,12,7.2,0.00157
13683,1,2.057,0.01091
13683,2,0.524,0.00485
13683,3,0.823,0.01938
13683,4,5.734,0.00926
13683,5,11.408,0.0326
13683,6,9.718,0.0252
13683,7,10.789,0.02403
13683,8,10.602,0.04266
13683,9,10.568,0.0564
13683,10,12.348,0.04904
13683,11,9.329,0.03942
13683,12,4.917,0.01956
13688,1,4.1,0.01053
13688,2,17.0,0.01458
13688,3,7.133,0.01585
13688,4,10.733,0.03313
13688,5,6.8,0.03719
13688,6,8.533,0.05639
13688,7,10.867,0.05914
13688,8,11.933,0.05374
13688,9,9.0,0.04473
13688,10,9.133,0.04348
13688,11,13.467,0.03918
13688,12,4.9,0.01246
13744,1,3.819,0.00977
13744,2,15.431,0.01364
13744,3,7.103,0.01485
13744,4,10.692,0.03242
13744,5,7.547,0.03893
13744,6,8.447,0.05376
13744,7,11.005,0.05726
13744,8,11.408,0.05662
13744,9,8.985,0.04653
13744,10,9.036,0.04462
13744,11,12.736,0.03997
13744,12,4.478,0.01247
13760,1,2.603,0.01242
13760,2,1.321,0.0059
13760,3,1.773,0.02185
13760,4,13.537,0.01704
13760,5,13.541,0.02875
13760,6,12.854,0.02301
13760,7,11.047,0.019
13760,8,10.436,0.02293
13760,9,13.866,0.02418
13760,10,9.557,0.03575
13760,11,12.032,0.02109
13760,12,2.649,0.02006
13780,1,2.169,0.05899
13780,2,2.319,0.02613
13780,3,1.783,0.02144
13780,4,4.392,0.03628
13780,5,2.939,0.04107
13780,6,5.18,0.0564
13780,7,6.073,0.06182
13780,8,4.284,0.03823
13780,9,6.624,0.05037
13780,10,5.193,0.04734
13780,11,5.514,0.04383
13780,12,2.749,0.04924
13810,1,4.422,0.0146
13810,2,5.507,0.01646
13810,3,7.221,0.01538
13810,4,14.65,0.05611
13810,5,14.372,0.06374
13810,6,13.472,0.05571
13810,7,14.814,0.06026
13810,8,13.374,0.10279
13810,9,15.552,0.08031
13810,10,13.783,0.0832
13810,11,12.114,0.07299
13810,12,8.636,0.02294
13836,1,2.282,0.01206
13836,2,0.638,0.0053
13836,3,0.9,0.02108
13836,4,7.091,0.01085
13836,5,12.098,0.03723
13836,6,9.807,0.02926
13836,7,11.815,0.02725
13836,8,8.945,0.05448
13836,9,9.041,0.07356
13836,10,11.165,0.05588
13836,11,9.099,0.03307
13836,12,3.853,0.02139
13838,1,4.527,0.02421
13838,2,0.915,0.01107
13838,3,1.867,0.04447
13838,4,9.043,0.01776
13838,5,16.494,0.04882
13838,6,11.536,0.02801
13838,7,11.755,0.02381
13838,8,11.623,0.04065
13838,9,11.645,0.05298
13838,10,11.773,0.05392
13838,11,11.517,0.04157
13838,12,5.617,0.04179
13873,1,2.369,0.01266
13873,2,0.493,0.00577
13873,3,0.974,0.02316
13873,4,5.075,0.0095
13873,5,11.821,0.03143
13873,6,10.027,0.02166
13873,7,9.951,0.02069
13873,8,12.522,0.03012
13873,9,12.366,0.0381
13873,10,13.432,0.04312
13873,11,10.046,0.04638
13873,12,6.159,0.02258
13894,1,5.257,0.01574
13894,2,1.8,0.00802
13894,3,5.028,0.01074
13894,4,5.796,0.02441
13894,5,7.839,0.03313
13894,6,6.993,0.0292
13894,7,8.453,0.0376
13894,8,6.853,0.02722
13894,9,7.798,0.02809
13894,10,12.601,0.03786
13894,11,7.684,0.01712
13894,12,0.994,0.00673
15001,1,2.728,0.00832
15001,2,7.867,0.02903
15001,3,4.788,0.03971
15001,4,4.467,0.03934
15001,5,3.655,0.04483
15001,6,3.349,0.04575
15001,7,2.86,0.03208
15001,8,2.997,0.02959
15001,9,2.7,0.02776
15001,10,6.91,0.03167
15001,11,6.686,0.05025
15001,12,2.345,0.00919
15022,1,2.917,0.01434
15022,2,4.629,0.02658
15022,3,3.689,0.06354
15022,4,18.694,0.15627
15022,5,9.729,0.18886
15022,6,12.877,0.19599
15022,7,10.516,0.2113
15022,8,10.368,0.14947
15022,9,9.512,0.12475
15022,10,17.766,0.10034
15022,11,5.849,0.05835
15022,12,2.666,0.02529
15047,1,5.449,0.0089
15047,2,3.539,0.00834
15047,3,2.973,0.03366
15047,4,3.962,0.06261
15047,5,2.3,0.06015
15047,6,1.887,0.09373
15047,7,4.833,0.08475
15047,8,3.058,0.08671
15047,9,1.344,0.04426
15047,10,3.778,0.05138
15047,11,3.414,0.03494
15047,12,4.208,0.00787
15051,1,2.619,0.00892
15051,2,7.109,0.02374
15051,3,8.16,0.04424
15051,4,6.529,0.04557
15051,5,7.121,0.03776
15051,6,4.838,0.03211
15051,7,3.653,0.0219
15051,8,4.626,0.02457
15051,9,4.614,0.02915
15051,10,8.354,0.0459
15051,11,6.73,0.05245
15051,12,6.675,0.02371
15087,1,3.47,0.01334
15087,2,3.986,0.02075
15087,3,4.366,0.03736
15087,4,3.823,0.04261
15087,5,3.935,0.04044
15087,6,2.871,0.05496
15087,7,1.827,0.04107
15087,8,2.306,0.04842
15087,9,2.678,0.03925
15087,10,5.265,0.04631
15087,11,5.968,0.05052
15087,12,1.786,0.0121
15090,1,4.292,0.02545
15090,2,0.893,0.01176
15090,3,1.972,0.02326
15090,4,2.552,0.04828
15090,5,2.9,0.07778
15090,6,1.776,0.07556
15090,7,3.068,0.1002
15090,8,2.371,0.0844
15090,9,2.869,0.05121
15090,10,5.262,0.0519
15090,11,7.831,0.05421
15090,12,3.998,0.01979
15092,1,3.707,0.07018
15092,2,3.906,0.07509
15092,3,3.355,0.09038
15092,4,2.708,0.08254
15092,5,3.807,0.08791
15092,6,4.36,0.10108
15092,7,1.993,0.10165
15092,8,2.217,0.0827
15092,9,2.916,0.09027
15092,10,4.81,0.08776
15092,11,5.01,0.08641
15092,12,1.36,0.0611
15097,1,1.2,0.00484
15097,2,4.3,0.00665
15097,3,7.267,0.02357
15097,4,8.867,0.03026
15097,5,8.0,0.04014
15097,6,11.467,0.03443
15097,7,7.6,0.03178
15097,8,5.8,0.02667
15097,9,7.533,0.02791
15097,10,8.6,0.04004
15097,11,8.533,0.03352
15097,12,4.8,0.00707
15104,1,5.25,0.0087
15104,2,4.171,0.02105
15104,3,6.088,0.03298
15104,4,4.288,0.03321
15104,5,3.342,0.0403
15104,6,3.456,0.04314
15104,7,2.671,0.03023
15104,8,2.257,0.02641
15104,9,1.745,0.02294
15104,10,4.03,0.02468
15104,11,6.224,0.04739
15104,12,2.173,0.00655
15106,1,5.406,0.02609
15106,2,5.354,0.03414
15106,3,7.595,0.05611
15106,4,5.9,0.05671
15106,5,7.658,0.05003
15106,6,5.426,0.0312
15106,7,7.611,0.02473
15106,8,6.668,0.02509
15106,9,7.266,0.03417
15106,10,8.367,0.06736
15106,11,7.396,0.07312
15106,12,6.442,0.02819
15109,1,6.784,0.02401
15109,2,7.671,0.03501
15109,3,10.013,0.06326
15109,4,9.257,0.06334
15109,5,10.006,0.05479
15109,6,9.644,0.03744
15109,7,10.583,0.02902
15109,8,8.381,0.02731
15109,9,9.581,0.04182
15109,10,10.568,0.07272
15109,11,9.679,0.07138
15109,12,6.867,0.02844
15114,1,3.105,0.00919
15114,2,3.783,0.02119
15114,3,5.482,0.03426
15114,4,4.926,0.04545
15114,5,4.429,0.04594
15114,6,3.254,0.06758
15114,7,2.139,0.048
15114,8,3.106,0.05881
15114,9,2.483,0.04096
15114,10,5.062,0.04194
15114,11,6.89,0.05839
15114,12,2.444,0.01338
15131,1,5.952,0.02516
15131,2,5.568,0.03246
15131,3,7.537,0.05396
15131,4,5.99,0.06025
15131,5,7.8,0.05471
15131,6,6.822,0.03749
15131,7,7.943,0.02822
15131,8,6.563,0.02703
15131,9,7.511,0.03461
15131,10,8.97,0.07038
15131,11,7.826,0.06774
15131,12,5.42,0.02444
15135,1,5.641,0.01422
15135,2,0.888,0.00535
15135,3,4.934,0.01613
15135,4,5.935,0.04083
15135,5,10.605,0.08665
15135,6,6.144,0.06942
15135,7,7.436,0.07633
15135,8,7.645,0.07057
15135,9,11.442,0.05734
15135,10,10.212,0.06909
15135,11,11.346,0.06794
15135,12,7.86,0.01726
15162,1,3.617,0.01029
15162,2,3.877,0.02342
15162,3,5.978,0.04027
15162,4,5.32,0.0483
15162,5,4.737,0.04323
15162,6,3.771,0.06127
15162,7,2.423,0.04285
15162,8,3.594,0.05203
15162,9,3.156,0.03901
15162,10,5.608,0.04325
15162,11,6.894,0.06193
15162,12,3.098,0.0183
15172,1,2.067,0.02329
15172,2,1.825,0.0121
15172,3,5.85,0.05943
15172,4,5.84,0.09077
15172,5,5.02,0.13433
15172,6,5.78,0.15642
15172,7,5.06,0.15892
15172,8,3.74,0.12286
15172,9,3.32,0.07843
15172,10,5.65,0.07073
15172,11,7.667,0.05215
15172,12,2.7,0.01926
15176,1,5.422,0.02272
15176,2,6.331,0.03212
15176,3,8.42,0.05507
15176,4,6.393,0.05458
15176,5,7.778,0.04701
15176,6,6.751,0.03188
15176,7,7.779,0.02392
15176,8,6.829,0.02454
15176,9,7.873,0.03452
15176,10,9.358,0.06505
15176,11,8.033,0.06781
15176,12,6.598,0.02726
15180,1,4.387,0.02971
15180,2,5.198,0.03201
15180,3,6.201,0.06421
15180,4,6.577,0.09374
15180,5,5.334,0.10975
15180,6,4.943,0.10703
15180,7,3.261,0.08897
15180,8,4.254,0.07158
15180,9,5.714,0.09015
15180,10,7.477,0.1042
15180,11,7.179,0.0659
15180,12,3.75,0.02697
15183,1,2.234,0.10343
15183,2,4.036,0.10545
15183,3,5.878,0.12387
15183,4,6.546,0.10904
15183,5,6.001,0.13389
15183,6,10.714,0.1298
15183,7,5.569,0.14671
15183,8,5.363,0.10716
15183,9,5.997,0.13004
15183,10,7.675,0.1208
15183,11,6.271,0.11271
15183,12,3.794,0.09612
15185,1,4.321,0.01306
15185,2,5.49,0.02762
15185,3,8.155,0.05434
15185,4,7.357,0.06237
15185,5,8.564,0.05851
15185,6,6.247,0.04534
15185,7,6.187,0.03666
15185,8,7.288,0.03727
15185,9,5.708,0.04325
15185,10,8.819,0.05359
15185,11,6.687,0.06189
15185,12,6.485,0.02713
15187,1,2.631,0.00903
15187,2,3.89,0.02094
15187,3,5.238,0.03175
15187,4,3.801,0.03473
15187,5,4.844,0.04342
15187,6,2.495,0.04089
15187,7,2.769,0.03051
15187,8,2.467,0.02768
15187,9,1.888,0.02228
15187,10,6.38,0.02597
15187,11,5.793,0.04659
15187,12,3.192,0.00785
15189,1,3.252,0.01322
15189,2,2.838,0.01914
15189,3,4.23,0.02796
15189,4,2.958,0.03594
15189,5,3.559,0.05008
15189,6,1.92,0.04838
15189,7,2.642,0.04735
15189,8,2.124,0.04089
15189,9,1.814,0.02814
15189,10,4.115,0.03109
15189,11,6.39,0.04823
15189,12,2.71,0.00949
15204,1,1.963,0.00842
15204,2,6.847,0.02444
15204,3,5.189,0.03856
15204,4,5.256,0.04067
15204,5,6.18,0.04632
15204,6,3.639,0.0422
15204,7,3.224,0.02949
15204,8,3.499,0.02895
15204,9,3.105,0.02711
15204,10,11.719,0.03155
15204,11,6.029,0.04924
15204,12,4.519,0.0119
15212,1,7.936,0.02
15212,2,10.388,0.0362
15212,3,12.156,0.06998
15212,4,13.332,0.06991
15212,5,12.063,0.05795
15212,6,13.073,0.04405
15212,7,12.736,0.03271
15212,8,9.408,0.0274
15212,9,10.919,0.0468
15212,10,11.764,0.07464
15212,11,11.642,0.07108
15212,12,7.728,0.02867
15215,1,3.249,0.00866
15215,2,3.882,0.02016
15215,3,4.53,0.02978
15215,4,4.033,0.04371
15215,5,4.27,0.04514
15215,6,2.503,0.06801
15215,7,1.875,0.04764
15215,8,2.431,0.05749
15215,9,2.326,0.04049
15215,10,4.634,0.04144
15215,11,6.632,0.05069
15215,12,1.743,0.00937
15218,1,2.325,0.01531
15218,2,4.711,0.02604
15218,3,5.587,0.04713
15218,4,3.43,0.0443
15218,5,4.091,0.04931
15218,6,4.926,0.06773
15218,7,1.733,0.05763
15218,8,4.476,0.04603
15218,9,4.053,0.05204
15218,10,4.53,0.05274
15218,11,4.797,0.03423
15218,12,2.588,0.01338
15223,1,9.0,0.05912
15223,2,2.9,0.02461
15223,3,2.267,0.02888
15223,4,0.333,0.01685
15223,5,0.2,0.00247
15223,6,0.8,0.00604
15223,7,0.3,0.0035
15223,8,5.2,0.05019
15223,9,11.4,0.06409
15223,10,14.2,0.06738
15223,11,6.1,0.05025
15223,12,12.2,0.05693
15224,1,7.35,0.00758
15224,2,4.877,0.01937
15224,3,7.649,0.03518
15224,4,5.664,0.033
15224,5,3.209,0.03493
15224,6,5.057,0.04162
15224,7,2.827,0.0261
15224,8,2.524,0.02261
15224,9,2.397,0.02291
15224,10,4.464,0.02566
15224,11,6.633,0.04811
15224,12,3.085,0.0091
15226,1,2.4,0.00587
15226,2,3.833,0.00936
15226,3,10.45,0.03043
15226,4,2.9,0.05833
15226,5,2.6,0.04006
15226,6,2.067,0.04936
15226,7,1.633,0.04509
15226,8,2.0,0.04301
15226,9,1.98,0.02795
15226,10,3.85,0.03626
15226,11,3.925,0.03928
15226,12,1.225,0.0063
15232,1,4.049,0.00579
15232,2,8.414,0.02433
15232,3,7.555,0.04057
15232,4,6.338,0.03787
15232,5,4.368,0.03209
15232,6,5.322,0.03685
15232,7,3.085,0.02163
15232,8,3.418,0.01993
15232,9,4.177,0.02352
15232,10,7.54,0.03485
15232,11,7.277,0.04973
15232,12,5.55,0.01644
15236,1,2.671,0.01174
15236,2,3.679,0.01763
15236,3,4.68,0.04229
15236,4,11.932,0.09947
15236,5,8.896,0.14121
15236,6,8.699,0.14007
15236,7,8.624,0.14565
15236,8,8.588,0.1109
15236,9,10.258,0.09456
15236,10,14.262,0.09073
15236,11,8.322,0.05154
15236,12,4.399,0.01852
15238,1,3.898,0.01188
15238,2,4.212,0.026
15238,3,7.485,0.05014
15238,4,6.292,0.05051
15238,5,6.032,0.03846
15238,6,4.568,0.04627
15238,7,2.804,0.03185
15238,8,4.546,0.03973
15238,9,3.997,0.03393
15238,10,7.081,0.04584
15238,11,6.784,0.06743
15238,12,4.482,0.02708
15244,1,4.099,0.02096
15244,2,5.36,0.02745
15244,3,6.924,0.05477
15244,4,7.777,0.08111
15244,5,5.84,0.0994
15244,6,5.885,0.08575
15244,7,4.215,0.07105
15244,8,4.961,0.06331
15244,9,6.552,0.08047
15244,10,9.189,0.09357
15244,11,7.804,0.05939
15244,12,4.316,0.02365
15248,1,5.2,0.04001
15248,2,5.7,0.03593
15248,3,6.7,0.07772
15248,4,6.52,0.11668
15248,5,5.4,0.12527
15248,6,5.46,0.11985
15248,7,2.88,0.09367
15248,8,3.14,0.06644
15248,9,5.44,0.09436
15248,10,6.2,0.11882
15248,11,8.433,0.08183
15248,12,3.7,0.03243
15272,1,2.071,0.00764
15272,2,3.445,0.01358
15272,3,7.734,0.0334
15272,4,5.174,0.04686
15272,5,4.176,0.04711
15272,6,3.22,0.05134
15272,7,1.934,0.04431
15272,8,2.854,0.05054
15272,9,2.29,0.0313
15272,10,4.541,0.03614
15272,11,5.185,0.05183
15272,12,2.087,0.01092
15276,1,3.218,0.00994
15276,2,3.79,0.02207
15276,3,5.837,0.03748
15276,4,5.237,0.04655
15276,5,4.526,0.0451
15276,6,3.603,0.06491
15276,7,2.276,0.04628
15276,8,3.392,0.05673
15276,9,2.722,0.04048
15276,10,5.355,0.04275
15276,11,6.908,0.06122
15276,12,2.793,0.01586
15293,1,4.423,0.01024
15293,2,7.16,0.02706
15293,3,8.136,0.05134
15293,4,7.461,0.05644
15293,5,6.593,0.0475
15293,6,6.809,0.04319
15293,7,5.542,0.0312
15293,8,6.228,0.02932
15293,9,6.079,0.03768
15293,10,8.545,0.04877
15293,11,7.268,0.05896
15293,12,7.293,0.02553
15296,1,3.478,0.00679
15296,2,3.96,0.01992
15296,3,3.996,0.0254
15296,4,3.529,0.04381
15296,5,4.389,0.04529
15296,6,1.934,0.07109
15296,7,1.783,0.04797
15296,8,2.111,0.05738
15296,9,2.317,0.03984
15296,10,4.242,0.03961
15296,11,6.683,0.04575
15296,12,1.397,0.00686
15299,1,2.751,0.01733
15299,2,2.217,0.01454
15299,3,4.048,0.05068
15299,4,8.05,0.09317
15299,5,5.88,0.12624
15299,6,6.953,0.14206
15299,7,6.51,0.15545
15299,8,5.391,0.11509
15299,9,4.918,0.0829
15299,10,8.049,0.07492
15299,11,6.316,0.04702
15299,12,2.294,0.01931
15317,1,4.0,0.01142
15317,2,5.367,0.02633
15317,3,7.0,0.04599
15317,4,8.4,0.06807
15317,5,5.65,0.09502
15317,6,4.9,0.07384
15317,7,4.367,0.06434
15317,8,6.033,0.06954
15317,9,7.1,0.08287
15317,10,11.4,0.0883
15317,11,7.2,0.04974
15317,12,4.633,0.02136
15322,1,2.173,0.01153
15322,2,4.85,0.02408
15322,3,3.517,0.05202
15322,4,14.227,0.12021
15322,5,7.671,0.15117
15322,6,9.709,0.15556
15322,7,8.081,0.16934
15322,8,7.639,0.11835
15322,9,8.029,0.09694
15322,10,13.241,0.07986
15322,11,5.36,0.05002
15322,12,2.258,0.01907
15325,1,0.6,0.00583
15325,2,5.6,0.02033
15325,3,3.267,0.03068
15325,4,6.25,0.05402
15325,5,3.867,0.08246
15325,6,3.867,0.08051
15325,7,3.467,0.09049
15325,8,2.533,0.05934
15325,9,5.45,0.04477
15325,10,5.0,0.0406
15325,11,4.4,0.03478
15325,12,1.5,0.00702
15332,1,4.352,0.02436
15332,2,5.443,0.02935
15332,3,6.879,0.0592
15332,4,7.552,0.08805
15332,5,5.71,0.10508
15332,6,5.66,0.09248
15332,7,3.913,0.07566
15332,8,4.656,0.06484
15332,9,6.353,0.08411
15332,10,8.745,0.09899
15332,11,7.88,0.06359
15332,12,4.207,0.02548
15362,1,2.261,0.00582
15362,2,3.674,0.00979
15362,3,9.525,0.03033
15362,4,3.608,0.05421
15362,5,3.242,0.04254
15362,6,2.301,0.04721
15362,7,1.689,0.04331
15362,8,2.161,0.04315
15362,9,2.149,0.02694
15362,10,3.928,0.03474
15362,11,4.093,0.04084
15362,12,1.385,0.00704
15367,1,5.95,0.01749
15367,2,1.685,0.01758
15367,3,5.644,0.03807
15367,4,4.054,0.04298
15367,5,2.902,0.05738
15367,6,2.961,0.06398
15367,7,2.344,0.05826
15367,8,1.591,0.0497
15367,9,1.422,0.03225
15367,10,2.477,0.03577
15367,11,5.12,0.05163
15367,12,1.931,0.01188
15368,1,2.647,0.16999
15368,2,3.497,0.16762
15368,3,4.129,0.18767
15368,4,3.758,0.15061
15368,5,4.469,0.1752
15368,6,10.52,0.17935
15368,7,3.993,0.21103
15368,8,4.036,0.14651
15368,9,4.199,0.18064
15368,10,5.491,0.16072
15368,11,4.372,0.16161
15368,12,2.402,0.15178
15377,1,1.5,0.0252
15377,2,0.7,0.01767
15377,3,2.45,0.04842
15377,4,9.367,0.09394
15377,5,10.167,0.07945
15377,6,9.925,0.09784
15377,7,9.8,0.10889
15377,8,5.0,0.09272
15377,9,7.56,0.06256
15377,10,9.45,0.07242
15377,11,7.4,0.02664
15377,12,3.0,0.0142
15380,1,3.033,0.01209
15380,2,1.35,0.00927
15380,3,2.425,0.03053
15380,4,2.56,0.04645
15380,5,3.78,0.06894
15380,6,3.575,0.08239
15380,7,4.75,0.10472
15380,8,3.175,0.07631
15380,9,3.35,0.0532
15380,10,3.233,0.0569
15380,11,5.067,0.03248
15380,12,1.533,0.01362
15401,1,9.441,0.01302
15401,2,14.409,0.03897
15401,3,14.83,0.07748
15401,4,19.004,0.07905
15401,5,14.102,0.06059
15401,6,16.474,0.05626
15401,7,15.4,0.03888
15401,8,10.415,0.02697
15401,9,11.805,0.05095
15401,10,13.2,0.07273
15401,11,13.55,0.0722
15401,12,9.379,0.03018
15403,1,1.389,0.00592
15403,2,4.369,0.008
15403,3,7.244,0.02562
15403,4,8.794,0.0336
15403,5,7.86,0.044
15403,6,11.107,0.0378
15403,7,7.38,0.03435
15403,8,5.742,0.02903
15403,9,7.468,0.03131
15403,10,8.632,0.04353
15403,11,8.488,0.03523
15403,12,4.768,0.00816
15407,1,3.5,0.00385
15407,2,9.667,0.02309
15407,3,9.0,0.04226
15407,4,7.467,0.0384
15407,5,5.2,0.02409
15407,6,6.35,0.02998
15407,7,3.275,0.01439
15407,8,3.9,0.01366
15407,9,5.525,0.02095
15407,10,8.767,0.03941
15407,11,7.767,0.04973
15407,12,8.167,0.02278
15425,1,2.786,0.01246
15425,2,3.849,0.01948
15425,3,4.585,0.04715
15425,4,13.675,0.11346
15425,5,9.353,0.1543
15425,6,9.808,0.1545
15425,7,9.267,0.16147
15425,8,9.275,0.12111
15425,9,10.436,0.10321
15425,10,15.529,0.09517
15425,11,8.047,0.0539
15425,12,4.225,0.02037
15442,1,6.95,0.02447
15442,2,7.708,0.03497
15442,3,10.266,0.06388
15442,4,9.266,0.06382
15442,5,10.258,0.05562
15442,6,10.181,0.03775
15442,7,11.042,0.0295
15442,8,8.712,0.02813
15442,9,10.044,0.04317
15442,10,11.033,0.07416
15442,11,9.937,0.07081
15442,12,6.761,0.02847
15455,1,4.11,0.02509
15455,2,0.971,0.01137
15455,3,2.112,0.026
15455,4,2.766,0.05173
15455,5,3.056,0.08246
15455,6,2.168,0.08284
15455,7,3.339,0.10729
15455,8,2.547,0.08885
15455,9,3.017,0.05454
15455,10,5.288,0.05479
15455,11,7.734,0.05305
15455,12,3.826,0.02
15464,1,3.6,0.00558
15464,2,4.0,0.01977
15464,3,3.7,0.02267
15464,4,3.25,0.04389
15464,5,4.467,0.04552
15464,6,1.6,0.07325
15464,7,1.733,0.04837
15464,8,1.933,0.0576
15464,9,2.3,0.03951
15464,10,4.0,0.03842
15464,11,6.733,0.04296
15464,12,1.2,0.00535
15466,1,2.985,0.0079
15466,2,3.797,0.01943
15466,3,5.255,0.02966
15466,4,4.336,0.04493
15466,5,4.221,0.04644
15466,6,2.677,0.06979
15466,7,1.93,0.04967
15466,8,2.638,0.05996
15466,9,2.184,0.04057
15466,10,4.589,0.04045
15466,11,6.679,0.05295
15466,12,1.899,0.00967
15469,1,3.0,0.01901
15469,2,4.425,0.03009
15469,3,4.733,0.0523
15469,4,5.05,0.06834
15469,5,5.1,0.06184
15469,6,5.05,0.05194
15469,7,5.88,0.04508
15469,8,5.88,0.04175
15469,9,5.4,0.05309
15469,10,5.9,0.05585
15469,11,6.2,0.06264
15469,12,5.5,0.02387
15476,1,2.0,0.00815
15476,2,9.2,0.03178
15476,3,4.4,0.04222
15476,4,4.6,0.0415
15476,5,3.733,0.04628
15476,6,3.4,0.04677
15476,7,2.933,0.03264
15476,8,3.267,0.03062
15476,9,3.05,0.02955
15476,10,7.933,0.03411
15476,11,6.867,0.05132
15476,12,2.4,0.01014
15480,1,8.515,0.0175
15480,2,11.919,0.0369
15480,3,13.26,0.07353
15480,4,15.65,0.07344
15480,5,13.119,0.05937
15480,6,14.779,0.04767
15480,7,13.75,0.03459
15480,8,9.841,0.02707
15480,9,11.468,0.04901
15480,10,12.23,0.07507
15480,11,12.642,0.07117
15480,12,8.268,0.02879
15491,1,2.424,0.01135
15491,2,3.56,0.02101
15491,3,6.577,0.03976
15491,4,5.998,0.04501
15491,5,4.222,0.04783
15491,6,4.238,0.06685
15491,7,2.289,0.05069
15491,8,3.732,0.06368
15491,9,2.234,0.04323
15491,10,5.568,0.04391
15491,11,7.008,0.0683
15491,12,3.031,0.01676
15494,1,4.711,0.02854
15494,2,2.065,0.02067
15494,3,4.057,0.05208
15494,4,3.991,0.06275
15494,5,2.548,0.08784
15494,6,2.625,0.09847
15494,7,2.209,0.10253
15494,8,1.536,0.08775
15494,9,2.106,0.05211
15494,10,3.28,0.05672
15494,11,4.062,0.05743
15494,12,1.675,0.02134
15500,1,2.132,0.0085
15500,2,6.734,0.02545
15500,3,5.002,0.03786
15500,4,4.743,0.03946
15500,5,5.244,0.04562
15500,6,3.306,0.04304
15500,7,3.042,0.03053
15500,8,3.194,0.02907
15500,9,2.801,0.02657
15500,10,9.49,0.03086
15500,11,6.184,0.04913
15500,12,3.668,0.01049
15507,1,8.255,0.02229
15507,2,9.976,0.03584
15507,3,12.567,0.07072
15507,4,12.566,0.0702
15507,5,12.49,0.06004
15507,6,14.165,0.04379
15507,7,13.823,0.03356
15507,8,10.294,0.03006
15507,9,12.179,0.05028
15507,10,13.055,0.07899
15507,11,12.103,0.06928
15507,12,7.213,0.02871
15511,1,2.379,0.02012
15511,2,1.835,0.01218
15511,3,4.884,0.05272
15511,4,5.798,0.08403
15511,5,5.009,0.12178
15511,6,5.681,0.14105
15511,7,5.334,0.14925
15511,8,4.018,0.11348
15511,9,3.683,0.07529
15511,10,5.792,0.0694
15511,11,6.937,0.04777
15511,12,2.418,0.01834
15514,1,5.847,0.01672
15514,2,0.776,0.00644
15514,3,4.208,0.0164
15514,4,5.604,0.04206
15514,5,9.6,0.08386
15514,6,5.645,0.06744
15514,7,6.703,0.07966
15514,8,6.777,0.07186
15514,9,10.018,0.05452
15514,10,9.229,0.06294
15514,11,10.666,0.06916
15514,12,7.387,0.01838
15516,1,5.283,0.01303
15516,2,4.206,0.02999
15516,3,7.178,0.05665
15516,4,6.225,0.05678
15516,5,5.689,0.03482
15516,6,5.059,0.04287
15516,7,3.223,0.0271
15516,8,4.883,0.03095
15516,9,5.194,0.03272
15516,10,7.097,0.04663
15516,11,6.878,0.07001
15516,12,4.883,0.03197
15518,1,3.09,0.01408
15518,2,1.8,0.0164
15518,3,3.195,0.0382
15518,4,9.584,0.07412
15518,5,8.061,0.06472
15518,6,8.721,0.09211
15518,7,10.277,0.089
15518,8,6.471,0.08182
15518,9,6.421,0.04792
15518,10,8.333,0.05608
15518,11,6.853,0.03278
15518,12,4.295,0.01067
15522,1,4.346,0.02207
15522,2,5.451,0.0292
15522,3,6.896,0.0572
15522,4,7.701,0.08511
15522,5,5.649,0.10437
15522,6,5.377,0.08982
15522,7,3.929,0.07423
15522,8,4.92,0.06664
15522,9,6.484,0.08506
15522,10,9.304,0.09802
15522,11,7.724,0.06134
15522,12,4.284,0.02501
15531,1,4.625,0.02636
15531,2,4.35,0.03383
15531,3,6.275,0.05237
15531,4,4.5,0.05336
15531,5,6.367,0.04702
15531,6,3.0,0.02823
15531,7,5.8,0.02235
15531,8,5.54,0.02314
15531,9,5.72,0.02928
15531,10,6.867,0.06332
15531,11,6.125,0.07456
15531,12,6.4,0.02805
15533,1,2.027,0.01758
15533,2,1.589,0.01859
15533,3,4.461,0.06466
15533,4,8.245,0.10025
15533,5,8.592,0.10037
15533,6,7.615,0.12096
15533,7,6.692,0.14
15533,8,8.138,0.10818
15533,9,11.363,0.07592
15533,10,10.991,0.08752
15533,11,9.599,0.0561
15533,12,6.339,0.02033
15537,1,3.98,0.06742
15537,2,4.052,0.06847
15537,3,3.175,0.09076
15537,4,2.497,0.07601
15537,5,3.477,0.07635
15537,6,4.436,0.08104
15537,7,1.895,0.08628
15537,8,2.009,0.06792
15537,9,3.278,0.08192
15537,10,5.483,0.08726
15537,11,4.404,0.08023
15537,12,1.38,0.05704
15542,1,1.4,0.00242
15542,2,2.7,0.00728
15542,3,4.617,0.02456
15542,4,7.05,0.03126
15542,5,7.15,0.05614
15542,6,2.8,0.02239
15542,7,1.767,0.0267
15542,8,2.4,0.03243
15542,9,3.35,0.01147
15542,10,3.6,0.01968
15542,11,3.75,0.03638
15542,12,1.6,0.00711
15550,1,2.533,0.01656
15550,2,2.233,0.02141
15550,3,4.65,0.07867
15550,4,7.7,0.11093
15550,5,7.25,0.12407
15550,6,6.45,0.15138
15550,7,6.9,0.18984
15550,8,7.25,0.12612
15550,9,12.3,0.09046
15550,10,11.5,0.10275
15550,11,11.1,0.07932
15550,12,8.9,0.02651
15572,1,9.2,0.00561
15572,2,12.8,0.00983
15572,3,10.2,0.00707
15572,4,12.2,0.03211
15572,5,2.2,0.01233
15572,6,1.3,0.0012
15572,7,1.8,0.00972
15572,8,8.4,0.02069
15572,9,13.8,0.03946
15572,10,16.2,0.06056
15572,11,27.4,0.04064
15572,12,20.2,0.02894
15580,1,9.2,0.0114
15580,2,14.8,0.03835
15580,3,14.733,0.07876
15580,4,20.133,0.07902
15580,5,14.5,0.05992
15580,6,16.667,0.05387
15580,7,14.5,0.03697
15580,8,9.8,0.02425
15580,9,11.3,0.0497
15580,10,11.9,0.07208
15580,11,13.9,0.07286
15580,12,9.6,0.02895
15599,1,5.066,0.00885
15599,2,3.514,0.02007
15599,3,6.04,0.03148
15599,4,4.016,0.03232
15599,5,3.406,0.04016
15599,6,3.163,0.04243
15599,7,2.619,0.03027
15599,8,2.116,0.02625
15599,9,1.556,0.02192
15599,10,3.573,0.02374
15599,11,6.092,0.04674
15599,12,2.168,0.0061
15600,1,6.174,0.01161
15600,2,5.159,0.0192
15600,3,7.617,0.04076
15600,4,6.015,0.04094
15600,5,3.63,0.04219
15600,6,5.051,0.0504
15600,7,2.78,0.03925
15600,8,2.607,0.03393
15600,9,3.236,0.02808
15600,10,5.105,0.03706
15600,11,6.349,0.05126
15600,12,4.536,0.01666
15621,1,4.072,0.02288
15621,2,0.961,0.01267
15621,3,2.588,0.02441
15621,4,2.63,0.04622
15621,5,3.099,0.07314
15621,6,1.823,0.07156
15621,7,3.005,0.09051
15621,8,2.278,0.07604
15621,9,2.559,0.04652
15621,10,4.763,0.04741
15621,11,7.463,0.05257
15621,12,3.685,0.01736
15632,1,6.194,0.01255
15632,2,6.878,0.02934
15632,3,9.709,0.05644
15632,4,8.386,0.05679
15632,5,8.559,0.05004
15632,6,7.205,0.0391
15632,7,6.734,0.02725
15632,8,7.686,0.02674
15632,9,6.837,0.03261
15632,10,9.962,0.05372
15632,11,7.435,0.06691
15632,12,7.899,0.0294
15638,1,4.65,0.00492
15638,2,8.256,0.02192
15638,3,8.639,0.04017
15638,4,6.958,0.03678
15638,5,4.624,0.02711
15638,6,5.992,0.03328
15638,7,3.145,0.0177
15638,8,3.499,0.01616
15638,9,4.621,0.02146
15638,10,7.503,0.03539
15638,11,7.439,0.04924
15638,12,6.713,0.01884
15646,1,10.8,0.00842
15646,2,1.6,0.01289
15646,3,8.667,0.03005
15646,4,5.6,0.02774
15646,5,2.4,0.03316
15646,6,5.4,0.04279
15646,7,2.65,0.02667
15646,8,1.8,0.02173
15646,9,1.2,0.0206
15646,10,1.7,0.01798
15646,11,6.2,0.04625
15646,12,1.9,0.00466
15660,1,4.14,0.02463
15660,2,0.95,0.01203
15660,3,2.304,0.02503
15660,4,2.706,0.04938
15660,5,3.042,0.07871
15660,6,1.949,0.07764
15660,7,3.129,0.09977
15660,8,2.399,0.08354
15660,9,2.798,0.05095
15660,10,5.134,0.05137
15660,11,7.719,0.05366
15660,12,3.856,0.01907
15664,1,5.14,0.01359
15664,2,5.781,0.02936
15664,3,7.872,0.05711
15664,4,7.664,0.06702
15664,5,7.618,0.06133
15664,6,7.256,0.05093
15664,7,6.971,0.04081
15664,8,7.756,0.03832
15664,9,6.493,0.04711
15664,10,8.629,0.05419
15664,11,7.04,0.06458
15664,12,6.886,0.02745
15667,1,3.886,0.01072
15667,2,1.673,0.00636
15667,3,5.996,0.0226
15667,4,6.818,0.05215
15667,5,10.45,0.10497
15667,6,6.467,0.09409
15667,7,8.495,0.09104
15667,8,8.796,0.08291
15667,9,12.665,0.07445
15667,10,12.823,0.0907
15667,11,11.9,0.05483
15667,12,7.359,0.01561
15673,1,3.175,0.01552
15673,2,5.023,0.0208
15673,3,7.035,0.04456
15673,4,8.144,0.06451
15673,5,6.52,0.08042
15673,6,7.625,0.06904
15673,7,5.296,0.05834
15673,8,5.264,0.05188
15673,9,6.883,0.06385
15673,10,9.077,0.07638
15673,11,8.015,0.05084
15673,12,4.481,0.01831
15676,1,6.706,0.01008
15676,2,5.608,0.02074
15676,3,7.243,0.0366
15676,4,6.042,0.04489
15676,5,4.311,0.04053
15676,6,5.93,0.04336
15676,7,3.321,0.02567
15676,8,2.761,0.0206
15676,9,3.446,0.02094
15676,10,5.713,0.04208
15676,11,6.797,0.04934
15676,12,4.132,0.01239
15681,1,8.733,0.02817
15681,2,8.525,0.0348
15681,3,13.05,0.071
15681,4,10.06,0.06952
15681,5,13.025,0.06405
15681,6,15.9,0.0419
15681,7,15.8,0.03473
15681,8,12.05,0.03593
15681,9,14.7,0.05699
15681,10,15.675,0.08822
15681,11,12.733,0.06535
15681,12,5.9,0.02875
15686,1,4.622,0.01306
15686,2,5.536,0.02802
15686,3,8.257,0.05542
15686,4,7.563,0.06373
15686,5,8.587,0.05977
15686,6,6.571,0.04673
15686,7,6.467,0.03772
15686,8,7.558,0.03779
15686,9,5.931,0.04416
15686,10,8.935,0.05391
15686,11,6.782,0.06279
15686,12,6.607,0.02749
15690,1,3.133,0.01064
15690,2,1.525,0.00454
15690,3,6.075,0.01853
15690,4,4.28,0.03798
15690,5,8.9,0.09289
15690,6,4.52,0.08387
15690,7,7.54,0.0783
15690,8,7.74,0.07648
15690,9,11.88,0.06891
15690,10,11.625,0.09154
15690,11,12.267,0.04631
15690,12,7.133,0.01348
15693,1,3.651,0.01096
15693,2,3.867,0.02401
15693,3,6.296,0.04286
15693,4,5.605,0.04903
15693,5,4.79,0.04277
15693,6,4.077,0.05937
15693,7,2.528,0.04184
15693,8,3.834,0.05091
15693,9,3.306,0.03882
15693,10,5.845,0.04394
15693,11,6.914,0.06454
15693,12,3.378,0.02024
15696,1,4.58,0.00816
15696,2,7.853,0.02618
15696,3,8.792,0.05035
15696,4,7.87,0.05276
15696,5,6.718,0.04292
15696,6,7.065,0.04049
15696,7,5.276,0.0273
15696,8,6.073,0.02577
15696,9,6.143,0.03353
15696,10,9.014,0.04671
15696,11,7.495,0.05749
15696,12,7.678,0.02556
15720,1,3.052,0.16354
15720,2,3.544,0.16139
15720,3,3.655,0.18237
15720,4,3.047,0.14581
15720,5,3.948,0.16662
15720,6,9.202,0.1715
15720,7,3.247,0.20095
15720,8,3.463,0.14062
15720,9,3.729,0.17372
15720,10,5.236,0.15635
15720,11,3.996,0.15613
15720,12,1.984,0.14509
15723,1,3.259,0.16313
15723,2,3.553,0.16102
15723,3,3.391,0.18246
15723,4,2.646,0.14547
15723,5,3.657,0.16478
15723,6,8.587,0.17014
15723,7,2.852,0.1991
15723,8,3.175,0.13978
15723,9,3.464,0.17291
15723,10,5.072,0.15621
15723,11,3.762,0.15559
15723,12,1.757,0.14426
15740,1,3.2,0.00958
15740,2,1.2,0.01744
15740,3,5.333,0.02567
15740,4,2.6,0.02958
15740,5,3.867,0.04094
15740,6,1.533,0.03947
15740,7,2.4,0.03117
15740,8,1.6,0.02649
15740,9,0.85,0.01799
15740,10,2.067,0.02102
15740,11,5.533,0.04418
15740,12,2.2,0.0045
15753,1,1.514,0.00506
15753,2,5.126,0.01517
15753,3,7.764,0.03609
15753,4,8.034,0.04106
15753,5,6.851,0.04709
15753,6,10.245,0.04079
15753,7,5.339,0.03096
15753,8,5.805,0.02835
15753,9,6.747,0.03555
15753,10,8.113,0.04444
15753,11,8.32,0.03853
15753,12,4.433,0.01141
15755,1,2.6,0.3051
15755,2,2.8,0.29917
15755,3,3.15,0.31897
15755,4,2.0,0.24933
15755,5,3.333,0.2945
15755,6,13.35,0.30373
15755,7,3.4,0.36587
15755,8,4.3,0.24778
15755,9,3.067,0.30811
15755,10,3.95,0.25852
15755,11,2.4,0.26771
15755,12,1.8,0.27291
15757,1,4.3,0.01979
15757,2,4.325,0.02157
15757,3,3.15,0.04553
15757,4,2.56,0.04051
15757,5,3.45,0.03111
15757,6,2.68,0.03348
15757,7,1.58,0.02821
15757,8,1.52,0.02974
15757,9,3.38,0.03563
15757,10,5.9,0.05319
15757,11,4.7,0.04198
15757,12,1.3,0.01351
15759,1,2.111,0.01187
15759,2,3.47,0.02056
15759,3,6.852,0.04053
15759,4,6.283,0.04437
15759,5,4.101,0.04892
15759,6,4.472,0.0677
15759,7,2.29,0.05247
15759,8,3.853,0.06646
15759,9,2.036,0.04432
15759,10,5.64,0.04433
15759,11,7.047,0.07095
15759,12,3.11,0.01702
15761,1,3.5,0.01691
15761,2,4.9,0.03096
15761,3,4.0,0.07734
15761,4,24.5,0.20034
15761,5,12.2,0.23562
15761,6,16.7,0.2441
15761,7,13.267,0.25968
15761,8,13.55,0.18454
15761,9,11.55,0.15693
15761,10,23.4,0.12279
15761,11,6.35,0.0686
15761,12,3.15,0.0319
15762,1,5.656,0.00715
15762,2,6.496,0.02253
15762,3,7.169,0.03771
15762,4,5.709,0.03559
15762,5,3.615,0.0357
15762,6,4.902,0.04097
15762,7,2.916,0.02573
15762,8,2.885,0.02295
15762,9,3.0,0.02401
15762,10,5.832,0.02948
15762,11,6.851,0.04903
15762,12,3.698,0.01136
15763,1,0.8,0.00587
15763,2,6.0,0.01776
15763,3,10.6,0.03849
15763,4,6.667,0.03189
15763,5,12.4,0.03293
15763,6,2.2,0.01366
15763,7,1.8,0.00829
15763,8,4.4,0.02301
15763,9,2.3,0.01579
15763,10,10.4,0.04525
15763,11,5.667,0.04555
15763,12,5.6,0.02503
15764,1,3.71,0.00878
15764,2,4.864,0.02328
15764,3,5.373,0.03374
15764,4,3.917,0.0347
15764,5,3.604,0.04227
15764,6,2.91,0.04322
15764,7,2.675,0.03121
15764,8,2.38,0.02769
15764,9,1.891,0.02356
15764,10,4.662,0.0265
15764,11,6.227,0.04769
15764,12,2.249,0.00707
15774,1,1.535,0.07616
15774,2,4.659,0.08306
15774,3,6.817,0.10442
15774,4,6.43,0.08935
15774,5,5.983,0.10181
15774,6,11.424,0.10084
15774,7,4.666,0.10718
15774,8,5.42,0.0764
15774,9,5.714,0.09646
15774,10,6.673,0.09129
15774,11,7.001,0.0928
15774,12,3.728,0.07346
15776,1,4.738,0.00515
15776,2,8.085,0.02202
15776,3,8.474,0.03994
15776,4,6.823,0.03668
15776,5,4.52,0.02805
15776,6,5.873,0.0341
15776,7,3.122,0.01856
15776,8,3.437,0.0169
15776,9,4.453,0.02175
15776,10,7.338,0.0348
15776,11,7.378,0.04923
15776,12,6.395,0.01806
15778,1,2.756,0.01349
15778,2,4.382,0.02443
15778,3,3.535,0.05789
15778,4,16.202,0.138
15778,5,8.715,0.1693
15778,6,11.303,0.17637
15778,7,9.432,0.19197
15778,8,9.087,0.13566
15778,9,8.611,0.11185
15778,10,15.405,0.09168
15778,11,5.665,0.05408
15778,12,2.47,0.0228
15790,1,3.744,0.0724
15790,2,3.92,0.07647
15790,3,3.32,0.0931
15790,4,2.661,0.08328
15790,5,3.741,0.08818
15790,6,4.478,0.09975
15790,7,1.991,0.10189
15790,8,2.203,0.08191
15790,9,2.984,0.09126
15790,10,4.924,0.08965
15790,11,4.868,0.08738
15790,12,1.369,0.06281
15798,1,3.009,0.01328
15798,2,1.698,0.01139
15798,3,2.799,0.03666
15798,4,4.734,0.06316
15798,5,4.613,0.08822
15798,6,4.892,0.10182
15798,7,5.528,0.12219
15798,8,4.136,0.08911
15798,9,4.077,0.06415
15798,10,5.191,0.0637
15798,11,5.358,0.03704
15798,12,1.757,0.01563
15804,1,4.566,0.02442
15804,2,1.932,0.01674
15804,3,5.176,0.05187
15804,4,4.882,0.06794
15804,5,3.391,0.09558
15804,6,3.946,0.10993
15804,7,3.204,0.11029
15804,8,2.292,0.08992
15804,9,2.345,0.05619
15804,10,3.904,0.05731
15804,11,5.621,0.05574
15804,12,2.106,0.01876
15806,1,2.951,0.01138
15806,2,3.703,0.02149
15806,3,7.403,0.04329
15806,4,5.827,0.04933
15806,5,4.307,0.0442
15806,6,4.307,0.05903
15806,7,2.44,0.04509
15806,8,3.872,0.05442
15806,9,2.827,0.03925
15806,10,5.775,0.04386
15806,11,6.597,0.06658
15806,12,3.313,0.0194
15808,1,5.615,0.00986
15808,2,6.135,0.02001
15808,3,7.934,0.04101
15808,4,6.335,0.04026
15808,5,3.97,0.03808
15808,6,5.344,0.04578
15808,7,2.89,0.0336
15808,8,2.889,0.0293
15808,9,3.73,0.02642
15808,10,5.894,0.03742
15808,11,6.664,0.05088
15808,12,5.324,0.01793
15810,1,1.789,0.00561
15810,2,5.363,0.01828
15810,3,7.836,0.04016
15810,4,7.843,0.046
15810,5,6.455,0.05262
15810,6,9.51,0.04502
15810,7,4.668,0.03332
15810,8,5.824,0.03198
15810,9,6.566,0.04122
15810,10,8.238,0.04899
15810,11,8.178,0.04072
15810,12,4.352,0.01332
15814,1,2.385,0.00781
15814,2,2.258,0.01404
15814,3,5.526,0.02798
15814,4,4.758,0.03328
15814,5,6.553,0.04597
15814,6,2.63,0.03454
15814,7,2.69,0.0281
15814,8,2.526,0.02773
15814,9,2.165,0.0185
15814,10,7.536,0.02303
15814,11,4.912,0.04322
15814,12,3.912,0.00843
15816,1,4.183,0.01582
15816,2,5.243,0.02959
15816,3,6.517,0.0548
15816,4,6.52,0.0672
15816,5,6.485,0.06104
15816,6,6.28,0.05108
15816,7,6.444,0.04231
15816,8,6.883,0.03948
15816,9,6.002,0.04936
15816,10,7.439,0.05471
15816,11,6.683,0.06353
15816,12,6.298,0.02582
15820,1,3.406,0.0063
15820,2,3.937,0.01963
15820,3,4.204,0.02486
15820,4,3.584,0.04427
15820,5,4.384,0.04579
15820,6,1.934,0.0721
15820,7,1.794,0.04876
15820,8,2.151,0.05828
15820,9,2.263,0.03979
15820,10,4.182,0.03904
15820,11,6.707,0.04603
15820,12,1.416,0.00668
15822,1,2.409,0.00551
15822,2,3.647,0.009
15822,3,9.181,0.02972
15822,4,3.58,0.05448
15822,5,3.269,0.04353
15822,6,2.168,0.04762
15822,7,1.821,0.0444
15822,8,2.116,0.0437
15822,9,2.153,0.02632
15822,10,3.809,0.03455
15822,11,3.872,0.03861
15822,12,1.437,0.0065
15832,1,5.814,0.02551
15832,2,5.439,0.03378
15832,3,8.18,0.05748
15832,4,6.201,0.05804
15832,5,8.211,0.05215
15832,6,6.335,0.03285
15832,7,8.23,0.02615
15832,8,7.364,0.02688
15832,9,7.861,0.03619
15832,10,9.195,0.06822
15832,11,7.704,0.07237
15832,12,6.454,0.02863
15835,1,4.076,0.03056
15835,2,2.11,0.02146
15835,3,3.606,0.05437
15835,4,3.81,0.06644
15835,5,2.563,0.09401
15835,6,2.377,0.10479
15835,7,2.18,0.11114
15835,8,1.523,0.09515
15835,9,2.222,0.05573
15835,10,3.445,0.06056
15835,11,3.83,0.0581
15835,12,1.638,0.023
15837,1,1.2,0.00838
15837,2,4.6,0.01162
15837,3,6.9,0.03731
15837,4,8.2,0.04488
15837,5,13.0,0.04935
15837,6,5.333,0.03332
15837,7,4.333,0.02143
15837,8,5.067,0.0265
15837,9,4.467,0.02657
15837,10,25.6,0.03151
15837,11,4.4,0.04728
15837,12,10.6,0.01994
15839,1,3.659,0.10376
15839,2,3.804,0.10542
15839,3,3.248,0.12436
15839,4,2.514,0.10444
15839,5,3.596,0.11356
15839,6,5.722,0.12254
15839,7,2.159,0.13421
15839,8,2.437,0.10084
15839,9,3.092,0.11895
15839,10,4.969,0.11281
15839,11,4.366,0.1106
15839,12,1.434,0.09071
15842,1,2.499,0.02158
15842,2,1.732,0.01381
15842,3,4.445,0.05059
15842,4,4.056,0.07401
15842,5,4.042,0.11505
15842,6,4.747,0.13252
15842,7,4.489,0.14594
15842,8,3.227,0.11384
15842,9,3.441,0.07224
15842,10,4.469,0.06323
15842,11,5.66,0.04075
15842,12,1.858,0.01818
15861,1,3.567,0.03296
15861,2,2.175,0.02224
15861,3,2.975,0.05631
15861,4,3.78,0.06906
15861,5,2.575,0.09472
15861,6,1.8,0.10519
15861,7,2.0,0.11173
15861,8,1.38,0.0964
15861,9,2.12,0.05559
15861,10,3.575,0.06546
15861,11,3.725,0.06312
15861,12,1.733,0.02509
15879,1,4.004,0.00911
15879,2,2.984,0.0199
15879,3,5.598,0.02986
15879,4,3.452,0.0319
15879,5,3.633,0.04101
15879,6,2.477,0.04151
15879,7,2.55,0.03086
15879,8,1.988,0.02671
15879,9,1.374,0.02085
15879,10,3.282,0.02342
15879,11,5.915,0.04601
15879,12,2.201,0.00574
15897,1,4.533,0.02647
15897,2,0.8,0.01143
15897,3,1.475,0.02016
15897,4,2.28,0.04579
15897,5,2.675,0.0751
15897,6,1.46,0.07084
15897,7,2.94,0.09906
15897,8,2.3,0.08433
15897,9,2.94,0.05074
15897,10,5.4,0.052
15897,11,7.967,0.05491
15897,12,4.2,0.02065
17001,1,4.265,0.03419
17001,2,5.423,0.05556
17001,3,6.99,0.05203
17001,4,6.43,0.08717
17001,5,4.5,0.06812
17001,6,4.193,0.06376
17001,7,4.881,0.05596
17001,8,4.923,0.04527
17001,9,5.19,0.06114
17001,10,8.0,0.07632
17001,11,5.33,0.07209
17001,12,5.05,0.03708
17013,1,3.0,0.01882
17013,2,0.267,0.00335
17013,3,3.867,0.02198
17013,4,4.775,0.04112
17013,5,5.5,0.0555
17013,6,3.5,0.04303
17013,7,4.35,0.03504
17013,8,9.1,0.02616
17013,9,3.0,0.04302
17013,10,4.933,0.05589
17013,11,2.8,0.02542
17013,12,0.3,0.00575
17042,1,3.35,0.0237
17042,2,5.783,0.03131
17042,3,9.242,0.04659
17042,4,8.8,0.06537
17042,5,7.258,0.05506
17042,6,7.279,0.0655
17042,7,7.287,0.0502
17042,8,6.03,0.0511
17042,9,7.202,0.05144
17042,10,6.642,0.06409
17042,11,6.9,0.06939
17042,12,5.137,0.03935
17050,1,5.286,0.02102
17050,2,10.273,0.02846
17050,3,8.896,0.03828
17050,4,8.735,0.0549
17050,5,6.736,0.03641
17050,6,5.898,0.06007
17050,7,6.925,0.04911
17050,8,4.985,0.03532
17050,9,4.237,0.03897
17050,10,7.87,0.06506
17050,11,9.146,0.06933
17050,12,7.165,0.03301
17088,1,2.95,0.02917
17088,2,6.25,0.03604
17088,3,6.015,0.05294
17088,4,6.575,0.06383
17088,5,4.658,0.04939
17088,6,5.808,0.04702
17088,7,6.743,0.04617
17088,8,4.862,0.04041
17088,9,5.619,0.04093
17088,10,5.823,0.05301
17088,11,6.467,0.0763
17088,12,5.354,0.05217
17174,1,4.64,0.03327
17174,2,5.3,0.04585
17174,3,5.7,0.0533
17174,4,5.9,0.07562
17174,5,4.95,0.06148
17174,6,5.8,0.05027
17174,7,7.1,0.05241
17174,8,4.75,0.04393
17174,9,5.4,0.04664
17174,10,6.4,0.0654
17174,11,5.925,0.07074
17174,12,5.65,0.04273
17272,1,5.14,0.02348
17272,2,8.53,0.02703
17272,3,7.761,0.03749
17272,4,7.474,0.054
17272,5,6.408,0.03894
17272,6,5.875,0.05395
17272,7,5.861,0.04699
17272,8,4.589,0.03835
17272,9,4.259,0.04245
17272,10,6.803,0.06176
17272,11,7.774,0.06584
17272,12,6.426,0.03568
17380,1,5.241,0.01224
17380,2,8.99,0.02433
17380,3,13.931,0.03635
17380,4,15.215,0.06504
17380,5,18.227,0.07705
17380,6,11.127,0.03277
17380,7,5.175,0.02152
17380,8,9.419,0.01647
17380,9,13.607,0.03475
17380,10,10.888,0.05845
17380,11,17.104,0.06315
17380,12,13.095,0.02613
17388,1,3.492,0.02645
17388,2,4.39,0.03348
17388,3,4.251,0.0389
17388,4,4.828,0.06333
17388,5,5.171,0.04576
17388,6,4.392,0.05497
17388,7,3.179,0.04728
17388,8,4.318,0.04658
17388,9,4.278,0.05186
17388,10,5.096,0.06195
17388,11,4.087,0.05733
17388,12,4.049,0.0372
17433,1,3.15,0.02387
17433,2,7.262,0.08616
17433,3,8.483,0.07029
17433,4,8.583,0.06812
17433,5,6.358,0.0504
17433,6,6.933,0.05541
17433,7,7.129,0.03459
17433,8,7.225,0.04157
17433,9,9.075,0.06164
17433,10,9.45,0.07047
17433,11,9.167,0.08733
17433,12,10.767,0.06486
17442,1,4.734,0.0296
17442,2,4.8,0.03372
17442,3,6.852,0.04675
17442,4,6.203,0.06223
17442,5,5.768,0.051
17442,6,6.765,0.05115
17442,7,5.185,0.05018
17442,8,5.398,0.05439
17442,9,5.712,0.06022
17442,10,5.13,0.06005
17442,11,5.43,0.06527
17442,12,6.505,0.04401
17444,1,6.4,0.05787
17444,2,6.4,0.06956
17444,3,7.15,0.05964
17444,4,6.7,0.07662
17444,5,5.9,0.0638
17444,6,4.2,0.01339
17444,7,5.4,0.03228
17444,8,8.8,0.02878
17444,9,9.1,0.0593
17444,10,6.7,0.10767
17444,11,6.1,0.05945
17444,12,6.8,0.04508
17446,1,1.2,0.01328
17446,2,3.7,0.01586
17446,3,6.1,0.05222
17446,4,5.8,0.0483
17446,5,7.6,0.0712
17446,6,8.9,0.05492
17446,7,14.1,0.05108
17446,8,3.7,0.00565
17446,9,1.1,0.00891
17446,10,6.0,0.05205
17446,11,3.0,0.03624
17446,12,6.6,0.03813
17486,1,7.0,0.01427
17486,2,15.6,0.01894
17486,3,13.4,0.03803
17486,4,12.6,0.04134
17486,5,8.6,0.02307
17486,6,8.2,0.06373
17486,7,10.8,0.05065
17486,8,6.1,0.02941
17486,9,4.6,0.02834
17486,10,9.7,0.06415
17486,11,14.0,0.07948
17486,12,10.8,0.03138
17495,1,5.817,0.03811
17495,2,7.151,0.05099
17495,3,9.509,0.05595
17495,4,9.711,0.07232
17495,5,11.437,0.07216
17495,6,7.993,0.03261
17495,7,5.445,0.03075
17495,8,8.419,0.03039
17495,9,10.232,0.05254
17495,10,8.193,0.08501
17495,11,10.7,0.07707
17495,12,9.921,0.05441
17513,1,3.317,0.02229
17513,2,1.805,0.01394
17513,3,3.972,0.02731
17513,4,4.626,0.04875
17513,5,5.34,0.0524
17513,6,3.765,0.04542
17513,7,3.763,0.03864
17513,8,7.068,0.03233
17513,9,3.333,0.04547
17513,10,5.006,0.05771
17513,11,3.249,0.03712
17513,12,1.527,0.01744
17524,1,3.933,0.02396
17524,2,3.1,0.01808
17524,3,5.1,0.0418
17524,4,5.8,0.06238
17524,5,5.0,0.05805
17524,6,5.133,0.04214
17524,7,5.067,0.04297
17524,8,2.833,0.03377
17524,9,5.0,0.04663
17524,10,4.0,0.05736
17524,11,8.2,0.07014
17524,12,3.35,0.02534
17541,1,6.15,0.05949
17541,2,4.933,0.07491
17541,3,4.75,0.08411
17541,4,3.867,0.07965
17541,5,6.133,0.07286
17541,6,6.9,0.05276
17541,7,5.975,0.0443
17541,8,6.375,0.05486
17541,9,5.9,0.07443
17541,10,5.4,0.10466
17541,11,5.05,0.11843
17541,12,8.0,0.11041
17614,1,1.8,0.01582
17614,2,4.7,0.04733
17614,3,7.7,0.06807
17614,4,9.933,0.07624
17614,5,6.6,0.03962
17614,6,8.267,0.09628
17614,7,8.533,0.0711
17614,8,11.0,0.0858
17614,9,8.867,0.07887
17614,10,4.867,0.06966
17614,11,6.1,0.06895
17614,12,10.2,0.04425
17616,1,3.421,0.02667
17616,2,5.89,0.03183
17616,3,7.478,0.04283
17616,4,8.87,0.06568
17616,5,6.826,0.06991
17616,6,8.169,0.07152
17616,7,7.299,0.04978
17616,8,6.486,0.0414
17616,9,7.576,0.05491
17616,10,7.352,0.07564
17616,11,7.938,0.07804
17616,12,5.915,0.04162
17653,1,3.125,0.02602
17653,2,4.2,0.03228
17653,3,2.925,0.0334
17653,4,3.867,0.06275
17653,5,4.817,0.04414
17653,6,3.125,0.05322
17653,7,1.942,0.04422
17653,8,3.35,0.04031
17653,9,3.333,0.04633
17653,10,5.1,0.06211
17653,11,3.383,0.05319
17653,12,2.567,0.03388
17662,1,5.753,0.0524
17662,2,6.103,0.07411
17662,3,6.65,0.06899
17662,4,6.164,0.07605
17662,5,6.052,0.06422
17662,6,5.505,0.0328
17662,7,5.879,0.03636
17662,8,7.782,0.039
17662,9,8.117,0.06434
17662,10,6.785,0.10022
17662,11,6.317,0.08238
17662,12,7.863,0.06853
17665,1,3.128,0.02871
17665,2,5.564,0.03302
17665,3,5.06,0.04771
17665,4,6.594,0.06485
17665,5,5.03,0.06607
17665,6,6.617,0.0595
17665,7,6.489,0.04913
17665,8,4.948,0.03146
17665,9,6.108,0.0459
17665,10,6.22,0.06601
17665,11,7.062,0.0799
17665,12,5.7,0.04978
17777,1,5.75,0.03366
17777,2,4.933,0.03061
17777,3,7.35,0.04388
17777,4,5.7,0.05866
17777,5,5.733,0.05505
17777,6,7.05,0.03961
17777,7,4.94,0.04608
17777,8,4.38,0.04915
17777,9,5.36,0.0581
17777,10,5.2,0.0573
17777,11,5.633,0.06654
17777,12,6.3,0.04578
17867,1,4.922,0.04033
17867,2,6.566,0.06005
17867,3,8.559,0.05737
17867,4,7.267,0.06723
17867,5,6.963,0.0559
17867,6,5.385,0.0242
17867,7,6.278,0.03064
17867,8,8.296,0.02885
17867,9,8.818,0.0539
17867,10,8.358,0.09326
17867,11,7.343,0.065
17867,12,8.846,0.04632
17873,1,2.01,0.03195
17873,2,3.21,0.06282
17873,3,4.769,0.06393
17873,4,4.143,0.08598
17873,5,2.745,0.09523
17873,6,3.482,0.09057
17873,7,2.181,0.07726
17873,8,2.983,0.04668
17873,9,3.26,0.05615
17873,10,3.517,0.08602
17873,11,3.548,0.07877
17873,12,2.4,0.0353
17877,1,2.983,0.02643
17877,2,4.506,0.0304
17877,3,4.005,0.04677
17877,4,5.269,0.0636
17877,5,4.545,0.06387
17877,6,5.641,0.05743
17877,7,5.53,0.0511
17877,8,3.878,0.02812
17877,9,5.203,0.04326
17877,10,5.31,0.0633
17877,11,5.84,0.07458
17877,12,4.862,0.04779
18001,1,0.033,7e-05
18001,2,0.033,8e-05
18001,3,5.267,0.03278
18001,4,13.567,0.05062
18001,5,0.0,0.0
18001,6,0.05,0.00012
18001,7,0.0,0.0
18001,8,4.933,0.03813
18001,9,5.2,0.03795
18001,10,5.15,0.04072
18001,11,0.85,0.0154
18001,12,8.25,0.01546
18029,1,2.209,0.02312
18029,2,2.477,0.0253
18029,3,5.663,0.04479
18029,4,9.676,0.06504
18029,5,1.885,0.05619
18029,6,2.791,0.06774
18029,7,2.471,0.04712
18029,8,4.314,0.05699
18029,9,4.984,0.04606
18029,10,5.772,0.04673
18029,11,5.934,0.02889
18029,12,6.274,0.02786
18094,1,2.185,0.02254
18094,2,2.466,0.02487
18094,3,5.651,0.04451
18094,4,9.605,0.06451
18094,5,1.859,0.05534
18094,6,2.775,0.06661
18094,7,2.433,0.04597
18094,8,4.292,0.05627
18094,9,4.959,0.04543
18094,10,5.734,0.04604
18094,11,5.784,0.02837
18094,12,6.243,0.02729
18150,1,3.83,0.02559
18150,2,5.488,0.03015
18150,3,9.312,0.06248
18150,4,14.341,0.06955
18150,5,6.355,0.07343
18150,6,5.642,0.10724
18150,7,5.924,0.06781
18150,8,6.633,0.03751
18150,9,6.036,0.03575
18150,10,6.697,0.04043
18150,11,6.722,0.03731
18150,12,8.974,0.02912
18205,1,3.907,0.03713
18205,2,3.854,0.03745
18205,3,7.896,0.05816
18205,4,10.599,0.07202
18205,5,3.406,0.07678
18205,6,3.89,0.0897
18205,7,4.216,0.07591
18205,8,5.89,0.06847
18205,9,7.275,0.06129
18205,10,7.676,0.06172
18205,11,9.013,0.04752
18205,12,7.243,0.0464
18247,1,3.4,0.01633
18247,2,9.2,0.03033
18247,3,8.0,0.05328
18247,4,21.6,0.0544
18247,5,7.5,0.05198
18247,6,7.7,0.06228
18247,7,7.8,0.04179
18247,8,10.4,0.02314
18247,9,7.6,0.02783
18247,10,8.6,0.03328
18247,11,9.7,0.03703
18247,12,11.2,0.03362
18256,1,4.633,0.03597
18256,2,4.55,0.04327
18256,3,9.2,0.08814
18256,4,6.1,0.08995
18256,5,8.2,0.12657
18256,6,6.3,0.19733
18256,7,6.9,0.1226
18256,8,6.15,0.0677
18256,9,7.35,0.05931
18256,10,8.0,0.06542
18256,11,7.05,0.05457
18256,12,5.3,0.02905
18410,1,3.307,0.02377
18410,2,4.333,0.03057
18410,3,8.039,0.06847
18410,4,10.752,0.07398
18410,5,6.114,0.08256
18410,6,5.068,0.12526
18410,7,5.42,0.07838
18410,8,6.647,0.05239
18410,9,6.883,0.04839
18410,10,7.431,0.05357
18410,11,6.061,0.04197
18410,12,7.097,0.02665
18460,1,2.624,0.01808
18460,2,3.873,0.02411
18460,3,7.45,0.05954
18460,4,12.345,0.06724
18460,5,4.95,0.06231
18460,6,4.25,0.09304
18460,7,4.495,0.05846
18460,8,6.63,0.04669
18460,9,6.594,0.04429
18460,10,7.057,0.04899
18460,11,5.296,0.03591
18460,12,7.718,0.02493
18479,1,1.086,0.00759
18479,2,1.228,0.00998
18479,3,5.812,0.04154
18479,4,11.109,0.05649
18479,5,1.427,0.0267
18479,6,1.516,0.03748
18479,7,1.345,0.02191
18479,8,4.794,0.04288
18479,9,5.273,0.03919
18479,10,5.46,0.04144
18479,11,2.154,0.02106
18479,12,7.142,0.01719
18592,1,3.633,0.02244
18592,2,6.24,0.02811
18592,3,9.116,0.05694
18592,4,16.822,0.06387
18592,5,6.25,0.06155
18592,6,5.873,0.08571
18592,7,6.075,0.05493
18592,8,7.321,0.0304
18592,9,6.083,0.03074
18592,10,6.8,0.03532
18592,11,7.154,0.03454
18592,12,9.915,0.02986
18610,1,2.649,0.02868
18610,2,2.927,0.03086
18610,3,5.765,0.04765
18610,4,9.198,0.06898
18610,5,2.28,0.06824
18610,6,3.308,0.08249
18610,7,3.001,0.05841
18610,8,4.264,0.06219
18610,9,5.013,0.04917
18610,10,5.984,0.04966
18610,11,7.221,0.03264
18610,12,6.017,0.03158
18753,1,2.933,0.02143
18753,2,0.067,0.00099
18753,3,12.2,0.02472
18753,4,17.8,0.05532
18753,5,0.0,0.0
18753,6,0.05,0.00012
18753,7,0.0,0.0
18753,8,0.1,0.00018
18753,9,0.0,0.0
18753,10,0.0,0.0
18753,11,0.0,0.0
18753,12,12.55,0.02018
18756,1,2.852,0.01899
18756,2,4.603,0.02612
18756,3,7.632,0.06054
18756,4,13.143,0.06702
18756,5,5.485,0.06505
18756,6,4.825,0.09568
18756,7,5.073,0.06037
18756,8,7.086,0.04498
18756,9,6.771,0.04312
18756,10,7.316,0.048
18756,11,5.975,0.03723
18756,12,8.014,0.02631
18785,1,2.594,0.01737
18785,2,4.126,0.02376
18785,3,7.417,0.05821
18785,4,13.043,0.06578
18785,5,4.969,0.05953
18785,6,4.358,0.0878
18785,7,4.582,0.05535
18785,8,6.842,0.04473
18785,9,6.619,0.04291
18785,10,7.104,0.0476
18785,11,5.463,0.03531
18785,12,7.983,0.02524
18860,1,2.064,0.01501
18860,2,2.239,0.01916
18860,3,6.536,0.05208
18860,4,9.284,0.06387
18860,5,3.029,0.0529
18860,6,2.856,0.07697
18860,7,2.738,0.04605
18860,8,4.921,0.04854
18860,9,5.598,0.04258
18860,10,5.959,0.04514
18860,11,3.437,0.02836
18860,12,6.378,0.01964
19001,1,6.189,0.04472
19001,2,8.906,0.0533
19001,3,9.922,0.04234
19001,4,7.238,0.06009
19001,5,7.258,0.04812
19001,6,8.283,0.03673
19001,7,4.714,0.02247
19001,8,5.186,0.02013
19001,9,5.144,0.02388
19001,10,9.144,0.06155
19001,11,10.144,0.09106
19001,12,7.617,0.05173
19022,1,5.674,0.03801
19022,2,6.036,0.05847
19022,3,8.11,0.06004
19022,4,7.956,0.08258
19022,5,6.515,0.08791
19022,6,4.327,0.06586
19022,7,3.876,0.06404
19022,8,2.605,0.03728
19022,9,6.017,0.03604
19022,10,8.417,0.08555
19022,11,8.36,0.10909
19022,12,4.904,0.05921
19050,1,5.895,0.04877
19050,2,6.949,0.05357
19050,3,7.795,0.04225
19050,4,8.115,0.06329
19050,5,8.919,0.06161
19050,6,5.3,0.03409
19050,7,5.303,0.02957
19050,8,4.542,0.02134
19050,9,6.3,0.0212
19050,10,6.503,0.0744
19050,11,7.769,0.11766
19050,12,7.888,0.10385
19075,1,4.708,0.05414
19075,2,6.1,0.05369
19075,3,6.171,0.04213
19075,4,6.7,0.05986
19075,5,9.292,0.06253
19075,6,4.858,0.03877
19075,7,6.312,0.03605
19075,8,4.85,0.02568
19075,9,6.123,0.02311
19075,10,5.7,0.08409
19075,11,6.65,0.12754
19075,12,8.233,0.12682
19100,1,4.907,0.04261
19100,2,5.723,0.05158
19100,3,8.859,0.04159
19100,4,8.481,0.06737
19100,5,7.351,0.06044
19100,6,3.898,0.02743
19100,7,5.468,0.02451
19100,8,2.937,0.01339
19100,9,5.612,0.01963
19100,10,8.144,0.07315
19100,11,8.136,0.11576
19100,12,5.751,0.07551
19110,1,5.524,0.03063
19110,2,7.758,0.05614
19110,3,9.02,0.05233
19110,4,9.053,0.06423
19110,5,11.225,0.05311
19110,6,9.121,0.06621
19110,7,5.904,0.03183
19110,8,4.239,0.01602
19110,9,7.274,0.0285
19110,10,8.155,0.05318
19110,11,9.052,0.07207
19110,12,7.887,0.05328
19130,1,5.213,0.04267
19130,2,7.749,0.05604
19130,3,7.13,0.04829
19130,4,5.85,0.06037
19130,5,6.158,0.05261
19130,6,6.287,0.04811
19130,7,5.274,0.03987
19130,8,3.732,0.02839
19130,9,4.351,0.02954
19130,10,6.622,0.06171
19130,11,7.927,0.08098
19130,12,6.142,0.05317
19137,1,4.943,0.03448
19137,2,8.097,0.05628
19137,3,7.309,0.04701
19137,4,5.703,0.05712
19137,5,6.956,0.04305
19137,6,6.383,0.06199
19137,7,5.927,0.03212
19137,8,3.818,0.01678
19137,9,4.674,0.02325
19137,10,6.2,0.05429
19137,11,8.217,0.07173
19137,12,7.065,0.05153
19142,1,6.034,0.05688
19142,2,7.156,0.06781
19142,3,9.926,0.05195
19142,4,8.196,0.06373
19142,5,10.404,0.05928
19142,6,7.993,0.10922
19142,7,5.386,0.04447
19142,8,5.161,0.02714
19142,9,7.281,0.0368
19142,10,8.312,0.04975
19142,11,10.281,0.0739
19142,12,10.301,0.07681
19212,1,9.4,0.12221
19212,2,3.8,0.10287
19212,3,9.933,0.06796
19212,4,8.1,0.06858
19212,5,8.4,0.06709
19212,6,5.533,0.05313
19212,7,5.9,0.03689
19212,8,5.3,0.03787
19212,9,7.175,0.05441
19212,10,7.6,0.07457
19212,11,8.2,0.09448
19212,12,9.4,0.10193
19256,1,11.6,0.038
19256,2,10.2,0.03308
19256,3,11.667,0.03305
19256,4,12.0,0.04817
19256,5,9.1,0.04772
19256,6,9.733,0.02217
19256,7,2.8,0.00963
19256,8,6.667,0.01572
19256,9,5.533,0.0118
19256,10,4.467,0.01918
19256,11,9.533,0.04861
19256,12,9.4,0.06261
19290,1,4.599,0.03838
19290,2,3.672,0.03238
19290,3,8.232,0.04016
19290,4,7.468,0.05549
19290,5,5.623,0.06176
19290,6,4.166,0.03951
19290,7,6.272,0.03889
19290,8,2.987,0.02081
19290,9,3.204,0.02269
19290,10,6.431,0.05962
19290,11,6.547,0.07956
19290,12,4.151,0.06014
19300,1,7.53,0.07756
19300,2,5.826,0.07967
19300,3,10.278,0.06001
19300,4,9.314,0.06791
19300,5,10.918,0.06404
19300,6,8.031,0.07606
19300,7,5.67,0.03796
19300,8,5.171,0.029
19300,9,7.955,0.04372
19300,10,8.613,0.0609
19300,11,9.423,0.0829
19300,12,9.611,0.08241
19318,1,10.1,0.09475
19318,2,10.783,0.07504
19318,3,11.15,0.07838
19318,4,10.233,0.09725
19318,5,13.812,0.18659
19318,6,13.208,0.1917
19318,7,13.267,0.16304
19318,8,13.9,0.13258
19318,9,10.35,0.1502
19318,10,9.912,0.13734
19318,11,12.95,0.15511
19318,12,9.442,0.11245
19355,1,6.633,0.0351
19355,2,3.6,0.02943
19355,3,4.033,0.02174
19355,4,3.4,0.04904
19355,5,5.033,0.05453
19355,6,4.075,0.0491
19355,7,2.375,0.02898
19355,8,1.85,0.02204
19355,9,1.875,0.01769
19355,10,6.0,0.03939
19355,11,4.9,0.03658
19355,12,3.367,0.02914
19364,1,4.46,0.03011
19364,2,7.918,0.04851
19364,3,7.666,0.03824
19364,4,5.338,0.05504
19364,5,7.69,0.04909
19364,6,6.48,0.11723
19364,7,4.815,0.04506
19364,8,4.155,0.02219
19364,9,4.82,0.02373
19364,10,6.778,0.03922
19364,11,9.424,0.05829
19364,12,8.828,0.05772
19392,1,5.867,0.03308
19392,2,7.8,0.07461
19392,3,11.9,0.05256
19392,4,11.15,0.09651
19392,5,6.85,0.07163
19392,6,2.85,0.02305
19392,7,2.85,0.01794
19392,8,0.75,0.00542
19392,9,8.0,0.02149
19392,10,12.7,0.08379
19392,11,11.55,0.1406
19392,12,4.55,0.03153
19397,1,5.787,0.03536
19397,2,6.816,0.06576
19397,3,9.845,0.05724
19397,4,9.408,0.08941
19397,5,6.583,0.08143
19397,6,3.657,0.04767
19397,7,3.351,0.04441
19397,8,1.718,0.02349
19397,9,6.893,0.02996
19397,10,10.394,0.08481
19397,11,9.823,0.12252
19397,12,4.651,0.04499
19418,1,8.991,0.05261
19418,2,9.465,0.05339
19418,3,9.668,0.05151
19418,4,9.254,0.06465
19418,5,9.422,0.08309
19418,6,9.312,0.07218
19418,7,6.931,0.05733
19418,8,7.448,0.04702
19418,9,6.402,0.05339
19418,10,6.224,0.06572
19418,11,9.522,0.08597
19418,12,8.081,0.07044
19450,1,4.182,0.04192
19450,2,3.98,0.0341
19450,3,7.477,0.03293
19450,4,6.752,0.0465
19450,5,6.0,0.04735
19450,6,3.769,0.02473
19450,7,5.869,0.02155
19450,8,3.192,0.01244
19450,9,3.508,0.01484
19450,10,5.591,0.05421
19450,11,6.198,0.09008
19450,12,4.956,0.07308
19455,1,5.372,0.06463
19455,2,7.015,0.07146
19455,3,7.914,0.05075
19455,4,8.44,0.07058
19455,5,5.607,0.05764
19455,6,4.135,0.0509
19455,7,5.419,0.0364
19455,8,4.151,0.02921
19455,9,5.807,0.03786
19455,10,7.216,0.06117
19455,11,7.81,0.08084
19455,12,6.962,0.05855
19473,1,5.16,0.03513
19473,2,7.575,0.05882
19473,3,6.225,0.05066
19473,4,5.375,0.05695
19473,5,6.25,0.03955
19473,6,5.7,0.03223
19473,7,6.48,0.0259
19473,8,3.133,0.01336
19473,9,4.2,0.02225
19473,10,5.233,0.06043
19473,11,6.75,0.07234
19473,12,5.5,0.04541
19513,1,7.873,0.09648
19513,2,5.177,0.08937
19513,3,9.393,0.06123
19513,4,8.633,0.06964
19513,5,8.043,0.06379
19513,6,5.61,0.0523
19513,7,5.731,0.03591
19513,8,4.889,0.03322
19513,9,6.905,0.04748
19513,10,7.682,0.06861
19513,11,8.246,0.08855
19513,12,8.516,0.08384
19517,1,6.0,0.01504
19517,2,7.2,0.0408
19517,3,11.667,0.05566
19517,4,8.0,0.03779
19517,5,8.6,0.06198
19517,6,6.7,0.05476
19517,7,4.9,0.0343
19517,8,4.4,0.02394
19517,9,3.5,0.01927
19517,10,6.8,0.02666
19517,11,5.8,0.04771
19517,12,17.2,0.04144
19532,1,6.364,0.04196
19532,2,7.542,0.05976
19532,3,9.665,0.04535
19532,4,9.583,0.07451
19532,5,8.156,0.06421
19532,6,4.751,0.02893
19532,7,4.17,0.02352
19532,8,3.294,0.01488
19532,9,6.875,0.02052
19532,10,8.663,0.07329
19532,11,9.34,0.12048
19532,12,6.759,0.07318
19533,1,7.075,0.05421
19533,2,6.427,0.05632
19533,3,10.121,0.08105
19533,4,7.772,0.07924
19533,5,5.812,0.12273
19533,6,6.629,0.13885
19533,7,6.765,0.1283
19533,8,6.963,0.084
19533,9,9.035,0.07532
19533,10,9.155,0.07676
19533,11,11.83,0.06807
19533,12,6.347,0.06577
19548,1,5.123,0.04256
19548,2,7.644,0.05626
19548,3,6.881,0.04881
19548,4,5.727,0.06044
19548,5,6.055,0.05317
19548,6,6.109,0.04935
19548,7,5.312,0.04164
19548,8,3.603,0.02932
19548,9,4.279,0.03014
19548,10,6.404,0.06174
19548,11,7.734,0.08014
19548,12,6.012,0.0534
19573,1,6.828,0.05518
19573,2,6.63,0.06908
19573,3,10.301,0.05856
19573,4,11.493,0.07286
19573,5,12.253,0.06453
19573,6,9.264,0.05161
19573,7,5.703,0.03088
19573,8,4.748,0.02267
19573,9,8.752,0.03967
19573,10,9.452,0.06075
19573,11,9.134,0.0815
19573,12,8.192,0.06287
19585,1,2.433,0.06733
19585,2,4.911,0.05302
19585,3,2.267,0.05683
19585,4,3.542,0.07532
19585,5,2.4,0.1201
19585,6,2.567,0.14843
19585,7,2.033,0.1508
19585,8,1.722,0.11557
19585,9,2.533,0.07688
19585,10,4.583,0.06746
19585,11,5.95,0.0855
19585,12,4.25,0.08953
19622,1,6.667,0.03483
19622,2,8.226,0.06704
19622,3,11.684,0.04898
19622,4,10.899,0.08661
19622,5,7.19,0.06622
19622,6,4.282,0.02421
19622,7,3.017,0.01724
19622,8,1.959,0.00818
19622,9,7.402,0.02041
19622,10,11.262,0.07303
19622,11,11.148,0.12361
19622,12,5.488,0.03759
19693,1,5.899,0.03531
19693,2,4.91,0.05009
19693,3,6.434,0.07113
19693,4,6.409,0.08201
19693,5,5.311,0.10718
19693,6,5.061,0.10232
19693,7,3.645,0.10289
19693,8,2.961,0.06135
19693,9,4.74,0.04975
19693,10,6.713,0.08717
19693,11,6.978,0.08278
19693,12,3.933,0.0523
19698,1,6.219,0.05292
19698,2,7.117,0.06638
19698,3,10.242,0.05369
19698,4,9.241,0.06583
19698,5,11.564,0.06088
19698,6,8.88,0.09868
19698,7,5.465,0.04121
19698,8,5.121,0.0251
19698,9,7.928,0.03695
19698,10,8.831,0.05123
19698,11,10.226,0.0749
19698,12,9.989,0.07316
19701,1,6.2,0.0319
19701,2,3.2,0.03713
19701,3,3.8,0.08722
19701,4,4.0,0.08015
19701,5,3.6,0.1354
19701,6,6.2,0.15664
19701,7,3.4,0.16079
19701,8,3.6,0.09748
19701,9,2.8,0.07007
19701,10,4.0,0.08957
19701,11,4.8,0.04354
19701,12,2.6,0.04473
19743,1,4.709,0.04855
19743,2,7.255,0.05499
19743,3,6.39,0.04945
19743,4,5.507,0.06374
19743,5,5.448,0.06738
19743,6,5.703,0.06944
19743,7,4.463,0.06282
19743,8,3.466,0.04714
19743,9,4.042,0.03957
19743,10,6.49,0.06299
19743,11,7.768,0.08333
19743,12,5.905,0.06126
19760,1,4.423,0.05075
19760,2,6.769,0.06039
19760,3,7.215,0.05219
19760,4,6.932,0.07914
19760,5,4.977,0.08783
19760,6,3.922,0.08138
19760,7,2.9,0.07754
19760,8,2.156,0.05725
19760,9,4.959,0.04645
19760,10,8.336,0.07168
19760,11,8.77,0.10538
19760,12,5.093,0.06157
19780,1,5.33,0.03207
19780,2,7.746,0.05687
19780,3,8.051,0.05127
19780,4,7.659,0.06141
19780,5,9.41,0.0483
19780,6,7.869,0.05782
19780,7,6.071,0.03061
19780,8,3.885,0.01541
19780,9,6.153,0.02623
19780,10,7.114,0.05496
19780,11,8.338,0.07172
19780,12,7.18,0.05112
19785,1,6.312,0.04023
19785,2,7.613,0.06238
19785,3,10.108,0.04663
19785,4,9.902,0.0785
19785,5,7.914,0.06549
19785,6,4.428,0.02775
19785,7,3.906,0.02234
19785,8,2.835,0.01308
19785,9,7.079,0.02064
19785,10,9.401,0.07486
19785,11,9.764,0.12374
19785,12,6.358,0.06513
19807,1,7.852,0.03976
19807,2,9.056,0.05192
19807,3,10.959,0.04181
19807,4,9.71,0.06501
19807,5,7.753,0.05364
19807,6,7.444,0.02876
19807,7,3.65,0.01725
19807,8,4.596,0.01517
19807,9,5.956,0.01942
19807,10,8.494,0.05327
19807,11,10.286,0.08932
19807,12,7.453,0.05038
19809,1,9.698,0.08572
19809,2,10.268,0.06923
19809,3,10.702,0.07079
19809,4,10.039,0.08922
19809,5,12.949,0.16206
19809,6,12.075,0.16161
19809,7,11.655,0.13694
19809,8,12.366,0.11169
19809,9,9.507,0.12541
19809,10,9.015,0.12165
19809,11,12.025,0.14299
19809,12,9.318,0.10949
19821,1,3.6,0.02691
19821,2,9.25,0.05015
19821,3,9.2,0.03841
19821,4,5.867,0.05603
19821,5,8.95,0.05099
19821,6,7.433,0.16681
19821,7,4.9,0.05643
19821,8,5.167,0.0254
19821,9,5.867,0.02595
19821,10,7.55,0.03156
19821,11,11.65,0.05931
19821,12,11.55,0.07013
19824,1,4.363,0.05335
19824,2,6.928,0.054
19824,3,5.96,0.05004
19824,4,5.313,0.0664
19824,5,4.944,0.07889
19824,6,5.351,0.0858
19824,7,3.784,0.08012
19824,8,3.337,0.06161
19824,9,3.84,0.04724
19824,10,6.528,0.06401
19824,11,7.769,0.08579
19824,12,5.801,0.06762
19845,1,7.192,0.04901
19845,2,6.168,0.06502
19845,3,10.865,0.05877
19845,4,12.278,0.07239
19845,5,14.649,0.06803
19845,6,11.02,0.04931
19845,7,5.835,0.02767
19845,8,4.902,0.01919
19845,9,9.635,0.03976
19845,10,10.025,0.06092
19845,11,9.007,0.07862
19845,12,8.296,0.06061
20001,1,2.756,0.00739
20001,2,0.643,0.00139
20001,3,3.664,0.00487
20001,4,6.772,0.01698
20001,5,11.469,0.04429
20001,6,9.436,0.02547
20001,7,10.298,0.01713
20001,8,10.148,0.02471
20001,9,13.687,0.03023
20001,10,16.014,0.03999
20001,11,9.186,0.01683
20001,12,2.009,0.00139
20011,1,2.733,0.00594
20011,2,1.467,0.00338
20011,3,4.9,0.00484
20011,4,6.933,0.02641
20011,5,6.5,0.04392
20011,6,5.133,0.01906
20011,7,6.1,0.02005
20011,8,4.233,0.0185
20011,9,7.033,0.03002
20011,10,5.133,0.03127
20011,11,3.233,0.00836
20011,12,0.45,0.00179
20013,1,4.3,0.02151
20013,2,0.3,0.00397
20013,3,10.75,0.0252
20013,4,9.4,0.04074
20013,5,16.0,0.06452
20013,6,12.2,0.03411
20013,7,4.167,0.02351
20013,8,5.867,0.03811
20013,9,7.75,0.05201
20013,10,7.65,0.07347
20013,11,6.75,0.02755
20013,12,4.4,0.00851
20032,1,3.424,0.04126
20032,2,2.956,0.01856
20032,3,3.785,0.01102
20032,4,9.495,0.02252
20032,5,9.35,0.04531
20032,6,7.431,0.03887
20032,7,6.14,0.04022
20032,8,5.365,0.03953
20032,9,12.189,0.05481
20032,10,10.604,0.05647
20032,11,9.931,0.04156
20032,12,1.605,0.0368
20045,1,4.06,0.01448
20045,2,1.235,0.00293
20045,3,8.432,0.01804
20045,4,9.932,0.03006
20045,5,14.97,0.05601
20045,6,10.883,0.0328
20045,7,5.458,0.02592
20045,8,6.118,0.0323
20045,9,10.509,0.04722
20045,10,10.703,0.06069
20045,11,9.076,0.02422
20045,12,2.891,0.00532
20060,1,3.306,0.05367
20060,2,2.272,0.02076
20060,3,3.499,0.01073
20060,4,6.811,0.02635
20060,5,8.224,0.04535
20060,6,6.146,0.04387
20060,7,4.781,0.04057
20060,8,4.18,0.03898
20060,9,8.528,0.05239
20060,10,8.465,0.06542
20060,11,7.859,0.04822
20060,12,1.796,0.05109
20175,1,3.894,0.03652
20175,2,3.554,0.02087
20175,3,2.404,0.01124
20175,4,10.95,0.0231
20175,5,7.273,0.04616
20175,6,8.99,0.03083
20175,7,8.737,0.03752
20175,8,8.234,0.05227
20175,9,15.679,0.06448
20175,10,10.79,0.04906
20175,11,10.334,0.04034
20175,12,2.931,0.02629
20178,1,4.161,0.01513
20178,2,3.071,0.00826
20178,3,5.132,0.01208
20178,4,11.717,0.02082
20178,5,11.949,0.0477
20178,6,9.709,0.03081
20178,7,7.2,0.03301
20178,8,6.76,0.03728
20178,9,14.742,0.05367
20178,10,12.503,0.04798
20178,11,11.699,0.02735
20178,12,1.961,0.00734
20228,1,3.727,0.02074
20228,2,3.256,0.01392
20228,3,2.948,0.01257
20228,4,10.88,0.02092
20228,5,8.736,0.04489
20228,6,8.657,0.02792
20228,7,8.504,0.03312
20228,8,7.956,0.04714
20228,9,14.925,0.05784
20228,10,11.128,0.04693
20228,11,10.114,0.03183
20228,12,2.598,0.01453
20238,1,2.333,0.05737
20238,2,3.658,0.02204
20238,3,1.542,0.008
20238,4,5.238,0.0282
20238,5,6.391,0.03989
20238,6,6.364,0.03842
20238,7,3.222,0.0307
20238,8,3.973,0.03711
20238,9,4.263,0.0436
20238,10,3.204,0.05612
20238,11,5.644,0.04692
20238,12,2.335,0.05496
20250,1,4.1,0.00418
20250,2,3.167,0.00158
20250,3,5.933,0.00973
20250,4,12.067,0.01528
20250,5,14.367,0.04473
20250,6,9.0,0.0331
20250,7,6.05,0.03357
20250,8,5.1,0.02443
20250,9,14.4,0.04468
20250,10,14.35,0.04488
20250,11,13.3,0.02083
20250,12,0.45,0.0009
20295,1,0.0,0.0
20295,2,0.267,0.0061
20295,3,8.3,0.00613
20295,4,12.925,0.02528
20295,5,20.733,0.06401
20295,6,9.575,0.0371
20295,7,17.1,0.05485
20295,8,8.267,0.13381
20295,9,10.25,0.08921
20295,10,10.45,0.07383
20295,11,8.0,0.07742
20295,12,0.6,0.02085
20310,1,2.928,0.01502
20310,2,1.21,0.00697
20310,3,3.065,0.01533
20310,4,7.597,0.02988
20310,5,9.882,0.04575
20310,6,8.63,0.03393
20310,7,9.105,0.03048
20310,8,7.598,0.04161
20310,9,11.302,0.03911
20310,10,9.315,0.05768
20310,11,6.523,0.03489
20310,12,3.35,0.01983
20383,1,1.832,0.01047
20383,2,1.522,0.0097
20383,3,5.509,0.00699
20383,4,10.824,0.02549
20383,5,12.565,0.05381
20383,6,8.335,0.02846
20383,7,12.291,0.0396
20383,8,7.623,0.08216
20383,9,11.174,0.0674
20383,10,8.782,0.05358
20383,11,7.023,0.04767
20383,12,1.414,0.01505
20400,1,4.191,0.01469
20400,2,2.219,0.00541
20400,3,7.083,0.01569
20400,4,11.064,0.02587
20400,5,13.768,0.05234
20400,6,10.336,0.03236
20400,7,5.986,0.03014
20400,8,6.107,0.03467
20400,9,12.46,0.05113
20400,10,11.386,0.05533
20400,11,10.496,0.02595
20400,12,2.392,0.00627
20443,1,2.815,0.00984
20443,2,0.483,0.00178
20443,3,4.929,0.00891
20443,4,7.673,0.02203
20443,5,12.981,0.04702
20443,6,9.692,0.02606
20443,7,8.53,0.01773
20443,8,8.398,0.02754
20443,9,12.094,0.03487
20443,10,13.739,0.04917
20443,11,8.756,0.01831
20443,12,2.398,0.00421
20517,1,3.745,0.02909
20517,2,2.926,0.01805
20517,3,1.896,0.01411
20517,4,10.172,0.02614
20517,5,6.814,0.04729
20517,6,9.868,0.02911
20517,7,10.832,0.03502
20517,8,9.826,0.05803
20517,9,16.223,0.06141
20517,10,10.478,0.05101
20517,11,8.84,0.0414
20517,12,4.132,0.02248
20550,1,1.391,0.00656
20550,2,0.988,0.00692
20550,3,5.138,0.01055
20550,4,8.588,0.02517
20550,5,11.666,0.04969
20550,6,6.286,0.02774
20550,7,10.296,0.03389
20550,8,6.394,0.06874
20550,9,7.989,0.05503
20550,10,7.21,0.05541
20550,11,4.747,0.03958
20550,12,1.273,0.01645
20570,1,5.733,0.01579
20570,2,1.5,0.00186
20570,3,2.35,0.00738
20570,4,4.675,0.03024
20570,5,7.133,0.04705
20570,6,8.633,0.02853
20570,7,6.7,0.01919
20570,8,7.4,0.0451
20570,9,7.675,0.05067
20570,10,7.267,0.0578
20570,11,6.867,0.03048
20570,12,4.467,0.00587
20614,1,2.825,0.00777
20614,2,1.044,0.00471
20614,3,1.94,0.00617
20614,4,7.949,0.03642
20614,5,10.13,0.04047
20614,6,7.1,0.02739
20614,7,5.346,0.02076
20614,8,5.761,0.02543
20614,9,7.321,0.02923
20614,10,5.849,0.04451
20614,11,6.216,0.0176
20614,12,1.778,0.00506
20621,1,3.084,0.00917
20621,2,0.668,0.00165
20621,3,4.196,0.00681
20621,4,6.865,0.01991
20621,5,11.582,0.04623
20621,6,9.625,0.02642
20621,7,9.531,0.01782
20621,8,9.597,0.0272
20621,9,12.78,0.03345
20621,10,14.718,0.04406
20621,11,8.823,0.01865
20621,12,2.377,0.0023
20710,1,6.02,0.00891
20710,2,4.58,0.01048
20710,3,6.611,0.01541
20710,4,10.804,0.04589
20710,5,6.153,0.0326
20710,6,7.772,0.0386
20710,7,8.087,0.03266
20710,8,7.223,0.03175
20710,9,9.225,0.04157
20710,10,11.478,0.05411
20710,11,10.064,0.06448
20710,12,9.459,0.01255
20750,1,3.322,0.01075
20750,2,0.664,0.0019
20750,3,4.816,0.00878
20750,4,7.044,0.02254
20750,5,11.868,0.04821
20750,6,9.857,0.02732
20750,7,8.844,0.01848
20750,8,9.11,0.0291
20750,9,12.035,0.03613
20750,10,13.66,0.04775
20750,11,8.522,0.02008
20750,12,2.678,0.00311
20770,1,2.936,0.00777
20770,2,1.313,0.00434
20770,3,4.977,0.00782
20770,4,10.671,0.03803
20770,5,7.873,0.03757
20770,6,6.549,0.02462
20770,7,6.075,0.01631
20770,8,5.244,0.02312
20770,9,7.194,0.03399
20770,10,6.525,0.04247
20770,11,5.875,0.02426
20770,12,2.297,0.00336
20787,1,3.554,0.0294
20787,2,3.335,0.02072
20787,3,2.168,0.01023
20787,4,11.54,0.02491
20787,5,6.818,0.04882
20787,6,9.609,0.0252
20787,7,11.376,0.03662
20787,8,9.911,0.06965
20787,9,16.369,0.072
20787,10,9.878,0.04618
20787,11,9.221,0.04296
20787,12,3.462,0.01939
23001,1,1.925,0.00227
23001,2,0.0,0.0
23001,3,0.4,0.00146
23001,4,9.15,0.01616
23001,5,14.475,0.0475
23001,6,10.75,0.0271
23001,7,4.633,0.01949
23001,8,6.633,0.01548
23001,9,5.667,0.01982
23001,10,12.925,0.02447
23001,11,13.55,0.01516
23001,12,4.475,0.00538
23068,1,6.183,0.00765
23068,2,6.033,0.00631
23068,3,3.658,0.02276
23068,4,10.917,0.09204
23068,5,16.365,0.10063
23068,6,17.764,0.11957
23068,7,17.897,0.06936
23068,8,21.517,0.1354
23068,9,16.685,0.15755
23068,10,15.118,0.16996
23068,11,14.65,0.14189
23068,12,9.294,0.06601
23079,1,2.089,0.00342
23079,2,2.173,0.00339
23079,3,3.138,0.00952
23079,4,9.786,0.04062
23079,5,13.397,0.056
23079,6,12.994,0.06785
23079,7,13.573,0.05022
23079,8,12.177,0.07743
23079,9,12.787,0.07439
23079,10,11.318,0.07778
23079,11,6.927,0.04543
23079,12,5.192,0.02092
23090,1,1.989,0.00266
23090,2,0.097,0.0008
23090,3,0.437,0.00118
23090,4,7.687,0.0136
23090,5,13.322,0.04112
23090,6,11.97,0.02604
23090,7,7.223,0.02013
23090,8,8.382,0.01812
23090,9,7.427,0.02331
23090,10,11.443,0.02556
23090,11,10.269,0.01534
23090,12,3.748,0.00449
23162,1,1.966,0.0049
23162,2,0.117,0.00355
23162,3,0.699,0.00315
23162,4,9.398,0.01913
23162,5,14.453,0.04736
23162,6,12.163,0.03048
23162,7,6.756,0.02276
23162,8,7.37,0.01908
23162,9,6.879,0.02604
23162,10,11.944,0.02845
23162,11,12.543,0.01892
23162,12,4.89,0.00679
23168,1,1.713,0.01224
23168,2,1.952,0.01497
23168,3,2.045,0.00816
23168,4,9.788,0.03497
23168,5,11.661,0.044
23168,6,14.058,0.03582
23168,7,11.06,0.03306
23168,8,7.992,0.02613
23168,9,9.079,0.04164
23168,10,7.592,0.03818
23168,11,8.386,0.02779
23168,12,6.901,0.01072
23182,1,3.4,0.03323
23182,2,0.6,0.03489
23182,3,3.11,0.02109
23182,4,13.15,0.04856
23182,5,13.053,0.06788
23182,6,18.007,0.06709
23182,7,17.33,0.05243
23182,8,14.465,0.03454
23182,9,14.54,0.08268
23182,10,11.975,0.06863
23182,11,13.3,0.05249
23182,12,8.65,0.02166
23189,1,2.022,0.01218
23189,2,0.256,0.01201
23189,3,1.68,0.00932
23189,4,8.87,0.02651
23189,5,11.912,0.05017
23189,6,12.27,0.04337
23189,7,8.888,0.03392
23189,8,8.96,0.03179
23189,9,8.46,0.04912
23189,10,11.007,0.04577
23189,11,10.66,0.02659
23189,12,5.017,0.01009
23300,1,1.766,0.00251
23300,2,0.253,0.00209
23300,3,0.598,0.00119
23300,4,7.55,0.01421
23300,5,13.66,0.03682
23300,6,13.856,0.02592
23300,7,9.608,0.02116
23300,8,8.404,0.02284
23300,9,8.416,0.02503
23300,10,9.294,0.0259
23300,11,8.034,0.01667
23300,12,3.939,0.00456
23350,1,1.335,0.00277
23350,2,1.918,0.00275
23350,3,4.167,0.00618
23350,4,13.186,0.03066
23350,5,17.48,0.04943
23350,6,12.006,0.04991
23350,7,15.366,0.04119
23350,8,12.477,0.05408
23350,9,14.031,0.04207
23350,10,13.08,0.04723
23350,11,8.295,0.02675
23350,12,6.396,0.01402
23417,1,1.3,0.00191
23417,2,0.467,0.00386
23417,3,0.867,0.00142
23417,4,8.45,0.01738
23417,5,15.2,0.03385
23417,6,16.4,0.02654
23417,7,12.0,0.02256
23417,8,7.067,0.02953
23417,9,8.867,0.02549
23417,10,6.467,0.02568
23417,11,6.467,0.019
23417,12,4.867,0.00539
23419,1,2.044,0.00287
23419,2,0.124,0.00103
23419,3,0.436,0.00105
23419,4,7.016,0.01233
23419,5,12.742,0.03861
23419,6,12.327,0.02556
23419,7,8.166,0.02032
23419,8,9.199,0.01882
23419,9,8.139,0.02475
23419,10,10.994,0.02604
23419,11,8.985,0.01527
23419,12,3.386,0.00407
23464,1,1.331,0.00201
23464,2,1.352,0.00357
23464,3,1.022,0.00121
23464,4,7.385,0.01965
23464,5,12.265,0.03218
23464,6,13.683,0.02282
23464,7,9.864,0.02225
23464,8,7.163,0.02385
23464,9,8.057,0.02403
23464,10,6.802,0.02461
23464,11,5.874,0.01616
23464,12,4.692,0.00454
23466,1,1.4,0.00355
23466,2,1.6,0.00322
23466,3,3.7,0.00399
23466,4,15.533,0.0337
23466,5,18.467,0.05325
23466,6,15.45,0.06168
23466,7,18.35,0.05204
23466,8,12.55,0.05943
23466,9,17.0,0.04245
23466,10,13.733,0.04626
23466,11,7.5,0.02046
23466,12,6.6,0.01126
23500,1,2.376,0.00367
23500,2,0.128,0.00106
23500,3,0.336,0.00059
23500,4,4.712,0.00743
23500,5,10.475,0.03231
23500,6,12.458,0.02392
23500,7,10.079,0.02036
23500,8,12.094,0.01846
23500,9,10.077,0.02882
23500,10,10.692,0.02752
23500,11,5.766,0.01422
23500,12,1.98,0.00252
23555,1,0.656,0.00097
23555,2,0.613,0.00182
23555,3,2.084,0.00798
23555,4,2.944,0.01934
23555,5,6.419,0.03481
23555,6,7.678,0.0446
23555,7,5.569,0.03621
23555,8,6.485,0.06231
23555,9,5.731,0.06143
23555,10,6.8,0.05969
23555,11,2.634,0.01943
23555,12,1.455,0.00651
23570,1,0.15,0.00038
23570,2,0.25,0.00161
23570,3,2.087,0.00734
23570,4,1.9,0.0141
23570,5,5.095,0.02896
23570,6,6.7,0.04022
23570,7,4.71,0.03491
23570,8,5.345,0.06017
23570,9,4.912,0.05719
23570,10,5.737,0.05393
23570,11,0.95,0.01053
23570,12,0.65,0.00212
23574,1,2.079,0.00298
23574,2,0.138,0.00115
23574,3,0.434,0.00098
23574,4,6.629,0.01158
23574,5,12.403,0.03721
23574,6,12.513,0.02529
23574,7,8.685,0.02042
23574,8,9.672,0.01917
23574,9,8.541,0.02556
23574,10,10.758,0.02631
23574,11,8.266,0.01521
23574,12,3.174,0.00382
23580,1,0.0,0.0
23580,2,0.0,0.0
23580,3,0.0,0.0
23580,4,0.0,0.0
23580,5,0.0,0.0
23580,6,11.0,0.01111
23580,7,3.8,0.01199
23580,8,5.6,0.02879
23580,9,5.933,0.02007
23580,10,7.0,0.03396
23580,11,10.4,0.01595
23580,12,0.0,0.0
23586,1,1.388,0.00207
23586,2,0.788,0.00357
23586,3,0.891,0.00127
23586,4,7.755,0.01753
23586,5,13.715,0.033
23586,6,15.089,0.02489
23586,7,11.076,0.02229
23586,8,7.48,0.0266
23586,9,8.663,0.02521
23586,10,6.868,0.02541
23586,11,6.139,0.01757
23586,12,4.587,0.00485
23660,1,2.998,0.02533
23660,2,1.486,0.02636
23660,3,3.165,0.01647
23660,4,10.974,0.04609
23660,5,10.309,0.05744
23660,6,14.897,0.05161
23660,7,14.0,0.04474
23660,8,11.446,0.0318
23660,9,11.935,0.0673
23660,10,10.7,0.05879
23660,11,11.552,0.04296
23660,12,7.569,0.01713
23670,1,2.734,0.02294
23670,2,1.935,0.02432
23670,3,3.117,0.01504
23670,4,10.587,0.046
23670,5,9.64,0.05455
23670,6,13.9,0.04733
23670,7,12.745,0.04269
23670,8,10.407,0.02972
23670,9,10.978,0.06203
23670,10,10.033,0.05488
23670,11,10.914,0.03967
23670,12,7.56,0.0159
23672,1,1.712,0.00263
23672,2,0.86,0.00274
23672,3,0.767,0.00097
23672,4,6.372,0.01488
23672,5,11.715,0.03184
23672,6,13.508,0.02337
23672,7,10.28,0.02164
23672,8,9.078,0.02247
23672,9,8.977,0.02613
23672,10,8.073,0.02581
23672,11,5.617,0.01565
23672,12,3.665,0.0038
23675,1,2.9,0.00463
23675,2,0.0,0.0
23675,3,0.1,0.00011
23675,4,2.5,0.00197
23675,5,7.9,0.02957
23675,6,11.0,0.02237
23675,7,10.0,0.01954
23675,8,15.0,0.01411
23675,9,11.2,0.03148
23675,10,12.2,0.02872
23675,11,4.4,0.01204
23675,12,0.4,0.0009
23678,1,1.787,0.00568
23678,2,0.117,0.0045
23678,3,1.028,0.00488
23678,4,8.34,0.01971
23678,5,12.63,0.04665
23678,6,10.905,0.03427
23678,7,6.182,0.02622
23678,8,7.35,0.02575
23678,9,6.604,0.03408
23678,10,11.528,0.03506
23678,11,11.272,0.01885
23678,12,4.297,0.00677
23682,1,0.521,0.00105
23682,2,0.463,0.00093
23682,3,1.071,0.00116
23682,4,4.842,0.01063
23682,5,7.631,0.027
23682,6,11.847,0.02456
23682,7,9.362,0.02641
23682,8,7.483,0.03292
23682,9,7.759,0.02189
23682,10,7.325,0.02964
23682,11,7.15,0.01356
23682,12,1.91,0.00326
23686,1,1.877,0.00249
23686,2,0.136,0.00112
23686,3,0.495,0.00126
23686,4,8.03,0.01456
23686,5,13.78,0.04105
23686,6,12.429,0.02628
23686,7,7.518,0.02039
23686,8,7.913,0.01938
23686,9,7.361,0.02308
23686,10,10.945,0.02541
23686,11,10.227,0.01585
23686,12,4.027,0.00476
23807,1,0.572,0.00073
23807,2,0.064,0.00042
23807,3,0.649,0.0023
23807,4,3.024,0.00811
23807,5,5.323,0.02062
23807,6,9.821,0.02305
23807,7,4.266,0.01998
23807,8,5.82,0.0332
23807,9,5.596,0.02958
23807,10,8.315,0.03648
23807,11,8.834,0.01433
23807,12,1.407,0.00204
23815,1,1.786,0.01538
23815,2,2.672,0.0185
23815,3,2.485,0.01026
23815,4,10.156,0.04168
23815,5,10.058,0.04688
23815,6,12.812,0.03789
23815,7,10.272,0.03637
23815,8,7.991,0.02416
23815,9,8.834,0.04605
23815,10,7.806,0.04167
23815,11,8.908,0.03005
23815,12,7.666,0.01234
23855,1,2.308,0.00635
23855,2,0.057,8e-05
23855,3,1.349,0.00306
23855,4,7.39,0.01855
23855,5,7.764,0.0304
23855,6,14.317,0.0306
23855,7,6.052,0.02008
23855,8,8.265,0.02457
23855,9,6.458,0.02139
23855,10,11.732,0.03583
23855,11,12.811,0.0203
23855,12,5.954,0.01091
25001,1,2.596,0.00356
25001,2,5.934,0.01299
25001,3,10.216,0.02758
25001,4,5.284,0.02505
25001,5,7.34,0.02914
25001,6,7.275,0.0225
25001,7,4.75,0.015
25001,8,3.022,0.00787
25001,9,4.21,0.00912
25001,10,11.58,0.02806
25001,11,14.706,0.02843
25001,12,4.95,0.00997
25019,1,4.135,0.02232
25019,2,3.912,0.01882
25019,3,7.186,0.04654
25019,4,5.786,0.05315
25019,5,7.434,0.05511
25019,6,5.385,0.02555
25019,7,3.939,0.01642
25019,8,3.379,0.01245
25019,9,3.968,0.02578
25019,10,7.261,0.06698
25019,11,6.734,0.05513
25019,12,4.664,0.01521
25035,1,6.0,0.00434
25035,2,8.667,0.02111
25035,3,15.2,0.03496
25035,4,7.9,0.03354
25035,5,10.667,0.0331
25035,6,9.9,0.03048
25035,7,3.933,0.01868
25035,8,3.4,0.00783
25035,9,5.0,0.01324
25035,10,6.4,0.02162
25035,11,8.4,0.03522
25035,12,11.333,0.01888
25040,1,2.521,0.00552
25040,2,6.186,0.02416
25040,3,7.697,0.03197
25040,4,7.524,0.03797
25040,5,7.768,0.03738
25040,6,6.495,0.03648
25040,7,4.702,0.02281
25040,8,3.788,0.01631
25040,9,4.611,0.01619
25040,10,5.668,0.02885
25040,11,9.319,0.04062
25040,12,7.554,0.01716
25053,1,5.552,0.01298
25053,2,6.467,0.04378
25053,3,7.196,0.0411
25053,4,8.404,0.0545
25053,5,5.258,0.0603
25053,6,5.164,0.05144
25053,7,5.911,0.04257
25053,8,4.558,0.03154
25053,9,4.659,0.03566
25053,10,8.909,0.03734
25053,11,7.915,0.04481
25053,12,6.954,0.01849
25086,1,2.818,0.00594
25086,2,5.025,0.01668
25086,3,8.471,0.01837
25086,4,7.035,0.03399
25086,5,9.435,0.02915
25086,6,8.844,0.01015
25086,7,5.211,0.00938
25086,8,11.453,0.01926
25086,9,12.753,0.02993
25086,10,11.365,0.03436
25086,11,8.518,0.02429
25086,12,7.063,0.00745
25095,1,4.301,0.02155
25095,2,4.372,0.01898
25095,3,7.979,0.04509
25095,4,6.128,0.04841
25095,5,7.954,0.05171
25095,6,5.595,0.02473
25095,7,4.089,0.01528
25095,8,3.643,0.01134
25095,9,3.97,0.02336
25095,10,7.35,0.0633
25095,11,6.804,0.05029
25095,12,5.657,0.01628
25099,1,4.0,0.00648
25099,2,5.667,0.027
25099,3,8.133,0.03167
25099,4,4.65,0.03663
25099,5,7.9,0.03896
25099,6,6.8,0.03681
25099,7,2.733,0.02768
25099,8,2.2,0.01401
25099,9,3.8,0.0207
25099,10,4.3,0.02269
25099,11,3.733,0.0416
25099,12,8.267,0.01448
25120,1,2.033,0.01806
25120,2,3.15,0.03772
25120,3,5.817,0.0577
25120,4,4.4,0.08563
25120,5,2.6,0.07636
25120,6,3.725,0.05969
25120,7,3.1,0.04035
25120,8,2.717,0.03349
25120,9,2.804,0.02346
25120,10,3.217,0.04103
25120,11,3.033,0.03809
25120,12,1.867,0.01742
25123,1,2.664,0.00542
25123,2,6.268,0.02407
25123,3,8.065,0.03186
25123,4,7.612,0.03749
25123,5,7.905,0.03716
25123,6,6.541,0.03611
25123,7,4.841,0.02305
25123,8,3.795,0.01571
25123,9,4.788,0.01625
25123,10,5.698,0.02747
25123,11,9.366,0.03988
25123,12,8.166,0.01656
25126,1,5.749,0.00863
25126,2,6.044,0.02596
25126,3,8.926,0.03308
25126,4,8.622,0.04507
25126,5,3.347,0.03193
25126,6,4.223,0.04533
25126,7,2.688,0.0406
25126,8,3.012,0.03128
25126,9,3.555,0.02728
25126,10,5.333,0.03743
25126,11,5.492,0.04127
25126,12,3.427,0.00919
25148,1,5.035,0.02319
25148,2,4.957,0.03019
25148,3,7.103,0.03885
25148,4,6.78,0.05988
25148,5,7.369,0.05712
25148,6,9.991,0.03332
25148,7,5.982,0.03167
25148,8,6.793,0.02038
25148,9,9.576,0.03279
25148,10,11.061,0.09681
25148,11,8.35,0.06495
25148,12,7.378,0.02899
25151,1,0.975,0.00511
25151,2,1.9,0.00951
25151,3,1.85,0.01664
25151,4,2.525,0.03882
25151,5,1.725,0.06298
25151,6,1.62,0.05989
25151,7,1.74,0.06516
25151,8,1.68,0.04302
25151,9,1.6,0.0276
25151,10,2.65,0.03241
25151,11,3.25,0.02357
25151,12,1.2,0.0025
25154,1,4.803,0.01559
25154,2,5.406,0.02377
25154,3,4.061,0.03502
25154,4,5.286,0.05817
25154,5,4.545,0.05799
25154,6,5.093,0.05805
25154,7,3.14,0.03781
25154,8,2.631,0.02925
25154,9,3.166,0.02213
25154,10,6.789,0.05226
25154,11,7.035,0.04876
25154,12,3.278,0.00885
25168,1,5.949,0.01782
25168,2,7.241,0.02194
25168,3,12.197,0.04341
25168,4,8.683,0.04158
25168,5,9.683,0.04457
25168,6,7.586,0.02728
25168,7,5.128,0.01652
25168,8,5.479,0.01281
25168,9,5.647,0.02378
25168,10,10.515,0.05629
25168,11,9.962,0.05008
25168,12,8.958,0.02316
25175,1,7.4,0.00465
25175,2,6.1,0.02349
25175,3,10.8,0.02752
25175,4,10.033,0.03856
25175,5,2.4,0.0205
25175,6,3.85,0.03501
25175,7,2.2,0.03384
25175,8,2.9,0.02774
25175,9,2.925,0.02257
25175,10,5.483,0.03377
25175,11,5.133,0.03747
25175,12,3.367,0.00733
25178,1,0.326,0.00227
25178,2,2.64,0.01362
25178,3,3.525,0.0264
25178,4,2.629,0.03991
25178,5,1.729,0.07103
25178,6,2.407,0.06849
25178,7,1.738,0.06868
25178,8,1.767,0.04921
25178,9,1.825,0.03458
25178,10,3.668,0.0358
25178,11,3.865,0.0313
25178,12,2.226,0.0075
25181,1,1.02,0.00898
25181,2,2.196,0.01567
25181,3,2.712,0.02898
25181,4,2.863,0.05082
25181,5,2.111,0.07718
25181,6,1.997,0.08328
25181,7,1.659,0.08126
25181,8,1.885,0.06064
25181,9,2.606,0.04263
25181,10,3.736,0.04351
25181,11,3.774,0.03561
25181,12,1.593,0.00768
25183,1,1.915,0.01758
25183,2,3.206,0.01807
25183,3,3.317,0.03765
25183,4,4.168,0.05482
25183,5,2.46,0.08263
25183,6,3.138,0.0968
25183,7,1.984,0.09741
25183,8,2.258,0.08202
25183,9,2.697,0.04831
25183,10,5.359,0.03791
25183,11,4.696,0.03624
25183,12,2.75,0.01325
25200,1,1.6,0.01876
25200,2,3.667,0.03016
25200,3,3.7,0.044
25200,4,2.933,0.04347
25200,5,5.3,0.04891
25200,6,4.0,0.06478
25200,7,2.0,0.05635
25200,8,2.05,0.0401
25200,9,3.25,0.03447
25200,10,4.933,0.04528
25200,11,5.0,0.05556
25200,12,3.667,0.01381
25214,1,5.556,0.00797
25214,2,5.086,0.02211
25214,3,8.338,0.02953
25214,4,8.08,0.04272
25214,5,2.618,0.03311
25214,6,3.816,0.05149
25214,7,2.407,0.04649
25214,8,2.657,0.03998
25214,9,3.351,0.03189
25214,10,5.258,0.03865
25214,11,4.511,0.03894
25214,12,2.697,0.00947
25224,1,2.4,0.01089
25224,2,7.8,0.02395
25224,3,5.4,0.03788
25224,4,6.75,0.03387
25224,5,3.933,0.03931
25224,6,3.9,0.05449
25224,7,1.3,0.03154
25224,8,3.7,0.02556
25224,9,3.2,0.02231
25224,10,9.2,0.01203
25224,11,11.267,0.04418
25224,12,7.8,0.00915
25245,1,4.86,0.01343
25245,2,5.5,0.03511
25245,3,4.033,0.03553
25245,4,4.0,0.05465
25245,5,4.3,0.04487
25245,6,2.6,0.02455
25245,7,3.725,0.02215
25245,8,2.4,0.01862
25245,9,3.28,0.02065
25245,10,6.0,0.04229
25245,11,4.75,0.04203
25245,12,4.525,0.01533
25258,1,4.149,0.01888
25258,2,5.397,0.03118
25258,3,7.388,0.03826
25258,4,5.175,0.04741
25258,5,6.37,0.05978
25258,6,7.817,0.01895
25258,7,1.791,0.01403
25258,8,4.096,0.01199
25258,9,5.885,0.02312
25258,10,10.041,0.07185
25258,11,6.66,0.05648
25258,12,6.561,0.02112
25260,1,2.037,0.00557
25260,2,5.01,0.02193
25260,3,5.014,0.02736
25260,4,4.92,0.03354
25260,5,6.053,0.03194
25260,6,6.172,0.03408
25260,7,3.087,0.02145
25260,8,2.595,0.01797
25260,9,2.929,0.01775
25260,10,4.425,0.03042
25260,11,4.969,0.03928
25260,12,3.571,0.01711
25269,1,1.8,0.00677
25269,2,5.267,0.02601
25269,3,4.6,0.03285
25269,4,5.7,0.04173
25269,5,6.6,0.03992
25269,6,6.2,0.03985
25269,7,2.75,0.02246
25269,8,3.15,0.02078
25269,9,2.75,0.01736
25269,10,4.9,0.03882
25269,11,6.867,0.04755
25269,12,2.4,0.02153
25279,1,0.708,0.00484
25279,2,1.818,0.00996
25279,3,2.148,0.01935
25279,4,2.487,0.03747
25279,5,1.864,0.07336
25279,6,1.753,0.07001
25279,7,1.759,0.07075
25279,8,1.759,0.0503
25279,9,1.893,0.03528
25279,10,2.751,0.035
25279,11,3.119,0.02553
25279,12,1.429,0.00571
25281,1,0.68,0.00531
25281,2,1.592,0.0093
25281,3,1.958,0.0189
25281,4,2.437,0.03632
25281,5,1.956,0.07841
25281,6,1.659,0.07476
25281,7,1.771,0.07366
25281,8,1.791,0.05372
25281,9,2.036,0.03878
25281,10,2.581,0.03594
25281,11,2.889,0.02505
25281,12,1.344,0.00669
25286,1,0.516,0.00194
25286,2,3.652,0.00675
25286,3,2.652,0.00986
25286,4,3.345,0.01158
25286,5,2.701,0.0061
25286,6,5.374,0.0179
25286,7,4.267,0.01292
25286,8,1.689,0.01596
25286,9,2.48,0.01597
25286,10,3.456,0.01888
25286,11,1.804,0.01707
25286,12,1.285,0.00923
25288,1,4.875,0.0172
25288,2,5.617,0.02499
25288,3,4.456,0.03906
25288,4,5.252,0.05978
25288,5,4.653,0.06393
25288,6,5.315,0.06463
25288,7,3.232,0.04658
25288,8,2.798,0.03621
25288,9,3.401,0.02684
25288,10,6.882,0.05237
25288,11,7.324,0.04804
25288,12,3.453,0.01013
25290,1,5.952,0.01194
25290,2,7.046,0.04361
25290,3,7.745,0.04029
25290,4,10.037,0.05353
25290,5,6.113,0.05506
25290,6,5.945,0.04723
25290,7,6.889,0.03962
25290,8,5.186,0.02871
25290,9,4.981,0.03543
25290,10,10.514,0.03342
25290,11,9.066,0.04495
25290,12,7.974,0.01928
25293,1,2.943,0.00731
25293,2,2.599,0.01008
25293,3,9.936,0.02652
25293,4,10.478,0.05282
25293,5,8.242,0.09439
25293,6,8.14,0.09346
25293,7,9.894,0.09215
25293,8,5.438,0.05569
25293,9,7.232,0.04736
25293,10,8.503,0.05253
25293,11,9.46,0.04516
25293,12,8.106,0.01316
25295,1,2.641,0.01876
25295,2,4.147,0.02342
25295,3,3.562,0.04264
25295,4,4.387,0.06305
25295,5,3.263,0.06812
25295,6,4.071,0.10875
25295,7,2.886,0.09017
25295,8,1.826,0.05368
25295,9,2.709,0.04627
25295,10,6.053,0.05273
25295,11,6.473,0.05369
25295,12,2.486,0.01498
25297,1,2.024,0.02166
25297,2,4.719,0.02607
25297,3,3.481,0.05692
25297,4,10.264,0.10979
25297,5,5.573,0.15957
25297,6,6.961,0.18169
25297,7,5.929,0.19015
25297,8,5.42,0.11983
25297,9,6.372,0.09158
25297,10,9.217,0.07569
25297,11,4.746,0.04748
25297,12,1.967,0.02006
25299,1,2.051,0.0211
25299,2,4.747,0.02614
25299,3,3.497,0.05714
25299,4,10.746,0.11216
25299,5,5.801,0.16086
25299,6,7.282,0.18188
25299,7,6.169,0.19066
25299,8,5.681,0.12105
25299,9,6.56,0.09314
25299,10,9.692,0.07679
25299,11,4.803,0.04804
25299,12,2.004,0.02024
25307,1,2.167,0.00542
25307,2,1.683,0.00797
25307,3,11.538,0.02291
25307,4,6.4,0.02998
25307,5,6.3,0.02015
25307,6,3.283,0.01041
25307,7,5.95,0.00967
25307,8,1.675,0.00243
25307,9,4.7,0.0062
25307,10,14.65,0.0339
25307,11,8.525,0.01522
25307,12,3.783,0.00795
25312,1,4.496,0.01011
25312,2,6.708,0.03336
25312,3,6.96,0.0362
25312,4,8.714,0.0506
25312,5,6.336,0.04245
25312,6,4.922,0.0308
25312,7,6.419,0.02423
25312,8,4.459,0.01881
25312,9,4.919,0.02168
25312,10,8.567,0.0333
25312,11,9.773,0.04026
25312,12,7.808,0.01697
25317,1,4.122,0.02008
25317,2,5.18,0.0241
25317,3,4.2,0.04302
25317,4,5.223,0.05679
25317,5,3.996,0.06498
25317,6,4.049,0.07071
25317,7,2.502,0.05712
25317,8,2.569,0.04702
25317,9,2.965,0.03181
25317,10,6.485,0.04834
25317,11,7.221,0.05264
25317,12,3.898,0.01384
25320,1,7.433,0.01064
25320,2,10.7,0.02731
25320,3,16.087,0.04064
25320,4,11.6,0.03793
25320,5,10.988,0.03733
25320,6,10.15,0.03532
25320,7,6.046,0.02154
25320,8,7.508,0.01857
25320,9,7.7,0.02678
25320,10,14.225,0.04694
25320,11,14.233,0.05662
25320,12,11.3,0.03216
25322,1,2.692,0.04734
25322,2,3.363,0.02968
25322,3,3.325,0.07507
25322,4,3.442,0.10761
25322,5,2.175,0.19902
25322,6,2.767,0.26572
25322,7,2.95,0.26597
25322,8,2.333,0.14641
25322,9,3.158,0.09896
25322,10,2.717,0.08286
25322,11,3.833,0.04655
25322,12,1.583,0.02762
25324,1,3.026,0.0039
25324,2,5.802,0.01353
25324,3,11.083,0.02805
25324,4,5.791,0.02686
25324,5,7.684,0.0286
25324,6,7.159,0.02215
25324,7,4.781,0.01487
25324,8,2.911,0.0072
25324,9,4.382,0.00935
25324,10,11.222,0.02786
25324,11,13.058,0.02778
25324,12,5.712,0.01099
25326,1,2.397,0.03344
25326,2,2.971,0.02401
25326,3,2.809,0.05615
25326,4,3.556,0.08511
25326,5,2.16,0.14004
25326,6,2.798,0.19396
25326,7,2.53,0.1875
25326,8,1.807,0.10733
25326,9,2.461,0.07366
25326,10,3.971,0.06785
25326,11,4.239,0.04788
25326,12,1.667,0.02102
25328,1,4.312,0.02304
25328,2,3.943,0.01843
25328,3,7.528,0.04699
25328,4,5.873,0.05268
25328,5,7.608,0.05519
25328,6,5.388,0.02452
25328,7,4.045,0.01579
25328,8,3.456,0.01169
25328,9,4.04,0.02569
25328,10,7.421,0.06775
25328,11,6.743,0.05441
25328,12,5.036,0.0151
25335,1,1.652,0.01132
25335,2,1.298,0.01427
25335,3,4.93,0.02909
25335,4,6.029,0.05049
25335,5,5.666,0.09861
25335,6,3.745,0.08448
25335,7,6.063,0.089
25335,8,5.49,0.07091
25335,9,5.406,0.05626
25335,10,3.748,0.05632
25335,11,3.645,0.0359
25335,12,2.382,0.01934
25339,1,0.55,0.00459
25339,2,1.807,0.01034
25339,3,2.362,0.02108
25339,4,2.472,0.03685
25339,5,1.933,0.0788
25339,6,1.85,0.07534
25339,7,1.768,0.07365
25339,8,1.801,0.05414
25339,9,2.046,0.03934
25339,10,2.841,0.03641
25339,11,3.079,0.02681
25339,12,1.583,0.00749
25368,1,4.067,0.00444
25368,2,7.505,0.01941
25368,3,12.289,0.02963
25368,4,8.783,0.03411
25368,5,9.85,0.03197
25368,6,8.821,0.02545
25368,7,5.489,0.01594
25368,8,6.188,0.01235
25368,9,7.649,0.01687
25368,10,8.097,0.02575
25368,11,10.762,0.03142
25368,12,10.462,0.01501
25372,1,2.151,0.02566
25372,2,4.507,0.02672
25372,3,3.464,0.06009
25372,4,9.386,0.11074
25372,5,5.129,0.16692
25372,6,6.435,0.19591
25372,7,5.562,0.20317
25372,8,5.047,0.12498
25372,9,5.937,0.09369
25372,10,8.389,0.0775
25372,11,4.624,0.04763
25372,12,1.923,0.02143
25377,1,2.392,0.03018
25377,2,1.921,0.03277
25377,3,3.025,0.06086
25377,4,4.021,0.09704
25377,5,3.721,0.12254
25377,6,2.029,0.16481
25377,7,1.34,0.14166
25377,8,2.575,0.12248
25377,9,6.35,0.09254
25377,10,6.183,0.08281
25377,11,4.654,0.07004
25377,12,1.25,0.01996
25386,1,1.6,0.00304
25386,2,7.8,0.01884
25386,3,10.6,0.03134
25386,4,12.867,0.03539
25386,5,8.9,0.03276
25386,6,6.467,0.03238
25386,7,9.133,0.01753
25386,8,6.333,0.01405
25386,9,7.6,0.00968
25386,10,8.1,0.02501
25386,11,18.5,0.03187
25386,12,12.4,0.01547
25394,1,3.333,0.028
25394,2,1.267,0.02792
25394,3,2.9,0.02981
25394,4,1.95,0.05222
25394,5,3.2,0.05051
25394,6,8.1,0.02222
25394,7,2.3,0.02909
25394,8,4.4,0.01654
25394,9,7.5,0.026
25394,10,8.9,0.11383
25394,11,5.1,0.06364
25394,12,5.35,0.02751
25398,1,2.978,0.01281
25398,2,6.746,0.02647
25398,3,9.727,0.03888
25398,4,6.709,0.03767
25398,5,10.889,0.06674
25398,6,8.621,0.02024
25398,7,2.18,0.01152
25398,8,3.561,0.00815
25398,9,5.335,0.01799
25398,10,10.097,0.0418
25398,11,5.332,0.03413
25398,12,6.413,0.01525
25402,1,4.788,0.02213
25402,2,5.385,0.02121
25402,3,9.733,0.04933
25402,4,6.891,0.05046
25402,5,9.198,0.06136
25402,6,6.622,0.01956
25402,7,3.503,0.01186
25402,8,3.742,0.00815
25402,9,4.534,0.024
25402,10,9.719,0.06597
25402,11,6.923,0.05083
25402,12,6.935,0.01505
25407,1,3.601,0.01604
25407,2,6.11,0.02426
25407,3,4.833,0.04081
25407,4,5.575,0.05106
25407,5,4.124,0.06192
25407,6,4.617,0.07009
25407,7,2.427,0.05459
25407,8,3.121,0.04388
25407,9,3.36,0.03144
25407,10,7.492,0.03631
25407,11,8.433,0.04443
25407,12,4.936,0.01104
25426,1,2.155,0.0177
25426,2,2.875,0.01795
25426,3,3.474,0.04237
25426,4,3.677,0.06142
25426,5,3.313,0.10079
25426,6,3.963,0.10997
25426,7,3.707,0.12867
25426,8,2.65,0.09904
25426,9,4.138,0.06357
25426,10,4.0,0.05232
25426,11,3.913,0.0322
25426,12,1.19,0.01507
25430,1,1.505,0.00346
25430,2,4.351,0.01385
25430,3,4.22,0.01761
25430,4,3.925,0.02045
25430,5,4.451,0.01742
25430,6,5.853,0.02463
25430,7,3.727,0.01724
25430,8,1.978,0.01571
25430,9,2.799,0.017
25430,10,3.8,0.02184
25430,11,2.805,0.02643
25430,12,3.16,0.01195
25436,1,1.636,0.0093
25436,2,4.766,0.02094
25436,3,3.296,0.04108
25436,4,9.736,0.08548
25436,5,5.713,0.1145
25436,6,6.685,0.11734
25436,7,5.859,0.13053
25436,8,5.095,0.09
25436,9,6.477,0.07115
25436,10,8.826,0.06155
25436,11,4.942,0.04196
25436,12,1.874,0.01363
25438,1,4.8,0.00626
25438,2,0.8,0.00523
25438,3,18.3,0.02857
25438,4,18.4,0.06217
25438,5,11.5,0.10557
25438,6,14.3,0.11117
25438,7,17.0,0.10323
25438,8,6.3,0.03806
25438,9,5.5,0.03452
25438,10,9.3,0.03543
25438,11,11.8,0.05317
25438,12,14.4,0.01815
25473,1,0.367,0.00149
25473,2,3.6,0.00575
25473,3,2.45,0.00851
25473,4,3.26,0.00924
25473,5,2.533,0.00365
25473,6,5.375,0.01634
25473,7,4.35,0.01169
25473,8,1.65,0.01545
25473,9,2.375,0.01532
25473,10,3.367,0.01811
25473,11,1.6,0.01569
25473,12,1.1,0.00896
25483,1,1.886,0.00381
25483,2,3.97,0.01033
25483,3,9.322,0.02314
25483,4,5.372,0.02645
25483,5,6.524,0.02516
25483,6,5.488,0.01752
25483,7,5.252,0.01306
25483,8,2.724,0.00696
25483,9,4.348,0.00813
25483,10,12.413,0.02884
25483,11,12.742,0.02209
25483,12,3.797,0.00833
25486,1,2.675,0.00844
25486,2,3.3,0.01769
25486,3,2.9,0.02873
25486,4,3.75,0.04379
25486,5,2.85,0.01954
25486,6,4.0,0.06241
25486,7,2.167,0.03487
25486,8,0.825,0.02321
25486,9,1.333,0.02835
25486,10,7.75,0.04373
25486,11,7.325,0.05937
25486,12,2.45,0.01083
25488,1,2.884,0.00466
25488,2,6.305,0.01841
25488,3,9.091,0.02977
25488,4,6.554,0.02984
25488,5,7.011,0.03293
25488,6,7.34,0.02618
25488,7,5.671,0.01888
25488,8,3.838,0.01159
25488,9,4.331,0.01398
25488,10,12.598,0.02769
25488,11,15.572,0.03186
25488,12,5.06,0.01111
25489,1,4.0,0.00777
25489,2,10.0,0.03492
25489,3,12.825,0.04684
25489,4,9.267,0.04138
25489,5,12.35,0.07146
25489,6,10.55,0.01824
25489,7,0.75,0.00713
25489,8,4.0,0.00638
25489,9,4.95,0.01562
25489,10,14.267,0.04284
25489,11,7.45,0.04116
25489,12,9.125,0.01858
25491,1,3.442,0.01065
25491,2,7.943,0.02722
25491,3,11.23,0.04076
25491,4,7.862,0.03471
25491,5,11.753,0.06298
25491,6,8.732,0.02042
25491,7,2.287,0.009
25491,8,3.801,0.00705
25491,9,4.75,0.01537
25491,10,10.561,0.03514
25491,11,6.143,0.0316
25491,12,7.67,0.0162
25506,1,3.353,0.01991
25506,2,4.243,0.03883
25506,3,6.747,0.05486
25506,4,4.775,0.07598
25506,5,2.453,0.06877
25506,6,3.844,0.05303
25506,7,3.114,0.03623
25506,8,2.3,0.02879
25506,9,2.812,0.0228
25506,10,3.746,0.04311
25506,11,3.73,0.04109
25506,12,2.789,0.01683
25513,1,5.45,0.02035
25513,2,5.267,0.03097
25513,3,6.7,0.03903
25513,4,4.45,0.04838
25513,5,3.2,0.05779
25513,6,4.0,0.01539
25513,7,2.4,0.00211
25513,8,3.8,0.01281
25513,9,4.85,0.02858
25513,10,6.3,0.05085
25513,11,7.8,0.06592
25513,12,5.0,0.01558
25518,1,8.867,0.01459
25518,2,12.652,0.0382
25518,3,13.337,0.06866
25518,4,15.71,0.07339
25518,5,11.496,0.06026
25518,6,13.667,0.051
25518,7,13.372,0.03308
25518,8,9.387,0.02551
25518,9,10.482,0.04668
25518,10,12.648,0.0671
25518,11,12.073,0.07091
25518,12,8.571,0.02827
25524,1,4.479,0.01455
25524,2,5.445,0.04196
25524,3,6.75,0.04609
25524,4,7.116,0.06384
25524,5,4.418,0.06535
25524,6,4.69,0.05408
25524,7,5.018,0.04202
25524,8,3.972,0.03225
25524,9,4.086,0.032
25524,10,7.121,0.03866
25524,11,6.392,0.04279
25524,12,5.378,0.01813
25530,1,3.71,0.00598
25530,2,1.452,0.00745
25530,3,14.058,0.02266
25530,4,17.078,0.06876
25530,5,11.225,0.09525
25530,6,12.745,0.1007
25530,7,15.401,0.09833
25530,8,9.83,0.04551
25530,9,7.824,0.03928
25530,10,11.525,0.04896
25530,11,11.796,0.04694
25530,12,10.5,0.01503
25535,1,5.133,0.01536
25535,2,5.225,0.04558
25535,3,5.1,0.03767
25535,4,2.75,0.04711
25535,5,2.667,0.07362
25535,6,2.233,0.06204
25535,7,2.733,0.05267
25535,8,2.433,0.04063
25535,9,3.867,0.03913
25535,10,4.167,0.05238
25535,11,4.667,0.04634
25535,12,4.4,0.01531
25572,1,5.233,0.01218
25572,2,9.0,0.02427
25572,3,13.958,0.03629
25572,4,15.25,0.06503
25572,5,18.283,0.07716
25572,6,11.125,0.03271
25572,7,5.15,0.02143
25572,8,9.425,0.01642
25572,9,13.625,0.03472
25572,10,10.875,0.05826
25572,11,17.15,0.06313
25572,12,13.125,0.0261
25580,1,3.055,0.00523
25580,2,6.026,0.01774
25580,3,9.771,0.02266
25580,4,7.796,0.03413
25580,5,9.378,0.03027
25580,6,8.736,0.01627
25580,7,5.49,0.01201
25580,8,9.322,0.0167
25580,9,10.717,0.02456
25580,10,10.046,0.03086
25580,11,9.683,0.02683
25580,12,8.511,0.01034
25592,1,0.15,0.01758
25592,2,1.333,0.00393
25592,3,5.45,0.02328
25592,4,2.7,0.02021
25592,5,11.3,0.0634
25592,6,3.933,0.02432
25592,7,5.8,0.01331
25592,8,1.975,0.00815
25592,9,5.15,0.01975
25592,10,0.0,0.0
25592,11,0.0,0.0
25592,12,0.0,0.0
25594,1,0.525,0.00752
25594,2,0.525,0.00627
25594,3,1.1,0.01703
25594,4,2.2,0.0308
25594,5,2.4,0.10304
25594,6,1.233,0.09796
25594,7,1.833,0.08781
25594,8,1.95,0.07042
25594,9,2.733,0.05589
25594,10,1.8,0.04058
25594,11,1.8,0.02297
25594,12,0.967,0.01159
25596,1,3.363,0.00424
25596,2,7.502,0.02147
25596,3,11.211,0.03239
25596,4,9.512,0.03521
25596,5,9.122,0.03439
25596,6,7.461,0.03297
25596,7,6.166,0.02035
25596,8,4.53,0.01239
25596,9,5.968,0.01336
25596,10,6.707,0.02354
25596,11,12.159,0.03517
25596,12,11.093,0.01613
25599,1,5.193,0.00562
25599,2,8.035,0.02304
25599,3,12.753,0.03454
25599,4,7.978,0.03719
25599,5,9.393,0.03494
25599,6,8.24,0.02979
25599,7,4.637,0.01907
25599,8,3.655,0.01045
25599,9,5.092,0.01393
25599,10,6.577,0.02542
25599,11,9.246,0.03584
25599,12,10.391,0.01783
25612,1,1.8,0.00152
25612,2,9.0,0.01489
25612,3,7.2,0.02939
25612,4,3.3,0.01738
25612,5,7.15,0.03625
25612,6,10.133,0.03115
25612,7,3.9,0.01877
25612,8,4.167,0.01304
25612,9,3.467,0.01045
25612,10,10.5,0.0248
25612,11,22.8,0.03857
25612,12,3.8,0.00875
25645,1,3.579,0.00822
25645,2,6.285,0.02769
25645,3,7.249,0.03315
25645,4,7.029,0.04361
25645,5,6.748,0.03938
25645,6,4.973,0.03037
25645,7,5.2,0.02215
25645,8,3.612,0.01591
25645,9,4.81,0.01713
25645,10,6.219,0.03146
25645,11,8.903,0.03865
25645,12,8.066,0.01515
25649,1,4.585,0.01462
25649,2,5.439,0.04246
25649,3,6.551,0.04492
25649,4,6.591,0.06153
25649,5,4.214,0.06629
25649,6,4.389,0.05503
25649,7,4.748,0.04338
25649,8,3.789,0.03329
25649,9,4.07,0.03298
25649,10,6.786,0.04036
25649,11,6.206,0.04328
25649,12,5.288,0.01778
25653,1,6.823,0.0168
25653,2,8.062,0.0311
25653,3,8.052,0.04994
25653,4,9.29,0.06498
25653,5,7.315,0.06097
25653,6,8.518,0.04326
25653,7,6.594,0.02576
25653,8,5.061,0.0216
25653,9,6.198,0.03194
25653,10,7.978,0.06364
25653,11,9.038,0.06246
25653,12,5.222,0.01695
25658,1,3.939,0.01897
25658,2,5.155,0.02304
25658,3,7.991,0.04779
25658,4,6.422,0.05406
25658,5,8.295,0.06237
25658,6,6.595,0.0244
25658,7,2.944,0.01497
25658,8,3.314,0.01184
25658,9,4.222,0.02512
25658,10,9.049,0.06353
25658,11,6.866,0.05556
25658,12,4.98,0.01522
25662,1,3.749,0.01519
25662,2,4.683,0.01704
25662,3,8.645,0.03244
25662,4,6.587,0.04094
25662,5,8.813,0.04094
25662,6,7.218,0.01515
25662,7,4.834,0.01116
25662,8,7.679,0.01414
25662,9,8.558,0.02705
25662,10,9.673,0.05076
25662,11,7.582,0.03618
25662,12,6.933,0.0113
25718,1,5.4,0.03453
25718,2,2.05,0.01355
25718,3,7.35,0.05886
25718,4,5.15,0.07062
25718,5,6.95,0.07244
25718,6,4.4,0.01741
25718,7,4.45,0.0146
25718,8,3.0,0.00898
25718,9,4.8,0.03649
25718,10,8.7,0.09379
25718,11,6.5,0.07018
25718,12,4.2,0.00869
25736,1,1.341,0.00934
25736,2,1.707,0.0125
25736,3,1.357,0.01968
25736,4,3.712,0.04547
25736,5,1.884,0.04509
25736,6,2.199,0.06765
25736,7,1.545,0.05563
25736,8,0.968,0.04667
25736,9,1.269,0.02885
25736,10,5.149,0.03953
25736,11,3.461,0.04476
25736,12,1.535,0.00849
25740,1,5.508,0.01293
25740,2,6.306,0.04155
25740,3,6.26,0.03852
25740,4,7.12,0.05277
25740,5,5.026,0.05532
25740,6,4.384,0.04335
25740,7,5.304,0.03691
25740,8,3.942,0.02788
25740,9,4.316,0.0319
25740,10,8.182,0.03909
25740,11,7.117,0.04437
25740,12,6.406,0.01751
25743,1,6.4,0.01021
25743,2,8.0,0.04305
25743,3,9.2,0.04178
25743,4,13.85,0.05659
25743,5,7.867,0.04656
25743,6,7.9,0.04113
25743,7,9.05,0.03412
25743,8,6.65,0.02341
25743,9,5.6,0.03433
25743,10,13.8,0.02382
25743,11,11.4,0.04442
25743,12,9.867,0.0214
25745,1,6.12,0.02359
25745,2,5.618,0.03096
25745,3,6.963,0.05067
25745,4,5.935,0.06244
25745,5,7.413,0.05742
25745,6,7.032,0.04249
25745,7,7.353,0.03043
25745,8,5.839,0.02734
25745,9,6.859,0.03242
25745,10,8.648,0.0705
25745,11,7.697,0.06384
25745,12,4.649,0.02095
25754,1,2.127,0.00719
25754,2,4.146,0.01778
25754,3,4.76,0.02524
25754,4,4.322,0.0393
25754,5,4.399,0.03438
25754,6,5.238,0.03613
25754,7,3.346,0.02737
25754,8,2.14,0.02267
25754,9,3.697,0.02387
25754,10,4.514,0.02833
25754,11,4.229,0.03255
25754,12,3.06,0.01214
25758,1,3.833,0.02933
25758,2,4.938,0.02865
25758,3,5.723,0.05619
25758,4,5.937,0.08083
25758,5,2.998,0.12162
25758,6,3.7,0.16147
25758,7,3.167,0.15789
25758,8,2.844,0.09114
25758,9,3.723,0.06567
25758,10,3.961,0.0617
25758,11,4.892,0.04418
25758,12,2.482,0.01905
25769,1,5.759,0.01111
25769,2,6.163,0.02726
25769,3,8.573,0.03458
25769,4,8.015,0.04789
25769,5,3.325,0.03886
25769,6,4.307,0.03883
25769,7,2.851,0.03162
25769,8,3.351,0.02688
25769,9,4.071,0.02797
25769,10,5.565,0.04051
25769,11,6.187,0.04612
25769,12,3.773,0.01057
25772,1,0.675,0.00879
25772,2,0.74,0.00819
25772,3,0.375,0.01282
25772,4,3.775,0.04648
25772,5,1.067,0.05692
25772,6,1.15,0.07046
25772,7,1.2,0.06549
25772,8,0.925,0.05858
25772,9,1.033,0.02851
25772,10,3.925,0.03692
25772,11,1.45,0.03665
25772,12,0.875,0.00681
25777,1,5.06,0.01908
25777,2,6.049,0.02948
25777,3,8.411,0.04397
25777,4,5.823,0.04976
25777,5,6.159,0.06352
25777,6,5.787,0.01643
25777,7,2.262,0.00525
25777,8,3.737,0.01056
25777,9,4.869,0.02631
25777,10,8.751,0.05497
25777,11,7.519,0.06
25777,12,5.973,0.01537
25779,1,4.854,0.01759
25779,2,5.765,0.0267
25779,3,4.841,0.03997
25779,4,5.384,0.05599
25779,5,5.066,0.05445
25779,6,4.895,0.05151
25779,7,3.592,0.0325
25779,8,3.369,0.02572
25779,9,3.78,0.02297
25779,10,7.222,0.05177
25779,11,7.648,0.05384
25779,12,4.411,0.01246
25781,1,4.178,0.01443
25781,2,5.638,0.02311
25781,3,4.143,0.03456
25781,4,5.487,0.05319
25781,5,4.278,0.05452
25781,6,4.698,0.05795
25781,7,2.716,0.0379
25781,8,2.751,0.02988
25781,9,3.078,0.02245
25781,10,7.104,0.04419
25781,11,7.563,0.04738
25781,12,4.001,0.00881
25785,1,6.052,0.0079
25785,2,6.021,0.02548
25785,3,9.262,0.03201
25785,4,8.849,0.04361
25785,5,3.167,0.02966
25785,6,4.137,0.04334
25785,7,2.57,0.03934
25785,8,2.973,0.03063
25785,9,3.411,0.02635
25785,10,5.36,0.03674
25785,11,5.405,0.04064
25785,12,3.418,0.00885
25793,1,1.911,0.00934
25793,2,3.872,0.01648
25793,3,2.845,0.02627
25793,4,4.717,0.04153
25793,5,2.593,0.0385
25793,6,3.004,0.0626
25793,7,1.563,0.04416
25793,8,1.778,0.03593
25793,9,1.828,0.02647
25793,10,6.92,0.03129
25793,11,6.598,0.04683
25793,12,3.627,0.00893
25797,1,3.213,0.00697
25797,2,6.536,0.0258
25797,3,8.03,0.03262
25797,4,7.996,0.04121
25797,5,7.309,0.03797
25797,6,5.465,0.03143
25797,7,5.765,0.02175
25797,8,4.033,0.01534
25797,9,5.285,0.01595
25797,10,6.415,0.02925
25797,11,10.367,0.03754
25797,12,8.981,0.01515
25799,1,5.485,0.00563
25799,2,5.786,0.0214
25799,3,8.596,0.02648
25799,4,8.411,0.03709
25799,5,2.825,0.02277
25799,6,4.354,0.03614
25799,7,2.915,0.03257
25799,8,2.807,0.02691
25799,9,3.207,0.02343
25799,10,5.044,0.03247
25799,11,4.735,0.03469
25799,12,2.975,0.00836
25805,1,6.233,0.01049
25805,2,7.717,0.04216
25805,3,9.05,0.04094
25805,4,12.257,0.05426
25805,5,7.419,0.04895
25805,6,7.356,0.04296
25805,7,8.051,0.03543
25805,8,5.992,0.02455
25805,9,5.369,0.03375
25805,10,12.297,0.02698
25805,11,10.466,0.04415
25805,12,9.317,0.02056
25807,1,2.379,0.01131
25807,2,3.587,0.01821
25807,3,3.087,0.04231
25807,4,9.228,0.08741
25807,5,5.918,0.11499
25807,6,6.957,0.12232
25807,7,6.477,0.13904
25807,8,5.572,0.09805
25807,9,6.071,0.07652
25807,10,8.847,0.06825
25807,11,5.177,0.04226
25807,12,1.928,0.01611
25815,1,4.085,0.00395
25815,2,7.035,0.01645
25815,3,12.443,0.03072
25815,4,6.463,0.02891
25815,5,8.78,0.03066
25815,6,8.335,0.02572
25815,7,4.419,0.01649
25815,8,3.156,0.00772
25815,9,4.57,0.01087
25815,10,9.373,0.02537
25815,11,11.779,0.0311
25815,12,7.734,0.01385
25817,1,2.619,0.0245
25817,2,4.675,0.02679
25817,3,3.967,0.05049
25817,4,4.791,0.07392
25817,5,3.534,0.09522
25817,6,4.138,0.13403
25817,7,3.321,0.12053
25817,8,2.424,0.07048
25817,9,3.535,0.05618
25817,10,5.084,0.05764
25817,11,6.003,0.05037
25817,12,2.525,0.01727
25823,1,6.268,0.02255
25823,2,6.732,0.03379
25823,3,8.136,0.04826
25823,4,8.285,0.06432
25823,5,7.225,0.05525
25823,6,11.328,0.04119
25823,7,8.944,0.03631
25823,8,7.587,0.0238
25823,9,9.692,0.03743
25823,10,12.281,0.09621
25823,11,8.158,0.06694
25823,12,7.057,0.03052
25839,1,2.174,0.0106
25839,2,4.338,0.01971
25839,3,4.217,0.04253
25839,4,11.593,0.0968
25839,5,7.817,0.13417
25839,6,8.143,0.13376
25839,7,7.643,0.14157
25839,8,7.388,0.10381
25839,9,9.041,0.08684
25839,10,12.58,0.07989
25839,11,7.028,0.04855
25839,12,3.463,0.01663
25841,1,0.711,0.0045
25841,2,1.965,0.01042
25841,3,2.292,0.01981
25841,4,2.518,0.03816
25841,5,1.811,0.07059
25841,6,1.823,0.06742
25841,7,1.751,0.06913
25841,8,1.742,0.04844
25841,9,1.814,0.03339
25841,10,2.869,0.03452
25841,11,3.265,0.02597
25841,12,1.499,0.00525
25843,1,6.133,0.01803
25843,2,5.225,0.02574
25843,3,4.1,0.03697
25843,4,5.0,0.0677
25843,5,5.2,0.0643
25843,6,6.0,0.05761
25843,7,4.0,0.03628
25843,8,2.5,0.02664
25843,9,3.433,0.02124
25843,10,6.367,0.06753
25843,11,6.367,0.05186
25843,12,2.1,0.00901
25845,1,0.2,0.00153
25845,2,2.867,0.01468
25845,3,3.933,0.02857
25845,4,2.667,0.04051
25845,5,1.7,0.07107
25845,6,2.6,0.06875
25845,7,1.733,0.06848
25845,8,1.775,0.0494
25845,9,1.825,0.0349
25845,10,3.933,0.0362
25845,11,4.067,0.03306
25845,12,2.467,0.00822
25851,1,1.959,0.01433
25851,2,4.578,0.01434
25851,3,8.525,0.03115
25851,4,5.371,0.02753
25851,5,11.523,0.06232
25851,6,6.3,0.02411
25851,7,4.581,0.01275
25851,8,3.127,0.00894
25851,9,5.401,0.01956
25851,10,5.201,0.01611
25851,11,3.517,0.01684
25851,12,3.586,0.00838
25862,1,3.717,0.00892
25862,2,9.125,0.03169
25862,3,12.127,0.04432
25862,4,8.65,0.03876
25862,5,12.141,0.0687
25862,6,9.809,0.01907
25862,7,1.36,0.00787
25862,8,3.879,0.00664
25862,9,4.897,0.01568
25862,10,12.732,0.03925
25862,11,6.835,0.03707
25862,12,8.415,0.01731
25867,1,5.561,0.02165
25867,2,5.794,0.01965
25867,3,10.707,0.04613
25867,4,7.579,0.04637
25867,5,9.03,0.04995
25867,6,6.605,0.02422
25867,7,4.841,0.0152
25867,8,4.709,0.01107
25867,9,5.099,0.02491
25867,10,9.483,0.06346
25867,11,8.584,0.0515
25867,12,7.806,0.01926
25871,1,6.033,0.02132
25871,2,6.147,0.03275
25871,3,7.636,0.04369
25871,4,6.252,0.05621
25871,5,5.071,0.05701
25871,6,7.365,0.02875
25871,7,5.89,0.01836
25871,8,5.794,0.01872
25871,9,7.214,0.03332
25871,10,9.48,0.07024
25871,11,8.002,0.06644
25871,12,5.988,0.02279
25873,1,2.633,0.02994
25873,2,2.025,0.02234
25873,3,4.35,0.05882
25873,4,2.65,0.07704
25873,5,2.6,0.13584
25873,6,4.3,0.14986
25873,7,3.15,0.17217
25873,8,2.367,0.14274
25873,9,3.767,0.084
25873,10,3.833,0.05736
25873,11,2.767,0.0302
25873,12,0.733,0.02172
25875,1,4.483,0.01444
25875,2,6.746,0.02142
25875,3,10.9,0.03538
25875,4,7.633,0.02452
25875,5,10.075,0.03292
25875,6,6.725,0.02448
25875,7,4.475,0.01161
25875,8,4.767,0.00838
25875,9,3.688,0.01051
25875,10,7.183,0.04015
25875,11,7.15,0.02685
25875,12,9.55,0.02259
25878,1,5.872,0.00862
25878,2,7.672,0.03234
25878,3,10.379,0.03755
25878,4,9.111,0.04686
25878,5,8.141,0.04075
25878,6,7.44,0.0329
25878,7,5.724,0.02506
25878,8,4.331,0.01601
25878,9,4.806,0.02259
25878,10,8.967,0.02734
25878,11,8.609,0.04015
25878,12,9.182,0.01894
25885,1,10.9,0.01591
25885,2,14.467,0.04351
25885,3,15.933,0.07326
25885,4,16.4,0.08251
25885,5,12.467,0.06277
25885,6,15.7,0.07328
25885,7,19.8,0.04995
25885,8,12.95,0.03758
25885,9,13.35,0.05519
25885,10,18.9,0.07063
25885,11,12.067,0.07125
25885,12,9.467,0.03683
25898,1,3.219,0.0064
25898,2,5.649,0.02631
25898,3,7.184,0.03201
25898,4,5.364,0.03812
25898,5,7.555,0.03895
25898,6,6.602,0.03752
25898,7,3.047,0.02561
25898,8,2.687,0.01606
25898,9,3.666,0.01916
25898,10,4.665,0.02768
25898,11,5.393,0.04293
25898,12,6.692,0.01666
25899,1,2.5,0.01641
25899,2,7.14,0.03191
25899,3,5.517,0.04569
25899,4,7.0,0.0676
25899,5,5.442,0.0608
25899,6,5.583,0.06912
25899,7,4.683,0.05457
25899,8,3.904,0.03825
25899,9,5.817,0.03908
25899,10,5.05,0.04538
25899,11,6.95,0.04621
25899,12,3.5,0.01287
27001,1,13.6,0.16175
27001,2,11.338,0.08101
27001,3,7.55,0.14018
27001,4,4.37,0.04392
27001,5,13.413,0.12095
27001,6,11.854,0.13036
27001,7,11.467,0.1484
27001,8,9.467,0.08726
27001,9,8.862,0.12773
27001,10,8.55,0.17064
27001,11,5.467,0.16435
27001,12,8.7,0.19147
27006,1,6.612,0.02262
27006,2,8.845,0.0065
27006,3,6.911,0.01088
27006,4,11.2,0.04421
27006,5,9.881,0.05375
27006,6,18.582,0.07212
27006,7,12.79,0.05597
27006,8,13.383,0.05337
27006,9,15.628,0.04824
27006,10,14.541,0.03916
27006,11,6.267,0.01508
27006,12,5.934,0.01268
27025,1,9.95,0.08356
27025,2,10.6,0.07391
27025,3,14.7,0.07782
27025,4,12.0,0.1246
27025,5,7.9,0.14724
27025,6,7.9,0.14633
27025,7,6.6,0.14631
27025,8,18.0,0.11031
27025,9,9.45,0.07363
27025,10,12.1,0.13914
27025,11,9.6,0.14355
27025,12,13.2,0.10758
27050,1,5.5,0.44377
27050,2,3.7,0.4628
27050,3,5.3,0.44647
27050,4,7.35,0.09544
27050,5,12.1,0.11691
27050,6,10.567,0.1972
27050,7,6.65,0.28404
27050,8,5.85,0.28743
27050,9,2.225,0.21068
27050,10,4.7,0.19472
27050,11,10.15,0.0875
27050,12,8.6,0.11906
27073,1,11.9,0.11629
27073,2,15.0,0.14311
27073,3,11.1,0.14195
27073,4,17.0,0.15481
27073,5,19.4,0.16982
27073,6,10.6,0.1676
27073,7,20.3,0.1399
27073,8,23.3,0.11629
27073,9,16.2,0.16667
27073,10,11.8,0.1869
27073,11,14.6,0.2331
27073,12,20.4,0.12567
27075,1,2.7,0.14267
27075,2,2.5,0.2099
27075,3,2.55,0.20934
27075,4,3.9,0.21625
27075,5,6.28,0.06641
27075,6,6.05,0.08733
27075,7,6.933,0.21135
27075,8,8.925,0.13999
27075,9,3.86,0.11274
27075,10,4.55,0.15366
27075,11,5.725,0.14736
27075,12,3.225,0.10656
27077,1,6.661,0.16213
27077,2,6.03,0.15236
27077,3,9.3,0.20007
27077,4,12.018,0.22381
27077,5,12.53,0.21708
27077,6,8.818,0.22855
27077,7,7.131,0.21874
27077,8,11.547,0.16706
27077,9,12.14,0.14315
27077,10,10.945,0.16031
27077,11,10.78,0.26063
27077,12,8.841,0.26462
27099,1,10.2,0.44814
27099,2,9.65,0.3367
27099,3,10.55,0.24544
27099,4,12.767,0.34767
27099,5,11.85,0.14333
27099,6,11.533,0.34723
27099,7,5.95,0.43041
27099,8,5.667,0.46961
27099,9,10.025,0.41378
27099,10,8.633,0.34247
27099,11,9.3,0.37691
27099,12,8.85,0.45621
27135,1,6.218,0.35582
27135,2,6.578,0.34371
27135,3,8.512,0.36061
27135,4,12.337,0.20858
27135,5,15.582,0.23397
27135,6,11.547,0.26148
27135,7,7.889,0.23158
27135,8,9.8,0.28114
27135,9,9.852,0.25486
27135,10,8.926,0.28582
27135,11,10.784,0.2669
27135,12,7.07,0.30153
27150,1,2.452,0.00661
27150,2,3.227,0.01598
27150,3,2.907,0.01324
27150,4,16.22,0.05716
27150,5,11.126,0.08133
27150,6,17.224,0.07781
27150,7,9.37,0.07064
27150,8,9.35,0.06188
27150,9,9.991,0.07532
27150,10,9.554,0.06974
27150,11,13.345,0.09901
27150,12,5.383,0.05231
27160,1,5.9,0.40259
27160,2,7.4,0.38681
27160,3,10.6,0.39712
27160,4,6.533,0.16637
27160,5,10.42,0.24251
27160,6,6.45,0.21166
27160,7,7.9,0.16763
27160,8,6.767,0.32231
27160,9,8.66,0.16851
27160,10,6.625,0.32227
27160,11,6.95,0.26344
27160,12,6.75,0.2529
27205,1,5.27,0.07396
27205,2,3.249,0.0869
27205,3,6.763,0.17198
27205,4,9.303,0.2214
27205,5,17.299,0.22072
27205,6,10.607,0.21129
27205,7,9.633,0.17119
27205,8,10.157,0.14907
27205,9,9.148,0.16853
27205,10,8.76,0.19071
27205,11,13.789,0.22965
27205,12,4.897,0.27058
27245,1,4.62,0.04074
27245,2,4.25,0.05354
27245,3,5.05,0.0515
27245,4,5.583,0.05378
27245,5,5.583,0.05915
27245,6,5.5,0.05232
27245,7,6.87,0.0538
27245,8,6.138,0.04387
27245,9,6.283,0.04648
27245,10,5.883,0.0756
27245,11,4.583,0.07279
27245,12,5.383,0.06369
27250,1,8.786,0.14118
27250,2,7.999,0.11963
27250,3,11.557,0.13895
27250,4,7.836,0.10557
27250,5,6.758,0.09581
27250,6,2.72,0.09451
27250,7,1.777,0.09626
27250,8,3.663,0.0749
27250,9,8.137,0.0613
27250,10,11.914,0.06521
27250,11,13.352,0.15361
27250,12,10.976,0.15749
27361,1,5.0,0.00091
27361,2,2.4,0.02038
27361,3,6.4,0.12336
27361,4,8.2,0.22271
27361,5,17.5,0.2176
27361,6,10.1,0.19537
27361,7,10.1,0.15183
27361,8,10.1,0.11582
27361,9,8.9,0.1411
27361,10,8.6,0.1671
27361,11,14.4,0.21952
27361,12,4.3,0.25986
27372,1,8.9,0.00672
27372,2,4.3,0.00843
27372,3,0.1,0.00068
27372,4,14.8,0.04468
27372,5,14.6,0.1041
27372,6,12.5,0.12781
27372,7,11.8,0.11071
27372,8,10.7,0.07415
27372,9,9.1,0.0544
27372,10,12.2,0.12324
27372,11,8.8,0.12685
27372,12,20.2,0.01747
27413,1,6.92,0.36588
27413,2,6.962,0.37774
27413,3,7.831,0.37125
27413,4,9.134,0.12555
27413,5,13.182,0.15947
27413,6,9.536,0.19474
27413,7,9.779,0.22498
27413,8,9.679,0.26094
27413,9,6.728,0.19098
27413,10,6.649,0.22525
27413,11,10.261,0.16186
27413,12,10.567,0.15415
27425,1,10.677,0.21644
27425,2,9.202,0.1777
27425,3,8.61,0.20475
27425,4,6.887,0.07569
27425,5,11.81,0.12594
27425,6,10.616,0.15123
27425,7,9.11,0.18285
27425,8,10.492,0.14409
27425,9,7.288,0.13668
27425,10,8.373,0.16962
27425,11,7.621,0.13979
27425,12,9.706,0.15359
27430,1,6.973,0.14875
27430,2,6.186,0.14862
27430,3,9.154,0.19166
27430,4,12.157,0.19814
27430,5,15.122,0.20139
27430,6,11.135,0.21711
27430,7,8.242,0.19453
27430,8,12.96,0.16756
27430,9,9.684,0.18357
27430,10,10.253,0.19574
27430,11,12.485,0.21606
27430,12,8.011,0.24202
27450,1,5.174,0.04822
27450,2,2.95,0.06346
27450,3,6.636,0.15485
27450,4,8.912,0.22185
27450,5,17.369,0.21962
27450,6,10.427,0.20567
27450,7,9.798,0.16434
27450,8,10.136,0.13736
27450,9,9.06,0.15883
27450,10,8.703,0.18239
27450,11,14.003,0.22608
27450,12,4.686,0.26678
27491,1,5.27,0.2156
27491,2,4.041,0.20979
27491,3,6.515,0.27149
27491,4,12.613,0.2592
27491,5,16.57,0.24373
27491,6,11.015,0.2697
27491,7,7.943,0.24845
27491,8,9.23,0.20566
27491,9,12.1,0.21453
27491,10,10.038,0.1995
27491,11,12.347,0.29599
27491,12,6.3,0.33534
27493,1,3.632,0.02053
27493,2,4.313,0.01333
27493,3,2.667,0.01274
27493,4,14.438,0.05337
27493,5,8.92,0.06043
27493,6,14.421,0.07361
27493,7,11.685,0.07714
27493,8,12.814,0.07845
27493,9,12.689,0.09095
27493,10,8.968,0.06978
27493,11,14.545,0.07726
27493,12,9.921,0.0457
27495,1,8.806,0.11215
27495,2,8.726,0.10885
27495,3,10.415,0.12152
27495,4,8.633,0.1329
27495,5,8.483,0.12253
27495,6,8.148,0.12887
27495,7,7.551,0.16279
27495,8,14.23,0.11355
27495,9,7.961,0.09297
27495,10,9.597,0.14836
27495,11,7.903,0.14821
27495,12,9.927,0.1223
27580,1,6.044,0.29604
27580,2,5.857,0.28922
27580,3,8.04,0.32031
27580,4,12.047,0.21354
27580,5,16.219,0.2308
27580,6,11.642,0.25409
27580,7,8.242,0.22292
27580,8,10.042,0.25205
27580,9,9.776,0.24219
27580,10,9.021,0.26449
27580,11,11.608,0.25954
27580,12,6.647,0.29798
27600,1,6.864,0.38928
27600,2,5.84,0.38383
27600,3,7.013,0.3861
27600,4,6.676,0.10566
27600,5,11.872,0.14984
27600,6,9.709,0.19051
27600,7,7.721,0.23299
27600,8,6.649,0.26524
27600,9,4.913,0.18693
27600,10,5.794,0.22377
27600,11,8.598,0.1447
27600,12,8.14,0.16475
27615,1,2.5,0.00067
27615,2,2.8,0.01984
27615,3,1.2,0.01252
27615,4,18.4,0.06395
27615,5,11.4,0.09004
27615,6,21.5,0.08923
27615,7,7.4,0.07501
27615,8,10.2,0.07175
27615,9,11.5,0.08892
27615,10,11.4,0.08652
27615,11,15.7,0.13884
27615,12,4.1,0.07257
27660,1,7.5,0.06362
27660,2,14.3,0.11668
27660,3,12.2,0.11509
27660,4,11.3,0.12167
27660,5,8.95,0.13359
27660,6,9.65,0.16314
27660,7,9.35,0.151
27660,8,6.65,0.08748
27660,9,8.55,0.11464
27660,10,6.95,0.14687
27660,11,8.7,0.19055
27660,12,9.7,0.05382
27745,1,4.4,0.46125
27745,2,4.5,0.41567
27745,3,5.8,0.45301
27745,4,16.7,0.35449
27745,5,12.5,0.3075
27745,6,8.45,0.3762
27745,7,4.2,0.39482
27745,8,4.9,0.30354
27745,9,19.6,0.23626
27745,10,12.3,0.17963
27745,11,7.9,0.46343
27745,12,8.7,0.47513
27787,1,6.425,0.38055
27787,2,6.8,0.36612
27787,3,8.196,0.37579
27787,4,14.25,0.21792
27787,5,16.705,0.23347
27787,6,13.001,0.28107
27787,7,7.657,0.2562
27787,8,10.545,0.28769
27787,9,10.256,0.28873
27787,10,9.549,0.28876
27787,11,11.391,0.27269
27787,12,7.438,0.31829
27800,1,7.95,0.02307
27800,2,14.7,0.00953
27800,3,9.6,0.01329
27800,4,9.8,0.04639
27800,5,11.3,0.06336
27800,6,18.6,0.08325
27800,7,13.7,0.06313
27800,8,13.2,0.05699
27800,9,20.0,0.0477
27800,10,15.8,0.02837
27800,11,0.0,0.0
27800,12,0.0,0.0
27810,1,6.9,0.4439
27810,2,7.4,0.42356
27810,3,7.6,0.41531
27810,4,18.4,0.23709
27810,5,19.0,0.23296
27810,6,16.1,0.32432
27810,7,7.1,0.31045
27810,8,12.1,0.30678
27810,9,11.133,0.36348
27810,10,10.867,0.29877
27810,11,12.55,0.28635
27810,12,8.3,0.35482
41001,1,2.5,0.02892
41001,2,1.767,0.02687
41001,3,2.0,0.02486
41001,4,7.0,0.08561
41001,5,4.55,0.08756
41001,6,2.0,0.09957
41001,7,1.533,0.07216
41001,8,1.4,0.05775
41001,9,2.133,0.04761
41001,10,4.033,0.04706
41001,11,3.867,0.05386
41001,12,2.3,0.022
41006,1,2.783,0.01735
41006,2,3.7,0.02596
41006,3,5.483,0.04236
41006,4,4.6,0.05535
41006,5,2.2,0.06202
41006,6,4.0,0.07129
41006,7,2.717,0.03635
41006,8,3.15,0.0437
41006,9,3.967,0.02878
41006,10,4.8,0.02587
41006,11,3.867,0.019
41006,12,3.883,0.01527
41013,1,5.919,0.0294
41013,2,9.027,0.03874
41013,3,7.532,0.05285
41013,4,6.937,0.03434
41013,5,7.311,0.05515
41013,6,5.08,0.0443
41013,7,3.904,0.03445
41013,8,3.775,0.01885
41013,9,3.824,0.02232
41013,10,5.347,0.03332
41013,11,8.612,0.05997
41013,12,7.996,0.04604
41016,1,11.8,0.00283
41016,2,3.8,0.0171
41016,3,14.333,0.02226
41016,4,13.4,0.0151
41016,5,8.5,0.02354
41016,6,7.6,0.01371
41016,7,1.1,0.01233
41016,8,11.4,0.00528
41016,9,6.8,0.00532
41016,10,2.0,0.01054
41016,11,14.4,0.05235
41016,12,11.6,0.02784
41020,1,4.6,0.01923
41020,2,5.867,0.04381
41020,3,12.667,0.05679
41020,4,5.65,0.03699
41020,5,5.35,0.05203
41020,6,0.867,0.03258
41020,7,6.15,0.02019
41020,8,1.75,0.01337
41020,9,2.6,0.02365
41020,10,8.667,0.03761
41020,11,9.333,0.04911
41020,12,4.733,0.02777
41026,1,3.657,0.03107
41026,2,4.184,0.03747
41026,3,5.907,0.04888
41026,4,3.514,0.03482
41026,5,3.45,0.06493
41026,6,2.118,0.05455
41026,7,1.633,0.04253
41026,8,2.437,0.03221
41026,9,3.526,0.01957
41026,10,4.922,0.03229
41026,11,4.286,0.04098
41026,12,3.116,0.02436
41078,1,11.25,0.01913
41078,2,6.3,0.02157
41078,3,14.35,0.02544
41078,4,5.8,0.02525
41078,5,2.35,0.02078
41078,6,6.3,0.04803
41078,7,2.1,0.01991
41078,8,2.867,0.01134
41078,9,7.267,0.01812
41078,10,8.267,0.04066
41078,11,9.1,0.03939
41078,12,4.8,0.00759
41132,1,3.071,0.02539
41132,2,4.232,0.02947
41132,3,9.131,0.03605
41132,4,4.715,0.03874
41132,5,4.199,0.03968
41132,6,2.94,0.04611
41132,7,3.526,0.0236
41132,8,1.227,0.01386
41132,9,3.33,0.01911
41132,10,8.622,0.03779
41132,11,9.4,0.06116
41132,12,6.577,0.02817
41206,1,4.4,0.00425
41206,2,7.0,0.02899
41206,3,11.067,0.02371
41206,4,3.667,0.03037
41206,5,2.9,0.0448
41206,6,3.6,0.03882
41206,7,2.333,0.028
41206,8,3.333,0.01639
41206,9,2.333,0.01902
41206,10,8.333,0.02349
41206,11,8.8,0.03397
41206,12,7.733,0.01839
41244,1,3.589,0.03261
41244,2,3.965,0.04184
41244,3,5.644,0.05399
41244,4,3.06,0.03182
41244,5,4.487,0.07352
41244,6,1.668,0.05565
41244,7,1.4,0.0516
41244,8,2.668,0.03527
41244,9,3.744,0.02062
41244,10,5.209,0.03646
41244,11,4.231,0.04881
41244,12,3.227,0.03065
41298,1,5.529,0.02646
41298,2,7.708,0.03798
41298,3,7.154,0.05462
41298,4,5.473,0.0363
41298,5,6.286,0.06298
41298,6,4.487,0.05161
41298,7,3.571,0.03997
41298,8,3.121,0.02229
41298,9,3.51,0.02498
41298,10,4.682,0.03394
41298,11,7.271,0.055
41298,12,7.257,0.0426
41306,1,4.975,0.02578
41306,2,4.767,0.03672
41306,3,5.633,0.05757
41306,4,3.2,0.04052
41306,5,3.65,0.07429
41306,6,3.275,0.06261
41306,7,2.72,0.0482
41306,8,1.98,0.0279
41306,9,3.06,0.02862
41306,10,3.667,0.03836
41306,11,4.4,0.04621
41306,12,5.567,0.03582
41319,1,3.586,0.02985
41319,2,4.161,0.03616
41319,3,5.886,0.04785
41319,4,3.639,0.03692
41319,5,3.273,0.06401
41319,6,2.31,0.05595
41319,7,1.741,0.04143
41319,8,2.471,0.03289
41319,9,3.542,0.02028
41319,10,4.888,0.03154
41319,11,4.262,0.0386
41319,12,3.186,0.02321
41349,1,4.305,0.02299
41349,2,4.964,0.03856
41349,3,9.68,0.05112
41349,4,4.746,0.03947
41349,5,4.601,0.05523
41349,6,1.807,0.04432
41349,7,4.604,0.0283
41349,8,1.643,0.01733
41349,9,2.526,0.02385
41349,10,7.143,0.03886
41349,11,7.849,0.05191
41349,12,5.028,0.02954
41357,1,6.033,0.02061
41357,2,10.06,0.04722
41357,3,10.623,0.05779
41357,4,9.887,0.03377
41357,5,11.582,0.06105
41357,6,5.51,0.04719
41357,7,7.401,0.03469
41357,8,5.235,0.01915
41357,9,4.16,0.0254
41357,10,7.299,0.03081
41357,11,11.409,0.06542
41357,12,9.581,0.05267
41359,1,4.8,0.01529
41359,2,8.1,0.03629
41359,3,5.267,0.05061
41359,4,7.8,0.03968
41359,5,8.3,0.06858
41359,6,7.7,0.06807
41359,7,7.6,0.06553
41359,8,3.1,0.03446
41359,9,2.9,0.04275
41359,10,4.6,0.03171
41359,11,6.8,0.04147
41359,12,6.0,0.04302
41378,1,4.634,0.03661
41378,2,5.462,0.04075
41378,3,6.071,0.05132
41378,4,4.459,0.02982
41378,5,4.468,0.06086
41378,6,2.442,0.0459
41378,7,1.896,0.04047
41378,8,2.652,0.02473
41378,9,3.548,0.01726
41378,10,5.168,0.03588
41378,11,5.451,0.05218
41378,12,4.168,0.03262
41396,1,6.2,0.03776
41396,2,8.075,0.03897
41396,3,6.054,0.05235
41396,4,7.65,0.03549
41396,5,5.95,0.04983
41396,6,4.85,0.04014
41396,7,3.473,0.03115
41396,8,3.867,0.01764
41396,9,4.043,0.02013
41396,10,5.7,0.03919
41396,11,7.862,0.0605
41396,12,7.388,0.04517
41483,1,6.4,0.02089
41483,2,8.2,0.06114
41483,3,12.133,0.06697
41483,4,14.75,0.03758
41483,5,14.6,0.06818
41483,6,5.05,0.05121
41483,7,11.95,0.0341
41483,8,7.15,0.02093
41483,9,4.85,0.0288
41483,10,10.6,0.04022
41483,11,12.933,0.07007
41483,12,10.067,0.05797
41503,1,3.233,0.02775
41503,2,3.45,0.0437
41503,3,5.3,0.06142
41503,4,2.9,0.03096
41503,5,5.2,0.08466
41503,6,1.8,0.06133
41503,7,1.533,0.05847
41503,8,3.533,0.04574
41503,9,4.375,0.02533
41503,10,5.6,0.03642
41503,11,3.767,0.0492
41503,12,3.25,0.03284
41518,1,6.241,0.021
41518,2,12.15,0.04421
41518,3,11.035,0.05373
41518,4,9.842,0.03047
41518,5,12.203,0.05292
41518,6,6.291,0.04007
41518,7,6.65,0.03031
41518,8,5.35,0.01561
41518,9,4.225,0.02249
41518,10,6.979,0.02596
41518,11,12.562,0.06899
41518,12,10.368,0.05495
41524,1,3.6,0.00943
41524,2,10.1,0.02974
41524,3,18.4,0.05807
41524,4,6.3,0.00923
41524,5,5.3,0.02475
41524,6,7.133,0.02274
41524,7,4.8,0.01732
41524,8,2.2,0.0091
41524,9,12.6,0.01779
41524,10,15.1,0.01192
41524,11,16.0,0.0454
41524,12,15.7,0.03709
41530,1,4.733,0.06138
41530,2,4.75,0.06042
41530,3,6.4,0.06419
41530,4,9.1,0.09491
41530,5,4.25,0.13017
41530,6,5.5,0.16012
41530,7,5.733,0.1244
41530,8,4.567,0.09664
41530,9,5.667,0.07435
41530,10,7.6,0.07555
41530,11,15.15,0.05764
41530,12,5.8,0.05769
41548,1,6.234,0.03004
41548,2,9.573,0.04298
41548,3,8.447,0.05424
41548,4,9.123,0.03386
41548,5,9.051,0.05269
41548,6,5.395,0.04116
41548,7,5.436,0.03112
41548,8,4.719,0.01721
41548,9,4.186,0.02181
41548,10,6.631,0.03446
41548,11,10.058,0.0645
41548,12,8.729,0.04995
41551,1,2.567,0.03416
41551,2,3.8,0.03318
41551,3,4.233,0.03263
41551,4,3.433,0.07297
41551,5,5.2,0.06987
41551,6,2.675,0.08042
41551,7,1.85,0.06804
41551,8,1.5,0.03194
41551,9,3.075,0.02845
41551,10,4.9,0.05269
41551,11,5.333,0.04695
41551,12,6.3,0.04332
41615,1,2.233,0.03208
41615,2,2.067,0.02274
41615,3,5.267,0.02113
41615,4,3.9,0.04662
41615,5,3.4,0.03751
41615,6,2.9,0.058
41615,7,2.0,0.02669
41615,8,0.75,0.01523
41615,9,1.45,0.01731
41615,10,7.05,0.04406
41615,11,7.85,0.07054
41615,12,5.25,0.02622
41660,1,5.133,0.04895
41660,2,5.8,0.03809
41660,3,7.267,0.03484
41660,4,3.5,0.02215
41660,5,1.8,0.03607
41660,6,0.9,0.02836
41660,7,0.8,0.02275
41660,8,0.033,7e-05
41660,9,1.767,0.00194
41660,10,3.95,0.03159
41660,11,5.5,0.04801
41660,12,2.2,0.01915
41668,1,7.9,0.038
41668,2,4.646,0.05132
41668,3,3.738,0.04787
41668,4,3.025,0.05348
41668,5,5.65,0.09124
41668,6,7.358,0.11052
41668,7,3.83,0.10578
41668,8,4.245,0.07446
41668,9,5.413,0.0491
41668,10,5.975,0.05599
41668,11,5.262,0.06462
41668,12,6.538,0.04484
41676,1,4.0,0.0187
41676,2,8.6,0.03599
41676,3,12.467,0.06714
41676,4,15.2,0.05123
41676,5,8.667,0.05165
41676,6,9.55,0.04696
41676,7,7.45,0.0239
41676,8,6.9,0.01781
41676,9,9.05,0.02701
41676,10,11.3,0.02293
41676,11,9.7,0.04716
41676,12,9.8,0.05063
41770,1,3.514,0.02874
41770,2,4.12,0.03525
41770,3,5.85,0.04736
41770,4,3.725,0.03857
41770,5,3.177,0.06383
41770,6,2.461,0.05731
41770,7,1.828,0.04097
41770,8,2.531,0.03385
41770,9,3.579,0.02103
41770,10,4.88,0.03104
41770,11,4.227,0.03685
41770,12,3.248,0.0225
41791,1,4.435,0.03607
41791,2,5.147,0.04104
41791,3,6.033,0.05176
41791,4,4.12,0.02942
41791,5,4.386,0.06298
41791,6,2.213,0.04715
41791,7,1.75,0.04215
41791,8,2.598,0.02638
41791,9,3.55,0.01744
41791,10,5.147,0.03564
41791,11,5.169,0.05135
41791,12,3.86,0.03162
41797,1,6.2,0.01799
41797,2,14.1,0.03996
41797,3,11.6,0.04991
41797,4,8.733,0.02737
41797,5,12.6,0.04879
41797,6,6.933,0.03664
41797,7,5.6,0.029
41797,8,5.067,0.0136
41797,9,4.067,0.02098
41797,10,6.1,0.01918
41797,11,13.3,0.07019
41797,12,11.0,0.05579
41799,1,4.1,0.02837
41799,2,4.9,0.0403
41799,3,6.75,0.02907
41799,4,6.8,0.0522
41799,5,3.2,0.06195
41799,6,4.1,0.06064
41799,7,2.9,0.0412
41799,8,1.775,0.02153
41799,9,3.633,0.02757
41799,10,4.933,0.05877
41799,11,5.467,0.06255
41799,12,5.667,0.04943
41801,1,4.227,0.01474
41801,2,10.199,0.03411
41801,3,14.763,0.06032
41801,4,10.372,0.02964
41801,5,7.977,0.04003
41801,6,8.086,0.03512
41801,7,6.026,0.02209
41801,8,4.632,0.01346
41801,9,9.629,0.02213
41801,10,11.943,0.01771
41801,11,12.943,0.05054
41801,12,12.451,0.04596
41807,1,3.696,0.03474
41807,2,4.177,0.04069
41807,3,5.729,0.04992
41807,4,3.144,0.03395
41807,5,4.215,0.06863
41807,6,1.655,0.05429
41807,7,1.363,0.04938
41807,8,2.251,0.03069
41807,9,3.448,0.01896
41807,10,5.03,0.03717
41807,11,4.475,0.04856
41807,12,3.348,0.03026
41872,1,11.662,0.00352
41872,2,3.858,0.01756
41872,3,14.207,0.02242
41872,4,13.169,0.01589
41872,5,8.314,0.02414
41872,6,7.521,0.01504
41872,7,1.146,0.01293
41872,8,11.104,0.00564
41872,9,6.754,0.00589
41872,10,2.148,0.01183
41872,11,14.166,0.05232
41872,12,11.393,0.02788
41885,1,4.673,0.01523
41885,2,9.74,0.03749
41885,3,14.506,0.05535
41885,4,6.752,0.02397
41885,5,7.353,0.04096
41885,6,4.894,0.03005
41885,7,5.493,0.02158
41885,8,2.843,0.01184
41885,9,6.736,0.02072
41885,10,10.349,0.0229
41885,11,12.924,0.05361
41885,12,10.568,0.03906
44001,1,0.503,0.02177
44001,2,0.479,0.01447
44001,3,0.008,0.00058
44001,4,4.505,0.01354
44001,5,9.05,0.0167
44001,6,7.514,0.01284
44001,7,4.78,0.00822
44001,8,6.149,0.02051
44001,9,8.43,0.07613
44001,10,8.86,0.05246
44001,11,4.654,0.02021
44001,12,0.845,0.01796
44035,1,0.3,0.00627
44035,2,1.3,0.01126
44035,3,0.2,0.00456
44035,4,0.167,0.00271
44035,5,5.159,0.01971
44035,6,0.904,0.00648
44035,7,2.265,0.01102
44035,8,4.144,0.03374
44035,9,1.6,0.05785
44035,10,1.55,0.073
44035,11,1.275,0.06006
44035,12,0.65,0.02825
44078,1,0.568,0.00314
44078,2,0.14,0.00142
44078,3,1.251,0.00179
44078,4,8.228,0.01429
44078,5,14.244,0.02966
44078,6,6.165,0.01445
44078,7,6.568,0.01089
44078,8,4.029,0.02468
44078,9,10.445,0.03289
44078,10,11.504,0.05575
44078,11,9.017,0.0153
44078,12,0.918,0.01286
44090,1,0.0,0.0
44090,2,0.0,0.0
44090,3,0.0,0.0
44090,4,1.7,0.00443
44090,5,9.1,0.02823
44090,6,0.9,0.00579
44090,7,4.0,0.0028
44090,8,3.5,0.00654
44090,9,2.7,0.00958
44090,10,5.2,0.02179
44090,11,12.6,0.01275
44090,12,0.2,0.00112
44098,1,0.593,0.00239
44098,2,0.016,0.00014
44098,3,1.377,0.00153
44098,4,9.077,0.0154
44098,5,15.235,0.03093
44098,6,6.627,0.01522
44098,7,7.022,0.0109
44098,8,3.966,0.02378
44098,9,11.326,0.02929
44098,10,12.517,0.05392
44098,11,9.904,0.01073
44098,12,0.942,0.01115
44110,1,1.134,0.00411
44110,2,0.313,0.00161
44110,3,1.863,0.00273
44110,4,7.583,0.01455
44110,5,13.233,0.03331
44110,6,6.8,0.01706
44110,7,7.407,0.01258
44110,8,5.614,0.02511
44110,9,10.981,0.03254
44110,10,12.34,0.05232
44110,11,8.821,0.01738
44110,12,1.196,0.01037
44279,1,0.6,0.00235
44279,2,0.0,0.0
44279,3,1.4,0.0015
44279,4,9.233,0.01562
44279,5,15.4,0.03109
44279,6,6.733,0.01539
44279,7,7.1,0.01094
44279,8,3.967,0.02375
44279,9,11.5,0.02904
44279,10,12.7,0.05386
44279,11,10.0,0.01008
44279,12,0.95,0.01099
44378,1,0.427,0.0058
44378,2,0.754,0.00721
44378,3,0.642,0.00314
44378,4,3.882,0.00831
44378,5,9.29,0.02382
44378,6,3.543,0.01027
44378,7,4.26,0.01081
44378,8,4.209,0.02909
44378,9,5.795,0.04815
44378,10,6.249,0.06441
44378,11,4.799,0.03853
44378,12,0.776,0.02104
44420,1,2.616,0.00821
44420,2,0.513,0.00147
44420,3,4.114,0.00661
44420,4,7.412,0.01938
44420,5,12.527,0.04461
44420,6,9.351,0.02497
44420,7,9.17,0.01694
44420,8,8.796,0.02604
44420,9,12.725,0.03244
44420,10,14.626,0.04563
44420,11,9.036,0.01704
44420,12,2.119,0.00354
44430,1,0.192,0.00507
44430,2,0.563,0.00633
44430,3,0.067,0.00158
44430,4,16.59,0.00331
44430,5,3.06,0.01039
44430,6,1.511,0.00397
44430,7,1.433,0.01072
44430,8,2.206,0.01409
44430,9,7.084,0.03457
44430,10,5.859,0.05391
44430,11,2.114,0.02629
44430,12,0.326,0.01167
44560,1,0.111,0.00275
44560,2,0.244,0.00327
44560,3,0.014,0.00035
44560,4,25.201,0.00248
44560,5,1.481,0.00556
44560,6,1.135,0.00189
44560,7,0.703,0.01085
44560,8,0.919,0.00465
44560,9,9.381,0.01973
44560,10,7.455,0.04557
44560,11,2.215,0.01192
44560,12,0.126,0.00362
44650,1,0.937,0.00357
44650,2,0.229,0.00128
44650,3,1.671,0.00235
44650,4,7.974,0.01465
44650,5,13.783,0.03227
44650,6,6.648,0.01627
44650,7,7.191,0.01199
44650,8,5.028,0.02484
44650,9,10.949,0.03192
44650,10,12.224,0.05329
44650,11,9.051,0.01587
44650,12,1.101,0.01097
44847,1,0.05,0.00022
44847,2,0.133,0.00132
44847,3,0.0,0.0
44847,4,29.6,0.00116
44847,5,0.3,0.00314
44847,6,0.4,0.00024
44847,7,0.1,0.01115
44847,8,0.05,0.00051
44847,9,10.1,0.01009
44847,10,7.75,0.04262
44847,11,2.0,0.00718
44847,12,0.0,0.0
44855,1,2.305,0.00765
44855,2,0.408,0.0013
44855,3,3.871,0.0064
44855,4,7.833,0.01953
44855,5,13.205,0.04287
44855,6,8.974,0.02354
44855,7,8.581,0.01608
44855,8,7.772,0.02609
44855,9,12.296,0.03258
44855,10,13.985,0.04829
44855,11,9.126,0.01615
44855,12,1.991,0.00514
44874,1,1.943,0.00665
44874,2,0.312,0.00104
44874,3,3.412,0.00557
44874,4,8.184,0.01898
44874,5,13.761,0.0405
44874,6,8.508,0.02182
44874,7,8.164,0.01501
44874,8,6.857,0.02575
44874,9,12.035,0.03208
44874,10,13.581,0.05
44874,11,9.289,0.01493
44874,12,1.789,0.00655
47001,1,0.808,0.00931
47001,2,0.675,0.00223
47001,3,0.975,0.05358
47001,4,4.208,0.05101
47001,5,8.446,0.07856
47001,6,9.174,0.09817
47001,7,6.972,0.06471
47001,8,9.444,0.05535
47001,9,7.085,0.06689
47001,10,12.133,0.07855
47001,11,7.942,0.03389
47001,12,2.85,0.0131
47030,1,1.831,0.05814
47030,2,4.231,0.02286
47030,3,1.43,0.0076
47030,4,5.664,0.02699
47030,5,6.702,0.03812
47030,6,6.395,0.03785
47030,7,2.681,0.03015
47030,8,3.584,0.03422
47030,9,3.858,0.04063
47030,10,2.577,0.05243
47030,11,5.764,0.04601
47030,12,1.977,0.05669
47053,1,0.0,0.0
47053,2,9.2,0.00138
47053,3,1.1,0.00066
47053,4,11.1,0.0123
47053,5,12.6,0.02366
47053,6,10.667,0.01276
47053,7,0.4,0.00269
47053,8,3.5,0.00438
47053,9,3.5,0.00805
47053,10,0.0,0.0
47053,11,9.6,0.00484
47053,12,0.2,0.00027
47058,1,1.24,0.12909
47058,2,1.593,0.05197
47058,3,1.207,0.01347
47058,4,1.7,0.0374
47058,5,1.59,0.04527
47058,6,1.655,0.06363
47058,7,2.4,0.05879
47058,8,1.595,0.05304
47058,9,2.095,0.06217
47058,10,2.18,0.09291
47058,11,1.995,0.08845
47058,12,2.105,0.13078
47161,1,1.073,0.00377
47161,2,3.035,0.00241
47161,3,2.961,0.00284
47161,4,7.305,0.01884
47161,5,4.588,0.01511
47161,6,5.381,0.0226
47161,7,6.19,0.02005
47161,8,6.669,0.0276
47161,9,6.217,0.02714
47161,10,5.613,0.02892
47161,11,5.83,0.01672
47161,12,1.897,0.00375
47170,1,1.113,0.045
47170,2,1.79,0.02012
47170,3,1.899,0.00723
47170,4,3.492,0.02298
47170,5,2.726,0.02968
47170,6,2.916,0.02936
47170,7,3.37,0.03134
47170,8,3.215,0.03172
47170,9,3.229,0.03498
47170,10,5.802,0.05662
47170,11,3.159,0.03722
47170,12,1.608,0.04025
47189,1,0.0,0.0
47189,2,0.0,0.0
47189,3,2.1,0.00145
47189,4,12.267,0.03649
47189,5,17.5,0.05803
47189,6,10.567,0.03828
47189,7,10.55,0.0289
47189,8,13.45,0.03502
47189,9,10.9,0.05029
47189,10,6.3,0.04962
47189,11,10.1,0.01125
47189,12,16.5,0.00336
47205,1,1.004,0.00454
47205,2,2.54,0.00286
47205,3,2.523,0.00272
47205,4,8.072,0.01743
47205,5,5.377,0.01635
47205,6,6.367,0.02107
47205,7,6.639,0.01974
47205,8,6.596,0.02581
47205,9,7.142,0.02562
47205,10,6.403,0.03117
47205,11,6.426,0.01515
47205,12,1.598,0.00315
47245,1,4.238,0.03733
47245,2,4.083,0.02543
47245,3,0.81,0.01162
47245,4,11.945,0.02465
47245,5,4.625,0.04704
47245,6,10.225,0.02413
47245,7,11.175,0.03594
47245,8,10.95,0.06631
47245,9,18.625,0.07495
47245,10,10.433,0.04377
47245,11,10.233,0.04214
47245,12,4.333,0.02155
47258,1,0.907,0.01188
47258,2,2.081,0.00847
47258,3,2.029,0.00791
47258,4,9.319,0.02272
47258,5,6.347,0.01873
47258,6,7.679,0.03465
47258,7,7.394,0.02736
47258,8,6.871,0.03436
47258,9,8.557,0.03742
47258,10,6.283,0.03014
47258,11,7.374,0.02733
47258,12,1.242,0.01745
47268,1,0.04,0.00429
47268,2,7.522,0.00377
47268,3,0.93,0.00293
47268,4,9.623,0.0151
47268,5,11.453,0.02814
47268,6,9.692,0.019
47268,7,2.499,0.00977
47268,8,4.455,0.01557
47268,9,5.882,0.01865
47268,10,2.189,0.00896
47268,11,9.076,0.01224
47268,12,0.209,0.00605
47288,1,0.028,0.00295
47288,2,8.211,0.00312
47288,3,1.001,0.00229
47288,4,10.218,0.01427
47288,5,11.889,0.02631
47288,6,10.065,0.01706
47288,7,1.567,0.00721
47288,8,4.014,0.01127
47288,9,4.81,0.01479
47288,10,1.223,0.00522
47288,11,9.258,0.00985
47288,12,0.205,0.00441
47318,1,3.857,0.0445
47318,2,3.67,0.02579
47318,3,1.472,0.01162
47318,4,10.715,0.02508
47318,5,5.424,0.04655
47318,6,9.037,0.03
47318,7,9.495,0.03843
47318,8,9.113,0.05968
47318,9,16.111,0.06977
47318,10,9.9,0.04987
47318,11,9.6,0.04521
47318,12,3.597,0.03234
47460,1,1.38,0.11597
47460,2,1.639,0.04694
47460,3,1.476,0.01285
47460,4,2.261,0.03498
47460,5,2.299,0.04434
47460,6,2.064,0.05892
47460,7,2.567,0.05524
47460,8,1.788,0.0496
47460,9,2.73,0.0589
47460,10,3.194,0.088
47460,11,2.593,0.0807
47460,12,1.954,0.11656
47541,1,0.98,0.00874
47541,2,1.864,0.00552
47541,3,2.036,0.0037
47541,4,6.847,0.0165
47541,5,4.937,0.02064
47541,6,5.727,0.01789
47541,7,5.635,0.02008
47541,8,5.276,0.02358
47541,9,6.223,0.02419
47541,10,7.344,0.03797
47541,11,5.569,0.01523
47541,12,1.291,0.0038
47545,1,2.338,0.06713
47545,2,2.474,0.03026
47545,3,1.537,0.0186
47545,4,5.126,0.03465
47545,5,2.98,0.04269
47545,6,5.387,0.05256
47545,7,6.264,0.0573
47545,8,4.88,0.04503
47545,9,7.748,0.05613
47545,10,5.514,0.05427
47545,11,5.671,0.0509
47545,12,2.89,0.05832
47551,1,0.857,0.08737
47551,2,0.24,0.06434
47551,3,0.44,0.0565
47551,4,1.45,0.07554
47551,5,1.203,0.04996
47551,6,1.424,0.13922
47551,7,1.102,0.09313
47551,8,1.252,0.10912
47551,9,2.043,0.13943
47551,10,1.645,0.03874
47551,11,1.7,0.14271
47551,12,0.185,0.14113
47555,1,4.615,0.01615
47555,2,1.67,0.00859
47555,3,4.495,0.01003
47555,4,5.206,0.02312
47555,5,6.973,0.03265
47555,6,6.228,0.02634
47555,7,7.456,0.03498
47555,8,6.072,0.02618
47555,9,6.889,0.02722
47555,10,11.979,0.04018
47555,11,6.813,0.01721
47555,12,0.997,0.00659
47570,1,0.028,0.00042
47570,2,0.024,8e-05
47570,3,2.017,0.00316
47570,4,11.799,0.03645
47570,5,16.978,0.05846
47570,6,10.427,0.03986
47570,7,10.53,0.03003
47570,8,13.256,0.03609
47570,9,10.994,0.05071
47570,10,6.689,0.05063
47570,11,9.985,0.01214
47570,12,15.675,0.00362
47605,1,0.936,0.10547
47605,2,0.918,0.0951
47605,3,1.073,0.08856
47605,4,3.581,0.08116
47605,5,6.482,0.06549
47605,6,5.483,0.12397
47605,7,3.272,0.09791
47605,8,4.194,0.09752
47605,9,9.978,0.10252
47605,10,8.047,0.09444
47605,11,8.014,0.10256
47605,12,2.087,0.12439
47660,1,1.093,0.11363
47660,2,2.18,0.04835
47660,3,1.132,0.01594
47660,4,2.546,0.03832
47660,5,2.573,0.04367
47660,6,2.467,0.06536
47660,7,2.105,0.05653
47660,8,1.742,0.05332
47660,9,2.22,0.06374
47660,10,1.933,0.07973
47660,11,2.672,0.08535
47660,12,1.766,0.11962
47675,1,0.796,0.02849
47675,2,1.205,0.0208
47675,3,1.206,0.0185
47675,4,9.37,0.03322
47675,5,6.656,0.02576
47675,6,8.153,0.05817
47675,7,7.181,0.04198
47675,8,6.138,0.05002
47675,9,9.018,0.05944
47675,10,5.99,0.03222
47675,11,7.468,0.0516
47675,12,0.672,0.04492
47692,1,2.895,0.06032
47692,2,2.947,0.02966
47692,3,1.292,0.01616
47692,4,7.145,0.0316
47692,5,3.443,0.04418
47692,6,6.763,0.044
47692,7,7.658,0.05058
47692,8,6.667,0.05213
47692,9,10.961,0.06237
47692,10,6.934,0.05259
47692,11,6.962,0.04973
47692,12,3.315,0.04975
47703,1,2.449,0.05946
47703,2,2.562,0.02747
47703,3,1.594,0.01941
47703,4,5.456,0.03447
47703,5,3.134,0.04227
47703,6,5.793,0.05161
47703,7,6.686,0.05749
47703,8,5.204,0.04358
47703,9,8.299,0.05499
47703,10,5.866,0.04933
47703,11,6.075,0.04607
47703,12,2.968,0.04938
47707,1,2.137,0.06012
47707,2,2.292,0.02647
47707,3,1.785,0.02143
47707,4,4.284,0.03641
47707,5,2.905,0.04107
47707,6,5.086,0.0568
47707,7,5.975,0.06204
47707,8,4.184,0.03815
47707,9,6.448,0.05028
47707,10,5.103,0.04797
47707,11,5.422,0.04443
47707,12,2.725,0.05057
47720,1,4.593,0.01918
47720,2,1.694,0.00707
47720,3,4.757,0.01992
47720,4,4.476,0.03483
47720,5,6.172,0.0348
47720,6,7.709,0.04777
47720,7,9.355,0.05586
47720,8,6.32,0.0266
47720,9,7.423,0.03362
47720,10,10.133,0.03097
47720,11,8.356,0.0198
47720,12,1.422,0.01017
47745,1,0.972,0.11806
47745,2,1.122,0.11077
47745,3,1.313,0.10419
47745,4,4.444,0.0883
47745,5,8.231,0.07369
47745,6,6.941,0.12738
47745,7,4.042,0.10586
47745,8,5.191,0.10023
47745,9,12.241,0.09689
47745,10,9.814,0.11552
47745,11,10.026,0.09605
47745,12,2.554,0.12762
47798,1,3.096,0.0145
47798,2,1.523,0.00898
47798,3,3.316,0.00545
47798,4,4.449,0.01785
47798,5,5.179,0.02942
47798,6,4.587,0.01512
47798,7,5.283,0.02316
47798,8,4.779,0.02531
47798,9,5.201,0.02505
47798,10,10.677,0.04601
47798,11,4.928,0.01733
47798,12,0.981,0.00511
47960,1,1.014,0.02936
47960,2,1.73,0.0209
47960,3,1.92,0.01753
47960,4,4.187,0.03255
47960,5,2.975,0.02834
47960,6,3.331,0.04893
47960,7,3.622,0.03897
47960,8,3.833,0.04624
47960,9,3.818,0.05435
47960,10,5.414,0.03835
47960,11,3.619,0.04911
47960,12,1.218,0.03934
47980,1,0.033,0.005
47980,2,0.05,0.00012
47980,3,0.1,0.0006
47980,4,3.55,0.01381
47980,5,7.85,0.0474
47980,6,6.5,0.02025
47980,7,14.84,0.02628
47980,8,10.8,0.0526
47980,9,20.533,0.04454
47980,10,14.8,0.05146
47980,11,8.2,0.0172
47980,12,0.267,0.00045
50001,1,3.158,0.01403
50001,2,1.233,0.00655
50001,3,15.425,0.03948
50001,4,11.967,0.08555
50001,5,11.1,0.09956
50001,6,11.258,0.09757
50001,7,15.058,0.10547
50001,8,13.062,0.07815
50001,9,15.088,0.06762
50001,10,7.942,0.08187
50001,11,6.15,0.04675
50001,12,5.233,0.01685
50006,1,2.983,0.01764
50006,2,2.741,0.01057
50006,3,10.814,0.04653
50006,4,12.522,0.11373
50006,5,12.396,0.12969
50006,6,11.679,0.1444
50006,7,13.743,0.13655
50006,8,14.126,0.08728
50006,9,15.111,0.07465
50006,10,14.359,0.09937
50006,11,10.153,0.06076
50006,12,9.253,0.03486
50110,1,2.8,0.00664
50110,2,2.733,0.00801
50110,3,12.333,0.02244
50110,4,19.4,0.05691
50110,5,13.6,0.04525
50110,6,10.0,0.04844
50110,7,15.0,0.07304
50110,8,18.6,0.05464
50110,9,12.133,0.04215
50110,10,18.333,0.05205
50110,11,19.4,0.02259
50110,12,5.933,0.00599
50124,1,5.274,0.0107
50124,2,1.502,0.00423
50124,3,8.145,0.02473
50124,4,12.946,0.05669
50124,5,10.886,0.08728
50124,6,8.81,0.07636
50124,7,11.12,0.0769
50124,8,11.994,0.0492
50124,9,10.022,0.03989
50124,10,15.435,0.05073
50124,11,12.46,0.02495
50124,12,7.063,0.00685
50150,1,3.306,0.02256
50150,2,3.793,0.01218
50150,3,10.016,0.06001
50150,4,13.599,0.13206
50150,5,14.285,0.14968
50150,6,12.167,0.17618
50150,7,13.689,0.16043
50150,8,15.333,0.09802
50150,9,15.96,0.08316
50150,10,19.095,0.11085
50150,11,14.389,0.0704
50150,12,13.24,0.04996
50223,1,3.65,0.027
50223,2,4.65,0.01327
50223,3,9.8,0.07252
50223,4,14.6,0.14676
50223,5,16.0,0.16577
50223,6,12.6,0.2019
50223,7,13.8,0.18028
50223,8,16.4,0.10755
50223,9,16.8,0.09074
50223,10,23.0,0.12007
50223,11,18.1,0.07824
50223,12,16.7,0.06272
50226,1,1.241,0.00637
50226,2,2.129,0.01577
50226,3,2.476,0.00899
50226,4,9.25,0.10341
50226,5,7.548,0.11816
50226,6,10.036,0.1209
50226,7,10.327,0.11024
50226,8,11.231,0.0642
50226,9,10.815,0.05507
50226,10,9.869,0.09259
50226,11,2.294,0.05491
50226,12,2.325,0.0173
50245,1,2.8,0.01672
50245,2,2.8,0.03443
50245,3,5.333,0.0451
50245,4,9.4,0.06489
50245,5,8.3,0.08961
50245,6,3.6,0.05046
50245,7,8.2,0.08051
50245,8,7.25,0.06711
50245,9,4.15,0.04955
50245,10,4.7,0.06942
50245,11,5.5,0.05327
50245,12,3.2,0.03563
50251,1,3.124,0.01857
50251,2,7.507,0.01319
50251,3,12.265,0.04951
50251,4,12.945,0.10035
50251,5,17.698,0.13739
50251,6,13.841,0.14205
50251,7,16.165,0.13269
50251,8,13.728,0.07528
50251,9,14.371,0.06652
50251,10,16.673,0.08587
50251,11,17.775,0.05982
50251,12,13.109,0.03865
50270,1,3.608,0.02628
50270,2,4.826,0.01321
50270,3,10.028,0.07056
50270,4,14.457,0.14286
50270,5,16.079,0.16313
50270,6,12.678,0.19665
50270,7,13.982,0.17617
50270,8,16.177,0.10496
50270,9,16.609,0.08879
50270,10,22.409,0.11726
50270,11,17.97,0.07663
50270,12,16.339,0.06058
50287,1,3.144,0.01843
50287,2,6.838,0.01258
50287,3,12.476,0.04933
50287,4,12.908,0.10048
50287,5,17.037,0.13482
50287,6,13.564,0.13989
50287,7,15.987,0.13172
50287,8,13.753,0.07658
50287,9,14.515,0.0674
50287,10,16.073,0.08661
50287,11,16.716,0.05921
50287,12,12.5,0.03742
50313,1,3.188,0.01933
50313,2,6.83,0.01284
50313,3,12.142,0.0517
50313,4,13.089,0.10507
50313,5,17.142,0.13873
50313,6,13.555,0.14677
50313,7,15.824,0.13688
50313,8,14.01,0.07927
50313,9,14.698,0.06946
50313,10,16.955,0.08972
50313,11,17.188,0.06131
50313,12,13.112,0.04034
50318,1,3.434,0.02418
50318,2,4.101,0.01256
50318,3,9.962,0.06459
50318,4,13.965,0.13733
50318,5,14.911,0.15545
50318,6,12.325,0.18541
50318,7,13.737,0.16758
50318,8,15.721,0.10149
50318,9,16.27,0.08592
50318,10,20.5,0.11415
50318,11,15.736,0.07322
50318,12,14.494,0.05457
50325,1,4.886,0.01534
50325,2,2.386,0.00651
50325,3,7.736,0.03692
50325,4,12.929,0.07982
50325,5,12.175,0.10627
50325,6,9.346,0.10631
50325,7,11.335,0.10177
50325,8,13.627,0.06541
50325,9,12.174,0.05365
50325,10,17.929,0.07016
50325,11,13.996,0.03655
50325,12,8.974,0.02054
50330,1,2.672,0.01259
50330,2,10.459,0.01484
50330,3,13.545,0.03317
50330,4,11.505,0.06564
50330,5,19.436,0.11841
50330,6,14.834,0.09869
50330,7,17.736,0.09622
50330,8,11.371,0.0483
50330,9,11.995,0.04603
50330,10,12.485,0.05823
50330,11,18.633,0.04651
50330,12,11.016,0.02214
50350,1,3.187,0.01816
50350,2,4.294,0.01337
50350,3,12.836,0.03232
50350,4,13.586,0.05198
50350,5,6.609,0.04185
50350,6,4.379,0.03108
50350,7,6.306,0.02847
50350,8,3.436,0.01447
50350,9,3.739,0.01634
50350,10,4.972,0.02201
50350,11,7.124,0.02192
50350,12,10.466,0.02125
50370,1,3.547,0.01011
50370,2,8.425,0.02513
50370,3,11.117,0.02639
50370,4,7.202,0.04507
50370,5,10.407,0.07352
50370,6,8.426,0.05939
50370,7,9.307,0.0544
50370,8,6.433,0.02714
50370,9,6.511,0.02833
50370,10,9.39,0.04047
50370,11,12.589,0.04678
50370,12,8.765,0.02162
50400,1,2.6,0.01098
50400,2,11.3,0.01414
50400,3,14.2,0.0284
50400,4,11.467,0.05694
50400,5,20.4,0.11533
50400,6,15.467,0.09003
50400,7,18.667,0.09006
50400,8,11.2,0.04305
50400,9,11.867,0.04249
50400,10,11.8,0.05281
50400,11,19.267,0.04371
50400,12,10.8,0.01834
50450,1,4.457,0.01706
50450,2,5.481,0.00942
50450,3,9.079,0.04112
50450,4,11.218,0.08451
50450,5,14.978,0.12897
50450,6,11.564,0.12388
50450,7,13.209,0.11265
50450,8,12.044,0.06496
50450,9,12.581,0.05649
50450,10,16.374,0.07379
50450,11,14.991,0.04644
50450,12,11.07,0.02753
50568,1,3.769,0.00587
50568,2,1.442,0.00228
50568,3,5.063,0.01372
50568,4,14.749,0.05192
50568,5,13.311,0.06651
50568,6,16.155,0.07087
50568,7,10.947,0.06533
50568,8,9.773,0.03875
50568,9,13.541,0.04156
50568,10,13.987,0.04955
50568,11,10.455,0.01815
50568,12,6.497,0.00595
50573,1,6.858,0.01397
50573,2,0.883,0.00175
50573,3,3.767,0.02542
50573,4,8.047,0.05557
50573,5,9.13,0.10942
50573,6,7.093,0.08696
50573,7,7.704,0.07446
50573,8,9.025,0.04793
50573,9,9.562,0.03949
50573,10,14.792,0.05271
50573,11,8.375,0.02127
50573,12,6.417,0.00532
50577,1,3.132,0.01781
50577,2,6.398,0.01203
50577,3,12.808,0.04785
50577,4,12.78,0.09795
50577,5,16.537,0.13089
50577,6,13.384,0.13451
50577,7,15.961,0.12812
50577,8,13.623,0.07592
50577,9,14.506,0.06681
50577,10,15.17,0.08531
50577,11,15.742,0.05761
50577,12,11.746,0.03494
50590,1,4.136,0.01728
50590,2,6.148,0.01042
50590,3,9.812,0.04265
50590,4,11.592,0.08725
50590,5,15.781,0.13093
50590,6,12.173,0.12741
50590,7,13.973,0.11657
50590,8,12.376,0.06644
50590,9,12.915,0.05815
50590,10,16.454,0.07576
50590,11,15.857,0.04931
50590,12,11.604,0.02991
50606,1,0.767,0.00404
50606,2,2.2,0.01523
50606,3,0.1,0.00024
50606,4,8.8,0.11041
50606,5,6.9,0.1242
50606,6,10.533,0.13221
50606,7,9.8,0.1142
50606,8,11.367,0.06166
50606,9,10.85,0.05366
50606,10,10.733,0.09679
50606,11,1.333,0.05638
50606,12,1.767,0.0154
50680,1,4.866,0.01749
50680,2,2.002,0.00631
50680,3,8.95,0.04237
50680,4,11.005,0.08923
50680,5,11.578,0.12155
50680,6,9.846,0.12108
50680,7,11.589,0.11237
50680,8,12.24,0.07318
50680,9,13.195,0.06186
50680,10,14.904,0.07972
50680,11,10.308,0.04437
50680,12,8.818,0.02427
50683,1,2.829,0.01419
50683,2,9.497,0.01357
50683,3,13.43,0.03738
50683,4,12.089,0.07554
50683,5,19.066,0.12407
50683,6,14.697,0.11169
50683,7,17.549,0.10802
50683,8,12.288,0.05718
50683,9,12.977,0.053
50683,10,13.721,0.06715
50683,11,18.342,0.05044
50683,12,11.623,0.02669
50686,1,2.096,0.01315
50686,2,2.329,0.02669
50686,3,3.788,0.03321
50686,4,8.119,0.06667
50686,5,7.103,0.09743
50686,6,4.335,0.07153
50686,7,7.412,0.08717
50686,8,7.046,0.06677
50686,9,5.004,0.05126
50686,10,5.201,0.06912
50686,11,4.216,0.04879
50686,12,2.6,0.02839
50689,1,3.435,0.0231
50689,2,5.273,0.01264
50689,3,11.104,0.06209
50689,4,13.826,0.1262
50689,5,16.114,0.15062
50689,6,12.883,0.17311
50689,7,14.681,0.15812
50689,8,15.233,0.09443
50689,9,15.857,0.0808
50689,10,19.596,0.10554
50689,11,16.925,0.06944
50689,12,14.507,0.0508
50711,1,2.983,0.01611
50711,2,8.013,0.01289
50711,3,13.063,0.04288
50711,4,12.457,0.08721
50711,5,17.878,0.12814
50711,6,14.067,0.12404
50711,7,16.756,0.11871
50711,8,12.98,0.0667
50711,9,13.746,0.06004
50711,10,14.598,0.07649
50711,11,17.196,0.0543
50711,12,11.809,0.03124
52001,1,2.017,0.0364
52001,2,2.588,0.03874
52001,3,2.371,0.0323
52001,4,4.221,0.05916
52001,5,4.594,0.07766
52001,6,2.383,0.06327
52001,7,2.306,0.06796
52001,8,1.902,0.03672
52001,9,2.708,0.03047
52001,10,4.383,0.0601
52001,11,3.912,0.07586
52001,12,2.783,0.05832
52019,1,3.262,0.04124
52019,2,3.915,0.03633
52019,3,6.407,0.04238
52019,4,6.548,0.06213
52019,5,4.674,0.0748
52019,6,3.35,0.05968
52019,7,4.992,0.06245
52019,8,2.346,0.03527
52019,9,2.353,0.03557
52019,10,5.724,0.05449
52019,11,5.807,0.06784
52019,12,3.358,0.05381
52022,1,3.165,0.09395
52022,2,4.399,0.0699
52022,3,3.902,0.06004
52022,4,5.261,0.09442
52022,5,3.635,0.10991
52022,6,2.447,0.10895
52022,7,2.756,0.10795
52022,8,2.439,0.08569
52022,9,3.384,0.06189
52022,10,3.694,0.07951
52022,11,6.146,0.10844
52022,12,5.02,0.11589
52036,1,1.789,0.0453
52036,2,2.2,0.04005
52036,3,3.996,0.05246
52036,4,4.173,0.03934
52036,5,3.591,0.05795
52036,6,4.381,0.04673
52036,7,2.813,0.03623
52036,8,2.16,0.01979
52036,9,1.918,0.02271
52036,10,3.521,0.05369
52036,11,3.822,0.08731
52036,12,2.975,0.07398
52051,1,3.602,0.038
52051,2,3.425,0.03101
52051,3,7.739,0.03635
52051,4,7.28,0.05626
52051,5,4.682,0.0625
52051,6,3.353,0.04063
52051,7,5.677,0.04195
52051,8,2.247,0.02141
52051,9,2.304,0.02552
52051,10,6.304,0.05023
52051,11,6.185,0.06891
52051,12,3.172,0.04765
52079,1,10.0,0.14426
52079,2,9.467,0.13275
52079,3,6.533,0.12459
52079,4,14.1,0.18729
52079,5,14.267,0.18349
52079,6,9.8,0.17026
52079,7,8.867,0.1533
52079,8,6.067,0.07728
52079,9,10.2,0.10399
52079,10,11.667,0.18666
52079,11,9.467,0.23988
52079,12,11.5,0.19265
52083,1,4.231,0.03961
52083,2,3.945,0.03454
52083,3,7.153,0.05218
52083,4,6.757,0.06491
52083,5,4.477,0.08318
52083,6,4.149,0.07348
52083,7,5.465,0.0757
52083,8,2.675,0.04389
52083,9,2.349,0.04108
52083,10,5.834,0.05918
52083,11,6.136,0.06137
52083,12,3.287,0.04932
52110,1,2.878,0.04171
52110,2,3.872,0.03908
52110,3,5.063,0.04305
52110,4,5.789,0.06409
52110,5,4.656,0.08064
52110,6,3.164,0.06856
52110,7,4.184,0.07232
52110,8,2.304,0.04152
52110,9,2.442,0.03892
52110,10,5.218,0.05739
52110,11,5.282,0.06891
52110,12,3.328,0.05732
52203,1,4.727,0.03786
52203,2,3.634,0.03275
52203,3,7.879,0.04392
52203,4,7.191,0.05745
52203,5,5.461,0.06764
52203,6,4.328,0.04886
52203,7,6.042,0.04863
52203,8,3.035,0.02693
52203,9,3.171,0.02647
52203,10,6.237,0.062
52203,11,6.407,0.07667
52203,12,4.026,0.05889
52207,1,1.6,0.04523
52207,2,2.1,0.038
52207,3,3.925,0.05661
52207,4,4.133,0.03283
52207,5,3.4,0.05517
52207,6,4.75,0.04329
52207,7,2.98,0.03339
52207,8,2.32,0.01857
52207,9,1.86,0.0214
52207,10,3.533,0.0522
52207,11,3.825,0.08699
52207,12,3.075,0.07609
52210,1,3.267,0.06437
52210,2,6.55,0.05522
52210,3,2.85,0.03843
52210,4,6.55,0.06987
52210,5,3.8,0.06989
52210,6,1.8,0.05958
52210,7,2.35,0.04797
52210,8,2.733,0.035
52210,9,4.0,0.02391
52210,10,4.533,0.06107
52210,11,8.867,0.11178
52210,12,6.767,0.09722
52215,1,3.096,0.15039
52215,2,3.164,0.09323
52215,3,3.897,0.09822
52215,4,4.396,0.13164
52215,5,3.026,0.17915
52215,6,2.824,0.18975
52215,7,3.719,0.21524
52215,8,2.943,0.18083
52215,9,3.698,0.1229
52215,10,3.353,0.1104
52215,11,4.746,0.11117
52215,12,4.813,0.16408
52224,1,3.159,0.09504
52224,2,4.288,0.0705
52224,3,3.963,0.06087
52224,4,5.196,0.09543
52224,5,3.632,0.11146
52224,6,2.48,0.11092
52224,7,2.769,0.11024
52224,8,2.417,0.08758
52224,9,3.345,0.06342
52224,10,3.649,0.08023
52224,11,6.004,0.10822
52224,12,4.922,0.11644
52227,1,3.15,0.0898
52227,2,4.034,0.06893
52227,3,4.222,0.05772
52227,4,5.072,0.09321
52227,5,3.726,0.10594
52227,6,2.556,0.10513
52227,7,2.655,0.10118
52227,8,2.233,0.07894
52227,9,3.125,0.05922
52227,10,3.519,0.07791
52227,11,5.647,0.1068
52227,12,4.539,0.11034
52233,1,2.6,0.03138
52233,2,1.3,0.0109
52233,3,3.4,0.0189
52233,4,1.35,0.00208
52233,5,0.5,0.01076
52233,6,1.6,0.0189
52233,7,1.367,0.00732
52233,8,1.633,0.00722
52233,9,0.0,0.0
52233,10,0.1,0.00022
52233,11,2.7,0.04515
52233,12,1.65,0.02478
52240,1,2.51,0.03754
52240,2,2.562,0.0345
52240,3,4.71,0.03635
52240,4,5.346,0.05092
52240,5,4.379,0.06441
52240,6,3.148,0.04601
52240,7,3.661,0.04625
52240,8,2.053,0.02376
52240,9,2.401,0.0237
52240,10,4.97,0.05415
52240,11,4.687,0.07648
52240,12,2.891,0.05671
52250,1,10.114,0.09644
52250,2,10.528,0.07881
52250,3,10.497,0.07932
52250,4,10.381,0.10184
52250,5,13.666,0.18265
52250,6,12.872,0.18518
52250,7,12.596,0.15603
52250,8,12.649,0.12136
52250,9,9.918,0.13903
52250,10,10.165,0.13678
52250,11,12.063,0.15415
52250,12,9.369,0.11388
52254,1,3.021,0.03627
52254,2,2.199,0.0237
52254,3,6.408,0.03353
52254,4,5.228,0.03055
52254,5,3.115,0.03774
52254,6,3.264,0.02324
52254,7,4.209,0.01675
52254,8,2.045,0.00797
52254,9,1.463,0.01102
52254,10,4.142,0.03331
52254,11,4.83,0.06721
52254,12,2.611,0.04479
52256,1,3.866,0.03693
52256,2,3.038,0.02554
52256,3,7.546,0.02863
52256,4,6.287,0.03811
52256,5,4.417,0.03905
52256,6,3.214,0.01955
52256,7,5.32,0.01548
52256,8,2.504,0.00759
52256,9,2.328,0.01078
52256,10,5.064,0.03949
52256,11,5.736,0.07365
52256,12,3.575,0.05096
52258,1,3.067,0.04255
52258,2,4.093,0.03881
52258,3,5.672,0.04478
52258,4,6.141,0.06469
52258,5,4.668,0.08046
52258,6,3.317,0.06843
52258,7,4.594,0.07191
52258,8,2.377,0.0416
52258,9,2.387,0.03996
52258,10,5.417,0.0566
52258,11,5.573,0.06762
52258,12,3.423,0.05674
52260,1,2.722,0.03831
52260,2,2.537,0.03257
52260,3,5.809,0.03885
52260,4,5.851,0.04646
52260,5,4.248,0.0578
52260,6,3.56,0.03767
52260,7,4.292,0.03548
52260,8,2.133,0.01741
52260,9,2.238,0.02039
52260,10,5.211,0.05124
52260,11,5.033,0.07707
52260,12,2.948,0.05648
52287,1,3.142,0.10888
52287,2,3.974,0.07623
52287,3,3.969,0.07025
52287,4,4.978,0.10459
52287,5,3.484,0.12847
52287,6,2.576,0.13078
52287,7,3.005,0.13657
52287,8,2.536,0.11092
52287,9,3.417,0.07842
52287,10,3.561,0.08783
52287,11,5.647,0.10885
52287,12,4.859,0.12821
52317,1,3.147,0.08341
52317,2,3.951,0.06665
52317,3,4.378,0.05363
52317,4,5.046,0.08974
52317,5,3.818,0.09864
52317,6,2.58,0.09701
52317,7,2.532,0.08958
52317,8,2.093,0.06829
52317,9,2.974,0.0532
52317,10,3.46,0.07475
52317,11,5.512,0.10578
52317,12,4.32,0.10391
52320,1,2.66,0.05119
52320,2,2.837,0.05109
52320,3,4.948,0.04162
52320,4,4.528,0.06226
52320,5,4.017,0.06262
52320,6,3.399,0.05587
52320,7,2.248,0.03578
52320,8,1.604,0.01896
52320,9,2.0,0.02525
52320,10,3.165,0.05811
52320,11,4.186,0.09592
52320,12,2.924,0.07343
52323,1,3.248,0.07282
52323,2,6.163,0.05905
52323,3,2.991,0.04436
52323,4,6.308,0.07613
52323,5,3.73,0.08076
52323,6,1.917,0.07262
52323,7,2.481,0.06455
52323,8,2.734,0.04936
52323,9,3.942,0.03385
52323,10,4.393,0.066
52323,11,8.39,0.11155
52323,12,6.515,0.10355
52352,1,3.178,0.0994
52352,2,4.73,0.07142
52352,3,3.586,0.06325
52352,4,5.428,0.0965
52352,5,3.53,0.11548
52352,6,2.349,0.11465
52352,7,2.879,0.11719
52352,8,2.655,0.09463
52352,9,3.648,0.06598
52352,10,3.859,0.08182
52352,11,6.606,0.11013
52352,12,5.491,0.12252
52354,1,2.731,0.05379
52354,2,3.627,0.0512
52354,3,4.412,0.04183
52354,4,4.959,0.06214
52354,5,3.93,0.0638
52354,6,3.123,0.05592
52354,7,2.317,0.03838
52354,8,1.903,0.02255
52354,9,2.442,0.02471
52354,10,3.496,0.05841
52354,11,5.217,0.09893
52354,12,3.799,0.07895
52356,1,3.168,0.10262
52356,2,4.53,0.07296
52356,3,3.676,0.06556
52356,4,5.307,0.09906
52356,5,3.508,0.11975
52356,6,2.409,0.11986
52356,7,2.925,0.12363
52356,8,2.636,0.10013
52356,9,3.599,0.06998
52356,10,3.783,0.08377
52356,11,6.356,0.10988
52356,12,5.339,0.1247
52378,1,4.354,0.04006
52378,2,4.074,0.03651
52378,3,6.491,0.05805
52378,4,6.305,0.06851
52378,5,4.389,0.09249
52378,6,4.385,0.08816
52378,7,5.109,0.091
52378,8,2.816,0.05391
52378,9,2.4,0.04753
52378,10,5.495,0.06351
52378,11,5.932,0.05896
52378,12,3.298,0.05078
52381,1,1.943,0.0415
52381,2,2.318,0.03705
52381,3,3.92,0.04661
52381,4,4.517,0.04248
52381,5,3.886,0.06152
52381,6,3.89,0.04726
52381,7,3.082,0.04274
52381,8,2.173,0.023
52381,9,2.158,0.02352
52381,10,4.105,0.05404
52381,11,4.102,0.08203
52381,12,2.973,0.06739
52385,1,2.674,0.03487
52385,2,1.761,0.01908
52385,3,4.721,0.02895
52385,4,3.271,0.01724
52385,5,1.901,0.0267
52385,6,2.625,0.02324
52385,7,2.73,0.01398
52385,8,1.878,0.00871
52385,9,0.808,0.00685
52385,10,2.156,0.01952
52385,11,3.713,0.05875
52385,12,2.202,0.03849
52390,1,10.131,0.0981
52390,2,10.227,0.08292
52390,3,9.739,0.08008
52390,4,10.53,0.10669
52390,5,13.484,0.17785
52390,6,12.489,0.17739
52390,7,11.813,0.14754
52390,8,11.188,0.10812
52390,9,9.393,0.12579
52390,10,10.46,0.13567
52390,11,11.01,0.15227
52390,12,9.263,0.11495
52399,1,4.011,0.03606
52399,2,3.135,0.02778
52399,3,8.824,0.03046
52399,4,7.899,0.05055
52399,5,5.112,0.0501
52399,6,3.465,0.02122
52399,7,6.35,0.02076
52399,8,2.372,0.00776
52399,9,2.617,0.01494
52399,10,6.798,0.04921
52399,11,6.555,0.07564
52399,12,3.433,0.04884
52405,1,4.443,0.04958
52405,2,5.257,0.046
52405,3,6.341,0.03833
52405,4,6.387,0.05287
52405,5,7.901,0.05543
52405,6,4.377,0.03391
52405,7,5.896,0.03054
52405,8,4.224,0.02112
52405,9,5.071,0.01956
52405,10,5.33,0.07122
52405,11,6.292,0.1128
52405,12,6.982,0.10666
52411,1,1.959,0.04491
52411,2,2.304,0.0417
52411,3,3.973,0.04794
52411,4,4.209,0.04581
52411,5,3.802,0.06129
52411,6,3.969,0.05046
52411,7,2.646,0.04024
52411,8,2.013,0.02168
52411,9,2.008,0.02421
52411,10,3.555,0.05526
52411,11,3.824,0.087
52411,12,2.881,0.07141
52418,1,2.807,0.03449
52418,2,1.823,0.01878
52418,3,5.09,0.0281
52418,4,3.588,0.0188
52418,5,2.037,0.02702
52418,6,2.615,0.022
52418,7,2.995,0.0133
52418,8,1.882,0.00796
52418,9,0.867,0.00673
52418,10,2.447,0.0201
52418,11,3.918,0.0586
52418,12,2.225,0.03735
52427,1,9.814,0.1386
52427,2,9.203,0.12737
52427,3,6.429,0.11896
52427,4,13.56,0.17835
52427,5,13.785,0.17694
52427,6,9.641,0.16422
52427,7,8.619,0.14632
52427,8,5.838,0.07335
52427,9,9.706,0.09853
52427,10,11.364,0.17783
52427,11,9.06,0.22811
52427,12,11.049,0.18319
52435,1,2.813,0.0536
52435,2,3.466,0.05244
52435,3,4.669,0.04032
52435,4,4.87,0.06503
52435,5,4.015,0.06417
52435,6,3.074,0.05712
52435,7,2.226,0.03785
52435,8,1.745,0.02153
52435,9,2.325,0.02524
52435,10,3.363,0.0589
52435,11,4.948,0.09891
52435,12,3.526,0.07707
52473,1,10.185,0.09464
52473,2,9.745,0.08378
52473,3,8.713,0.07511
52473,4,10.303,0.10452
52473,5,13.011,0.16759
52473,6,12.127,0.16311
52473,7,10.701,0.12999
52473,8,9.055,0.08654
52473,9,8.24,0.10288
52473,10,10.863,0.12608
52473,11,9.16,0.13583
52473,12,8.73,0.10576
52480,1,2.036,0.03945
52480,2,2.43,0.03725
52480,3,3.544,0.04097
52480,4,4.529,0.04862
52480,5,4.163,0.06681
52480,6,3.338,0.052
52480,7,2.916,0.05089
52480,8,2.075,0.02729
52480,9,2.356,0.02567
52480,10,4.297,0.0559
52480,11,4.116,0.07946
52480,12,2.905,0.06329
52490,1,10.169,0.09773
52490,2,9.776,0.08641
52490,3,8.691,0.07834
52490,4,10.536,0.10932
52490,5,13.127,0.16946
52490,6,12.033,0.16488
52490,7,10.707,0.13298
52490,8,9.095,0.08811
52490,9,8.46,0.10515
52490,10,10.869,0.13037
52490,11,9.356,0.14319
52490,12,8.935,0.11147
52506,1,2.998,0.05319
52506,2,3.106,0.05523
52506,3,5.246,0.03689
52506,4,4.672,0.07155
52506,5,4.208,0.06503
52506,6,2.96,0.05984
52506,7,2.021,0.03666
52506,8,1.392,0.01925
52506,9,2.065,0.02644
52506,10,3.064,0.06
52506,11,4.347,0.09887
52506,12,2.917,0.07285
52520,1,10.39,0.07144
52520,2,8.411,0.07334
52520,3,6.291,0.04753
52520,4,8.637,0.0763
52520,5,11.3,0.13343
52520,6,11.684,0.11952
52520,7,7.939,0.0726
52520,8,3.616,0.02597
52520,9,4.357,0.0357
52520,10,11.83,0.08207
52520,11,3.678,0.06033
52520,12,6.44,0.05596
52540,1,2.994,0.03287
52540,2,1.785,0.0159
52540,3,5.284,0.0238
52540,4,3.524,0.01679
52540,5,1.842,0.02284
52540,6,2.295,0.01875
52540,7,3.012,0.01026
52540,8,1.817,0.00633
52540,9,0.722,0.00454
52540,10,2.301,0.01534
52540,11,3.943,0.05436
52540,12,2.099,0.03151
52560,1,3.152,0.11658
52560,2,4.249,0.07869
52560,3,3.658,0.07498
52560,4,5.106,0.10819
52560,5,3.355,0.13682
52560,6,2.495,0.13974
52560,7,3.165,0.15011
52560,8,2.77,0.12365
52560,9,3.689,0.08498
52560,10,3.709,0.09138
52560,11,6.041,0.11063
52560,12,5.313,0.13673
52565,1,2.225,0.04721
52565,2,2.379,0.04549
52565,3,4.491,0.0458
52565,4,4.265,0.05202
52565,5,3.881,0.06119
52565,6,3.829,0.05226
52565,7,2.486,0.0373
52565,8,1.804,0.01961
52565,9,1.914,0.02455
52565,10,3.324,0.05622
52565,11,3.797,0.09035
52565,12,2.758,0.07166
52573,1,3.05,0.17556
52573,2,2.25,0.10422
52573,3,4.15,0.11564
52573,4,3.808,0.14946
52573,5,2.792,0.21094
52573,6,3.1,0.22749
52573,7,4.125,0.264
52573,8,3.033,0.22346
52573,9,3.65,0.15157
52573,10,3.042,0.12472
52573,11,3.642,0.11123
52573,12,4.325,0.18398
52585,1,3.182,0.09658
52585,2,4.811,0.07022
52585,3,3.573,0.06132
52585,4,5.482,0.09458
52585,5,3.558,0.11197
52585,6,2.324,0.11052
52585,7,2.832,0.11177
52585,8,2.637,0.08986
52585,9,3.643,0.06286
52585,10,3.884,0.08024
52585,11,6.701,0.11006
52585,12,5.522,0.12019
52612,1,4.827,0.0786
52612,2,4.614,0.07531
52612,3,5.521,0.06765
52612,4,7.315,0.09895
52612,5,7.137,0.09882
52612,6,5.494,0.09012
52612,7,4.287,0.07084
52612,8,2.923,0.03579
52612,9,4.379,0.04923
52612,10,5.691,0.09696
52612,11,5.506,0.1386
52612,12,5.318,0.10849
52621,1,9.829,0.13781
52621,2,9.199,0.12678
52621,3,6.426,0.1181
52621,4,13.507,0.17718
52621,5,13.763,0.17649
52621,6,9.674,0.16372
52621,7,8.613,0.14542
52621,8,5.804,0.07271
52621,9,9.641,0.09771
52621,10,11.383,0.17671
52621,11,8.988,0.22603
52621,12,10.996,0.18165
52678,1,2.2,0.04471
52678,2,2.123,0.03839
52678,3,4.335,0.04365
52678,4,3.718,0.03924
52678,5,3.14,0.04996
52678,6,3.677,0.04397
52678,7,2.379,0.02921
52678,8,1.855,0.01607
52678,9,1.506,0.01918
52678,10,2.707,0.04514
52678,11,3.596,0.08253
52678,12,2.61,0.06479
52683,1,1.763,0.04482
52683,2,2.2,0.03956
52683,3,3.896,0.05224
52683,4,4.168,0.03906
52683,5,3.605,0.05843
52683,6,4.351,0.0469
52683,7,2.82,0.03732
52683,8,2.179,0.02043
52683,9,1.948,0.02285
52683,10,3.569,0.05372
52683,11,3.827,0.08664
52683,12,2.985,0.07359
52685,1,3.304,0.04126
52685,2,3.933,0.0361
52685,3,6.551,0.04245
52685,4,6.63,0.06202
52685,5,4.677,0.07434
52685,6,3.375,0.059
52685,7,5.082,0.06167
52685,8,2.354,0.0348
52685,9,2.342,0.03539
52685,10,5.776,0.05421
52685,11,5.867,0.06767
52685,12,3.367,0.0535
52687,1,3.883,0.03471
52687,2,2.804,0.02537
52687,3,9.043,0.03056
52687,4,7.943,0.04846
52687,5,4.625,0.04826
52687,6,3.425,0.01928
52687,7,6.31,0.0184
52687,8,2.137,0.00562
52687,9,2.226,0.01397
52687,10,6.818,0.04554
52687,11,6.49,0.07104
52687,12,2.956,0.04215
52693,1,4.767,0.03838
52693,2,3.725,0.03375
52693,3,7.694,0.04505
52693,4,7.082,0.05819
52693,5,5.569,0.06931
52693,6,4.402,0.05144
52693,7,5.98,0.05122
52693,8,3.127,0.02884
52693,9,3.284,0.02755
52693,10,6.152,0.06369
52693,11,6.373,0.07787
52693,12,4.162,0.06134
52694,1,3.693,0.03754
52694,2,3.369,0.03
52694,3,8.074,0.03551
52694,4,7.467,0.05528
52694,5,4.685,0.06023
52694,6,3.376,0.03713
52694,7,5.865,0.03814
52694,8,2.24,0.01888
52694,9,2.286,0.02384
52694,10,6.441,0.04934
52694,11,6.298,0.06891
52694,12,3.152,0.04644
52696,1,9.94,0.09528
52696,2,10.602,0.07642
52696,3,10.846,0.07892
52696,4,10.264,0.09927
52696,5,13.697,0.18289
52696,6,12.848,0.18652
52696,7,12.913,0.15902
52696,8,13.367,0.12757
52696,9,10.222,0.14491
52696,10,9.851,0.1375
52696,11,12.647,0.15724
52696,12,9.478,0.11564
52699,1,2.675,0.05164
52699,2,2.971,0.05114
52699,3,4.862,0.04161
52699,4,4.601,0.06232
52699,5,4.004,0.06284
52699,6,3.35,0.05591
52699,7,2.258,0.03622
52699,8,1.652,0.01956
52699,9,2.074,0.02517
52699,10,3.219,0.05818
52699,11,4.358,0.09644
52699,12,3.069,0.07434
52720,1,3.113,0.05997
52720,2,3.029,0.05931
52720,3,5.385,0.0393
52720,4,4.609,0.07908
52720,5,4.217,0.07343
52720,6,2.852,0.07015
52720,7,2.038,0.04858
52720,8,1.352,0.02957
52720,9,2.1,0.03359
52720,10,2.972,0.06406
52720,11,4.199,0.10011
52720,12,2.845,0.07761
52786,1,4.2,0.03392
52786,2,2.867,0.02332
52786,3,10.0,0.02887
52786,4,8.533,0.04832
52786,5,4.7,0.04496
52786,6,3.45,0.01353
52786,7,6.9,0.01263
52786,8,2.15,0.00179
52786,9,2.2,0.01191
52786,10,7.25,0.04372
52786,11,6.9,0.06963
52786,12,2.967,0.03857
52788,1,2.004,0.0436
52788,2,2.367,0.04163
52788,3,3.737,0.04471
52788,4,4.219,0.04913
52788,5,3.962,0.06437
52788,6,3.651,0.05312
52788,7,2.561,0.0451
52788,8,1.965,0.02425
52788,9,2.128,0.02544
52788,10,3.682,0.0563
52788,11,3.837,0.08532
52788,12,2.847,0.06897
52835,1,10.475,0.05796
52835,2,8.062,0.06364
52835,3,5.888,0.0328
52835,4,7.637,0.05685
52835,5,10.633,0.12138
52835,6,11.873,0.10593
52835,7,7.39,0.05282
52835,8,2.45,0.00971
52835,9,2.967,0.01611
52835,10,12.0,0.06108
52835,11,2.05,0.02429
52835,12,5.4,0.0297
52838,1,3.1,0.05235
52838,2,2.7,0.05697
52838,3,5.733,0.03467
52838,4,4.45,0.07571
52838,5,4.35,0.06531
52838,6,2.95,0.06155
52838,7,1.875,0.03532
52838,8,1.1,0.01699
52838,9,1.8,0.02733
52838,10,2.8,0.06063
52838,11,3.733,0.09817
52838,12,2.333,0.06892
52885,1,1.946,0.04367
52885,2,2.333,0.04104
52885,3,3.734,0.04616
52885,4,4.206,0.047
52885,5,3.894,0.06333
52885,6,3.782,0.05192
52885,7,2.616,0.04391
52885,8,2.015,0.02371
52885,9,2.102,0.02496
52885,10,3.676,0.05579
52885,11,3.837,0.08536
52885,12,2.878,0.06977
54001,1,9.35,0.01615
54001,2,3.688,0.00936
54001,3,6.731,0.01536
54001,4,8.152,0.03138
54001,5,7.258,0.01804
54001,6,5.81,0.01849
54001,7,10.639,0.01295
54001,8,7.564,0.01361
54001,9,6.995,0.01098
54001,10,9.832,0.03266
54001,11,8.586,0.02655
54001,12,6.283,0.01009
54003,1,3.3,0.01108
54003,2,1.5,0.00513
54003,3,8.517,0.01405
54003,4,16.667,0.04823
54003,5,6.75,0.03069
54003,6,7.733,0.02834
54003,7,7.8,0.01107
54003,8,6.05,0.02831
54003,9,8.35,0.04454
54003,10,9.383,0.05296
54003,11,7.983,0.04905
54003,12,4.8,0.00623
54051,1,2.189,0.02179
54051,2,1.185,0.02284
54051,3,4.59,0.03061
54051,4,4.828,0.06856
54051,5,3.779,0.0419
54051,6,4.385,0.04447
54051,7,2.712,0.02736
54051,8,4.188,0.02981
54051,9,4.467,0.0425
54051,10,6.452,0.06836
54051,11,5.027,0.0635
54051,12,2.068,0.01418
54099,1,2.394,0.01803
54099,2,1.546,0.02123
54099,3,3.918,0.04955
54099,4,4.005,0.04998
54099,5,4.82,0.03102
54099,6,5.146,0.05282
54099,7,3.463,0.04045
54099,8,3.911,0.03568
54099,9,4.564,0.04707
54099,10,4.965,0.0645
54099,11,5.673,0.06306
54099,12,2.409,0.01709
54109,1,8.165,0.01618
54109,2,2.606,0.01213
54109,3,7.711,0.02106
54109,4,8.557,0.03643
54109,5,6.773,0.02302
54109,6,5.977,0.0251
54109,7,5.862,0.01155
54109,8,6.428,0.0214
54109,9,9.474,0.03153
54109,10,9.277,0.04139
54109,11,8.496,0.05692
54109,12,7.506,0.02002
54125,1,1.893,0.02732
54125,2,1.627,0.01768
54125,3,3.874,0.03491
54125,4,5.679,0.03981
54125,5,2.832,0.04243
54125,6,2.856,0.08466
54125,7,3.432,0.07345
54125,8,2.874,0.05788
54125,9,4.407,0.05363
54125,10,4.836,0.05355
54125,11,3.749,0.05487
54125,12,1.536,0.01755
54128,1,3.2,0.01166
54128,2,3.8,0.00608
54128,3,5.8,0.01564
54128,4,5.7,0.04119
54128,5,2.4,0.02307
54128,6,4.2,0.04606
54128,7,2.2,0.03696
54128,8,4.7,0.02924
54128,9,6.6,0.04057
54128,10,5.6,0.05259
54128,11,7.4,0.08477
54128,12,6.8,0.01345
54172,1,2.46,0.01685
54172,2,1.6,0.02012
54172,3,3.875,0.05204
54172,4,3.85,0.04643
54172,5,4.95,0.02771
54172,6,5.375,0.05268
54172,7,3.6,0.04131
54172,8,3.9,0.0357
54172,9,4.56,0.04738
54172,10,4.65,0.06389
54172,11,5.9,0.06457
54172,12,2.55,0.01753
54174,1,1.2,0.03624
54174,2,0.8,0.00557
54174,3,2.3,0.01921
54174,4,3.533,0.03301
54174,5,2.067,0.05717
54174,6,2.55,0.08706
54174,7,2.4,0.08968
54174,8,2.9,0.06729
54174,9,3.35,0.04027
54174,10,2.867,0.03203
54174,11,3.733,0.03114
54174,12,0.9,0.01512
54206,1,1.56,0.01453
54206,2,1.3,0.01149
54206,3,1.85,0.0214
54206,4,5.45,0.02377
54206,5,6.867,0.03963
54206,6,3.8,0.02624
54206,7,7.025,0.02477
54206,8,6.533,0.04794
54206,9,6.45,0.04267
54206,10,5.733,0.05977
54206,11,2.675,0.02955
54206,12,2.875,0.02668
54223,1,1.95,0.0248
54223,2,0.65,0.0263
54223,3,4.6,0.02692
54223,4,4.967,0.07922
54223,5,3.667,0.04893
54223,6,4.133,0.04189
54223,7,2.542,0.02187
54223,8,4.188,0.02823
54223,9,4.1,0.04142
54223,10,7.1,0.07215
54223,11,4.4,0.0598
54223,12,1.175,0.01334
54239,1,3.878,0.01833
54239,2,1.823,0.01899
54239,3,4.628,0.0388
54239,4,5.051,0.0499
54239,5,5.181,0.03018
54239,6,5.252,0.04342
54239,7,4.945,0.03143
54239,8,4.822,0.02967
54239,9,5.004,0.03821
54239,10,6.338,0.05907
54239,11,6.2,0.05497
54239,12,3.083,0.01492
54245,1,2.575,0.0151
54245,2,1.293,0.00809
54245,3,3.171,0.01725
54245,4,6.91,0.02676
54245,5,8.671,0.0449
54245,6,7.256,0.03137
54245,7,8.882,0.02951
54245,8,7.252,0.04334
54245,9,10.263,0.04068
54245,10,8.519,0.05741
54245,11,5.208,0.03344
54245,12,3.162,0.02204
54250,1,3.268,0.01604
54250,2,1.209,0.00617
54250,3,3.495,0.01502
54250,4,8.067,0.03052
54250,5,10.573,0.04787
54250,6,9.977,0.03659
54250,7,10.072,0.03306
54250,8,8.082,0.04212
54250,9,12.96,0.03948
54250,10,10.604,0.05882
54250,11,7.482,0.03833
54250,12,3.659,0.02003
54261,1,11.0,0.01545
54261,2,4.0,0.00632
54261,3,7.2,0.00862
54261,4,9.2,0.02595
54261,5,7.8,0.01571
54261,6,6.2,0.01407
54261,7,12.4,0.00976
54261,8,8.7,0.0111
54261,9,7.6,0.00339
54261,10,11.1,0.02694
54261,11,9.4,0.01676
54261,12,7.2,0.00807
54313,1,2.267,0.02084
54313,2,2.95,0.02385
54313,3,5.4,0.03778
54313,4,3.6,0.06048
54313,5,4.967,0.02805
54313,6,3.225,0.02538
54313,7,2.84,0.01513
54313,8,1.86,0.01547
54313,9,4.325,0.03997
54313,10,4.3,0.0516
54313,11,4.55,0.0708
54313,12,2.275,0.01953
54344,1,3.358,0.01457
54344,2,1.167,0.00533
54344,3,3.36,0.01262
54344,4,8.315,0.03238
54344,5,10.871,0.04727
54344,6,10.052,0.03586
54344,7,9.458,0.0315
54344,8,7.786,0.03823
54344,9,12.527,0.03714
54344,10,10.175,0.0559
54344,11,7.732,0.03516
54344,12,3.37,0.01639
54347,1,2.033,0.02643
54347,2,2.225,0.03158
54347,3,3.433,0.04686
54347,4,4.975,0.0592
54347,5,4.62,0.05649
54347,6,2.98,0.07486
54347,7,2.74,0.0588
54347,8,3.6,0.04868
54347,9,5.475,0.05187
54347,10,6.625,0.06125
54347,11,4.0,0.04276
54347,12,2.167,0.01631
54377,1,1.508,0.03266
54377,2,1.742,0.03034
54377,3,4.299,0.04779
54377,4,3.507,0.04634
54377,5,3.36,0.05682
54377,6,4.309,0.09574
54377,7,3.554,0.06563
54377,8,3.099,0.05581
54377,9,5.684,0.03597
54377,10,5.167,0.05214
54377,11,5.226,0.05403
54377,12,3.073,0.03135
54385,1,7.235,0.00776
54385,2,6.065,0.01349
54385,3,5.665,0.01798
54385,4,7.927,0.04773
54385,5,6.153,0.03712
54385,6,7.451,0.0402
54385,7,7.942,0.03875
54385,8,7.6,0.03198
54385,9,9.472,0.04084
54385,10,12.314,0.05624
54385,11,10.052,0.06646
54385,12,10.555,0.01464
54398,1,3.233,0.00991
54398,2,1.23,0.00442
54398,3,4.877,0.00935
54398,4,11.735,0.04141
54398,5,9.206,0.03801
54398,6,8.241,0.02961
54398,7,7.028,0.01873
54398,8,6.225,0.02728
54398,9,8.874,0.03584
54398,10,8.162,0.04892
54398,11,7.538,0.03279
54398,12,3.222,0.006
54405,1,7.836,0.01658
54405,2,3.328,0.01196
54405,3,6.216,0.02234
54405,4,7.198,0.03564
54405,5,6.757,0.02017
54405,6,5.564,0.02401
54405,7,9.053,0.01729
54405,8,6.623,0.017
54405,9,6.448,0.01838
54405,10,8.679,0.0386
54405,11,7.907,0.03527
54405,12,5.451,0.01185
54418,1,3.55,0.01988
54418,2,2.933,0.02129
54418,3,5.843,0.03398
54418,4,4.615,0.05529
54418,5,5.366,0.02678
54418,6,3.783,0.02492
54418,7,3.685,0.01435
54418,8,2.857,0.01628
54418,9,5.285,0.03724
54418,10,5.362,0.04902
54418,11,5.372,0.06655
54418,12,3.309,0.01919
54480,1,2.015,0.0192
54480,2,2.591,0.01995
54480,3,3.775,0.03236
54480,4,4.693,0.03636
54480,5,2.454,0.02846
54480,6,3.643,0.08945
54480,7,3.917,0.07437
54480,8,3.075,0.05507
54480,9,4.843,0.05823
54480,10,4.899,0.05851
54480,11,3.761,0.07089
54480,12,2.554,0.01789
54498,1,2.75,0.00607
54498,2,1.008,0.00436
54498,3,1.633,0.00427
54498,4,7.95,0.03771
54498,5,10.075,0.03902
54498,6,6.563,0.02558
54498,7,4.393,0.01829
54498,8,5.293,0.0219
54498,9,6.213,0.02707
54498,10,4.908,0.04152
54498,11,6.0,0.01338
54498,12,1.394,0.00188
54518,1,2.0,0.02764
54518,2,0.633,0.02573
54518,3,4.767,0.04929
54518,4,8.325,0.05444
54518,5,3.58,0.04033
54518,6,2.7,0.06017
54518,7,2.82,0.03808
54518,8,2.65,0.0476
54518,9,4.24,0.05103
54518,10,5.95,0.06135
54518,11,3.6,0.04201
54518,12,1.0,0.01439
54520,1,1.998,0.02718
54520,2,0.814,0.02645
54520,3,4.598,0.04646
54520,4,7.565,0.0578
54520,5,3.707,0.04313
54520,6,2.895,0.05973
54520,7,2.779,0.03856
54520,8,2.932,0.04551
54520,9,4.363,0.05003
54520,10,6.157,0.06257
54520,11,3.736,0.04413
54520,12,1.151,0.01449
54553,1,13.8,0.01424
54553,2,3.55,0.01049
54553,3,9.45,0.01467
54553,4,16.4,0.03962
54553,5,12.15,0.0306
54553,6,8.85,0.03161
54553,7,8.233,0.02702
54553,8,9.417,0.02816
54553,9,11.967,0.04959
54553,10,13.4,0.03214
54553,11,11.517,0.03778
54553,12,14.15,0.02292
54599,1,2.131,0.02427
54599,2,1.997,0.02862
54599,3,3.605,0.04819
54599,4,4.888,0.05599
54599,5,4.643,0.04898
54599,6,3.521,0.06896
54599,7,2.944,0.05367
54599,8,3.62,0.04562
54599,9,5.199,0.05079
54599,10,6.132,0.06187
54599,11,4.42,0.04778
54599,12,2.195,0.0165
54660,1,2.401,0.0197
54660,2,2.642,0.02052
54660,3,5.315,0.03066
54660,4,4.347,0.06031
54660,5,4.133,0.03144
54660,6,3.63,0.03339
54660,7,2.638,0.0213
54660,8,2.973,0.02118
54660,9,4.77,0.04041
54660,10,5.181,0.05621
54660,11,5.135,0.07147
54660,12,3.02,0.01689
54670,1,3.828,0.01749
54670,2,1.203,0.00477
54670,3,4.171,0.0142
54670,4,8.856,0.03181
54670,5,11.725,0.0512
54670,6,12.154,0.04077
54670,7,11.546,0.03701
54670,8,8.821,0.04241
54670,9,15.57,0.03978
54670,10,12.622,0.06027
54670,11,9.059,0.04344
54670,12,4.119,0.01987
54673,1,9.787,0.01613
54673,2,3.783,0.00877
54673,3,7.023,0.01287
54673,4,8.501,0.0307
54673,5,7.399,0.01765
54673,6,5.837,0.01614
54673,7,10.842,0.01051
54673,8,7.746,0.01231
54673,9,7.342,0.00956
54673,10,10.181,0.0308
54673,11,8.771,0.02578
54673,12,6.644,0.01021
54680,1,5.323,0.01883
54680,2,3.189,0.01773
54680,3,6.163,0.02794
54680,4,5.703,0.04831
54680,5,5.945,0.02413
54680,6,4.357,0.02232
54680,7,5.769,0.01326
54680,8,4.248,0.01502
54680,9,5.828,0.02914
54680,10,6.727,0.04375
54680,11,6.329,0.05464
54680,12,4.23,0.01652
54720,1,9.6,0.01493
54720,2,2.4,0.00929
54720,3,8.4,0.01734
54720,4,9.9,0.03049
54720,5,7.2,0.02218
54720,6,6.733,0.02588
54720,7,6.2,0.01068
54720,8,7.533,0.02388
54720,9,11.067,0.03136
54720,10,10.533,0.03965
54720,11,9.533,0.05616
54720,12,9.0,0.02109
54743,1,2.4,0.01812
54743,2,4.0,0.01679
54743,3,4.0,0.02756
54743,4,3.6,0.02339
54743,5,2.4,0.03138
54743,6,3.4,0.12092
54743,7,5.4,0.11335
54743,8,3.2,0.06492
54743,9,5.7,0.07072
54743,10,5.0,0.06221
54743,11,4.0,0.09825
54743,12,3.0,0.02488
54800,1,4.8,0.02039
54800,2,1.2,0.00248
54800,3,5.4,0.0133
54800,4,10.2,0.03367
54800,5,13.7,0.05726
54800,6,16.0,0.04836
54800,7,14.3,0.04436
54800,8,10.2,0.04381
54800,9,20.3,0.04084
54800,10,16.3,0.0635
54800,11,11.8,0.05322
54800,12,5.0,0.02041
54810,1,10.383,0.01598
54810,2,2.643,0.00814
54810,3,8.141,0.01505
54810,4,13.065,0.03563
54810,5,11.196,0.03505
54810,6,10.082,0.03429
54810,7,9.214,0.02696
54810,8,9.103,0.03095
54810,9,13.828,0.04242
54810,10,13.353,0.04211
54810,11,11.049,0.04668
54810,12,10.436,0.02179
54820,1,1.5,0.03275
54820,2,1.75,0.03038
54820,3,4.3,0.04778
54820,4,3.45,0.04618
54820,5,3.35,0.05698
54820,6,4.333,0.09623
54820,7,3.567,0.06595
54820,8,3.1,0.05593
54820,9,5.7,0.03572
54820,10,5.15,0.05199
54820,11,5.25,0.05423
54820,12,3.1,0.03161
54871,1,4.32,0.01602
54871,2,3.142,0.01379
54871,3,6.247,0.02471
54871,4,5.852,0.04627
54871,5,4.52,0.02482
54871,6,4.406,0.03328
54871,7,3.379,0.02231
54871,8,4.245,0.0226
54871,9,6.745,0.03819
54871,10,6.236,0.0492
54871,11,6.778,0.07266
54871,12,5.538,0.01761
54874,1,7.792,0.0166
54874,2,3.321,0.01205
54874,3,6.204,0.02252
54874,4,7.17,0.0358
54874,5,6.742,0.02023
54874,6,5.553,0.02411
54874,7,9.006,0.01736
54874,8,6.591,0.01705
54874,9,6.432,0.01858
54874,10,8.645,0.03874
54874,11,7.884,0.03553
54874,12,5.426,0.01191
63001,1,10.435,0.05798
63001,2,14.938,0.08608
63001,3,10.811,0.08219
63001,4,13.776,0.16985
63001,5,11.874,0.12275
63001,6,11.564,0.11041
63001,7,6.657,0.08578
63001,8,7.99,0.06578
63001,9,8.544,0.07405
63001,10,12.551,0.12591
63001,11,9.885,0.13117
63001,12,7.412,0.08686
63111,1,4.48,0.02453
63111,2,7.425,0.04189
63111,3,4.975,0.0428
63111,4,7.375,0.07006
63111,5,5.45,0.05343
63111,6,6.0,0.04414
63111,7,4.04,0.03209
63111,8,6.725,0.03999
63111,9,5.4,0.04076
63111,10,8.233,0.04545
63111,11,5.05,0.0755
63111,12,5.5,0.03739
63130,1,4.395,0.03117
63130,2,7.175,0.03735
63130,3,9.012,0.06465
63130,4,4.117,0.04085
63130,5,5.8,0.05893
63130,6,2.833,0.0318
63130,7,2.113,0.02447
63130,8,2.762,0.02934
63130,9,4.479,0.03222
63130,10,7.887,0.07471
63130,11,6.775,0.08094
63130,12,5.025,0.04313
63190,1,6.002,0.03644
63190,2,8.266,0.0569
63190,3,11.304,0.07172
63190,4,9.675,0.08541
63190,5,11.397,0.06829
63190,6,7.562,0.06809
63190,7,4.478,0.04929
63190,8,4.637,0.04306
63190,9,6.577,0.04195
63190,10,10.428,0.07798
63190,11,9.154,0.09623
63190,12,7.958,0.05811
63212,1,5.675,0.02713
63212,2,8.012,0.04509
63212,3,6.407,0.04832
63212,4,7.686,0.0645
63212,5,5.497,0.05494
63212,6,4.816,0.04556
63212,7,3.639,0.03465
63212,8,5.422,0.03537
63212,9,5.131,0.03809
63212,10,8.086,0.05054
63212,11,7.399,0.07657
63212,12,6.377,0.04124
63272,1,5.459,0.03224
63272,2,7.634,0.05341
63272,3,10.815,0.0629
63272,4,9.449,0.08192
63272,5,10.547,0.05578
63272,6,7.829,0.06477
63272,7,5.059,0.04939
63272,8,5.344,0.04206
63272,9,7.302,0.04187
63272,10,9.028,0.06655
63272,11,9.009,0.08981
63272,12,7.742,0.05222
63302,1,5.055,0.02277
63302,2,6.025,0.03629
63302,3,4.557,0.04183
63302,4,6.546,0.05598
63302,5,5.639,0.04823
63302,6,4.973,0.04408
63302,7,5.038,0.0336
63302,8,6.046,0.03727
63302,9,5.207,0.03174
63302,10,7.211,0.04498
63302,11,6.825,0.07271
63302,12,6.247,0.03705
63401,1,4.777,0.02278
63401,2,5.744,0.03494
63401,3,4.814,0.04189
63401,4,6.781,0.05848
63401,5,6.37,0.05053
63401,6,5.805,0.0437
63401,7,5.528,0.03234
63401,8,6.197,0.03943
63401,9,5.643,0.03598
63401,10,7.049,0.04809
63401,11,5.577,0.07278
63401,12,5.441,0.03383
63470,1,5.86,0.02556
63470,2,5.975,0.03702
63470,3,6.825,0.04692
63470,4,8.1,0.0595
63470,5,7.933,0.05671
63470,6,6.3,0.0464
63470,7,6.26,0.03422
63470,8,5.2,0.03889
63470,9,6.3,0.04216
63470,10,6.533,0.05803
63470,11,6.0,0.07369
63470,12,5.025,0.03163
63548,1,7.062,0.02883
63548,2,8.733,0.04964
63548,3,7.267,0.05043
63548,4,8.675,0.06379
63548,5,5.483,0.0556
63548,6,4.071,0.04958
63548,7,3.553,0.03907
63548,8,4.695,0.03213
63548,9,5.0,0.03668
63548,10,7.983,0.0507
63548,11,9.758,0.07675
63548,12,7.475,0.04454
63594,1,5.065,0.0263
63594,2,6.934,0.03985
63594,3,7.691,0.04556
63594,4,7.041,0.06483
63594,5,6.326,0.04709
63594,6,6.239,0.04586
63594,7,5.558,0.0394
63594,8,5.868,0.03775
63594,9,7.192,0.04317
63594,10,5.775,0.05691
63594,11,6.817,0.07577
63594,12,5.139,0.03616
63690,1,4.4,0.0274
63690,2,5.2,0.05078
63690,3,12.7,0.06955
63690,4,10.2,0.06177
63690,5,13.9,0.0435
63690,6,7.733,0.06313
63690,7,4.467,0.04182
63690,8,3.75,0.03756
63690,9,6.55,0.0294
63690,10,10.533,0.05371
63690,11,9.933,0.08489
63690,12,9.7,0.04997
66001,1,5.219,0.0381
66001,2,6.596,0.05299
66001,3,8.263,0.05987
66001,4,7.186,0.08122
66001,5,6.526,0.07684
66001,6,6.874,0.06819
66001,7,5.499,0.05444
66001,8,4.813,0.03924
66001,9,6.084,0.05173
66001,10,7.192,0.07894
66001,11,8.506,0.08843
66001,12,5.118,0.04641
66045,1,2.65,0.02128
66045,2,2.133,0.02457
66045,3,1.65,0.04484
66045,4,2.267,0.06072
66045,5,3.433,0.05828
66045,6,3.4,0.05226
66045,7,3.367,0.05544
66045,8,1.45,0.0209
66045,9,3.133,0.0371
66045,10,3.233,0.05667
66045,11,3.05,0.06238
66045,12,2.95,0.04337
66075,1,3.311,0.03038
66075,2,6.109,0.03704
66075,3,6.007,0.05104
66075,4,5.901,0.06823
66075,5,6.177,0.08431
66075,6,7.08,0.05981
66075,7,4.963,0.0574
66075,8,4.515,0.04514
66075,9,5.413,0.0446
66075,10,7.268,0.07483
66075,11,6.234,0.09051
66075,12,5.68,0.06507
66088,1,3.967,0.03401
66088,2,6.867,0.033
66088,3,5.7,0.03762
66088,4,10.367,0.07087
66088,5,7.3,0.11292
66088,6,11.333,0.09577
66088,7,8.567,0.05082
66088,8,8.167,0.01901
66088,9,9.85,0.06543
66088,10,9.75,0.10533
66088,11,11.95,0.10365
66088,12,8.9,0.04955
66170,1,4.597,0.03194
66170,2,5.983,0.05196
66170,3,7.773,0.0559
66170,4,7.781,0.07287
66170,5,6.88,0.06248
66170,6,6.335,0.06005
66170,7,5.457,0.04918
66170,8,4.675,0.03552
66170,9,6.441,0.04646
66170,10,6.626,0.07514
66170,11,8.92,0.08407
66170,12,5.423,0.0486
66318,1,2.6,0.02436
66318,2,4.325,0.03162
66318,3,3.5,0.03731
66318,4,6.067,0.05628
66318,5,3.967,0.04522
66318,6,5.475,0.04741
66318,7,4.72,0.04579
66318,8,4.98,0.04569
66318,9,4.48,0.04819
66318,10,5.467,0.06425
66318,11,4.125,0.06246
66318,12,3.1,0.035
66383,1,3.925,0.03258
66383,2,6.833,0.03946
66383,3,6.033,0.05206
66383,4,5.567,0.07351
66383,5,6.0,0.08891
66383,6,7.575,0.06692
66383,7,4.84,0.06149
66383,8,4.66,0.04936
66383,9,5.92,0.04894
66383,10,6.0,0.07532
66383,11,6.7,0.08651
66383,12,5.1,0.05725
66400,1,2.57,0.02478
66400,2,5.882,0.03845
66400,3,7.325,0.04893
66400,4,6.782,0.05404
66400,5,8.198,0.06763
66400,6,5.46,0.04454
66400,7,5.167,0.03995
66400,8,4.365,0.03195
66400,9,3.898,0.02941
66400,10,8.532,0.0638
66400,11,5.2,0.08111
66400,12,5.712,0.06074
66440,1,3.666,0.0294
66440,2,6.034,0.04412
66440,3,6.899,0.05382
66440,4,7.368,0.06677
66440,5,5.921,0.05344
66440,6,5.999,0.05253
66440,7,6.019,0.0466
66440,8,4.74,0.03693
66440,9,6.14,0.04276
66440,10,6.135,0.06388
66440,11,7.902,0.07999
66440,12,5.434,0.05101
66456,1,3.232,0.02741
66456,2,5.515,0.03201
66456,3,5.591,0.03961
66456,4,8.144,0.06328
66456,5,5.854,0.07006
66456,6,7.85,0.06777
66456,7,6.607,0.04851
66456,8,6.288,0.0381
66456,9,6.91,0.05469
66456,10,7.169,0.07787
66456,11,7.384,0.0778
66456,12,5.511,0.04087
66572,1,3.367,0.02801
66572,2,4.733,0.03047
66572,3,3.944,0.04367
66572,4,5.793,0.06682
66572,5,5.309,0.08369
66572,6,7.037,0.07061
66572,7,5.505,0.05497
66572,8,4.466,0.02576
66572,9,6.067,0.04949
66572,10,6.092,0.07763
66572,11,6.929,0.08177
66572,12,5.487,0.04827
66594,1,2.475,0.02141
66594,2,4.721,0.03676
66594,3,5.96,0.04922
66594,4,7.856,0.06458
66594,5,5.452,0.0452
66594,6,6.735,0.06695
66594,7,6.46,0.05499
66594,8,7.167,0.05997
66594,9,6.439,0.05894
66594,10,5.487,0.06601
66594,11,5.296,0.0659
66594,12,5.829,0.03887
66682,1,3.558,0.02149
66682,2,5.078,0.05124
66682,3,7.3,0.04973
66682,4,9.078,0.05855
66682,5,7.783,0.03879
66682,6,5.528,0.04813
66682,7,5.117,0.0399
66682,8,4.433,0.02797
66682,9,7.203,0.03766
66682,10,5.722,0.07043
66682,11,10.1,0.07903
66682,12,5.892,0.05318
66687,1,2.933,0.02384
66687,2,3.171,0.02756
66687,3,2.601,0.04576
66687,4,3.217,0.06342
66687,5,4.06,0.06615
66687,6,4.495,0.05684
66687,7,3.865,0.05628
66687,8,2.321,0.02577
66687,9,3.93,0.04048
66687,10,4.018,0.06218
66687,11,4.099,0.0685
66687,12,3.601,0.04608
68001,1,0.562,0.0077
68001,2,0.875,0.01164
68001,3,3.171,0.01975
68001,4,2.467,0.02223
68001,5,3.2,0.02377
68001,6,1.792,0.02071
68001,7,2.4,0.01472
68001,8,3.067,0.01923
68001,9,0.933,0.02385
68001,10,1.2,0.02268
68001,11,1.15,0.02143
68001,12,0.6,0.01128
68013,1,5.228,0.01367
68013,2,4.887,0.02664
68013,3,8.054,0.05362
68013,4,7.563,0.06869
68013,5,7.651,0.067
68013,6,6.886,0.05065
68013,7,6.586,0.04223
68013,8,7.74,0.04168
68013,9,5.989,0.05074
68013,10,8.207,0.05453
68013,11,6.405,0.05894
68013,12,5.992,0.02617
68020,1,6.277,0.0242
68020,2,5.779,0.03352
68020,3,8.883,0.05929
68020,4,6.929,0.05986
68020,5,8.872,0.05429
68020,6,7.355,0.03511
68020,7,8.851,0.02778
68020,8,8.033,0.02838
68020,9,8.373,0.03809
68020,10,9.947,0.06851
68020,11,8.084,0.07185
68020,12,6.615,0.02913
68051,1,4.713,0.0094
68051,2,7.27,0.01337
68051,3,8.881,0.022
68051,4,8.819,0.02878
68051,5,9.495,0.03341
68051,6,9.353,0.03483
68051,7,9.175,0.02354
68051,8,10.58,0.02385
68051,9,9.256,0.03187
68051,10,8.863,0.03884
68051,11,8.194,0.03257
68051,12,5.128,0.00963
68077,1,5.619,0.0134
68077,2,5.72,0.0297
68077,3,8.314,0.05901
68077,4,8.116,0.06892
68077,5,8.218,0.06401
68077,6,7.692,0.05231
68077,7,7.428,0.04206
68077,8,8.355,0.03958
68077,9,6.748,0.04805
68077,10,9.075,0.05501
68077,11,7.126,0.06601
68077,12,7.023,0.0284
68079,1,3.471,0.00729
68079,2,5.612,0.01155
68079,3,6.429,0.02321
68079,4,7.09,0.03645
68079,5,7.337,0.04044
68079,6,7.245,0.03125
68079,7,7.283,0.02061
68079,8,8.465,0.02395
68079,9,6.616,0.02875
68079,10,6.792,0.03504
68079,11,5.61,0.02978
68079,12,4.155,0.00648
68081,1,6.0,0.01211
68081,2,7.6,0.01142
68081,3,13.733,0.03649
68081,4,2.1,0.03822
68081,5,8.475,0.04971
68081,6,9.875,0.0407
68081,7,8.275,0.03097
68081,8,6.825,0.03781
68081,9,10.475,0.04239
68081,10,13.1,0.0595
68081,11,9.775,0.04467
68081,12,4.4,0.00709
68092,1,2.269,0.01192
68092,2,6.566,0.01845
68092,3,6.07,0.02151
68092,4,8.336,0.03692
68092,5,7.471,0.03814
68092,6,6.391,0.02788
68092,7,8.745,0.02171
68092,8,10.244,0.02564
68092,9,4.88,0.02337
68092,10,8.403,0.03923
68092,11,5.306,0.03076
68092,12,5.897,0.01953
68101,1,8.207,0.01002
68101,2,6.606,0.0275
68101,3,10.787,0.05952
68101,4,10.685,0.06558
68101,5,10.592,0.06168
68101,6,9.284,0.04977
68101,7,8.264,0.0382
68101,8,10.369,0.03668
68101,9,8.191,0.04309
68101,10,11.341,0.05202
68101,11,8.14,0.06453
68101,12,8.348,0.02972
68121,1,4.063,0.01021
68121,2,3.669,0.0111
68121,3,7.136,0.03277
68121,4,7.097,0.05097
68121,5,6.596,0.06212
68121,6,7.015,0.04346
68121,7,6.424,0.03512
68121,8,8.032,0.03543
68121,9,7.609,0.04291
68121,10,5.883,0.04409
68121,11,5.368,0.03663
68121,12,4.319,0.00938
68132,1,3.995,0.01075
68132,2,4.412,0.01405
68132,3,5.118,0.02633
68132,4,6.108,0.05532
68132,5,5.033,0.04124
68132,6,4.413,0.03579
68132,7,3.549,0.02319
68132,8,4.861,0.02892
68132,9,6.442,0.04489
68132,10,7.312,0.05924
68132,11,3.918,0.04936
68132,12,3.061,0.00982
68147,1,3.19,0.0271
68147,2,3.889,0.02836
68147,3,4.003,0.05103
68147,4,2.824,0.05881
68147,5,4.003,0.07219
68147,6,2.913,0.09958
68147,7,2.095,0.09185
68147,8,3.823,0.07
68147,9,3.832,0.07419
68147,10,4.125,0.07641
68147,11,3.725,0.04089
68147,12,2.281,0.01706
68152,1,1.8,0.02977
68152,2,2.6,0.0289
68152,3,2.067,0.05018
68152,4,2.35,0.05694
68152,5,4.267,0.07836
68152,6,2.8,0.13278
68152,7,2.2,0.12897
68152,8,4.733,0.09894
68152,9,3.5,0.08969
68152,10,3.4,0.0796
68152,11,1.667,0.03627
68152,12,1.8,0.01699
68160,1,5.067,0.01021
68160,2,7.066,0.01524
68160,3,8.67,0.0246
68160,4,7.419,0.02689
68160,5,8.382,0.03093
68160,6,8.109,0.03196
68160,7,7.624,0.02221
68160,8,9.092,0.02241
68160,9,8.563,0.03221
68160,10,7.982,0.03901
68160,11,7.785,0.03024
68160,12,4.504,0.00916
68162,1,2.167,0.04163
68162,2,2.36,0.03766
68162,3,3.375,0.07081
68162,4,3.4,0.09654
68162,5,2.425,0.10108
68162,6,2.15,0.18739
68162,7,2.375,0.14957
68162,8,2.9,0.1196
68162,9,2.86,0.11213
68162,10,3.775,0.09881
68162,11,3.925,0.06397
68162,12,2.65,0.02548
68167,1,3.702,0.01269
68167,2,2.072,0.01185
68167,3,7.864,0.03436
68167,4,7.513,0.05672
68167,5,6.053,0.06976
68167,6,5.707,0.04718
68167,7,6.116,0.04386
68167,8,7.985,0.04171
68167,9,6.688,0.05143
68167,10,6.276,0.05116
68167,11,5.418,0.04173
68167,12,4.963,0.01568
68169,1,3.018,0.01632
68169,2,4.578,0.01947
68169,3,5.013,0.03173
68169,4,5.07,0.0539
68169,5,4.855,0.04036
68169,6,4.196,0.04908
68169,7,2.677,0.03324
68169,8,4.345,0.03603
68169,9,4.949,0.0479
68169,10,6.447,0.05584
68169,11,4.594,0.05034
68169,12,2.77,0.0127
68176,1,3.738,0.01271
68176,2,2.755,0.01449
68176,3,7.081,0.03728
68176,4,6.463,0.06184
68176,5,5.841,0.07174
68176,6,5.554,0.04634
68176,7,5.214,0.04095
68176,8,6.789,0.04237
68176,9,5.728,0.05184
68176,10,5.644,0.05028
68176,11,4.747,0.03996
68176,12,4.004,0.01506
68179,1,7.182,0.01215
68179,2,6.146,0.02743
68179,3,9.367,0.05631
68179,4,9.481,0.06464
68179,5,9.316,0.05997
68179,6,8.193,0.0491
68179,7,7.569,0.03888
68179,8,9.335,0.03707
68179,9,7.669,0.0446
68179,10,10.073,0.05197
68179,11,7.804,0.06269
68179,12,7.775,0.02771
68190,1,15.2,0.00917
68190,2,8.6,0.00581
68190,3,11.8,0.0134
68190,4,15.3,0.01558
68190,5,11.9,0.00689
68190,6,6.933,0.01257
68190,7,4.4,0.00778
68190,8,11.7,0.01082
68190,9,12.8,0.0153
68190,10,12.5,0.02154
68190,11,12.2,0.02109
68190,12,11.8,0.01068
68207,1,3.162,0.02751
68207,2,3.606,0.0298
68207,3,4.378,0.05219
68207,4,2.248,0.05889
68207,5,2.572,0.06313
68207,6,1.791,0.10749
68207,7,1.88,0.08844
68207,8,2.873,0.07119
68207,9,3.103,0.07285
68207,10,3.854,0.07027
68207,11,3.92,0.04192
68207,12,2.373,0.01597
68209,1,3.75,0.01434
68209,2,2.933,0.01851
68209,3,7.0,0.03795
68209,4,5.733,0.06571
68209,5,5.6,0.07118
68209,6,4.425,0.04474
68209,7,3.96,0.04093
68209,8,5.54,0.04524
68209,9,3.82,0.05606
68209,10,5.6,0.05225
68209,11,4.525,0.03955
68209,12,3.3,0.01957
68211,1,3.732,0.01253
68211,2,2.64,0.01366
68211,3,7.198,0.0368
68211,4,6.691,0.06069
68211,5,5.898,0.07153
68211,6,5.704,0.04664
68211,7,5.481,0.04135
68211,8,7.097,0.04195
68211,9,6.078,0.0513
68211,10,5.736,0.05018
68211,11,4.865,0.04025
68211,12,4.217,0.01463
68217,1,3.806,0.01731
68217,2,3.627,0.01655
68217,3,10.812,0.04335
68217,4,9.949,0.06494
68217,5,8.577,0.08158
68217,6,8.648,0.05999
68217,7,10.147,0.05538
68217,8,11.225,0.04731
68217,9,9.728,0.06277
68217,10,9.725,0.06658
68217,11,7.953,0.05445
68217,12,7.275,0.02224
68229,1,4.532,0.01507
68229,2,6.143,0.0165
68229,3,11.063,0.03639
68229,4,10.334,0.04959
68229,5,10.1,0.06209
68229,6,10.377,0.05294
68229,7,11.179,0.04401
68229,8,12.187,0.0378
68229,9,11.048,0.05175
68229,10,10.511,0.05826
68229,11,9.157,0.04812
68229,12,7.019,0.01783
68235,1,3.128,0.01099
68235,2,7.452,0.0201
68235,3,5.94,0.02817
68235,4,8.004,0.04777
68235,5,7.752,0.05089
68235,6,6.644,0.03604
68235,7,7.423,0.03016
68235,8,10.076,0.03563
68235,9,5.467,0.03624
68235,10,7.546,0.04086
68235,11,5.367,0.03343
68235,12,4.315,0.01075
68245,1,3.729,0.01252
68245,2,2.594,0.01349
68245,3,7.251,0.0366
68245,4,6.762,0.06035
68245,5,5.912,0.0714
68245,6,5.714,0.0467
68245,7,5.542,0.04155
68245,8,7.178,0.0419
68245,9,6.143,0.05128
68245,10,5.779,0.05024
68245,11,4.91,0.04037
68245,12,4.281,0.01467
68250,1,9.21,0.01049
68250,2,6.842,0.02343
68250,3,10.557,0.04996
68250,4,11.191,0.05596
68250,5,10.459,0.05094
68250,6,8.523,0.04262
68250,7,7.337,0.03272
68250,8,10.312,0.03197
68250,9,8.897,0.03834
68250,10,11.183,0.04631
68250,11,8.799,0.05587
68250,12,8.823,0.02557
68255,1,6.539,0.00814
68255,2,5.726,0.01313
68255,3,5.678,0.02054
68255,4,7.693,0.05145
68255,5,6.139,0.04079
68255,6,6.537,0.03566
68255,7,6.802,0.03158
68255,8,6.937,0.02942
68255,9,8.837,0.04192
68255,10,11.184,0.05815
68255,11,8.151,0.06017
68255,12,8.263,0.01294
68264,1,3.097,0.01062
68264,2,2.841,0.01461
68264,3,8.455,0.03805
68264,4,7.636,0.05353
68264,5,5.919,0.06241
68264,6,6.646,0.04581
68264,7,5.311,0.03897
68264,8,7.845,0.03586
68264,9,6.55,0.04727
68264,10,6.502,0.04839
68264,11,6.38,0.04292
68264,12,5.013,0.01647
68266,1,3.8,0.01725
68266,2,4.454,0.02394
68266,3,4.955,0.03831
68266,4,1.405,0.03097
68266,5,2.8,0.0362
68266,6,1.598,0.05032
68266,7,1.537,0.0462
68266,8,2.984,0.03744
68266,9,3.31,0.04506
68266,10,3.88,0.04988
68266,11,3.757,0.02525
68266,12,2.129,0.00903
68271,1,6.649,0.02446
68271,2,6.164,0.03363
68271,3,9.5,0.06099
68271,4,7.426,0.06132
68271,5,9.48,0.05582
68271,6,8.548,0.03631
68271,7,9.786,0.02888
68271,8,8.626,0.02953
68271,9,9.215,0.04067
68271,10,10.759,0.07091
68271,11,8.704,0.07099
68271,12,6.557,0.02916
68276,1,4.7,0.01281
68276,2,7.067,0.02577
68276,3,11.2,0.02089
68276,4,9.8,0.01967
68276,5,9.2,0.02286
68276,6,6.8,0.01875
68276,7,8.55,0.02396
68276,8,10.35,0.02364
68276,9,8.9,0.02647
68276,10,6.267,0.03095
68276,11,8.533,0.03115
68276,12,7.467,0.01375
68296,1,3.072,0.00729
68296,2,5.355,0.01168
68296,3,6.157,0.02424
68296,4,6.987,0.03911
68296,5,7.087,0.0432
68296,6,6.991,0.03151
68296,7,7.361,0.02109
68296,8,8.366,0.02441
68296,9,6.196,0.02907
68296,10,6.773,0.03599
68296,11,5.258,0.03069
68296,12,4.253,0.0067
68298,1,2.575,0.01184
68298,2,5.064,0.02466
68298,3,7.882,0.04727
68298,4,6.036,0.04963
68298,5,8.439,0.04279
68298,6,3.803,0.03302
68298,7,3.464,0.02471
68298,8,4.996,0.03098
68298,9,3.993,0.03193
68298,10,8.155,0.04903
68298,11,6.126,0.05689
68298,12,5.398,0.02629
68307,1,3.369,0.02301
68307,2,3.555,0.02798
68307,3,7.231,0.02779
68307,4,6.08,0.03337
68307,5,5.445,0.03418
68307,6,4.07,0.0249
68307,7,5.287,0.02377
68307,8,6.051,0.0286
68307,9,3.66,0.02348
68307,10,4.603,0.04117
68307,11,4.055,0.02637
68307,12,5.89,0.04646
68318,1,3.505,0.02583
68318,2,4.15,0.02752
68318,3,5.044,0.04832
68318,4,3.518,0.05738
68318,5,3.613,0.06012
68318,6,3.063,0.10423
68318,7,2.986,0.08226
68318,8,3.996,0.06749
68318,9,4.114,0.06898
68318,10,4.541,0.06654
68318,11,4.814,0.04268
68318,12,2.763,0.01543
68320,1,3.73,0.01268
68320,2,2.6,0.01382
68320,3,7.256,0.03662
68320,4,6.71,0.06063
68320,5,5.893,0.07131
68320,6,5.61,0.04656
68320,7,5.438,0.0416
68320,8,7.079,0.04216
68320,9,5.978,0.05167
68320,10,5.785,0.05044
68320,11,4.9,0.04036
68320,12,4.23,0.0151
68322,1,3.736,0.01318
68322,2,2.696,0.01523
68322,3,7.184,0.037
68322,4,6.421,0.06214
68322,5,5.805,0.07126
68322,6,5.251,0.04601
68322,7,4.996,0.04142
68322,8,6.62,0.04309
68322,9,5.329,0.053
68322,10,5.733,0.051
68322,11,4.791,0.04013
68322,12,3.955,0.01647
68324,1,7.749,0.00907
68324,2,6.694,0.02949
68324,3,11.168,0.06465
68324,4,10.58,0.06987
68324,5,10.761,0.06637
68324,6,9.827,0.05297
68324,7,8.732,0.04008
68324,8,10.406,0.03825
68324,9,7.845,0.04445
68324,10,11.621,0.05458
68324,11,7.857,0.06896
68324,12,8.223,0.03211
68327,1,5.42,0.01311
68327,2,5.877,0.02937
68327,3,8.224,0.05792
68327,4,7.977,0.06733
68327,5,7.955,0.06189
68327,6,7.532,0.05116
68327,7,7.161,0.04075
68327,8,8.041,0.03833
68327,9,6.638,0.04684
68327,10,8.949,0.05424
68327,11,7.127,0.06506
68327,12,7.028,0.02795
68344,1,3.759,0.01163
68344,2,3.18,0.01385
68344,3,6.508,0.03916
68344,4,6.118,0.06331
68344,5,5.836,0.07372
68344,6,6.2,0.04677
68344,7,5.344,0.03862
68344,8,6.683,0.04094
68344,9,6.259,0.0493
68344,10,5.167,0.04824
68344,11,4.36,0.03881
68344,12,3.714,0.01148
68368,1,7.708,0.01064
68368,2,6.425,0.0301
68368,3,10.928,0.06454
68368,4,10.242,0.06943
68368,5,10.666,0.0661
68368,6,9.416,0.05147
68368,7,8.708,0.03919
68368,8,10.275,0.0376
68368,9,7.78,0.04364
68368,10,11.402,0.05588
68368,11,7.736,0.07028
68368,12,8.115,0.03223
68370,1,5.322,0.00644
68370,2,7.279,0.01003
68370,3,8.01,0.0137
68370,4,8.131,0.01603
68370,5,9.002,0.01866
68370,6,8.735,0.02659
68370,7,7.628,0.01501
68370,8,9.695,0.01773
68370,9,8.919,0.0227
68370,10,7.538,0.02801
68370,11,7.852,0.02397
68370,12,4.067,0.00492
68377,1,7.044,0.02256
68377,2,6.387,0.03322
68377,3,10.068,0.06237
68377,4,8.1,0.06288
68377,5,9.997,0.05777
68377,6,9.192,0.03862
68377,7,10.052,0.0304
68377,8,9.163,0.03083
68377,9,9.392,0.04167
68377,10,11.275,0.06984
68377,11,8.838,0.07082
68377,12,6.808,0.0298
68385,1,12.727,0.00996
68385,2,7.854,0.01268
68385,3,11.13,0.02726
68385,4,13.538,0.03124
68385,5,11.171,0.02387
68385,6,7.412,0.02422
68385,7,5.457,0.01761
68385,8,11.023,0.01913
68385,9,11.207,0.0245
68385,10,11.821,0.03121
68385,11,10.828,0.03444
68385,12,10.563,0.01623
68397,1,8.232,0.01205
68397,2,6.443,0.02412
68397,3,9.501,0.04924
68397,4,10.167,0.05701
68397,5,9.497,0.0516
68397,6,7.82,0.04343
68397,7,6.97,0.03425
68397,8,9.523,0.03314
68397,9,8.363,0.04039
68397,10,10.231,0.04732
68397,11,8.418,0.05605
68397,12,8.293,0.02478
68406,1,5.942,0.05472
68406,2,3.745,0.05304
68406,3,8.887,0.046
68406,4,7.362,0.06279
68406,5,4.78,0.06018
68406,6,4.49,0.03698
68406,7,6.016,0.03622
68406,8,5.87,0.04669
68406,9,2.167,0.01992
68406,10,7.673,0.07735
68406,11,3.58,0.02845
68406,12,11.683,0.12872
68418,1,5.4,0.00633
68418,2,7.3,0.0099
68418,3,8.0,0.01335
68418,4,8.1,0.01537
68418,5,9.0,0.01793
68418,6,8.733,0.0263
68418,7,7.533,0.01468
68418,8,9.65,0.01752
68418,9,8.95,0.0224
68418,10,7.467,0.0275
68418,11,7.867,0.02354
68418,12,4.0,0.00471
68425,1,3.953,0.02719
68425,2,4.839,0.03077
68425,3,5.703,0.05963
68425,4,6.207,0.08477
68425,5,5.22,0.10309
68425,6,4.622,0.10624
68425,7,3.257,0.09145
68425,8,4.571,0.07533
68425,9,5.579,0.08908
68425,10,7.419,0.09838
68425,11,6.37,0.0593
68425,12,3.585,0.02473
68432,1,4.6,0.01117
68432,2,5.24,0.02123
68432,3,6.05,0.03182
68432,4,0.933,0.01721
68432,5,2.333,0.01703
68432,6,1.15,0.01204
68432,7,1.25,0.01039
68432,8,2.4,0.01042
68432,9,3.28,0.02488
68432,10,4.05,0.03611
68432,11,4.45,0.01858
68432,12,2.2,0.00508
68444,1,4.119,0.01153
68444,2,4.685,0.0144
68444,3,5.408,0.02765
68444,4,6.303,0.0569
68444,5,5.414,0.04445
68444,6,4.309,0.0345
68444,7,3.505,0.0222
68444,8,4.948,0.02816
68444,9,6.454,0.0454
68444,10,7.575,0.05975
68444,11,4.079,0.04885
68444,12,2.972,0.0103
68464,1,4.1,0.02722
68464,2,8.32,0.03264
68464,3,15.2,0.06823
68464,4,12.58,0.09355
68464,5,13.275,0.11004
68464,6,14.15,0.08429
68464,7,16.275,0.07287
68464,8,15.1,0.06083
68464,9,13.56,0.08786
68464,10,15.475,0.09684
68464,11,11.7,0.07677
68464,12,9.85,0.03534
68468,1,3.907,0.01752
68468,2,4.515,0.02431
68468,3,5.16,0.03917
68468,4,1.434,0.0325
68468,5,2.619,0.03595
68468,6,1.506,0.0505
68468,7,1.522,0.04414
68468,8,2.792,0.03626
68468,9,3.26,0.04468
68468,10,3.924,0.04991
68468,11,3.992,0.02661
68468,12,2.198,0.00925
68498,1,3.674,0.01218
68498,2,1.564,0.00888
68498,3,8.409,0.03221
68498,4,8.433,0.05215
68498,5,6.267,0.06861
68498,6,6.151,0.04822
68498,7,7.096,0.04581
68498,8,9.158,0.0404
68498,9,7.904,0.04988
68498,10,6.709,0.05115
68498,11,5.932,0.04303
68498,12,5.815,0.01473
68500,1,3.731,0.01315
68500,2,2.605,0.01483
68500,3,7.287,0.03661
68500,4,6.568,0.06141
68500,5,5.837,0.07101
68500,6,5.288,0.04614
68500,7,5.132,0.0418
68500,8,6.794,0.04296
68500,9,5.482,0.05288
68500,10,5.816,0.05108
68500,11,4.881,0.04036
68500,12,4.09,0.01648
68502,1,1.2,0.0032
68502,2,6.533,0.0266
68502,3,8.933,0.0552
68502,4,6.4,0.051
68502,5,5.2,0.04263
68502,6,9.933,0.04056
68502,7,1.6,0.01764
68502,8,5.733,0.01679
68502,9,5.2,0.03257
68502,10,6.067,0.03684
68502,11,8.333,0.04361
68502,12,3.7,0.01571
68522,1,3.762,0.01157
68522,2,3.245,0.01397
68522,3,6.428,0.03944
68522,4,6.036,0.06369
68522,5,5.823,0.07395
68522,6,6.23,0.04675
68522,7,5.3,0.03831
68522,8,6.607,0.04089
68522,9,6.235,0.04917
68522,10,5.101,0.04807
68522,11,4.297,0.03864
68522,12,3.64,0.01123
68524,1,3.753,0.01244
68524,2,3.04,0.01501
68524,3,6.731,0.03852
68524,4,6.102,0.06354
68524,5,5.785,0.07276
68524,6,5.68,0.04624
68524,7,5.013,0.0396
68524,8,6.452,0.04217
68524,9,5.615,0.0513
68524,10,5.358,0.04953
68524,11,4.473,0.0392
68524,12,3.681,0.01398
68533,1,3.6,0.01116
68533,2,0.2,0.00165
68533,3,9.9,0.02642
68533,4,10.8,0.04043
68533,5,6.8,0.06528
68533,6,7.1,0.0507
68533,7,9.5,0.05119
68533,8,12.1,0.03749
68533,9,10.8,0.04663
68533,10,7.9,0.05161
68533,11,7.3,0.04654
68533,12,8.0,0.01322
68547,1,3.856,0.01663
68547,2,5.18,0.02566
68547,3,8.994,0.02364
68547,4,7.746,0.02548
68547,5,7.227,0.02757
68547,6,5.32,0.02142
68547,7,6.769,0.02322
68547,8,8.062,0.02536
68547,9,6.177,0.02505
68547,10,5.22,0.03456
68547,11,6.164,0.02849
68547,12,6.326,0.027
68549,1,3.711,0.01165
68549,2,2.285,0.01051
68549,3,7.539,0.03533
68549,4,7.479,0.05668
68549,5,6.107,0.07108
68549,6,6.365,0.04781
68549,7,6.494,0.04247
68549,8,8.218,0.04016
68549,9,7.462,0.04889
68549,10,5.999,0.04947
68549,11,5.238,0.04114
68549,12,4.957,0.01245
68572,1,9.3,0.00649
68572,2,7.2,0.02962
68572,3,13.1,0.06921
68572,4,12.3,0.07178
68572,5,12.633,0.06964
68572,6,11.35,0.05434
68572,7,9.8,0.03986
68572,8,12.0,0.03841
68572,9,8.65,0.04309
68572,10,13.383,0.05493
68572,11,8.333,0.07166
68572,12,9.0,0.03489
68573,1,6.672,0.00741
68573,2,7.656,0.00981
68573,3,10.482,0.01664
68573,4,12.137,0.03303
68573,5,10.869,0.02193
68573,6,10.197,0.01844
68573,7,8.845,0.02428
68573,8,8.521,0.02135
68573,9,9.27,0.04343
68573,10,9.195,0.03297
68573,11,6.984,0.02272
68573,12,10.606,0.0112
68575,1,6.369,0.00797
68575,2,8.552,0.01413
68575,3,11.051,0.02457
68575,4,9.276,0.04602
68575,5,12.546,0.05272
68575,6,14.897,0.04154
68575,7,14.431,0.04
68575,8,9.639,0.03662
68575,9,11.996,0.044
68575,10,15.204,0.05735
68575,11,10.195,0.04281
68575,12,12.126,0.01241
68615,1,2.867,0.02767
68615,2,3.066,0.02908
68615,3,5.802,0.03408
68615,4,4.699,0.04493
68615,5,4.471,0.04301
68615,6,3.144,0.03516
68615,7,3.43,0.02798
68615,8,4.288,0.03358
68615,9,2.009,0.02976
68615,10,4.73,0.04897
68615,11,3.142,0.03076
68615,12,4.697,0.05209
68655,1,12.6,0.00302
68655,2,9.0,0.022
68655,3,5.5,0.01666
68655,4,10.667,0.04918
68655,5,10.2,0.04671
68655,6,12.3,0.04069
68655,7,15.8,0.05136
68655,8,11.7,0.03873
68655,9,13.5,0.03953
68655,10,21.2,0.05732
68655,11,15.733,0.05623
68655,12,18.0,0.01847
68669,1,3.678,0.02352
68669,2,4.322,0.02653
68669,3,5.204,0.04571
68669,4,3.114,0.05106
68669,5,3.414,0.05334
68669,6,2.765,0.08972
68669,7,2.716,0.07095
68669,8,3.748,0.05851
68669,9,3.985,0.06203
68669,10,4.465,0.06175
68669,11,4.758,0.03889
68669,12,2.675,0.0138
68673,1,5.232,0.01382
68673,2,4.98,0.02721
68673,3,7.996,0.05444
68673,4,7.576,0.06884
68673,5,7.675,0.06658
68673,6,6.958,0.05103
68673,7,6.707,0.0424
68673,8,7.797,0.04148
68673,9,6.089,0.05053
68673,10,8.271,0.0547
68673,11,6.502,0.06015
68673,12,6.124,0.02645
68679,1,3.791,0.0151
68679,2,3.482,0.01411
68679,3,9.721,0.04221
68679,4,9.272,0.06304
68679,5,7.998,0.08006
68679,6,8.581,0.05743
68679,7,9.498,0.05099
68679,8,10.615,0.04437
68679,9,9.726,0.05739
68679,10,8.565,0.06099
68679,11,7.116,0.05062
68679,12,6.66,0.01731
68682,1,2.377,0.01304
68682,2,7.129,0.0279
68682,3,11.38,0.05866
68682,4,9.05,0.06707
68682,5,8.639,0.06985
68682,6,11.733,0.05795
68682,7,7.902,0.04087
68682,8,9.538,0.03523
68682,9,8.727,0.05474
68682,10,10.031,0.06137
68682,11,9.711,0.05649
68682,12,6.259,0.02318
68684,1,4.117,0.01505
68684,2,4.757,0.023
68684,3,5.399,0.03606
68684,4,1.235,0.02615
68684,5,2.593,0.02904
68684,6,1.415,0.03615
68684,7,1.428,0.03253
68684,8,2.732,0.02719
68684,9,3.29,0.0375
68684,10,3.951,0.04478
68684,11,4.058,0.02303
68684,12,2.168,0.0076
68686,1,2.39,0.02866
68686,2,3.148,0.02868
68686,3,2.889,0.05058
68686,4,2.556,0.05781
68686,5,4.157,0.07583
68686,6,2.852,0.11877
68686,7,2.157,0.11328
68686,8,4.348,0.0867
68686,9,3.643,0.08317
68686,10,3.709,0.07831
68686,11,2.544,0.03828
68686,12,2.005,0.01704
68689,1,4.271,0.01505
68689,2,9.892,0.02843
68689,3,6.317,0.032
68689,4,8.954,0.05366
68689,5,8.8,0.05618
68689,6,6.85,0.04181
68689,7,6.9,0.03962
68689,8,11.558,0.04755
68689,9,5.729,0.04509
68689,10,7.996,0.04468
68689,11,6.104,0.03467
68689,12,3.917,0.01445
68705,1,2.894,0.01565
68705,2,5.034,0.02222
68705,3,7.33,0.02799
68705,4,6.18,0.03403
68705,5,6.597,0.03331
68705,6,4.389,0.03258
68705,7,4.56,0.02686
68705,8,6.323,0.02821
68705,9,4.991,0.03502
68705,10,5.104,0.03715
68705,11,5.704,0.03505
68705,12,3.84,0.01437
68720,1,8.171,0.01137
68720,2,5.431,0.0128
68720,3,8.406,0.02992
68720,4,9.204,0.04725
68720,5,8.039,0.04803
68720,6,5.987,0.03282
68720,7,4.334,0.02636
68720,8,7.929,0.03064
68720,9,7.845,0.03804
68720,10,7.886,0.03868
68720,11,7.194,0.03158
68720,12,6.401,0.01299
68745,1,3.761,0.01189
68745,2,3.211,0.01452
68745,3,6.493,0.03928
68745,4,5.996,0.06395
68745,5,5.796,0.07363
68745,6,6.016,0.04651
68745,7,5.138,0.03861
68745,8,6.476,0.04141
68745,9,5.946,0.04999
68745,10,5.158,0.04856
68745,11,4.322,0.03874
68745,12,3.597,0.01221
68755,1,3.8,0.01115
68755,2,3.967,0.01584
68755,3,5.567,0.04255
68755,4,5.05,0.06841
68755,5,5.65,0.07635
68755,6,6.367,0.04625
68755,7,4.625,0.03503
68755,8,5.6,0.04084
68755,9,5.675,0.04848
68755,10,4.4,0.04654
68755,11,3.6,0.03675
68755,12,2.75,0.00928
68770,1,4.991,0.01416
68770,2,4.791,0.02671
68770,3,7.734,0.05305
68770,4,7.291,0.06857
68770,5,7.369,0.06667
68770,6,6.655,0.0506
68770,7,6.449,0.04244
68770,8,7.514,0.04178
68770,9,5.875,0.0511
68770,10,7.931,0.05458
68770,11,6.333,0.05871
68770,12,5.872,0.02578
68773,1,7.552,0.01098
68773,2,6.354,0.03012
68773,3,10.719,0.0641
68773,4,10.054,0.06929
68773,5,10.477,0.06585
68773,6,9.247,0.05132
68773,7,8.607,0.03925
68773,8,10.116,0.03762
68773,9,7.698,0.04382
68773,10,11.214,0.05593
68773,11,7.681,0.07009
68773,12,8.028,0.03196
68780,1,4.75,0.00923
68780,2,4.833,0.01181
68780,3,5.717,0.02591
68780,4,7.028,0.05903
68780,5,5.842,0.04771
68780,6,4.333,0.02626
68780,7,3.933,0.01597
68780,8,5.3,0.02369
68780,9,7.262,0.04423
68780,10,8.267,0.062
68780,11,3.858,0.04788
68780,12,3.05,0.00918
68820,1,2.575,0.02461
68820,2,5.79,0.02596
68820,3,6.038,0.04191
68820,4,4.84,0.05865
68820,5,6.163,0.05193
68820,6,3.588,0.05666
68820,7,1.679,0.03893
68820,8,4.196,0.03983
68820,9,3.58,0.0527
68820,10,6.646,0.0546
68820,11,5.858,0.0493
68820,12,2.15,0.01731
68855,1,3.632,0.01141
68855,2,0.789,0.00439
68855,3,9.242,0.02893
68855,4,9.831,0.04519
68855,5,6.592,0.06684
68855,6,6.817,0.04979
68855,7,8.58,0.04878
68855,8,10.939,0.03844
68855,9,9.742,0.04755
68855,10,7.372,0.05116
68855,11,6.715,0.04502
68855,12,7.109,0.01333
68861,1,6.669,0.01086
68861,2,6.345,0.02939
68861,3,9.824,0.06146
68861,4,9.383,0.06851
68861,5,9.457,0.06406
68861,6,8.767,0.052
68861,7,7.986,0.04021
68861,8,9.294,0.03812
68861,9,7.285,0.04537
68861,10,10.396,0.05433
68861,11,7.527,0.06707
68861,12,7.683,0.03017
68867,1,1.4,0.01241
68867,2,2.267,0.01926
68867,3,2.4,0.02304
68867,4,2.8,0.03928
68867,5,1.4,0.01165
68867,6,5.0,0.06759
68867,7,2.6,0.04729
68867,8,3.3,0.0465
68867,9,4.05,0.04507
68867,10,3.667,0.04954
68867,11,3.533,0.05534
68867,12,3.4,0.00999
68872,1,4.01,0.00647
68872,2,6.347,0.01047
68872,3,7.021,0.01759
68872,4,7.674,0.02572
68872,5,8.07,0.02874
68872,6,7.815,0.0277
68872,7,7.722,0.01685
68872,8,9.214,0.0197
68872,9,7.45,0.02414
68872,10,7.322,0.0312
68872,11,6.567,0.02694
68872,12,4.3,0.00557
68895,1,0.8,0.00405
68895,2,5.467,0.00867
68895,3,5.533,0.01302
68895,4,8.2,0.02535
68895,5,7.267,0.02656
68895,6,6.467,0.02013
68895,7,10.0,0.01132
68895,8,10.3,0.01244
68895,9,4.9,0.01395
68895,10,8.7,0.031
68895,11,5.2,0.02932
68895,12,5.933,0.00542
70001,1,0.0,0.0
70001,2,6.5,0.00561
70001,3,2.567,0.00129
70001,4,7.275,0.04611
70001,5,3.467,0.02727
70001,6,4.267,0.00693
70001,7,0.367,0.02344
70001,8,0.267,0.00804
70001,9,1.567,0.01065
70001,10,3.233,0.01607
70001,11,4.65,0.00752
70001,12,7.933,0.00426
70110,1,1.757,0.02447
70110,2,1.909,0.00934
70110,3,2.858,0.0275
70110,4,2.181,0.04139
70110,5,2.84,0.03443
70110,6,5.034,0.06066
70110,7,5.741,0.06944
70110,8,2.591,0.01607
70110,9,3.211,0.02978
70110,10,4.904,0.02449
70110,11,5.484,0.01813
70110,12,2.441,0.01324
70124,1,5.525,0.00862
70124,2,0.597,0.00346
70124,3,5.652,0.0083
70124,4,7.278,0.02348
70124,5,11.556,0.06878
70124,6,20.773,0.06693
70124,7,15.689,0.05028
70124,8,16.415,0.06617
70124,9,13.825,0.06888
70124,10,10.885,0.05467
70124,11,11.626,0.03349
70124,12,5.045,0.00906
70204,1,2.407,0.0096
70204,2,2.763,0.00471
70204,3,3.413,0.00947
70204,4,4.233,0.03835
70204,5,3.025,0.03179
70204,6,7.112,0.0215
70204,7,6.657,0.03326
70204,8,4.239,0.02726
70204,9,5.697,0.03192
70204,10,7.971,0.03588
70204,11,7.314,0.02082
70204,12,3.524,0.00706
70215,1,4.328,0.0107
70215,2,0.485,0.00249
70215,3,4.21,0.00831
70215,4,2.957,0.03186
70215,5,2.844,0.03411
70215,6,9.938,0.0169
70215,7,11.427,0.02636
70215,8,7.678,0.04489
70215,9,9.558,0.04776
70215,10,12.448,0.05415
70215,11,9.892,0.03123
70215,12,0.91,0.00673
70221,1,1.437,0.00221
70221,2,1.779,0.0032
70221,3,1.059,0.00102
70221,4,6.505,0.01994
70221,5,10.353,0.03108
70221,6,11.988,0.02068
70221,7,8.659,0.02192
70221,8,7.659,0.02008
70221,9,7.773,0.02362
70221,10,7.297,0.02423
70221,11,5.454,0.01431
70221,12,4.351,0.00386
70230,1,4.982,0.00664
70230,2,2.76,0.00359
70230,3,5.199,0.00504
70230,4,6.521,0.03305
70230,5,6.592,0.03233
70230,6,9.094,0.01609
70230,7,9.531,0.02691
70230,8,7.324,0.03332
70230,9,9.063,0.03292
70230,10,12.201,0.0375
70230,11,9.593,0.02031
70230,12,2.683,0.00504
70233,1,2.9,0.01886
70233,2,1.917,0.01847
70233,3,3.316,0.01273
70233,4,8.747,0.04299
70233,5,7.795,0.04845
70233,6,12.44,0.03826
70233,7,11.675,0.03797
70233,8,9.178,0.03158
70233,9,10.075,0.05571
70233,10,10.115,0.05225
70233,11,10.297,0.03582
70233,12,6.164,0.0132
70235,1,2.81,0.02425
70235,2,1.072,0.01352
70235,3,3.247,0.02273
70235,4,4.552,0.04049
70235,5,5.066,0.04206
70235,6,9.095,0.05415
70235,7,9.893,0.05757
70235,8,6.524,0.02735
70235,9,7.291,0.04659
70235,10,8.33,0.04165
70235,11,8.292,0.02931
70235,12,3.196,0.01397
70265,1,7.887,0.00493
70265,2,9.286,0.01267
70265,3,10.608,0.02394
70265,4,16.045,0.0991
70265,5,17.307,0.08184
70265,6,20.21,0.10187
70265,7,16.575,0.08158
70265,8,20.127,0.10889
70265,9,16.588,0.087
70265,10,18.168,0.12584
70265,11,16.447,0.09601
70265,12,16.564,0.02883
70400,1,3.996,0.01494
70400,2,0.35,0.01277
70400,3,4.375,0.01158
70400,4,8.111,0.0273
70400,5,10.826,0.06108
70400,6,17.802,0.06088
70400,7,14.381,0.04784
70400,8,13.882,0.053
70400,9,12.535,0.06814
70400,10,10.257,0.05476
70400,11,10.347,0.03187
70400,12,5.312,0.00983
70418,1,3.648,0.01066
70418,2,1.249,0.00327
70418,3,3.922,0.00917
70418,4,3.305,0.03413
70418,5,2.864,0.03326
70418,6,8.872,0.01941
70418,7,9.729,0.02967
70418,8,6.416,0.03851
70418,9,8.133,0.04209
70418,10,10.813,0.04745
70418,11,8.935,0.02747
70418,12,1.757,0.00697
70429,1,7.607,0.0052
70429,2,8.335,0.01127
70429,3,9.849,0.02234
70429,4,14.953,0.09161
70429,5,16.722,0.08152
70429,6,20.17,0.09947
70429,7,16.541,0.07811
70429,8,19.865,0.10644
70429,9,16.333,0.0885
70429,10,17.347,0.12122
70429,11,15.906,0.09223
70429,12,15.137,0.02864
70473,1,4.467,0.01091
70473,2,0.3,0.00221
70473,3,4.267,0.00846
70473,4,2.767,0.03133
70473,5,2.767,0.03413
70473,6,10.067,0.01692
70473,7,11.733,0.0263
70473,8,7.867,0.04608
70473,9,9.775,0.0487
70473,10,12.733,0.05523
70473,11,10.033,0.03184
70473,12,0.65,0.00672
70508,1,5.42,0.01567
70508,2,1.506,0.0055
70508,3,5.266,0.01514
70508,4,5.032,0.03233
70508,5,6.683,0.03466
70508,6,8.905,0.03762
70508,7,10.746,0.04587
70508,8,7.682,0.03282
70508,9,9.079,0.0368
70508,10,12.146,0.03669
70508,11,9.503,0.02201
70508,12,1.101,0.00846
70523,1,1.657,0.00848
70523,2,3.99,0.01002
70523,3,3.064,0.0065
70523,4,7.258,0.04306
70523,5,5.008,0.03611
70523,6,8.078,0.01999
70523,7,6.063,0.02928
70523,8,4.583,0.02172
70523,9,5.809,0.03243
70523,10,7.027,0.03465
70523,11,7.457,0.02125
70523,12,6.345,0.00793
70670,1,2.649,0.02132
70670,2,2.12,0.02258
70670,3,3.128,0.01409
70670,4,10.145,0.0455
70670,5,9.079,0.05242
70670,6,13.261,0.04416
70670,7,12.058,0.04111
70670,8,9.785,0.02914
70670,9,10.44,0.05887
70670,10,9.767,0.05285
70670,11,10.554,0.0377
70670,12,7.343,0.01497
70678,1,4.239,0.01795
70678,2,0.618,0.01164
70678,3,4.582,0.01529
70678,4,7.303,0.03008
70678,5,9.942,0.06059
70678,6,17.014,0.06565
70678,7,13.9,0.0557
70678,8,12.922,0.04589
70678,9,11.601,0.06044
70678,10,9.586,0.04655
70678,11,10.54,0.03018
70678,12,5.105,0.01076
70702,1,3.218,0.01042
70702,2,1.76,0.0038
70702,3,3.743,0.00943
70702,4,3.605,0.0356
70702,5,2.918,0.03278
70702,6,8.252,0.02046
70702,7,8.669,0.03121
70702,8,5.657,0.03456
70702,9,7.278,0.03859
70702,10,9.814,0.04339
70702,11,8.364,0.02517
70702,12,2.353,0.00705
70708,1,5.675,0.0064
70708,2,0.2,0.00033
70708,3,6.033,0.00606
70708,4,6.467,0.01615
70708,5,11.067,0.06655
70708,6,21.25,0.06307
70708,7,15.375,0.04869
70708,8,16.225,0.06406
70708,9,13.55,0.06113
70708,10,10.475,0.04496
70708,11,11.25,0.02382
70708,12,4.4,0.00373
70713,1,5.586,0.00609
70713,2,3.086,0.00378
70713,3,5.699,0.00446
70713,4,7.479,0.03231
70713,5,7.929,0.03231
70713,6,9.277,0.01672
70713,7,9.78,0.0274
70713,8,7.831,0.03217
70713,9,9.564,0.03066
70713,10,12.888,0.03463
70713,11,9.931,0.01834
70713,12,2.751,0.00465
70717,1,1.55,0.02815
70717,2,1.75,0.01055
70717,3,2.7,0.03203
70717,4,1.7,0.0423
70717,5,2.8,0.03504
70717,6,4.45,0.07054
70717,7,5.4,0.07863
70717,8,2.1,0.01286
70717,9,2.5,0.02888
70717,10,4.033,0.02122
70717,11,4.967,0.01722
70717,12,2.233,0.01479
70742,1,2.368,0.01603
70742,2,2.12,0.00638
70742,3,3.276,0.01697
70742,4,3.198,0.03883
70742,5,2.917,0.03317
70742,6,6.572,0.03752
70742,7,6.851,0.04775
70742,8,3.958,0.02469
70742,9,5.113,0.03294
70742,10,7.22,0.03328
70742,11,6.852,0.02094
70742,12,2.738,0.00963
70771,1,6.67,0.00599
70771,2,4.875,0.00638
70771,3,7.556,0.01607
70771,4,11.129,0.06237
70771,5,14.48,0.07821
70771,6,20.274,0.08798
70771,7,16.266,0.06554
70771,8,18.669,0.09379
70771,9,15.299,0.08693
70771,10,14.387,0.09801
70771,11,13.934,0.07219
70771,12,10.202,0.02387
70820,1,1.752,0.00395
70820,2,2.963,0.00408
70820,3,2.66,0.00359
70820,4,6.156,0.03393
70820,5,6.311,0.03116
70820,6,9.271,0.01521
70820,7,7.0,0.02412
70820,8,4.446,0.02569
70820,9,6.069,0.02656
70820,10,7.082,0.03097
70820,11,6.827,0.01821
70820,12,4.829,0.00533
70823,1,2.074,0.00762
70823,2,3.5,0.00729
70823,3,3.279,0.00609
70823,4,6.134,0.04065
70823,5,4.178,0.03408
70823,6,7.915,0.01695
70823,7,6.496,0.02752
70823,8,4.657,0.02546
70823,9,6.067,0.03273
70823,10,7.8,0.03659
70823,11,7.616,0.02152
70823,12,5.192,0.00699
73001,1,4.718,0.02172
73001,2,5.583,0.03519
73001,3,5.783,0.04718
73001,4,8.233,0.08048
73001,5,8.022,0.07889
73001,6,8.878,0.06779
73001,7,6.981,0.04438
73001,8,5.965,0.03597
73001,9,5.902,0.03986
73001,10,7.522,0.05448
73001,11,9.122,0.04965
73001,12,4.864,0.03212
73024,1,5.071,0.01138
73024,2,6.176,0.03256
73024,3,9.15,0.02513
73024,4,4.284,0.03576
73024,5,2.884,0.03937
73024,6,3.483,0.03756
73024,7,2.293,0.02681
73024,8,2.806,0.01463
73024,9,3.108,0.01763
73024,10,7.564,0.03353
73024,11,7.609,0.05011
73024,12,6.883,0.02293
73026,1,3.216,0.01143
73026,2,4.189,0.02064
73026,3,8.359,0.02992
73026,4,7.192,0.04947
73026,5,7.862,0.04422
73026,6,7.153,0.03072
73026,7,6.07,0.02199
73026,8,6.467,0.02017
73026,9,7.83,0.02634
73026,10,10.996,0.04145
73026,11,8.676,0.03041
73026,12,5.254,0.01636
73030,1,2.567,0.00588
73030,2,5.0,0.01666
73030,3,8.2,0.01779
73030,4,6.8,0.03404
73030,5,9.133,0.02906
73030,6,8.867,0.0095
73030,7,5.2,0.00922
73030,8,11.433,0.01951
73030,9,12.8,0.03035
73030,10,11.367,0.03438
73030,11,8.333,0.02369
73030,12,7.033,0.00714
73043,1,5.875,0.01761
73043,2,4.658,0.03322
73043,3,8.186,0.04319
73043,4,9.254,0.06192
73043,5,10.029,0.05326
73043,6,8.089,0.04672
73043,7,6.361,0.02955
73043,8,8.372,0.03157
73043,9,8.351,0.03401
73043,10,8.024,0.04971
73043,11,8.632,0.04125
73043,12,5.073,0.02301
73055,1,6.094,0.01333
73055,2,4.682,0.02615
73055,3,11.35,0.03978
73055,4,9.801,0.04423
73055,5,12.134,0.03484
73055,6,7.241,0.02689
73055,7,6.288,0.01841
73055,8,10.091,0.02305
73055,9,10.039,0.02986
73055,10,9.534,0.05387
73055,11,9.025,0.0426
73055,12,7.502,0.02106
73067,1,3.92,0.02008
73067,2,8.113,0.03228
73067,3,10.912,0.04458
73067,4,11.433,0.06466
73067,5,9.6,0.05839
73067,6,5.9,0.03949
73067,7,5.02,0.01969
73067,8,7.262,0.01714
73067,9,5.154,0.02904
73067,10,8.05,0.04319
73067,11,9.083,0.07479
73067,12,7.838,0.04769
73124,1,3.1,0.02679
73124,2,4.475,0.04796
73124,3,4.633,0.04821
73124,4,5.433,0.09603
73124,5,6.467,0.10474
73124,6,6.767,0.09145
73124,7,6.825,0.06592
73124,8,6.1,0.03018
73124,9,5.0,0.04352
73124,10,5.05,0.08587
73124,11,3.267,0.06172
73124,12,6.733,0.03534
73148,1,4.893,0.01736
73148,2,7.394,0.02794
73148,3,8.39,0.03696
73148,4,6.057,0.03948
73148,5,3.88,0.03186
73148,6,6.434,0.02248
73148,7,3.834,0.01307
73148,8,2.311,0.00785
73148,9,3.066,0.01111
73148,10,6.339,0.03318
73148,11,10.547,0.0404
73148,12,4.929,0.01248
73152,1,3.288,0.01868
73152,2,5.975,0.04258
73152,3,9.38,0.05067
73152,4,7.567,0.05503
73152,5,7.608,0.04232
73152,6,6.926,0.03375
73152,7,7.148,0.02631
73152,8,7.686,0.0307
73152,9,8.274,0.04356
73152,10,9.631,0.07282
73152,11,7.54,0.06026
73152,12,9.641,0.03857
73168,1,8.2,0.01368
73168,2,13.8,0.04217
73168,3,11.133,0.05866
73168,4,10.933,0.05902
73168,5,11.7,0.05723
73168,6,12.1,0.03404
73168,7,13.2,0.03093
73168,8,11.5,0.02123
73168,9,9.3,0.02104
73168,10,18.5,0.03637
73168,11,16.9,0.07373
73168,12,14.6,0.05288
73200,1,1.506,0.00287
73200,2,4.033,0.01085
73200,3,7.324,0.01908
73200,4,5.211,0.02726
73200,5,6.438,0.02525
73200,6,5.692,0.01913
73200,7,5.103,0.01438
73200,8,3.36,0.00984
73200,9,4.413,0.00953
73200,10,10.236,0.02372
73200,11,12.307,0.02132
73200,12,3.818,0.00863
73217,1,10.546,0.01135
73217,2,14.735,0.0252
73217,3,19.153,0.0345
73217,4,12.269,0.03983
73217,5,18.752,0.04722
73217,6,7.237,0.02187
73217,7,5.982,0.01299
73217,8,7.114,0.00935
73217,9,11.012,0.01682
73217,10,12.743,0.03926
73217,11,12.935,0.03695
73217,12,10.593,0.01899
73226,1,7.967,0.03054
73226,2,8.35,0.03964
73226,3,11.7,0.05273
73226,4,7.567,0.05158
73226,5,1.7,0.03338
73226,6,5.3,0.01921
73226,7,3.4,0.00896
73226,8,0.433,0.00172
73226,9,2.225,0.01036
73226,10,5.767,0.0466
73226,11,6.167,0.05085
73226,12,5.8,0.01516
73236,1,4.0,0.01853
73236,2,5.025,0.04088
73236,3,4.9,0.02695
73236,4,4.633,0.04639
73236,5,3.033,0.03797
73236,6,2.425,0.03251
73236,7,2.3,0.02742
73236,8,2.075,0.01331
73236,9,2.825,0.0156
73236,10,6.3,0.0448
73236,11,5.525,0.07532
73236,12,6.4,0.03396
73268,1,0.0,0.0
73268,2,2.25,0.01111
73268,3,0.1,0.00015
73268,4,5.4,0.03422
73268,5,5.833,0.0211
73268,6,4.633,0.02013
73268,7,5.05,0.01743
73268,8,5.35,0.019
73268,9,5.033,0.01429
73268,10,2.2,0.00461
73268,11,6.467,0.0115
73268,12,3.9,0.0097
73270,1,3.634,0.02202
73270,2,6.145,0.03207
73270,3,10.237,0.04661
73270,4,7.333,0.05287
73270,5,8.484,0.04511
73270,6,6.463,0.02446
73270,7,7.087,0.02548
73270,8,8.04,0.02411
73270,9,8.206,0.04095
73270,10,9.948,0.08113
73270,11,7.753,0.05804
73270,12,10.208,0.03579
73275,1,1.908,0.00348
73275,2,4.876,0.01111
73275,3,9.135,0.02467
73275,4,5.012,0.02472
73275,5,6.646,0.02717
73275,6,6.31,0.01983
73275,7,5.021,0.01396
73275,8,2.922,0.00778
73275,9,4.182,0.00841
73275,10,12.282,0.02862
73275,11,14.609,0.02516
73275,12,3.796,0.00837
73283,1,3.067,0.0152
73283,2,6.433,0.02244
73283,3,11.533,0.04382
73283,4,7.542,0.04714
73283,5,9.583,0.04328
73283,6,6.783,0.02524
73283,7,7.517,0.02455
73283,8,7.983,0.02028
73283,9,8.058,0.03739
73283,10,11.05,0.07895
73283,11,8.675,0.06122
73283,12,11.775,0.03622
73319,1,6.058,0.00968
73319,2,9.001,0.02467
73319,3,10.037,0.02514
73319,4,11.824,0.04504
73319,5,14.461,0.0431
73319,6,2.433,0.01824
73319,7,3.469,0.01198
73319,8,3.492,0.01389
73319,9,5.567,0.01583
73319,10,6.772,0.03642
73319,11,8.974,0.03039
73319,12,6.078,0.01554
73347,1,3.315,0.01979
73347,2,6.015,0.05033
73347,3,8.907,0.05376
73347,4,7.668,0.05769
73347,5,7.134,0.04291
73347,6,6.952,0.03733
73347,7,7.08,0.02741
73347,8,7.589,0.03361
73347,9,8.389,0.04638
73347,10,9.359,0.0715
73347,11,7.489,0.06265
73347,12,9.364,0.04148
73349,1,5.729,0.01221
73349,2,9.157,0.02525
73349,3,14.355,0.04026
73349,4,11.565,0.04764
73349,5,12.617,0.04967
73349,6,9.563,0.03206
73349,7,6.175,0.02227
73349,8,8.15,0.01842
73349,9,9.403,0.03163
73349,10,12.509,0.05813
73349,11,13.619,0.05955
73349,12,11.917,0.03154
73352,1,5.339,0.02073
73352,2,6.305,0.03977
73352,3,8.857,0.05185
73352,4,7.955,0.06565
73352,5,3.59,0.05287
73352,6,5.361,0.03996
73352,7,4.708,0.0271
73352,8,2.856,0.01913
73352,9,3.292,0.02132
73352,10,6.827,0.03877
73352,11,6.304,0.04443
73352,12,5.342,0.01758
73408,1,9.9,0.00621
73408,2,3.9,0.01373
73408,3,15.2,0.03073
73408,4,13.6,0.03071
73408,5,19.333,0.02948
73408,6,7.6,0.02368
73408,7,5.3,0.01064
73408,8,13.5,0.01097
73408,9,12.9,0.01636
73408,10,10.3,0.02954
73408,11,12.933,0.03375
73408,12,6.6,0.00961
73411,1,3.9,0.02181
73411,2,3.833,0.04892
73411,3,5.4,0.04864
73411,4,6.733,0.06102
73411,5,4.333,0.03312
73411,6,7.233,0.03358
73411,7,6.35,0.02294
73411,8,7.433,0.04425
73411,9,8.05,0.04135
73411,10,6.65,0.06133
73411,11,3.6,0.03438
73411,12,3.933,0.02069
73443,1,4.174,0.03063
73443,2,6.559,0.0484
73443,3,9.593,0.05337
73443,4,7.437,0.06027
73443,5,7.844,0.05118
73443,6,5.961,0.02633
73443,7,6.758,0.02874
73443,8,8.126,0.02658
73443,9,8.568,0.04857
73443,10,9.359,0.08697
73443,11,7.911,0.06494
73443,12,9.977,0.04385
73449,1,4.22,0.01344
73449,2,6.977,0.02256
73449,3,9.955,0.03664
73449,4,5.666,0.03337
73449,5,4.883,0.03125
73449,6,6.642,0.0216
73449,7,4.209,0.01285
73449,8,2.15,0.00618
73449,9,3.297,0.00938
73449,10,9.719,0.03525
73449,11,13.044,0.03754
73449,12,4.552,0.01098
73461,1,4.728,0.01871
73461,2,4.122,0.0407
73461,3,7.556,0.04538
73461,4,7.87,0.0549
73461,5,7.189,0.03365
73461,6,7.241,0.03117
73461,7,6.315,0.02123
73461,8,8.42,0.03659
73461,9,8.792,0.0371
73461,10,7.68,0.05836
73461,11,5.571,0.03716
73461,12,5.182,0.02066
73483,1,12.733,0.01014
73483,2,16.667,0.01691
73483,3,25.933,0.03819
73483,4,8.467,0.03014
73483,5,17.3,0.04215
73483,6,15.56,0.02634
73483,7,10.0,0.01912
73483,8,13.96,0.00882
73483,9,19.4,0.01987
73483,10,19.05,0.03105
73483,11,18.133,0.04103
73483,12,16.467,0.02405
73504,1,6.755,0.01035
73504,2,13.609,0.02626
73504,3,14.366,0.0362
73504,4,15.557,0.04528
73504,5,18.104,0.04586
73504,6,3.199,0.0179
73504,7,4.409,0.01045
73504,8,3.521,0.01116
73504,9,6.73,0.01616
73504,10,10.122,0.04305
73504,11,9.116,0.03463
73504,12,9.489,0.02006
73520,1,3.19,0.01703
73520,2,6.46,0.02626
73520,3,11.274,0.04527
73520,4,7.546,0.0489
73520,5,9.343,0.04426
73520,6,6.695,0.02581
73520,7,7.427,0.02516
73520,8,7.988,0.02129
73520,9,8.13,0.03898
73520,10,10.84,0.0797
73520,11,8.598,0.06202
73520,12,11.562,0.03749
73547,1,2.192,0.00445
73547,2,4.878,0.01281
73547,3,9.194,0.0231
73547,4,5.639,0.02769
73547,5,7.474,0.02771
73547,6,7.087,0.01608
73547,7,5.114,0.01214
73547,8,5.594,0.01109
73547,9,7.002,0.01534
73547,10,12.378,0.03144
73547,11,12.572,0.02472
73547,12,4.854,0.00791
73555,1,15.8,0.01737
73555,2,8.4,0.06295
73555,3,12.0,0.04427
73555,4,10.1,0.02953
73555,5,8.7,0.03675
73555,6,9.1,0.02916
73555,7,6.2,0.03002
73555,8,4.1,0.01694
73555,9,4.6,0.0229
73555,10,12.4,0.03714
73555,11,14.2,0.06092
73555,12,9.6,0.06255
73563,1,10.563,0.00798
73563,2,17.703,0.03044
73563,3,16.539,0.02345
73563,4,14.975,0.03671
73563,5,23.575,0.0455
73563,6,3.253,0.0231
73563,7,5.089,0.00777
73563,8,3.064,0.00452
73563,9,5.602,0.01091
73563,10,8.965,0.03088
73563,11,8.753,0.02446
73563,12,6.657,0.01034
73585,1,10.8,0.00474
73585,2,20.65,0.03446
73585,3,14.8,0.01357
73585,4,17.1,0.03284
73585,5,27.9,0.04339
73585,6,0.4,0.02469
73585,7,4.667,0.00355
73585,8,0.0,0.0
73585,9,1.433,0.00574
73585,10,6.1,0.02228
73585,11,5.4,0.01329
73585,12,3.6,0.00284
73616,1,8.442,0.01685
73616,2,10.485,0.04348
73616,3,11.257,0.05022
73616,4,10.918,0.05413
73616,5,10.24,0.05285
73616,6,9.164,0.03486
73616,7,8.612,0.02667
73616,8,8.238,0.01875
73616,9,6.704,0.02436
73616,10,13.306,0.03901
73616,11,13.452,0.07111
73616,12,10.992,0.05328
73622,1,4.02,0.03746
73622,2,4.075,0.04348
73622,3,3.925,0.06631
73622,4,4.167,0.07439
73622,5,4.1,0.07212
73622,6,3.7,0.06204
73622,7,3.4,0.03929
73622,8,3.74,0.02526
73622,9,3.675,0.03127
73622,10,6.367,0.05884
73622,11,5.35,0.08381
73622,12,3.525,0.0473
73624,1,2.787,0.01241
73624,2,5.083,0.03086
73624,3,8.575,0.03496
73624,4,9.783,0.05902
73624,5,9.033,0.05689
73624,6,5.638,0.0346
73624,7,7.27,0.02888
73624,8,4.29,0.02425
73624,9,12.07,0.02913
73624,10,7.15,0.04167
73624,11,9.033,0.05795
73624,12,6.925,0.03146
73671,1,7.733,0.0174
73671,2,8.3,0.02876
73671,3,14.0,0.0446
73671,4,13.5,0.05637
73671,5,14.15,0.056
73671,6,1.95,0.01452
73671,7,2.05,0.01215
73671,8,3.8,0.01647
73671,9,7.55,0.02082
73671,10,9.75,0.06095
73671,11,11.9,0.04847
73671,12,8.367,0.02412
73675,1,5.519,0.02686
73675,2,8.056,0.04171
73675,3,7.338,0.06103
73675,4,7.452,0.06771
73675,5,7.482,0.06515
73675,6,6.989,0.04932
73675,7,7.128,0.034
73675,8,6.951,0.02286
73675,9,5.878,0.02732
73675,10,10.945,0.04891
73675,11,9.955,0.07913
73675,12,8.025,0.04936
73678,1,1.281,0.00303
73678,2,14.704,0.01567
73678,3,12.8,0.03688
73678,4,16.107,0.03804
73678,5,14.956,0.03133
73678,6,7.569,0.02015
73678,7,8.216,0.01557
73678,8,5.916,0.01331
73678,9,9.83,0.01797
73678,10,12.675,0.02756
73678,11,7.347,0.02981
73678,12,14.804,0.02693
73686,1,6.125,0.01647
73686,2,4.24,0.03392
73686,3,8.825,0.04221
73686,4,9.403,0.05495
73686,5,10.256,0.04191
73686,6,7.719,0.0377
73686,7,6.13,0.02345
73686,8,9.18,0.03109
73686,9,9.232,0.0325
73686,10,8.086,0.04899
73686,11,7.993,0.03751
73686,12,5.046,0.01942
73770,1,4.319,0.01131
73770,2,7.007,0.02438
73770,3,6.241,0.02037
73770,4,7.829,0.04006
73770,5,7.555,0.02856
73770,6,4.259,0.02046
73770,7,4.421,0.0125
73770,8,2.873,0.01027
73770,9,3.541,0.0117
73770,10,4.0,0.02175
73770,11,6.21,0.02545
73770,12,4.518,0.01062
73854,1,1.2,0.00203
73854,2,17.3,0.01402
73854,3,14.667,0.04084
73854,4,18.067,0.0355
73854,5,16.7,0.0288
73854,6,8.133,0.01814
73854,7,8.667,0.01352
73854,8,6.2,0.01122
73854,9,10.0,0.01678
73854,10,14.5,0.0279
73854,11,7.2,0.02773
73854,12,17.0,0.02803
73861,1,6.401,0.00886
73861,2,4.254,0.02094
73861,3,11.138,0.02961
73861,4,10.124,0.03719
73861,5,13.287,0.02998
73861,6,7.956,0.02072
73861,7,5.453,0.01235
73861,8,11.738,0.01971
73861,9,12.007,0.02543
73861,10,10.007,0.03678
73861,11,9.751,0.03052
73861,12,6.271,0.01076
73870,1,3.498,0.0198
73870,2,5.248,0.04513
73870,3,8.0,0.05014
73870,4,7.288,0.0572
73870,5,6.469,0.03922
73870,6,7.032,0.03387
73870,7,6.873,0.02521
73870,8,7.595,0.03546
73870,9,8.204,0.04295
73870,10,8.602,0.06884
73870,11,6.195,0.05156
73870,12,7.683,0.03262
73873,1,4.883,0.02172
73873,2,6.369,0.03819
73873,3,8.663,0.05261
73873,4,6.51,0.06909
73873,5,4.125,0.05796
73873,6,4.066,0.04208
73873,7,3.327,0.02598
73873,8,1.668,0.01922
73873,9,2.488,0.01729
73873,10,4.376,0.04172
73873,11,4.372,0.04101
73873,12,3.456,0.01551
76001,1,5.346,0.03216
76001,2,5.071,0.04594
76001,3,8.029,0.0347
76001,4,9.058,0.06288
76001,5,11.517,0.06934
76001,6,8.346,0.0334
76001,7,5.854,0.0219
76001,8,4.212,0.01332
76001,9,6.638,0.03338
76001,10,7.254,0.0604
76001,11,5.104,0.05643
76001,12,5.5,0.03092
76020,1,3.475,0.02094
76020,2,6.15,0.03332
76020,3,7.75,0.0377
76020,4,5.0,0.04917
76020,5,4.1,0.02584
76020,6,5.2,0.0334
76020,7,4.833,0.03457
76020,8,5.967,0.03168
76020,9,7.6,0.03816
76020,10,3.95,0.0432
76020,11,6.85,0.06697
76020,12,4.8,0.03006
76036,1,3.792,0.00704
76036,2,14.62,0.03739
76036,3,20.867,0.03605
76036,4,22.92,0.04798
76036,5,16.002,0.06136
76036,6,15.292,0.04811
76036,7,21.158,0.03745
76036,8,18.365,0.0422
76036,9,17.345,0.04443
76036,10,19.149,0.06324
76036,11,21.514,0.07269
76036,12,8.372,0.02675
76041,1,0.55,0.0204
76041,2,2.25,0.02569
76041,3,5.867,0.04383
76041,4,6.9,0.04582
76041,5,8.7,0.09787
76041,6,5.9,0.03695
76041,7,3.7,0.04839
76041,8,3.4,0.0286
76041,9,2.6,0.02625
76041,10,15.3,0.09552
76041,11,3.6,0.12611
76041,12,9.0,0.11884
76054,1,2.675,0.02083
76054,2,3.233,0.01993
76054,3,5.1,0.04382
76054,4,3.833,0.0621
76054,5,5.9,0.04718
76054,6,5.1,0.037
76054,7,3.35,0.04388
76054,8,3.125,0.03319
76054,9,5.675,0.02945
76054,10,5.05,0.04377
76054,11,4.233,0.05313
76054,12,4.633,0.02703
76100,1,3.62,0.01097
76100,2,10.946,0.03435
76100,3,14.72,0.03717
76100,4,17.268,0.04643
76100,5,12.623,0.05372
76100,6,11.332,0.03765
76100,7,14.763,0.03695
76100,8,12.73,0.03069
76100,9,12.825,0.03408
76100,10,13.543,0.05307
76100,11,15.782,0.06889
76100,12,8.746,0.02641
76109,1,13.1,0.05048
76109,2,11.3,0.03328
76109,3,16.9,0.04892
76109,4,6.1,0.02436
76109,5,5.367,0.03719
76109,6,0.033,8e-05
76109,7,0.35,0.00012
76109,8,3.4,0.00202
76109,9,5.65,0.00482
76109,10,14.8,0.0309
76109,11,19.2,0.06959
76109,12,14.65,0.07284
76111,1,3.678,0.01041
76111,2,3.683,0.012
76111,3,5.167,0.02235
76111,4,5.553,0.01925
76111,5,4.456,0.01719
76111,6,2.517,0.01225
76111,7,5.442,0.01185
76111,8,5.217,0.01563
76111,9,2.603,0.01498
76111,10,5.033,0.02928
76111,11,3.122,0.03086
76111,12,6.011,0.01575
76113,1,3.8,0.00583
76113,2,15.9,0.03844
76113,3,23.333,0.0359
76113,4,24.933,0.04967
76113,5,17.2,0.06524
76113,6,16.8,0.05215
76113,7,23.7,0.03803
76113,8,20.533,0.04676
76113,9,18.867,0.04858
76113,10,21.267,0.06672
76113,11,23.8,0.07417
76113,12,7.8,0.02726
76122,1,3.946,0.01701
76122,2,3.025,0.02239
76122,3,2.233,0.0347
76122,4,4.375,0.0404
76122,5,5.887,0.03909
76122,6,4.942,0.0399
76122,7,6.842,0.03053
76122,8,6.592,0.03926
76122,9,5.229,0.02179
76122,10,5.925,0.04035
76122,11,5.85,0.06775
76122,12,5.842,0.03119
76126,1,3.3,0.01965
76126,2,3.775,0.02774
76126,3,4.395,0.03041
76126,4,5.806,0.04143
76126,5,5.2,0.03235
76126,6,2.882,0.02452
76126,7,4.178,0.02107
76126,8,2.592,0.00858
76126,9,3.393,0.02592
76126,10,4.141,0.03935
76126,11,3.788,0.04398
76126,12,4.229,0.02302
76130,1,3.832,0.03461
76130,2,5.769,0.04705
76130,3,6.79,0.05499
76130,4,8.943,0.07259
76130,5,6.849,0.06269
76130,6,4.274,0.04518
76130,7,5.379,0.03471
76130,8,3.706,0.02638
76130,9,7.856,0.03453
76130,10,8.628,0.06272
76130,11,5.6,0.07722
76130,12,5.85,0.04165
76147,1,4.167,0.02173
76147,2,9.333,0.05735
76147,3,11.375,0.04741
76147,4,7.025,0.04548
76147,5,14.1,0.06664
76147,6,4.325,0.04862
76147,7,3.95,0.01899
76147,8,4.55,0.02028
76147,9,2.225,0.01192
76147,10,5.8,0.04751
76147,11,4.7,0.03882
76147,12,2.633,0.01045
76233,1,1.15,0.02423
76233,2,2.333,0.01884
76233,3,2.5,0.02732
76233,4,2.267,0.04673
76233,5,3.95,0.01437
76233,6,3.825,0.03553
76233,7,3.12,0.02188
76233,8,2.95,0.01573
76233,9,1.66,0.01813
76233,10,2.767,0.02906
76233,11,2.4,0.02908
76233,12,2.7,0.02532
76243,1,3.235,0.03276
76243,2,6.281,0.04587
76243,3,6.881,0.05837
76243,4,6.892,0.07062
76243,5,7.408,0.09872
76243,6,7.277,0.07029
76243,7,5.093,0.06995
76243,8,4.499,0.04749
76243,9,5.11,0.05044
76243,10,9.492,0.09314
76243,11,5.877,0.11611
76243,12,7.183,0.07895
76246,1,4.044,0.03512
76246,2,6.827,0.05303
76246,3,7.569,0.06771
76246,4,6.695,0.08016
76246,5,7.25,0.08207
76246,6,6.719,0.07927
76246,7,5.402,0.08031
76246,8,4.339,0.05085
76246,9,6.279,0.05763
76246,10,6.886,0.08438
76246,11,5.656,0.10772
76246,12,6.842,0.04675
76248,1,3.392,0.02866
76248,2,3.223,0.02998
76248,3,5.376,0.05577
76248,4,7.442,0.05625
76248,5,6.01,0.04663
76248,6,2.77,0.03407
76248,7,5.061,0.02971
76248,8,3.678,0.02488
76248,9,7.243,0.03213
76248,10,7.877,0.05457
76248,11,3.602,0.06663
76248,12,5.642,0.03949
76250,1,2.98,0.01686
76250,2,6.625,0.02715
76250,3,10.042,0.04119
76250,4,10.069,0.05691
76250,5,8.883,0.05303
76250,6,8.029,0.03615
76250,7,9.188,0.04125
76250,8,7.777,0.03085
76250,9,8.366,0.03132
76250,10,8.955,0.04627
76250,11,10.225,0.0615
76250,12,5.523,0.02792
76275,1,2.9,0.02937
76275,2,9.3,0.05319
76275,3,6.733,0.03794
76275,4,8.612,0.07133
76275,5,3.75,0.05094
76275,6,3.325,0.04966
76275,7,5.117,0.0358
76275,8,3.45,0.02325
76275,9,4.6,0.02708
76275,10,6.742,0.05189
76275,11,7.792,0.07134
76275,12,5.442,0.03099
76306,1,3.389,0.02361
76306,2,3.333,0.02495
76306,3,5.232,0.04597
76306,4,6.851,0.04621
76306,5,5.595,0.03803
76306,6,2.721,0.02811
76306,7,5.092,0.02483
76306,8,3.966,0.02152
76306,9,5.799,0.02761
76306,10,6.902,0.04723
76306,11,3.466,0.05615
76306,12,5.601,0.03262
76318,1,3.234,0.01926
76318,2,3.398,0.02049
76318,3,4.947,0.03649
76318,4,6.216,0.03789
76318,5,5.265,0.02974
76318,6,2.718,0.02309
76318,7,4.982,0.02071
76318,8,3.961,0.01717
76318,9,4.256,0.02414
76318,10,5.714,0.04026
76318,11,3.342,0.04603
76318,12,5.304,0.02614
76364,1,6.846,0.02783
76364,2,7.211,0.05633
76364,3,11.8,0.06091
76364,4,14.4,0.07576
76364,5,17.456,0.06807
76364,6,13.467,0.05148
76364,7,5.808,0.0258
76364,8,4.917,0.01412
76364,9,11.124,0.03618
76364,10,11.453,0.05639
76364,11,10.133,0.07808
76364,12,8.531,0.05306
76377,1,6.2,0.02027
76377,2,12.2,0.0197
76377,3,5.4,0.03392
76377,4,9.733,0.04713
76377,5,6.7,0.02107
76377,6,6.867,0.0456
76377,7,5.533,0.02519
76377,8,4.25,0.01875
76377,9,4.25,0.02276
76377,10,9.533,0.04755
76377,11,6.8,0.03799
76377,12,7.9,0.03956
76400,1,2.552,0.02096
76400,2,4.567,0.03093
76400,3,6.896,0.04475
76400,4,5.385,0.05394
76400,5,8.676,0.06428
76400,6,5.092,0.03998
76400,7,3.588,0.03856
76400,8,3.557,0.02877
76400,9,4.055,0.02418
76400,10,7.688,0.05708
76400,11,4.202,0.06686
76400,12,5.161,0.04466
76403,1,2.609,0.02101
76403,2,4.978,0.03372
76403,3,7.36,0.045
76403,4,5.684,0.05238
76403,5,9.324,0.06684
76403,6,5.055,0.0408
76403,7,3.639,0.03689
76403,8,3.665,0.02775
76403,9,3.738,0.02286
76403,10,7.978,0.05854
76403,11,4.221,0.06753
76403,12,5.119,0.04561
76497,1,3.535,0.02125
76497,2,6.654,0.03968
76497,3,8.523,0.04369
76497,4,5.525,0.05142
76497,5,8.935,0.04972
76497,6,4.794,0.04102
76497,7,4.013,0.03063
76497,8,4.514,0.02723
76497,9,4.717,0.02429
76497,10,5.072,0.04522
76497,11,5.149,0.05076
76497,12,3.819,0.02073
76520,1,3.791,0.04065
76520,2,3.038,0.04224
76520,3,6.131,0.08171
76520,4,9.17,0.07925
76520,5,6.926,0.06931
76520,6,2.786,0.04794
76520,7,5.34,0.04106
76520,8,3.644,0.03661
76520,9,11.439,0.0418
76520,10,11.087,0.07366
76520,11,3.94,0.09433
76520,12,6.413,0.05725
76563,1,3.767,0.04126
76563,2,6.71,0.05383
76563,3,6.809,0.05531
76563,4,8.756,0.07376
76563,5,5.226,0.05854
76563,6,3.336,0.04938
76563,7,5.26,0.03767
76563,8,3.676,0.02903
76563,9,7.13,0.03442
76563,10,8.281,0.06121
76563,11,6.529,0.08111
76563,12,6.114,0.04602
76606,1,1.933,0.02089
76606,2,3.1,0.02112
76606,3,3.625,0.03083
76606,4,5.325,0.04404
76606,5,5.633,0.02512
76606,6,3.067,0.02606
76606,7,3.8,0.02313
76606,8,1.7,0.00569
76606,9,2.175,0.02915
76606,10,3.05,0.03713
76606,11,3.333,0.0401
76606,12,3.067,0.02356
76616,1,4.4,0.01045
76616,2,8.9,0.03291
76616,3,5.9,0.03389
76616,4,13.4,0.02635
76616,5,10.4,0.02935
76616,6,7.0,0.02523
76616,7,6.0,0.03002
76616,8,6.2,0.0151
76616,9,11.2,0.01933
76616,10,7.7,0.0484
76616,11,7.8,0.06416
76616,12,16.3,0.01971
76622,1,3.609,0.01146
76622,2,10.455,0.03394
76622,3,13.82,0.03727
76622,4,16.502,0.04595
76622,5,12.167,0.05241
76622,6,10.771,0.03616
76622,7,13.832,0.03679
76622,8,11.927,0.02902
76622,9,12.233,0.03257
76622,10,12.754,0.05173
76622,11,14.946,0.06835
76622,12,8.902,0.02627
76670,1,9.2,0.03168
76670,2,7.233,0.09059
76670,3,6.633,0.04416
76670,4,8.633,0.07203
76670,5,4.55,0.09705
76670,6,2.7,0.04102
76670,7,3.55,0.02902
76670,8,1.8,0.00887
76670,9,10.85,0.03156
76670,10,7.7,0.06981
76670,11,7.3,0.08845
76670,12,6.4,0.03458
76736,1,4.029,0.01667
76736,2,6.05,0.02899
76736,3,6.288,0.03653
76736,4,8.392,0.04792
76736,5,7.676,0.04632
76736,6,7.123,0.04279
76736,7,9.074,0.03209
76736,8,8.932,0.04065
76736,9,7.527,0.03007
76736,10,8.937,0.04576
76736,11,8.667,0.07038
76736,12,6.098,0.03179
76823,1,2.547,0.02094
76823,2,4.363,0.02939
76823,3,6.644,0.04461
76823,4,5.193,0.05495
76823,5,8.304,0.06234
76823,6,5.101,0.03955
76823,7,3.557,0.03938
76823,8,3.497,0.02937
76823,9,4.257,0.02491
76823,10,7.415,0.0557
76823,11,4.2,0.06565
76823,12,5.131,0.04309
76828,1,2.66,0.02137
76828,2,2.9,0.02752
76828,3,4.833,0.04222
76828,4,5.367,0.05579
76828,5,5.45,0.05032
76828,6,4.067,0.01913
76828,7,4.2,0.04025
76828,8,2.633,0.01156
76828,9,2.333,0.01736
76828,10,3.067,0.03017
76828,11,6.4,0.06232
76828,12,4.7,0.02998
76834,1,6.407,0.01885
76834,2,9.857,0.06013
76834,3,10.475,0.03899
76834,4,14.071,0.05252
76834,5,9.432,0.06846
76834,6,7.458,0.03887
76834,7,9.212,0.03152
76834,8,7.717,0.02002
76834,9,12.91,0.03194
76834,10,11.004,0.06246
76834,11,11.472,0.07749
76834,12,9.789,0.02822
76845,1,4.013,0.02441
76845,2,6.212,0.03715
76845,3,7.751,0.0425
76845,4,5.685,0.05582
76845,5,4.898,0.03781
76845,6,5.601,0.04079
76845,7,5.089,0.03804
76845,8,5.689,0.03371
76845,9,7.207,0.04094
76845,10,4.771,0.05093
76845,11,7.06,0.0714
76845,12,4.878,0.0331
76863,1,2.513,0.0209
76863,2,4.117,0.02772
76863,3,6.366,0.04446
76863,4,5.014,0.05589
76863,5,7.915,0.06079
76863,6,5.123,0.03905
76863,7,3.527,0.04037
76863,8,3.433,0.02998
76863,9,4.447,0.0257
76863,10,7.238,0.05481
76863,11,4.189,0.06523
76863,12,5.154,0.0425
76869,1,4.168,0.02398
76869,2,7.18,0.02408
76869,3,4.85,0.04089
76869,4,7.962,0.05143
76869,5,6.333,0.03083
76869,6,4.727,0.03858
76869,7,4.842,0.02711
76869,8,3.178,0.01683
76869,9,4.687,0.02844
76869,10,7.334,0.04804
76869,11,4.995,0.0484
76869,12,5.81,0.0365
76890,1,3.949,0.01575
76890,2,3.992,0.02434
76890,3,4.969,0.02726
76890,4,5.89,0.03219
76890,5,4.762,0.02939
76890,6,2.677,0.01938
76890,7,4.79,0.01686
76890,8,3.901,0.01228
76890,9,3.551,0.02064
76890,10,4.879,0.03643
76890,11,3.71,0.04053
76890,12,5.326,0.02011
76892,1,5.435,0.02868
76892,2,7.676,0.03445
76892,3,6.619,0.04236
76892,4,9.357,0.05914
76892,5,8.744,0.04936
76892,6,6.79,0.04092
76892,7,5.634,0.02651
76892,8,4.131,0.01952
76892,9,6.465,0.03042
76892,10,8.848,0.05733
76892,11,5.608,0.05523
76892,12,6.648,0.03896
76895,1,3.61,0.01264
76895,2,9.068,0.03102
76895,3,12.72,0.03683
76895,4,14.272,0.04797
76895,5,11.129,0.05375
76895,6,10.35,0.04136
76895,7,14.24,0.03608
76895,8,12.342,0.03704
76895,9,11.057,0.0335
76895,10,12.563,0.05067
76895,11,14.426,0.06965
76895,12,6.528,0.02909
81001,1,1.4,0.05411
81001,2,1.45,0.08845
81001,3,7.05,0.02411
81001,4,6.4,0.02614
81001,5,13.6,0.07684
81001,6,13.2,0.09074
81001,7,16.5,0.08189
81001,8,14.0,0.12438
81001,9,9.45,0.05257
81001,10,10.3,0.23866
81001,11,5.8,0.17198
81001,12,1.7,0.05669
81065,1,1.5,0.00152
81065,2,1.0,0.00014
81065,3,1.25,0.00152
81065,4,7.0,0.01133
81065,5,12.7,0.04589
81065,6,11.8,0.08045
81065,7,8.3,0.0522
81065,8,11.7,0.05702
81065,9,10.3,0.02805
81065,10,13.7,0.04426
81065,11,8.0,0.01184
81065,12,3.15,0.0047
81220,1,1.343,0.03037
81220,2,1.676,0.04944
81220,3,5.197,0.01528
81220,4,8.377,0.02362
81220,5,13.36,0.06282
81220,6,12.709,0.0835
81220,7,13.624,0.07025
81220,8,13.629,0.09024
81220,9,10.136,0.04259
81220,10,11.747,0.14972
81220,11,7.096,0.10088
81220,12,2.603,0.03364
81300,1,6.126,0.02823
81300,2,4.835,0.01959
81300,3,5.593,0.02639
81300,4,10.016,0.04711
81300,5,12.314,0.04247
81300,6,10.143,0.0957
81300,7,9.929,0.08555
81300,8,12.858,0.12141
81300,9,11.609,0.11814
81300,10,11.024,0.05844
81300,11,7.818,0.0698
81300,12,7.208,0.04202
81591,1,1.254,0.01486
81591,2,2.04,0.02437
81591,3,4.373,0.0102
81591,4,10.532,0.02408
81591,5,13.287,0.05363
81591,6,12.46,0.07745
81591,7,12.162,0.06354
81591,8,13.723,0.06605
81591,9,10.736,0.03662
81591,10,12.648,0.09099
81591,11,8.097,0.05501
81591,12,3.319,0.01879
81736,1,7.0,0.02943
81736,2,5.8,0.02352
81736,3,6.567,0.03139
81736,4,10.633,0.05875
81736,5,14.75,0.05092
81736,6,11.6,0.12481
81736,7,11.467,0.11201
81736,8,14.0,0.163
81736,9,11.6,0.15612
81736,10,9.6,0.0635
81736,11,7.7,0.09085
81736,12,6.9,0.04946
81794,1,1.0,0.00051
81794,2,3.1,0.00261
81794,3,4.9,0.0078
81794,4,15.4,0.03153
81794,5,13.5,0.04504
81794,6,12.467,0.06748
81794,7,12.2,0.06032
81794,8,14.933,0.0374
81794,9,11.8,0.03293
81794,10,13.333,0.03466
81794,11,9.533,0.01457
81794,12,4.4,0.00576
85001,1,2.111,0.00801
85001,2,1.0,0.02421
85001,3,4.25,0.03237
85001,4,16.233,0.06592
85001,5,12.367,0.05408
85001,6,15.222,0.0841
85001,7,17.002,0.07244
85001,8,11.948,0.06452
85001,9,10.987,0.03632
85001,10,12.328,0.04385
85001,11,10.189,0.03693
85001,12,5.789,0.01007
85010,1,2.127,0.0104
85010,2,0.926,0.01942
85010,3,3.581,0.03126
85010,4,15.03,0.06845
85010,5,12.153,0.0582
85010,6,14.866,0.0827
85010,7,14.771,0.07691
85010,8,10.128,0.06483
85010,9,11.096,0.04241
85010,10,12.063,0.04986
85010,11,9.642,0.03136
85010,12,5.257,0.01004
85015,1,6.389,0.01433
85015,2,1.608,0.00708
85015,3,3.615,0.02181
85015,4,5.586,0.04995
85015,5,7.74,0.07424
85015,6,4.903,0.07312
85015,7,6.189,0.08006
85015,8,5.637,0.07512
85015,9,7.143,0.04816
85015,10,7.11,0.05377
85015,11,7.969,0.06294
85015,12,6.582,0.01545
85125,1,2.422,0.00726
85125,2,1.674,0.00329
85125,3,6.366,0.01516
85125,4,12.642,0.03841
85125,5,11.269,0.06039
85125,6,11.612,0.07598
85125,7,11.5,0.06536
85125,8,11.896,0.05394
85125,9,12.964,0.0485
85125,10,12.94,0.0454
85125,11,9.121,0.03097
85125,12,4.69,0.01398
85136,1,1.839,0.11581
85136,2,2.66,0.11371
85136,3,4.647,0.13233
85136,4,6.585,0.11954
85136,5,6.735,0.14902
85136,6,11.307,0.15645
85136,7,7.033,0.16684
85136,8,6.312,0.13989
85136,9,6.162,0.15094
85136,10,6.921,0.13102
85136,11,6.353,0.13831
85136,12,3.415,0.11844
85139,1,3.0,0.00152
85139,2,0.9,0.00137
85139,3,2.2,0.0045
85139,4,17.2,0.04642
85139,5,13.8,0.04839
85139,6,19.7,0.05729
85139,7,11.7,0.05477
85139,8,9.0,0.03035
85139,9,16.1,0.0423
85139,10,14.3,0.04636
85139,11,10.2,0.01384
85139,12,5.9,0.00459
85162,1,9.8,0.00634
85162,2,0.2,0.00025
85162,3,7.0,0.00917
85162,4,11.6,0.03936
85162,5,20.6,0.0906
85162,6,12.8,0.05041
85162,7,11.8,0.05123
85162,8,12.867,0.04963
85162,9,19.4,0.04984
85162,10,13.3,0.05884
85162,11,13.6,0.10727
85162,12,12.4,0.01849
85225,1,1.0,0.00729
85225,2,0.7,0.00907
85225,3,7.5,0.03945
85225,4,8.3,0.06956
85225,5,10.967,0.04536
85225,6,7.9,0.0433
85225,7,0.0,0.0
85225,8,17.6,0.06588
85225,9,14.8,0.04319
85225,10,11.867,0.05531
85225,11,7.767,0.01911
85225,12,2.433,0.00729
85230,1,2.83,0.00974
85230,2,3.455,0.00529
85230,3,14.088,0.02723
85230,4,14.664,0.06326
85230,5,16.075,0.07363
85230,6,15.412,0.09194
85230,7,12.08,0.08502
85230,8,12.598,0.05253
85230,9,10.497,0.04156
85230,10,12.351,0.05512
85230,11,13.178,0.02675
85230,12,8.192,0.01024
85250,1,4.133,0.01199
85250,2,0.6,0.00115
85250,3,8.867,0.01726
85250,4,10.925,0.03633
85250,5,9.65,0.06307
85250,6,11.78,0.07005
85250,7,11.033,0.06529
85250,8,9.7,0.04111
85250,9,15.75,0.04587
85250,10,14.05,0.04401
85250,11,8.867,0.02304
85250,12,5.3,0.00673
85263,1,2.448,0.01119
85263,2,0.627,0.00677
85263,3,6.657,0.02774
85263,4,9.747,0.05483
85263,5,9.924,0.07003
85263,6,9.67,0.07914
85263,7,7.994,0.05288
85263,8,11.701,0.08111
85263,9,12.977,0.06409
85263,10,11.609,0.05954
85263,11,8.498,0.04873
85263,12,4.015,0.02461
85279,1,5.744,0.00789
85279,2,1.827,0.01061
85279,3,4.518,0.02615
85279,4,9.76,0.0568
85279,5,10.561,0.06725
85279,6,8.949,0.07831
85279,7,10.406,0.0714
85279,8,8.503,0.06945
85279,9,9.411,0.04358
85279,10,9.041,0.05136
85279,11,8.353,0.05658
85279,12,7.054,0.0116
85300,1,7.097,0.00748
85300,2,0.901,0.00246
85300,3,7.529,0.01346
85300,4,10.852,0.04152
85300,5,16.614,0.08469
85300,6,10.288,0.05865
85300,7,11.173,0.06126
85300,8,12.382,0.05719
85300,9,16.441,0.0536
85300,10,13.595,0.0662
85300,11,14.092,0.07959
85300,12,10.13,0.01542
85315,1,1.791,0.08776
85315,2,2.06,0.08567
85315,3,4.283,0.10446
85315,4,7.4,0.10475
85315,5,7.485,0.13542
85315,6,10.548,0.14664
85315,7,8.097,0.14354
85315,8,7.179,0.14074
85315,9,6.771,0.13806
85315,10,7.382,0.1176
85315,11,6.985,0.12888
85315,12,3.506,0.10256
85325,1,1.063,0.03866
85325,2,0.938,0.04094
85325,3,7.575,0.03474
85325,4,6.814,0.05965
85325,5,17.465,0.0502
85325,6,14.133,0.08926
85325,7,13.879,0.08493
85325,8,13.306,0.05849
85325,9,11.26,0.03617
85325,10,9.827,0.0533
85325,11,11.235,0.04635
85325,12,5.921,0.0359
85400,1,1.65,0.01334
85400,2,0.6,0.01141
85400,3,3.45,0.03057
85400,4,9.533,0.06449
85400,5,9.417,0.09749
85400,6,8.638,0.11787
85400,7,10.8,0.08031
85400,8,9.35,0.13912
85400,9,8.35,0.1015
85400,10,8.6,0.08073
85400,11,8.65,0.10163
85400,12,3.783,0.05882
85410,1,8.062,0.00906
85410,2,0.387,0.00502
85410,3,5.929,0.01381
85410,4,11.105,0.04391
85410,5,17.223,0.08352
85410,6,11.743,0.0577
85410,7,11.443,0.06014
85410,8,11.433,0.05602
85410,9,16.178,0.04804
85410,10,12.187,0.05588
85410,11,12.422,0.09086
85410,12,10.453,0.01757
85430,1,1.0,0.0398
85430,2,0.95,0.04238
85430,3,7.55,0.03501
85430,4,6.7,0.05995
85430,5,17.75,0.05002
85430,6,14.3,0.09053
85430,7,14.2,0.08695
85430,8,13.3,0.05871
85430,9,11.1,0.03583
85430,10,9.7,0.05346
85430,11,11.35,0.04735
85430,12,6.0,0.03705
85440,1,3.084,0.00669
85440,2,2.612,0.00764
85440,3,12.017,0.02185
85440,4,18.838,0.0559
85440,5,13.8,0.04785
85440,6,10.02,0.04911
85440,7,14.749,0.07226
85440,8,18.191,0.05481
85440,9,12.418,0.0429
85440,10,18.021,0.05297
85440,11,19.05,0.02635
85440,12,6.211,0.00661
86001,1,7.933,0.0583
86001,2,7.742,0.06039
86001,3,12.811,0.08388
86001,4,8.433,0.07484
86001,5,6.822,0.11734
86001,6,7.044,0.1284
86001,7,7.944,0.12059
86001,8,8.506,0.07701
86001,9,11.608,0.07699
86001,10,10.956,0.07364
86001,11,12.839,0.07745
86001,12,7.5,0.07358
86219,1,2.53,0.06238
86219,2,7.591,0.06311
86219,3,2.601,0.08277
86219,4,4.497,0.09559
86219,5,4.751,0.1385
86219,6,4.159,0.15905
86219,7,3.485,0.16773
86219,8,3.362,0.10828
86219,9,2.579,0.0934
86219,10,3.809,0.07313
86219,11,5.421,0.05642
86219,12,4.876,0.08333
86320,1,4.54,0.08729
86320,2,6.476,0.07191
86320,3,6.521,0.09132
86320,4,5.715,0.10117
86320,5,5.025,0.1485
86320,6,4.943,0.16525
86320,7,5.202,0.17462
86320,8,5.098,0.12471
86320,9,5.973,0.1018
86320,10,6.118,0.08532
86320,11,7.617,0.07612
86320,12,5.69,0.10337
86568,1,5.013,0.05566
86568,2,6.744,0.05734
86568,3,7.429,0.07403
86568,4,6.324,0.079
86568,5,5.71,0.11723
86568,6,5.209,0.12685
86568,7,5.396,0.12693
86568,8,5.547,0.08022
86568,9,6.91,0.07401
86568,10,7.323,0.07098
86568,11,8.683,0.07002
86568,12,5.743,0.07409
86569,1,5.27,0.05639
86569,2,6.925,0.05806
86569,3,7.889,0.07583
86569,4,6.508,0.07935
86569,5,5.807,0.11841
86569,6,5.399,0.12882
86569,7,5.634,0.1283
86569,8,5.826,0.08132
86569,9,7.305,0.07547
86569,10,7.62,0.07146
86569,11,9.064,0.07028
86569,12,5.932,0.07452
86571,1,6.758,0.05603
86571,2,7.201,0.05824
86571,3,9.905,0.08434
86571,4,7.2,0.07939
86571,5,6.068,0.1236
86571,6,6.434,0.13776
86571,7,6.608,0.13436
86571,8,7.005,0.08543
86571,9,8.937,0.07944
86571,10,8.841,0.0755
86571,11,10.557,0.06954
86571,12,6.457,0.07204
86573,1,2.801,0.01839
86573,2,4.671,0.02562
86573,3,7.585,0.05953
86573,4,13.498,0.06609
86573,5,5.424,0.06282
86573,6,4.818,0.09183
86573,7,5.052,0.05804
86573,8,7.165,0.04392
86573,9,6.764,0.04236
86573,10,7.311,0.04722
86573,11,5.993,0.03666
86573,12,8.149,0.02633
86749,1,3.01,0.06099
86749,2,7.409,0.06191
86749,3,3.537,0.0809
86749,4,4.851,0.09224
86749,5,4.937,0.13416
86749,6,4.357,0.15247
86749,7,3.852,0.15946
86749,8,3.781,0.10258
86749,9,3.421,0.08942
86749,10,4.493,0.07267
86749,11,6.049,0.05913
86749,12,5.037,0.08145
86755,1,3.596,0.06027
86755,2,7.374,0.06136
86755,3,4.651,0.0805
86755,4,5.279,0.0896
86755,5,5.161,0.13122
86755,6,4.654,0.14813
86755,7,4.327,0.15328
86755,8,4.328,0.09842
86755,9,4.409,0.08697
86755,10,5.28,0.07259
86755,11,6.845,0.06163
86755,12,5.302,0.08012
86757,1,4.346,0.10071
86757,2,5.832,0.07681
86757,3,6.222,0.09502
86757,4,5.449,0.10839
86757,5,4.697,0.15787
86757,6,4.68,0.17452
86757,7,5.065,0.18793
86757,8,4.815,0.13955
86757,9,5.675,0.10927
86757,10,5.693,0.09133
86757,11,7.057,0.0816
86757,12,5.497,0.11559
86760,1,2.4,0.06325
86760,2,7.733,0.0639
86760,3,2.333,0.08422
86760,4,4.4,0.09721
86760,5,4.7,0.14085
86760,6,4.133,0.16268
86760,7,3.4,0.17192
86760,8,3.267,0.11121
86760,9,2.333,0.09568
86760,10,3.6,0.0735
86760,11,5.267,0.05529
86760,12,4.867,0.08432
86865,1,4.369,0.09874
86865,2,5.927,0.07609
86865,3,6.254,0.09448
86865,4,5.483,0.10736
86865,5,4.743,0.15652
86865,6,4.715,0.1732
86865,7,5.08,0.18603
86865,8,4.851,0.1374
86865,9,5.708,0.1082
86865,10,5.748,0.09044
86865,11,7.131,0.08077
86865,12,5.523,0.1138
86885,1,7.389,0.0579
86885,2,7.597,0.05996
86885,3,11.598,0.08402
86885,4,7.936,0.07698
86885,5,6.532,0.11999
86885,6,6.76,0.13233
86885,7,7.398,0.12641
86885,8,7.887,0.08068
86885,9,10.509,0.07842
86885,10,10.084,0.07413
86885,11,11.914,0.07441
86885,12,7.112,0.07362
88001,1,6.821,0.03849
88001,2,5.133,0.03993
88001,3,4.657,0.02101
88001,4,3.051,0.00904
88001,5,11.433,0.04123
88001,6,9.797,0.05865
88001,7,8.642,0.03683
88001,8,11.858,0.04689
88001,9,10.133,0.0313
88001,10,7.425,0.02993
88001,11,9.562,0.04231
88001,12,9.614,0.06225
88564,1,6.597,0.03722
88564,2,4.967,0.03859
88564,3,4.501,0.02032
88564,4,3.05,0.00882
88564,5,11.301,0.0405
88564,6,9.748,0.05743
88564,7,8.683,0.03638
88564,8,11.801,0.04673
88564,9,10.131,0.03212
88564,10,7.613,0.03041
88564,11,9.5,0.0422
88564,12,9.444,0.06024
91001,1,15.19,0.14624
91001,2,8.15,0.11959
91001,3,9.937,0.21339
91001,4,14.973,0.12045
91001,5,14.057,0.17516
91001,6,17.553,0.08517
91001,7,12.88,0.04747
91001,8,6.998,0.05044
91001,9,12.983,0.04845
91001,10,14.725,0.09962
91001,11,11.083,0.15595
91001,12,7.147,0.12086
91263,1,7.617,0.06489
91263,2,7.257,0.0635
91263,3,9.037,0.11681
91263,4,14.118,0.08791
91263,5,9.85,0.11735
91263,6,10.385,0.11627
91263,7,9.123,0.07151
91263,8,7.838,0.04731
91263,9,9.245,0.04533
91263,10,10.363,0.06571
91263,11,9.23,0.08133
91263,12,7.86,0.0601
91405,1,9.002,0.06517
91405,2,6.83,0.05941
91405,3,9.524,0.11354
91405,4,13.572,0.09793
91405,5,12.585,0.12721
91405,6,12.868,0.12434
91405,7,11.721,0.08387
91405,8,8.277,0.05376
91405,9,11.129,0.05062
91405,10,13.479,0.07129
91405,11,10.429,0.08256
91405,12,7.173,0.0643
91407,1,10.979,0.07076
91407,2,8.023,0.06055
91407,3,10.445,0.11405
91407,4,16.872,0.09814
91407,5,14.979,0.12562
91407,6,15.994,0.09539
91407,7,14.69,0.07372
91407,8,10.223,0.05119
91407,9,13.565,0.04867
91407,10,16.148,0.07288
91407,11,12.36,0.09034
91407,12,9.006,0.07591
91430,1,6.536,0.01969
91430,2,6.986,0.01955
91430,3,9.617,0.04614
91430,4,19.123,0.07877
91430,5,12.714,0.07255
91430,6,12.267,0.08003
91430,7,12.587,0.06823
91430,8,9.943,0.03717
91430,9,10.887,0.03802
91430,10,14.451,0.04393
91430,11,11.096,0.03747
91430,12,9.516,0.04181
91460,1,8.853,0.05288
91460,2,6.793,0.04382
91460,3,9.945,0.088
91460,4,17.794,0.09035
91460,5,12.865,0.09736
91460,6,13.415,0.07896
91460,7,12.438,0.06166
91460,8,8.681,0.03995
91460,9,11.171,0.03972
91460,10,14.291,0.05714
91460,11,10.678,0.0665
91460,12,8.914,0.06194
91530,1,2.782,0.01818
91530,2,4.692,0.02544
91530,3,7.569,0.05917
91530,4,13.616,0.06576
91530,5,5.401,0.06205
91530,6,4.813,0.09051
91530,7,5.043,0.05724
91530,8,7.19,0.04356
91530,9,6.761,0.04211
91530,10,7.309,0.04695
91530,11,5.997,0.03645
91530,12,8.195,0.02633
91536,1,11.267,0.09178
91536,2,7.461,0.07856
91536,3,9.679,0.14514
91536,4,14.795,0.1053
91536,5,13.49,0.14112
91536,6,14.94,0.10504
91536,7,12.584,0.06912
91536,8,8.141,0.05128
91536,9,12.078,0.04904
91536,10,14.439,0.08011
91536,11,10.988,0.10681
91536,12,7.371,0.08449
91540,1,15.015,0.14379
91540,2,8.12,0.11775
91540,3,9.925,0.21031
91540,4,14.971,0.11976
91540,5,14.034,0.17362
91540,6,17.44,0.08602
91540,7,12.87,0.04842
91540,8,7.051,0.05047
91540,9,12.945,0.04847
91540,10,14.716,0.09874
91540,11,11.081,0.15375
91540,12,7.158,0.11924
91669,1,5.429,0.02469
91669,2,4.722,0.02144
91669,3,10.146,0.0526
91669,4,15.154,0.0782
91669,5,9.072,0.07297
91669,6,8.299,0.09595
91669,7,8.628,0.07
91669,8,6.787,0.0384
91669,9,7.791,0.03629
91669,10,9.948,0.04103
91669,11,7.709,0.03417
91669,12,8.919,0.03419
91798,1,14.372,0.13104
91798,2,8.135,0.1077
91798,3,10.098,0.19332
91798,4,15.318,0.11586
91798,5,14.26,0.16548
91798,6,17.254,0.0876
91798,7,13.285,0.0532
91798,8,7.696,0.05092
91798,9,13.149,0.04867
91798,10,15.005,0.09438
91798,11,11.356,0.14288
91798,12,7.583,0.11179
94001,1,11.0,0.01898
94001,2,8.933,0.01958
94001,3,16.433,0.0407
94001,4,14.6,0.0739
94001,5,17.3,0.11963
94001,6,16.367,0.13837
94001,7,19.767,0.13402
94001,8,17.067,0.08309
94001,9,18.56,0.06588
94001,10,16.45,0.06832
94001,11,14.725,0.05877
94001,12,16.15,0.04358
94343,1,7.166,0.01597
94343,2,6.672,0.01489
94343,3,13.721,0.03802
94343,4,15.812,0.07321
94343,5,16.301,0.09424
94343,6,15.553,0.10998
94343,7,15.774,0.10255
94343,8,13.936,0.06184
94343,9,14.184,0.05162
94343,10,15.228,0.05915
94343,11,13.679,0.04322
94343,12,11.381,0.03249
94883,1,9.166,0.01823
94883,2,8.014,0.01839
94883,3,14.292,0.04132
94883,4,15.798,0.07582
94883,5,16.601,0.1055
94883,6,15.787,0.12133
94883,7,17.655,0.11453
94883,8,15.028,0.06932
94883,9,16.157,0.05756
94883,10,16.233,0.06238
94883,11,14.057,0.05105
94883,12,13.328,0.04066
94884,1,10.044,0.01851
94884,2,8.435,0.01884
94884,3,15.415,0.04081
94884,4,15.153,0.07464
94884,5,16.961,0.11249
94884,6,16.086,0.12989
94884,7,18.689,0.12437
94884,8,16.066,0.07633
94884,9,17.343,0.06171
94884,10,16.295,0.06541
94884,11,14.396,0.05478
94884,12,14.741,0.04178
94885,1,8.943,0.01818
94885,2,7.912,0.01831
94885,3,13.983,0.04151
94885,4,15.98,0.07619
94885,5,16.503,0.10367
94885,6,15.705,0.11906
94885,7,17.387,0.11191
94885,8,14.749,0.06743
94885,9,15.847,0.05647
94885,10,16.228,0.06157
94885,11,13.966,0.0501
94885,12,12.954,0.04044
94886,1,10.734,0.01881
94886,2,8.786,0.01931
94886,3,16.197,0.04063
94886,4,14.72,0.07398
94886,5,17.218,0.11776
94886,6,16.299,0.1362
94886,7,19.478,0.13158
94886,8,16.818,0.08141
94886,9,18.239,0.0648
94886,10,16.387,0.0676
94886,11,14.643,0.05767
94886,12,15.788,0.04295
94887,1,7.891,0.01874
94887,2,7.617,0.01915
94887,3,11.549,0.04459
94887,4,17.551,0.08052
94887,5,15.784,0.09271
94887,6,15.099,0.10434
94887,7,15.887,0.09439
94887,8,12.806,0.05436
94887,9,14.026,0.04957
94887,10,16.629,0.05593
94887,11,13.342,0.04528
94887,12,10.561,0.04218
94888,1,7.442,0.01871
94888,2,7.426,0.01909
94888,3,10.842,0.04515
94888,4,17.978,0.08148
94888,5,15.565,0.08882
94888,6,14.915,0.09942
94888,7,15.326,0.08866
94888,8,12.189,0.0502
94888,9,13.37,0.04721
94888,10,16.655,0.05414
94888,11,13.142,0.04333
94888,12,9.753,0.04198
95001,1,4.508,0.01703
95001,2,5.376,0.00926
95001,3,8.963,0.04088
95001,4,11.16,0.0841
95001,5,14.852,0.12867
95001,6,11.468,0.12335
95001,7,13.089,0.11205
95001,8,11.993,0.06473
95001,9,12.529,0.05624
95001,10,16.363,0.07349
95001,11,14.855,0.046
95001,12,10.987,0.02717
95015,1,4.08,0.01542
95015,2,4.213,0.00578
95015,3,10.18,0.02622
95015,4,12.474,0.05596
95015,5,9.989,0.07506
95015,6,7.645,0.05913
95015,7,8.931,0.05508
95015,8,6.807,0.03035
95015,9,7.177,0.02739
95015,10,8.836,0.03521
95015,11,9.354,0.02195
95015,12,9.973,0.01476
95025,1,4.425,0.01705
95025,2,5.556,0.00952
95025,3,9.156,0.04119
95025,4,11.248,0.08463
95025,5,15.062,0.12908
95025,6,11.627,0.12404
95025,7,13.29,0.11287
95025,8,12.067,0.06499
95025,9,12.605,0.05657
95025,10,16.364,0.07387
95025,11,15.075,0.04666
95025,12,11.111,0.02769
95200,1,6.405,0.01899
95200,2,4.751,0.0129
95200,3,8.858,0.03882
95200,4,16.527,0.07307
95200,5,10.852,0.0729
95200,6,10.093,0.07319
95200,7,10.444,0.0633
95200,8,8.543,0.03597
95200,9,9.559,0.03453
95200,10,13.227,0.04125
95200,11,9.318,0.02972
95200,12,9.123,0.03242
97001,1,7.45,0.01986
97001,2,7.7,0.02085
97001,3,9.45,0.04831
97001,4,19.0,0.08522
97001,5,15.2,0.08558
97001,6,14.6,0.09375
97001,7,15.0,0.08138
97001,8,11.3,0.04425
97001,9,12.867,0.04477
97001,10,17.267,0.05158
97001,11,12.867,0.04291
97001,12,8.867,0.04596
97161,1,7.056,0.0195
97161,2,6.554,0.01775
97161,3,9.19,0.04462
97161,4,18.003,0.08049
97161,5,13.538,0.08102
97161,6,12.869,0.08604
97161,7,13.252,0.0746
97161,8,10.257,0.04119
97161,9,11.611,0.04092
97161,10,15.744,0.04774
97161,11,11.513,0.03785
97161,12,8.945,0.04063
97511,1,7.736,0.03153
97511,2,7.032,0.028
97511,3,9.75,0.06116
97511,4,18.522,0.08565
97511,5,13.683,0.08579
97511,6,13.517,0.08427
97511,7,13.413,0.07073
97511,8,9.867,0.04072
97511,9,11.681,0.04094
97511,10,15.43,0.05117
97511,11,11.508,0.04922
97511,12,9.052,0.05039
97666,1,9.333,0.04397
97666,2,7.925,0.03962
97666,3,10.331,0.07907
97666,4,17.732,0.09069
97666,5,15.218,0.10658
97666,6,15.365,0.09714
97666,7,15.132,0.08082
97666,8,11.126,0.04982
97666,9,13.531,0.04786
97666,10,16.688,0.06267
97666,11,12.735,0.06635
97666,12,9.359,0.06004
97777,1,7.085,0.01877
97777,2,6.964,0.01853
97777,3,9.416,0.04535
97777,4,17.993,0.08177
97777,5,14.874,0.08625
97777,6,14.178,0.09319
97777,7,14.327,0.0812
97777,8,11.247,0.04508
97777,9,12.488,0.04421
97777,10,16.76,0.05191
97777,11,12.602,0.04038
97777,12,8.662,0.04083
97889,1,7.549,0.0192
97889,2,7.586,0.01984
97889,3,10.419,0.04635
97889,4,18.31,0.08283
97889,5,15.462,0.08835
97889,6,14.825,0.09817
97889,7,15.318,0.08692
97889,8,11.957,0.04865
97889,9,13.31,0.04673
97889,10,16.907,0.05348
97889,11,13.072,0.04361
97889,12,9.566,0.0437
99001,1,6.633,0.02511
99001,2,5.429,0.03438
99001,3,11.052,0.02886
99001,4,10.967,0.04928
99001,5,15.44,0.09424
99001,6,14.656,0.11467
99001,7,16.727,0.1046
99001,8,15.232,0.08924
99001,9,14.558,0.05517
99001,10,14.282,0.10946
99001,11,11.062,0.08027
99001,12,9.822,0.03976
99524,1,2.493,0.02087
99524,2,1.896,0.01738
99524,3,10.547,0.02761
99524,4,10.971,0.05572
99524,5,15.145,0.06281
99524,6,14.16,0.08626
99524,7,12.58,0.08103
99524,8,12.159,0.052
99524,9,11.953,0.04056
99524,10,11.818,0.0519
99524,11,11.513,0.03314
99524,12,6.735,0.01886
99624,1,2.474,0.0186
99624,2,2.377,0.01534
99624,3,11.559,0.02818
99624,4,11.917,0.05889
99624,5,15.736,0.06556
99624,6,14.633,0.08875
99624,7,12.552,0.08306
99624,8,12.429,0.05284
99624,9,11.337,0.04048
99624,10,11.811,0.05323
99624,11,12.108,0.03216
99624,12,7.199,0.01744
99773,1,4.751,0.02012
99773,2,4.417,0.01894
99773,3,13.103,0.03316
99773,4,12.61,0.06552
99773,5,16.861,0.08105
99773,6,15.407,0.10516
99773,7,14.869,0.09984
99773,8,14.084,0.06304
99773,9,13.008,0.04721
99773,10,12.872,0.05856
99773,11,13.163,0.04138
99773,12,9.958,0.02684
