DIVIPOLA,mes,precip_media_mm,n_estaciones,metodo
05001,1,81.98,2,estacion
05001,2,89.99,2,estacion
05001,3,172.35,2,estacion
05001,4,196.18,2,estacion
05001,5,268.14,2,estacion
05001,6,132.35,2,estacion
05001,7,101.27,2,estacion
05001,8,100.23,2,estacion
05001,9,181.85,2,estacion
05001,10,182.79,2,estacion
05001,11,224.05,2,estacion
05001,12,61.73,2,estacion
05002,1,52.14,0,vecina
05002,2,52.32,0,vecina
05002,3,111.3,0,vecina
05002,4,183.18,0,vecina
05002,5,193.49,0,vecina
05002,6,120.14,0,vecina
05002,7,136.43,0,vecina
05002,8,114.95,0,vecina
05002,9,192.61,0,vecina
05002,10,160.98,0,vecina
05002,11,140.7,0,vecina
05002,12,69.41,0,vecina
05004,1,22.45,0,vecina
05004,2,44.65,0,vecina
05004,3,79.8,0,vecina
05004,4,94.25,0,vecina
05004,5,132.15,0,vecina
05004,6,165.75,0,vecina
05004,7,106.96,0,vecina
05004,8,81.56,0,vecina
05004,9,111.96,0,vecina
05004,10,127.13,0,vecina
05004,11,124.95,0,vecina
05004,12,57.44,0,vecina
05021,1,86.79,0,vecina
05021,2,68.2,0,vecina
05021,3,190.53,0,vecina
05021,4,245.47,0,vecina
05021,5,260.13,0,vecina
05021,6,116.35,0,vecina
05021,7,210.73,0,vecina
05021,8,162.59,0,vecina
05021,9,223.24,0,vecina
05021,10,212.03,0,vecina
05021,11,194.54,0,vecina
05021,12,92.52,0,vecina
05030,1,145.26,0,vecina
05030,2,62.85,0,vecina
05030,3,245.62,0,vecina
05030,4,207.93,0,vecina
05030,5,198.15,0,vecina
05030,6,161.17,0,vecina
05030,7,188.49,0,vecina
05030,8,253.26,0,vecina
05030,9,234.33,0,vecina
05030,10,171.18,0,vecina
05030,11,197.09,0,vecina
05030,12,81.15,0,vecina
05031,1,47.37,0,vecina
05031,2,52.64,0,vecina
05031,3,139.73,0,vecina
05031,4,238.84,0,vecina
05031,5,326.66,0,vecina
05031,6,213.51,0,vecina
05031,7,294.62,0,vecina
05031,8,228.65,0,vecina
05031,9,307.29,0,vecina
05031,10,261.14,0,vecina
05031,11,129.37,0,vecina
05031,12,51.29,0,vecina
05034,1,90.42,1,estacion
05034,2,136.45,1,estacion
05034,3,160.61,1,estacion
05034,4,459.15,1,estacion
05034,5,289.7,1,estacion
05034,6,232.59,1,estacion
05034,7,263.29,1,estacion
05034,8,147.17,1,estacion
05034,9,137.35,1,estacion
05034,10,287.17,1,estacion
05034,11,250.16,1,estacion
05034,12,132.75,1,estacion
05036,1,124.56,0,vecina
05036,2,86.69,0,vecina
05036,3,230.67,0,vecina
05036,4,206.44,0,vecina
05036,5,207.31,0,vecina
05036,6,170.5,0,vecina
05036,7,176.69,0,vecina
05036,8,223.14,0,vecina
05036,9,224.02,0,vecina
05036,10,204.66,0,vecina
05036,11,226.96,0,vecina
05036,12,87.13,0,vecina
05038,1,28.86,1,estacion
05038,2,61.07,1,estacion
05038,3,129.74,1,estacion
05038,4,246.32,1,estacion
05038,5,384.39,1,estacion
05038,6,330.16,1,estacion
05038,7,411.22,1,estacion
05038,8,288.72,1,estacion
05038,9,361.98,1,estacion
05038,10,321.75,1,estacion
05038,11,100.84,1,estacion
05038,12,40.13,1,estacion
05040,1,32.97,0,vecina
05040,2,41.69,0,vecina
05040,3,84.37,0,vecina
05040,4,155.54,0,vecina
05040,5,321.55,0,vecina
05040,6,228.5,0,vecina
05040,7,268.35,0,vecina
05040,8,250.53,0,vecina
05040,9,345.55,0,vecina
05040,10,242.98,0,vecina
05040,11,120.84,0,vecina
05040,12,45.38,0,vecina
05042,1,15.75,2,estacion
05042,2,29.97,2,estacion
05042,3,84.21,2,estacion
05042,4,71.99,2,estacion
05042,5,99.64,2,estacion
05042,6,189.53,2,estacion
05042,7,130.44,2,estacion
05042,8,76.57,2,estacion
05042,9,104.03,2,estacion
05042,10,89.12,2,estacion
05042,11,80.1,2,estacion
05042,12,40.79,2,estacion
05044,1,53.42,0,vecina
05044,2,84.07,0,vecina
05044,3,167.86,0,vecina
05044,4,146.02,0,vecina
05044,5,151.87,0,vecina
05044,6,182.08,0,vecina
05044,7,159.11,0,vecina
05044,8,152.11,0,vecina
05044,9,175.36,0,vecina
05044,10,181.44,0,vecina
05044,11,180.18,0,vecina
05044,12,73.92,0,vecina
05045,1,72.8,0,vecina
05045,2,23.19,0,vecina
05045,3,22.01,0,vecina
05045,4,205.14,0,vecina
05045,5,158.64,0,vecina
05045,6,224.39,0,vecina
05045,7,221.44,0,vecina
05045,8,218.47,0,vecina
05045,9,266.95,0,vecina
05045,10,233.13,0,vecina
05045,11,180.69,0,vecina
05045,12,180.02,0,vecina
05051,1,6.78,0,vecina
05051,2,1.0,0,vecina
05051,3,1.84,0,vecina
05051,4,79.34,0,vecina
05051,5,198.94,0,vecina
05051,6,113.06,0,vecina
05051,7,87.22,0,vecina
05051,8,83.27,0,vecina
05051,9,138.65,0,vecina
05051,10,130.8,0,vecina
05051,11,90.21,0,vecina
05051,12,16.6,0,vecina
05055,1,102.35,0,vecina
05055,2,97.32,0,vecina
05055,3,167.49,0,vecina
05055,4,258.21,0,vecina
05055,5,272.36,0,vecina
05055,6,175.27,0,vecina
05055,7,185.74,0,vecina
05055,8,162.27,0,vecina
05055,9,278.46,0,vecina
05055,10,249.82,0,vecina
05055,11,246.91,0,vecina
05055,12,129.85,0,vecina
05059,1,105.57,0,vecina
05059,2,101.29,0,vecina
05059,3,233.86,0,vecina
05059,4,197.88,0,vecina
05059,5,179.83,0,vecina
05059,6,182.66,0,vecina
05059,7,191.63,0,vecina
05059,8,232.81,0,vecina
05059,9,227.88,0,vecina
05059,10,224.92,0,vecina
05059,11,232.52,0,vecina
05059,12,95.37,0,vecina
05079,1,40.5,0,vecina
05079,2,53.44,0,vecina
05079,3,52.12,0,vecina
05079,4,34.4,0,vecina
05079,5,46.22,0,vecina
05079,6,45.66,0,vecina
05079,7,27.67,0,vecina
05079,8,38.01,0,vecina
05079,9,110.49,0,vecina
05079,10,97.52,0,vecina
05079,11,118.29,0,vecina
05079,12,53.62,0,vecina
05086,1,27.7,0,vecina
05086,2,41.66,0,vecina
05086,3,53.84,0,vecina
05086,4,34.51,0,vecina
05086,5,47.49,0,vecina
05086,6,79.74,0,vecina
05086,7,49.77,0,vecina
05086,8,39.04,0,vecina
05086,9,105.52,0,vecina
05086,10,96.98,0,vecina
05086,11,113.22,0,vecina
05086,12,50.94,0,vecina
05088,1,76.3,0,vecina
05088,2,83.41,0,vecina
05088,3,152.26,0,vecina
05088,4,167.2,0,vecina
05088,5,225.98,0,vecina
05088,6,118.0,0,vecina
05088,7,90.64,0,vecina
05088,8,89.54,0,vecina
05088,9,173.4,0,vecina
05088,10,175.63,0,vecina
05088,11,211.43,0,vecina
05088,12,63.9,0,vecina
05091,1,67.48,0,vecina
05091,2,82.89,0,vecina
05091,3,95.66,0,vecina
05091,4,236.77,0,vecina
05091,5,170.43,0,vecina
05091,6,165.6,0,vecina
05091,7,196.04,0,vecina
05091,8,119.5,0,vecina
05091,9,151.17,0,vecina
05091,10,220.16,0,vecina
05091,11,189.59,0,vecina
05091,12,108.27,0,vecina
05093,1,69.59,0,vecina
05093,2,125.22,0,vecina
05093,3,221.32,0,vecina
05093,4,172.52,0,vecina
05093,5,116.16,0,vecina
05093,6,204.84,0,vecina
05093,7,229.73,0,vecina
05093,8,245.72,0,vecina
05093,9,231.53,0,vecina
05093,10,265.15,0,vecina
05093,11,229.68,0,vecina
05093,12,122.08,0,vecina
05101,1,38.1,1,estacion
05101,2,48.72,1,estacion
05101,3,72.07,1,estacion
05101,4,145.13,1,estacion
05101,5,133.72,1,estacion
05101,6,170.67,1,estacion
05101,7,207.85,1,estacion
05101,8,129.04,1,estacion
05101,9,188.99,1,estacion
05101,10,231.19,1,estacion
05101,11,163.51,1,estacion
05101,12,92.02,1,estacion
05107,1,23.07,0,vecina
05107,2,19.61,0,vecina
05107,3,20.54,0,vecina
05107,4,59.65,0,vecina
05107,5,241.49,0,vecina
05107,6,166.78,0,vecina
05107,7,176.93,0,vecina
05107,8,208.72,0,vecina
05107,9,297.89,0,vecina
05107,10,200.96,0,vecina
05107,11,138.83,0,vecina
05107,12,56.33,0,vecina
05113,1,21.33,0,vecina
05113,2,39.2,0,vecina
05113,3,79.34,0,vecina
05113,4,80.24,0,vecina
05113,5,111.19,0,vecina
05113,6,164.16,0,vecina
05113,7,109.06,0,vecina
05113,8,74.61,0,vecina
05113,9,110.43,0,vecina
05113,10,114.26,0,vecina
05113,11,112.01,0,vecina
05113,12,52.31,0,vecina
05120,1,0.95,0,vecina
05120,2,0.28,0,vecina
05120,3,0.21,0,vecina
05120,4,20.45,0,vecina
05120,5,481.35,0,vecina
05120,6,54.12,0,vecina
05120,7,41.4,0,vecina
05120,8,32.09,0,vecina
05120,9,7.92,0,vecina
05120,10,5.5,0,vecina
05120,11,2.85,0,vecina
05120,12,1.55,0,vecina
05125,1,37.5,0,vecina
05125,2,62.47,0,vecina
05125,3,134.63,0,vecina
05125,4,114.95,0,vecina
05125,5,127.02,0,vecina
05125,6,186.82,0,vecina
05125,7,149.87,0,vecina
05125,8,124.12,0,vecina
05125,9,146.93,0,vecina
05125,10,144.9,0,vecina
05125,11,139.04,0,vecina
05125,12,61.26,0,vecina
05129,1,79.56,0,vecina
05129,2,48.35,0,vecina
05129,3,199.51,0,vecina
05129,4,173.21,0,vecina
05129,5,198.64,0,vecina
05129,6,111.02,0,vecina
05129,7,138.92,0,vecina
05129,8,160.52,0,vecina
05129,9,203.86,0,vecina
05129,10,108.94,0,vecina
05129,11,134.61,0,vecina
05129,12,48.7,0,vecina
05134,1,27.03,0,vecina
05134,2,53.2,0,vecina
05134,3,103.58,0,vecina
05134,4,194.97,0,vecina
05134,5,341.04,0,vecina
05134,6,283.61,0,vecina
05134,7,343.27,0,vecina
05134,8,262.66,0,vecina
05134,9,338.63,0,vecina
05134,10,276.14,0,vecina
05134,11,99.9,0,vecina
05134,12,39.45,0,vecina
05138,1,22.03,0,vecina
05138,2,45.89,0,vecina
05138,3,75.8,0,vecina
05138,4,129.5,0,vecina
05138,5,177.88,0,vecina
05138,6,187.08,0,vecina
05138,7,138.16,0,vecina
05138,8,107.75,0,vecina
05138,9,121.19,0,vecina
05138,10,171.37,0,vecina
05138,11,145.68,0,vecina
05138,12,68.89,0,vecina
05142,1,47.7,0,vecina
05142,2,49.23,0,vecina
05142,3,141.68,0,vecina
05142,4,200.02,0,vecina
05142,5,193.9,0,vecina
05142,6,111.64,0,vecina
05142,7,153.08,0,vecina
05142,8,124.71,0,vecina
05142,9,206.72,0,vecina
05142,10,178.18,0,vecina
05142,11,143.25,0,vecina
05142,12,82.08,0,vecina
05145,1,88.8,0,vecina
05145,2,101.26,0,vecina
05145,3,159.56,0,vecina
05145,4,187.51,0,vecina
05145,5,156.6,0,vecina
05145,6,164.12,0,vecina
05145,7,184.15,0,vecina
05145,8,204.89,0,vecina
05145,9,211.68,0,vecina
05145,10,171.0,0,vecina
05145,11,173.99,0,vecina
05145,12,126.68,0,vecina
05147,1,80.83,0,vecina
05147,2,36.09,0,vecina
05147,3,19.08,0,vecina
05147,4,202.8,0,vecina
05147,5,148.64,0,vecina
05147,6,231.03,0,vecina
05147,7,276.48,0,vecina
05147,8,286.08,0,vecina
05147,9,349.53,0,vecina
05147,10,221.34,0,vecina
05147,11,214.01,0,vecina
05147,12,180.74,0,vecina
05148,1,97.37,0,vecina
05148,2,88.21,0,vecina
05148,3,178.15,0,vecina
05148,4,170.56,0,vecina
05148,5,202.35,0,vecina
05148,6,151.84,0,vecina
05148,7,149.0,0,vecina
05148,8,143.78,0,vecina
05148,9,224.26,0,vecina
05148,10,177.17,0,vecina
05148,11,186.16,0,vecina
05148,12,97.06,0,vecina
05150,1,27.3,0,vecina
05150,2,53.86,0,vecina
05150,3,75.39,0,vecina
05150,4,121.42,0,vecina
05150,5,193.7,0,vecina
05150,6,170.25,0,vecina
05150,7,197.99,0,vecina
05150,8,150.55,0,vecina
05150,9,215.31,0,vecina
05150,10,180.42,0,vecina
05150,11,88.6,0,vecina
05150,12,38.75,0,vecina
05154,1,0.11,1,estacion
05154,2,4.24,1,estacion
05154,3,33.09,1,estacion
05154,4,45.3,1,estacion
05154,5,252.26,1,estacion
05154,6,62.19,1,estacion
05154,7,92.43,1,estacion
05154,8,87.72,1,estacion
05154,9,113.28,1,estacion
05154,10,123.68,1,estacion
05154,11,54.15,1,estacion
05154,12,29.27,1,estacion
05172,1,81.89,1,estacion
05172,2,38.17,1,estacion
05172,3,17.96,1,estacion
05172,4,203.4,1,estacion
05172,5,145.42,1,estacion
05172,6,230.8,1,estacion
05172,7,285.71,1,estacion
05172,8,299.56,1,estacion
05172,9,366.44,1,estacion
05172,10,219.33,1,estacion
05172,11,223.75,1,estacion
05172,12,183.91,1,estacion
05190,1,57.97,0,vecina
05190,2,43.08,0,vecina
05190,3,145.98,0,vecina
05190,4,214.58,0,vecina
05190,5,235.23,0,vecina
05190,6,86.67,0,vecina
05190,7,179.23,0,vecina
05190,8,145.76,0,vecina
05190,9,204.8,0,vecina
05190,10,179.27,0,vecina
05190,11,143.15,0,vecina
05190,12,58.83,0,vecina
05197,1,271.52,1,estacion
05197,2,211.4,1,estacion
05197,3,415.61,1,estacion
05197,4,437.46,1,estacion
05197,5,501.83,1,estacion
05197,6,311.86,1,estacion
05197,7,327.24,1,estacion
05197,8,334.23,1,estacion
05197,9,517.03,1,estacion
05197,10,445.65,1,estacion
05197,11,514.15,1,estacion
05197,12,282.77,1,estacion
05206,1,51.7,0,vecina
05206,2,53.09,0,vecina
05206,3,110.63,0,vecina
05206,4,118.66,0,vecina
05206,5,118.25,0,vecina
05206,6,73.3,0,vecina
05206,7,116.36,0,vecina
05206,8,74.96,0,vecina
05206,9,125.85,0,vecina
05206,10,145.58,0,vecina
05206,11,142.57,0,vecina
05206,12,63.73,0,vecina
05209,1,67.55,1,estacion
05209,2,135.89,1,estacion
05209,3,252.18,1,estacion
05209,4,179.12,1,estacion
05209,5,102.49,1,estacion
05209,6,218.93,1,estacion
05209,7,241.43,1,estacion
05209,8,278.56,1,estacion
05209,9,244.88,1,estacion
05209,10,277.77,1,estacion
05209,11,246.45,1,estacion
05209,12,119.87,1,estacion
05212,1,72.05,0,vecina
05212,2,78.5,0,vecina
05212,3,137.24,0,vecina
05212,4,145.56,0,vecina
05212,5,194.52,0,vecina
05212,6,107.12,0,vecina
05212,7,82.56,0,vecina
05212,8,81.44,0,vecina
05212,9,167.1,0,vecina
05212,10,170.37,0,vecina
05212,11,202.22,0,vecina
05212,12,65.52,0,vecina
05234,1,28.97,1,estacion
05234,2,83.06,1,estacion
05234,3,85.21,1,estacion
05234,4,198.96,1,estacion
05234,5,289.18,1,estacion
05234,6,187.67,1,estacion
05234,7,98.95,1,estacion
05234,8,135.81,1,estacion
05234,9,121.33,1,estacion
05234,10,216.65,1,estacion
05234,11,212.49,1,estacion
05234,12,92.52,1,estacion
05237,1,38.41,0,vecina
05237,2,53.03,0,vecina
05237,3,50.74,0,vecina
05237,4,33.97,0,vecina
05237,5,48.18,0,vecina
05237,6,32.74,0,vecina
05237,7,15.54,0,vecina
05237,8,28.93,0,vecina
05237,9,110.26,0,vecina
05237,10,101.01,0,vecina
05237,11,132.01,0,vecina
05237,12,53.42,0,vecina
05240,1,57.15,0,vecina
05240,2,78.86,0,vecina
05240,3,158.39,0,vecina
05240,4,151.55,0,vecina
05240,5,180.12,0,vecina
05240,6,168.07,0,vecina
05240,7,137.99,0,vecina
05240,8,126.72,0,vecina
05240,9,168.09,0,vecina
05240,10,169.91,0,vecina
05240,11,180.45,0,vecina
05240,12,65.96,0,vecina
05250,1,5.68,0,vecina
05250,2,24.42,0,vecina
05250,3,66.35,0,vecina
05250,4,295.9,0,vecina
05250,5,417.92,0,vecina
05250,6,217.38,0,vecina
05250,7,205.82,0,vecina
05250,8,225.15,0,vecina
05250,9,171.09,0,vecina
05250,10,315.5,0,vecina
05250,11,211.35,0,vecina
05250,12,63.13,0,vecina
05264,1,43.76,1,estacion
05264,2,49.31,1,estacion
05264,3,48.97,1,estacion
05264,4,20.64,1,estacion
05264,5,17.56,1,estacion
05264,6,11.93,1,estacion
05264,7,6.64,1,estacion
05264,8,11.62,1,estacion
05264,9,134.29,1,estacion
05264,10,156.54,1,estacion
05264,11,191.14,1,estacion
05264,12,77.5,1,estacion
05266,1,62.99,0,vecina
05266,2,69.32,0,vecina
05266,3,168.2,0,vecina
05266,4,169.23,0,vecina
05266,5,222.57,0,vecina
05266,6,113.64,0,vecina
05266,7,108.45,0,vecina
05266,8,106.0,0,vecina
05266,9,181.9,0,vecina
05266,10,136.57,0,vecina
05266,11,164.65,0,vecina
05266,12,50.52,0,vecina
05282,1,156.14,0,vecina
05282,2,56.73,0,vecina
05282,3,219.94,0,vecina
05282,4,192.2,0,vecina
05282,5,190.33,0,vecina
05282,6,139.12,0,vecina
05282,7,162.69,0,vecina
05282,8,228.05,0,vecina
05282,9,214.06,0,vecina
05282,10,149.13,0,vecina
05282,11,191.58,0,vecina
05282,12,82.25,0,vecina
05284,1,24.95,0,vecina
05284,2,59.13,0,vecina
05284,3,77.47,0,vecina
05284,4,158.0,0,vecina
05284,5,221.67,0,vecina
05284,6,186.92,0,vecina
05284,7,127.51,0,vecina
05284,8,120.33,0,vecina
05284,9,123.55,0,vecina
05284,10,196.0,0,vecina
05284,11,174.48,0,vecina
05284,12,79.74,0,vecina
05306,1,20.66,0,vecina
05306,2,38.68,0,vecina
05306,3,80.16,0,vecina
05306,4,81.27,0,vecina
05306,5,112.85,0,vecina
05306,6,168.3,0,vecina
05306,7,111.99,0,vecina
05306,8,76.05,0,vecina
05306,9,109.7,0,vecina
05306,10,112.51,0,vecina
05306,11,109.24,0,vecina
05306,12,51.39,0,vecina
05308,1,65.26,0,vecina
05308,2,70.85,0,vecina
05308,3,113.93,0,vecina
05308,4,112.09,0,vecina
05308,5,146.11,0,vecina
05308,6,88.53,0,vecina
05308,7,68.47,0,vecina
05308,8,67.66,0,vecina
05308,9,157.55,0,vecina
05308,10,163.12,0,vecina
05308,11,190.25,0,vecina
05308,12,68.18,0,vecina
05310,1,43.58,0,vecina
05310,2,51.34,0,vecina
05310,3,101.81,0,vecina
05310,4,173.58,0,vecina
05310,5,251.15,0,vecina
05310,6,160.18,0,vecina
05310,7,197.16,0,vecina
05310,8,180.31,0,vecina
05310,9,260.21,0,vecina
05310,10,191.61,0,vecina
05310,11,105.97,0,vecina
05310,12,43.36,0,vecina
05313,1,211.13,0,vecina
05313,2,166.85,0,vecina
05313,3,324.29,0,vecina
05313,4,383.2,0,vecina
05313,5,438.08,0,vecina
05313,6,284.74,0,vecina
05313,7,311.56,0,vecina
05313,8,281.71,0,vecina
05313,9,474.18,0,vecina
05313,10,382.07,0,vecina
05313,11,446.83,0,vecina
05313,12,282.34,0,vecina
05315,1,32.68,0,vecina
05315,2,57.53,0,vecina
05315,3,116.28,0,vecina
05315,4,213.74,0,vecina
05315,5,328.6,0,vecina
05315,6,266.44,0,vecina
05315,7,329.55,0,vecina
05315,8,245.04,0,vecina
05315,9,318.1,0,vecina
05315,10,268.85,0,vecina
05315,11,98.84,0,vecina
05315,12,40.1,0,vecina
05318,1,64.35,0,vecina
05318,2,69.07,0,vecina
05318,3,149.98,0,vecina
05318,4,148.08,0,vecina
05318,5,191.73,0,vecina
05318,6,118.04,0,vecina
05318,7,107.79,0,vecina
05318,8,103.14,0,vecina
05318,9,171.98,0,vecina
05318,10,135.97,0,vecina
05318,11,151.9,0,vecina
05318,12,54.87,0,vecina
05321,1,150.94,0,vecina
05321,2,122.29,0,vecina
05321,3,233.2,0,vecina
05321,4,331.79,0,vecina
05321,5,377.31,0,vecina
05321,6,259.39,0,vecina
05321,7,299.01,0,vecina
05321,8,230.5,0,vecina
05321,9,435.51,0,vecina
05321,10,320.39,0,vecina
05321,11,382.55,0,vecina
05321,12,285.84,0,vecina
05347,1,100.59,0,vecina
05347,2,94.0,0,vecina
05347,3,209.97,0,vecina
05347,4,199.01,0,vecina
05347,5,218.87,0,vecina
05347,6,161.14,0,vecina
05347,7,154.41,0,vecina
05347,8,180.74,0,vecina
05347,9,209.7,0,vecina
05347,10,204.82,0,vecina
05347,11,228.17,0,vecina
05347,12,80.96,0,vecina
05353,1,77.26,0,vecina
05353,2,78.97,0,vecina
05353,3,77.07,0,vecina
05353,4,181.53,0,vecina
05353,5,131.15,0,vecina
05353,6,123.6,0,vecina
05353,7,148.66,0,vecina
05353,8,96.37,0,vecina
05353,9,129.66,0,vecina
05353,10,173.53,0,vecina
05353,11,175.42,0,vecina
05353,12,106.99,0,vecina
05360,1,67.83,0,vecina
05360,2,74.55,0,vecina
05360,3,168.91,0,vecina
05360,4,175.66,0,vecina
05360,5,233.53,0,vecina
05360,6,118.46,0,vecina
05360,7,106.62,0,vecina
05360,8,104.48,0,vecina
05360,9,181.7,0,vecina
05360,10,148.26,0,vecina
05360,11,179.45,0,vecina
05360,12,53.44,0,vecina
05361,1,26.44,1,estacion
05361,2,15.12,1,estacion
05361,3,29.78,1,estacion
05361,4,157.36,1,estacion
05361,5,179.77,1,estacion
05361,6,178.25,1,estacion
05361,7,245.96,1,estacion
05361,8,143.43,1,estacion
05361,9,173.62,1,estacion
05361,10,327.1,1,estacion
05361,11,204.06,1,estacion
05361,12,104.61,1,estacion
05364,1,84.44,0,vecina
05364,2,125.68,0,vecina
05364,3,146.96,0,vecina
05364,4,373.77,0,vecina
05364,5,234.43,0,vecina
05364,6,209.61,0,vecina
05364,7,230.74,0,vecina
05364,8,150.12,0,vecina
05364,9,145.18,0,vecina
05364,10,239.35,0,vecina
05364,11,225.27,0,vecina
05364,12,126.85,0,vecina
05368,1,104.64,1,estacion
05368,2,67.22,1,estacion
05368,3,23.62,1,estacion
05368,4,22.43,1,estacion
05368,5,18.48,1,estacion
05368,6,3.88,1,estacion
05368,7,13.7,1,estacion
05368,8,30.56,1,estacion
05368,9,68.94,1,estacion
05368,10,40.67,1,estacion
05368,11,134.56,1,estacion
05368,12,103.04,1,estacion
05376,1,42.82,0,vecina
05376,2,41.45,0,vecina
05376,3,179.69,0,vecina
05376,4,140.52,0,vecina
05376,5,161.22,0,vecina
05376,6,92.97,0,vecina
05376,7,137.28,0,vecina
05376,8,133.09,0,vecina
05376,9,206.66,0,vecina
05376,10,73.62,0,vecina
05376,11,81.35,0,vecina
05376,12,46.08,0,vecina
05380,1,77.78,0,vecina
05380,2,62.53,0,vecina
05380,3,188.61,0,vecina
05380,4,179.8,0,vecina
05380,5,222.15,0,vecina
05380,6,116.91,0,vecina
05380,7,124.5,0,vecina
05380,8,136.7,0,vecina
05380,9,195.28,0,vecina
05380,10,132.73,0,vecina
05380,11,163.5,0,vecina
05380,12,52.26,0,vecina
05390,1,94.64,0,vecina
05390,2,43.33,0,vecina
05390,3,82.87,0,vecina
05390,4,91.44,0,vecina
05390,5,100.16,0,vecina
05390,6,63.05,0,vecina
05390,7,72.17,0,vecina
05390,8,95.74,0,vecina
05390,9,103.51,0,vecina
05390,10,90.45,0,vecina
05390,11,122.23,0,vecina
05390,12,65.01,0,vecina
05400,1,102.38,0,vecina
05400,2,87.73,0,vecina
05400,3,222.4,0,vecina
05400,4,204.64,0,vecina
05400,5,236.93,0,vecina
05400,6,152.13,0,vecina
05400,7,175.87,0,vecina
05400,8,173.39,0,vecina
05400,9,269.21,0,vecina
05400,10,175.31,0,vecina
05400,11,194.58,0,vecina
05400,12,105.95,0,vecina
05411,1,19.22,0,vecina
05411,2,33.8,0,vecina
05411,3,73.45,0,vecina
05411,4,59.14,0,vecina
05411,5,82.33,0,vecina
05411,6,153.35,0,vecina
05411,7,103.49,0,vecina
05411,8,64.43,0,vecina
05411,9,103.01,0,vecina
05411,10,88.74,0,vecina
05411,11,87.9,0,vecina
05411,12,43.03,0,vecina
05425,1,53.91,0,vecina
05425,2,42.46,0,vecina
05425,3,149.54,0,vecina
05425,4,197.74,0,vecina
05425,5,211.07,0,vecina
05425,6,76.77,0,vecina
05425,7,159.6,0,vecina
05425,8,136.16,0,vecina
05425,9,203.92,0,vecina
05425,10,163.94,0,vecina
05425,11,131.38,0,vecina
05425,12,54.29,0,vecina
05440,1,77.14,0,vecina
05440,2,75.75,0,vecina
05440,3,133.37,0,vecina
05440,4,127.42,0,vecina
05440,5,155.64,0,vecina
05440,6,135.23,0,vecina
05440,7,118.31,0,vecina
05440,8,110.57,0,vecina
05440,9,173.47,0,vecina
05440,10,150.39,0,vecina
05440,11,148.53,0,vecina
05440,12,73.86,0,vecina
05467,1,52.34,0,vecina
05467,2,30.68,0,vecina
05467,3,185.06,0,vecina
05467,4,140.56,0,vecina
05467,5,152.85,0,vecina
05467,6,90.0,0,vecina
05467,7,137.95,0,vecina
05467,8,150.52,0,vecina
05467,9,197.17,0,vecina
05467,10,63.51,0,vecina
05467,11,74.56,0,vecina
05467,12,36.19,0,vecina
05475,1,455.63,0,vecina
05475,2,290.83,0,vecina
05475,3,277.08,0,vecina
05475,4,510.64,0,vecina
05475,5,508.89,0,vecina
05475,6,536.02,0,vecina
05475,7,542.82,0,vecina
05475,8,530.2,0,vecina
05475,9,613.95,0,vecina
05475,10,485.73,0,vecina
05475,11,534.94,0,vecina
05475,12,494.11,0,vecina
05480,1,41.29,0,vecina
05480,2,63.71,0,vecina
05480,3,62.11,0,vecina
05480,4,194.74,0,vecina
05480,5,240.96,0,vecina
05480,6,196.77,0,vecina
05480,7,162.22,0,vecina
05480,8,175.88,0,vecina
05480,9,186.51,0,vecina
05480,10,231.32,0,vecina
05480,11,214.11,0,vecina
05480,12,115.88,0,vecina
05483,1,138.04,0,vecina
05483,2,136.34,0,vecina
05483,3,141.34,0,vecina
05483,4,207.31,0,vecina
05483,5,235.0,0,vecina
05483,6,169.48,0,vecina
05483,7,165.57,0,vecina
05483,8,166.52,0,vecina
05483,9,248.91,0,vecina
05483,10,250.28,0,vecina
05483,11,260.68,0,vecina
05483,12,253.21,0,vecina
05490,1,73.55,0,vecina
05490,2,20.66,0,vecina
05490,3,29.27,0,vecina
05490,4,195.68,0,vecina
05490,5,176.99,0,vecina
05490,6,236.42,0,vecina
05490,7,206.84,0,vecina
05490,8,178.57,0,vecina
05490,9,213.64,0,vecina
05490,10,236.58,0,vecina
05490,11,129.37,0,vecina
05490,12,148.6,0,vecina
05495,1,19.76,0,vecina
05495,2,88.34,0,vecina
05495,3,162.8,0,vecina
05495,4,810.1,0,vecina
05495,5,509.41,0,vecina
05495,6,555.4,0,vecina
05495,7,482.13,0,vecina
05495,8,585.74,0,vecina
05495,9,441.12,0,vecina
05495,10,824.98,0,vecina
05495,11,592.56,0,vecina
05495,12,179.21,0,vecina
05501,1,17.28,0,vecina
05501,2,31.61,0,vecina
05501,3,79.7,0,vecina
05501,4,66.56,0,vecina
05501,5,92.27,0,vecina
05501,6,174.1,0,vecina
05501,7,118.98,0,vecina
05501,8,71.37,0,vecina
05501,9,103.74,0,vecina
05501,10,89.26,0,vecina
05501,11,83.74,0,vecina
05501,12,41.86,0,vecina
05541,1,140.21,0,vecina
05541,2,118.25,0,vecina
05541,3,239.05,0,vecina
05541,4,237.97,0,vecina
05541,5,277.75,0,vecina
05541,6,190.92,0,vecina
05541,7,194.3,0,vecina
05541,8,192.24,0,vecina
05541,9,298.71,0,vecina
05541,10,242.58,0,vecina
05541,11,266.78,0,vecina
05541,12,142.98,0,vecina
05543,1,25.68,0,vecina
05543,2,32.62,0,vecina
05543,3,49.38,0,vecina
05543,4,156.17,0,vecina
05543,5,194.83,0,vecina
05543,6,181.84,0,vecina
05543,7,197.6,0,vecina
05543,8,133.25,0,vecina
05543,9,152.83,0,vecina
05543,10,271.71,0,vecina
05543,11,190.37,0,vecina
05543,12,93.79,0,vecina
05576,1,98.52,0,vecina
05576,2,74.43,0,vecina
05576,3,43.51,0,vecina
05576,4,83.72,0,vecina
05576,5,59.12,0,vecina
05576,6,42.74,0,vecina
05576,7,56.91,0,vecina
05576,8,51.26,0,vecina
05576,9,85.2,0,vecina
05576,10,83.27,0,vecina
05576,11,150.55,0,vecina
05576,12,105.93,0,vecina
05579,1,13.74,1,estacion
05579,2,37.35,1,estacion
05579,3,149.46,1,estacion
05579,4,57.68,1,estacion
05579,5,0.0,1,estacion
05579,6,0.0,1,estacion
05579,7,42.47,1,estacion
05579,8,31.58,1,estacion
05579,9,94.78,1,estacion
05579,10,26.51,1,estacion
05579,11,30.34,1,estacion
05579,12,19.77,1,estacion
05585,1,28.44,2,estacion
05585,2,61.49,2,estacion
05585,3,126.98,2,estacion
05585,4,165.3,2,estacion
05585,5,113.83,2,estacion
05585,6,159.14,2,estacion
05585,7,92.32,2,estacion
05585,8,85.48,2,estacion
05585,9,217.63,2,estacion
05585,10,172.7,2,estacion
05585,11,141.33,2,estacion
05585,12,125.17,2,estacion
05591,1,59.57,0,vecina
05591,2,101.01,0,vecina
05591,3,69.3,0,vecina
05591,4,166.66,0,vecina
05591,5,57.24,0,vecina
05591,6,42.65,0,vecina
05591,7,60.12,0,vecina
05591,8,107.26,0,vecina
05591,9,271.37,0,vecina
05591,10,279.48,0,vecina
05591,11,291.96,0,vecina
05591,12,232.26,0,vecina
05604,1,48.34,0,vecina
05604,2,41.83,0,vecina
05604,3,149.59,0,vecina
05604,4,175.53,0,vecina
05604,5,180.04,0,vecina
05604,6,65.14,0,vecina
05604,7,137.7,0,vecina
05604,8,122.06,0,vecina
05604,9,194.26,0,vecina
05604,10,143.36,0,vecina
05604,11,116.14,0,vecina
05604,12,48.78,0,vecina
05607,1,8.75,1,estacion
05607,2,12.4,1,estacion
05607,3,179.22,1,estacion
05607,4,120.75,1,estacion
05607,5,134.54,1,estacion
05607,6,56.37,1,estacion
05607,7,129.14,1,estacion
05607,8,125.49,1,estacion
05607,9,194.28,1,estacion
05607,10,9.31,1,estacion
05607,11,15.93,1,estacion
05607,12,14.11,1,estacion
05615,1,69.63,3,estacion
05615,2,71.38,3,estacion
05615,3,114.35,3,estacion
05615,4,109.71,3,estacion
05615,5,136.63,3,estacion
05615,6,129.34,3,estacion
05615,7,105.52,3,estacion
05615,8,96.69,3,estacion
05615,9,152.27,3,estacion
05615,10,141.06,3,estacion
05615,11,134.62,3,estacion
05615,12,65.02,3,estacion
05628,1,19.84,0,vecina
05628,2,28.39,0,vecina
05628,3,49.75,0,vecina
05628,4,85.94,0,vecina
05628,5,109.84,0,vecina
05628,6,150.09,0,vecina
05628,7,142.0,0,vecina
05628,8,89.51,0,vecina
05628,9,117.54,0,vecina
05628,10,152.64,0,vecina
05628,11,110.84,0,vecina
05628,12,58.15,0,vecina
05631,1,72.53,0,vecina
05631,2,63.26,0,vecina
05631,3,184.76,0,vecina
05631,4,177.69,0,vecina
05631,5,223.05,0,vecina
05631,6,114.49,0,vecina
05631,7,120.58,0,vecina
05631,8,128.93,0,vecina
05631,9,192.7,0,vecina
05631,10,131.27,0,vecina
05631,11,161.88,0,vecina
05631,12,50.69,0,vecina
05642,1,65.09,0,vecina
05642,2,103.69,0,vecina
05642,3,172.5,0,vecina
05642,4,162.93,0,vecina
05642,5,128.72,0,vecina
05642,6,188.91,0,vecina
05642,7,217.7,0,vecina
05642,8,201.65,0,vecina
05642,9,214.53,0,vecina
05642,10,250.25,0,vecina
05642,11,205.95,0,vecina
05642,12,117.97,0,vecina
05647,1,25.66,0,vecina
05647,2,27.92,0,vecina
05647,3,49.93,0,vecina
05647,4,139.12,0,vecina
05647,5,253.62,0,vecina
05647,6,209.92,0,vecina
05647,7,257.55,0,vecina
05647,8,204.55,0,vecina
05647,9,268.88,0,vecina
05647,10,274.82,0,vecina
05647,11,153.02,0,vecina
05647,12,69.68,0,vecina
05649,1,69.91,0,vecina
05649,2,55.52,0,vecina
05649,3,119.31,0,vecina
05649,4,364.1,0,vecina
05649,5,393.94,0,vecina
05649,6,271.94,0,vecina
05649,7,396.17,0,vecina
05649,8,201.79,0,vecina
05649,9,508.52,0,vecina
05649,10,295.84,0,vecina
05649,11,388.69,0,vecina
05649,12,415.96,0,vecina
05652,1,138.41,0,vecina
05652,2,110.1,0,vecina
05652,3,213.03,0,vecina
05652,4,397.11,0,vecina
05652,5,440.92,0,vecina
05652,6,297.94,0,vecina
05652,7,377.76,0,vecina
05652,8,250.59,0,vecina
05652,9,535.5,0,vecina
05652,10,355.58,0,vecina
05652,11,444.95,0,vecina
05652,12,387.97,0,vecina
05656,1,35.31,0,vecina
05656,2,46.38,0,vecina
05656,3,94.43,0,vecina
05656,4,86.02,0,vecina
05656,5,115.97,0,vecina
05656,6,139.18,0,vecina
05656,7,97.51,0,vecina
05656,8,67.21,0,vecina
05656,9,126.44,0,vecina
05656,10,122.85,0,vecina
05656,11,133.56,0,vecina
05656,12,53.05,0,vecina
05658,1,25.13,0,vecina
05658,2,42.05,0,vecina
05658,3,47.39,0,vecina
05658,4,29.39,0,vecina
05658,5,44.2,0,vecina
05658,6,74.56,0,vecina
05658,7,43.54,0,vecina
05658,8,38.81,0,vecina
05658,9,95.51,0,vecina
05658,10,77.56,0,vecina
05658,11,94.0,0,vecina
05658,12,44.08,0,vecina
05659,1,24.24,0,vecina
05659,2,0.14,0,vecina
05659,3,7.57,0,vecina
05659,4,130.71,0,vecina
05659,5,186.24,0,vecina
05659,6,133.13,0,vecina
05659,7,96.86,0,vecina
05659,8,96.24,0,vecina
05659,9,147.98,0,vecina
05659,10,188.15,0,vecina
05659,11,128.81,0,vecina
05659,12,84.67,0,vecina
05660,1,0.0,1,estacion
05660,2,0.0,1,estacion
05660,3,0.0,1,estacion
05660,4,376.43,1,estacion
05660,5,405.28,1,estacion
05660,6,304.77,1,estacion
05660,7,468.32,1,estacion
05660,8,175.58,1,estacion
05660,9,601.22,1,estacion
05660,10,274.87,1,estacion
05660,11,404.53,1,estacion
05660,12,551.12,1,estacion
05664,1,45.45,0,vecina
05664,2,55.87,0,vecina
05664,3,64.04,0,vecina
05664,4,47.55,0,vecina
05664,5,61.84,0,vecina
05664,6,36.29,0,vecina
05664,7,22.01,0,vecina
05664,8,30.55,0,vecina
05664,9,127.61,0,vecina
05664,10,131.49,0,vecina
05664,11,165.03,0,vecina
05664,12,63.52,0,vecina
05665,1,51.84,0,vecina
05665,2,7.95,0,vecina
05665,3,15.71,0,vecina
05665,4,199.77,0,vecina
05665,5,164.96,0,vecina
05665,6,184.29,0,vecina
05665,7,153.83,0,vecina
05665,8,153.1,0,vecina
05665,9,194.16,0,vecina
05665,10,225.26,0,vecina
05665,11,180.85,0,vecina
05665,12,172.51,0,vecina
05667,1,82.09,0,vecina
05667,2,67.59,0,vecina
05667,3,167.28,0,vecina
05667,4,299.96,0,vecina
05667,5,311.96,0,vecina
05667,6,189.61,0,vecina
05667,7,304.43,0,vecina
05667,8,174.0,0,vecina
05667,9,335.38,0,vecina
05667,10,248.65,0,vecina
05667,11,288.53,0,vecina
05667,12,246.37,0,vecina
05670,1,41.65,2,estacion
05670,2,39.93,2,estacion
05670,3,148.74,2,estacion
05670,4,192.0,2,estacion
05670,5,169.95,2,estacion
05670,6,66.37,2,estacion
05670,7,199.15,2,estacion
05670,8,98.77,2,estacion
05670,9,97.53,2,estacion
05670,10,142.1,2,estacion
05670,11,116.85,2,estacion
05670,12,53.4,2,estacion
05674,1,107.64,0,vecina
05674,2,99.77,0,vecina
05674,3,179.03,0,vecina
05674,4,184.78,0,vecina
05674,5,227.34,0,vecina
05674,6,162.07,0,vecina
05674,7,143.69,0,vecina
05674,8,139.21,0,vecina
05674,9,222.41,0,vecina
05674,10,203.05,0,vecina
05674,11,219.4,0,vecina
05674,12,102.68,0,vecina
05679,1,99.66,0,vecina
05679,2,44.79,0,vecina
05679,3,168.92,0,vecina
05679,4,136.66,0,vecina
05679,5,139.32,0,vecina
05679,6,86.72,0,vecina
05679,7,123.13,0,vecina
05679,8,157.31,0,vecina
05679,9,179.6,0,vecina
05679,10,83.95,0,vecina
05679,11,125.11,0,vecina
05679,12,64.81,0,vecina
05686,1,17.34,1,estacion
05686,2,46.26,1,estacion
05686,3,14.35,1,estacion
05686,4,0.17,1,estacion
05686,5,19.18,1,estacion
05686,6,28.93,1,estacion
05686,7,0.17,1,estacion
05686,8,29.45,1,estacion
05686,9,55.17,1,estacion
05686,10,0.37,1,estacion
05686,11,23.27,1,estacion
05686,12,18.45,1,estacion
05690,1,51.37,0,vecina
05690,2,42.76,0,vecina
05690,3,135.15,0,vecina
05690,4,191.81,0,vecina
05690,5,204.21,0,vecina
05690,6,77.84,0,vecina
05690,7,167.57,0,vecina
05690,8,126.81,0,vecina
05690,9,171.54,0,vecina
05690,10,156.79,0,vecina
05690,11,127.82,0,vecina
05690,12,54.32,0,vecina
05697,1,155.35,0,vecina
05697,2,129.26,0,vecina
05697,3,256.82,0,vecina
05697,4,259.14,0,vecina
05697,5,301.79,0,vecina
05697,6,205.16,0,vecina
05697,7,208.12,0,vecina
05697,8,206.94,0,vecina
05697,9,321.35,0,vecina
05697,10,266.65,0,vecina
05697,11,295.37,0,vecina
05697,12,158.85,0,vecina
05736,1,44.39,0,vecina
05736,2,48.2,0,vecina
05736,3,143.82,0,vecina
05736,4,192.35,0,vecina
05736,5,244.94,0,vecina
05736,6,145.06,0,vecina
05736,7,202.98,0,vecina
05736,8,179.25,0,vecina
05736,9,272.81,0,vecina
05736,10,197.82,0,vecina
05736,11,111.38,0,vecina
05736,12,44.86,0,vecina
05756,1,76.81,2,estacion
05756,2,91.23,2,estacion
05756,3,133.26,2,estacion
05756,4,253.74,2,estacion
05756,5,250.33,2,estacion
05756,6,166.56,2,estacion
05756,7,178.16,2,estacion
05756,8,141.81,2,estacion
05756,9,271.38,2,estacion
05756,10,237.98,2,estacion
05756,11,227.96,2,estacion
05756,12,121.51,2,estacion
05761,1,24.71,0,vecina
05761,2,37.31,0,vecina
05761,3,86.68,0,vecina
05761,4,75.26,0,vecina
05761,5,102.45,0,vecina
05761,6,161.79,0,vecina
05761,7,111.96,0,vecina
05761,8,70.0,0,vecina
05761,9,114.21,0,vecina
05761,10,105.42,0,vecina
05761,11,106.12,0,vecina
05761,12,47.26,0,vecina
05789,1,106.11,0,vecina
05789,2,100.26,0,vecina
05789,3,98.25,0,vecina
05789,4,206.03,0,vecina
05789,5,143.27,0,vecina
05789,6,105.04,0,vecina
05789,7,129.61,0,vecina
05789,8,100.69,0,vecina
05789,9,119.92,0,vecina
05789,10,155.67,0,vecina
05789,11,188.86,0,vecina
05789,12,124.76,0,vecina
05790,1,0.55,1,estacion
05790,2,0.0,1,estacion
05790,3,0.0,1,estacion
05790,4,18.03,1,estacion
05790,5,487.53,1,estacion
05790,6,50.25,1,estacion
05790,7,37.65,1,estacion
05790,8,25.7,1,estacion
05790,9,0.0,1,estacion
05790,10,0.0,1,estacion
05790,11,0.0,1,estacion
05790,12,0.0,1,estacion
05792,1,116.01,0,vecina
05792,2,63.22,0,vecina
05792,3,87.51,0,vecina
05792,4,87.76,0,vecina
05792,5,83.17,0,vecina
05792,6,64.4,0,vecina
05792,7,80.05,0,vecina
05792,8,102.06,0,vecina
05792,9,125.42,0,vecina
05792,10,97.54,0,vecina
05792,11,159.07,0,vecina
05792,12,97.5,0,vecina
05809,1,124.03,0,vecina
05809,2,93.92,0,vecina
05809,3,235.11,0,vecina
05809,4,189.03,0,vecina
05809,5,153.36,0,vecina
05809,6,177.69,0,vecina
05809,7,198.29,0,vecina
05809,8,254.33,0,vecina
05809,9,227.85,0,vecina
05809,10,212.22,0,vecina
05809,11,224.17,0,vecina
05809,12,102.34,0,vecina
05819,1,25.58,0,vecina
05819,2,21.43,0,vecina
05819,3,37.21,0,vecina
05819,4,134.35,0,vecina
05819,5,221.69,0,vecina
05819,6,190.41,0,vecina
05819,7,240.46,0,vecina
05819,8,180.3,0,vecina
05819,9,234.54,0,vecina
05819,10,284.78,0,vecina
05819,11,171.62,0,vecina
05819,12,81.86,0,vecina
05837,1,55.83,2,estacion
05837,2,0.4,2,estacion
05837,3,19.25,2,estacion
05837,4,221.05,2,estacion
05837,5,156.83,2,estacion
05837,6,196.8,2,estacion
05837,7,128.7,2,estacion
05837,8,130.64,2,estacion
05837,9,165.13,2,estacion
05837,10,252.6,2,estacion
05837,11,175.0,2,estacion
05837,12,215.87,2,estacion
05842,1,27.95,0,vecina
05842,2,75.24,0,vecina
05842,3,81.58,0,vecina
05842,4,188.01,0,vecina
05842,5,269.8,0,vecina
05842,6,187.19,0,vecina
05842,7,110.44,0,vecina
05842,8,132.43,0,vecina
05842,9,123.56,0,vecina
05842,10,215.42,0,vecina
05842,11,203.31,0,vecina
05842,12,89.92,0,vecina
05847,1,63.89,0,vecina
05847,2,99.58,0,vecina
05847,3,172.12,0,vecina
05847,4,137.6,0,vecina
05847,5,126.35,0,vecina
05847,6,188.32,0,vecina
05847,7,186.03,0,vecina
05847,8,174.08,0,vecina
05847,9,181.95,0,vecina
05847,10,198.5,0,vecina
05847,11,174.39,0,vecina
05847,12,107.33,0,vecina
05854,1,21.15,1,estacion
05854,2,14.65,1,estacion
05854,3,1.02,1,estacion
05854,4,1.22,1,estacion
05854,5,238.53,1,estacion
05854,6,138.3,1,estacion
05854,7,119.99,1,estacion
05854,8,216.48,1,estacion
05854,9,326.12,1,estacion
05854,10,143.9,1,estacion
05854,11,124.67,1,estacion
05854,12,44.03,1,estacion
05856,1,69.03,0,vecina
05856,2,75.47,0,vecina
05856,3,130.5,0,vecina
05856,4,163.89,0,vecina
05856,5,146.52,0,vecina
05856,6,144.54,0,vecina
05856,7,157.11,0,vecina
05856,8,171.26,0,vecina
05856,9,173.13,0,vecina
05856,10,149.94,0,vecina
05856,11,138.68,0,vecina
05856,12,92.56,0,vecina
05858,1,56.47,0,vecina
05858,2,42.95,0,vecina
05858,3,149.67,0,vecina
05858,4,200.59,0,vecina
05858,5,220.7,0,vecina
05858,6,79.52,0,vecina
05858,7,154.71,0,vecina
05858,8,143.72,0,vecina
05858,9,222.87,0,vecina
05858,10,169.39,0,vecina
05858,11,135.14,0,vecina
05858,12,54.91,0,vecina
05861,1,179.58,2,estacion
05861,2,59.65,2,estacion
05861,3,255.38,2,estacion
05861,4,226.6,2,estacion
05861,5,223.43,2,estacion
05861,6,169.19,2,estacion
05861,7,189.86,2,estacion
05861,8,270.08,2,estacion
05861,9,239.19,2,estacion
05861,10,180.85,2,estacion
05861,11,218.83,2,estacion
05861,12,86.0,2,estacion
05873,1,0.72,1,estacion
05873,2,54.47,1,estacion
05873,3,133.34,1,estacion
05873,4,292.67,1,estacion
05873,5,642.73,1,estacion
05873,6,284.3,1,estacion
05873,7,313.08,1,estacion
05873,8,0.84,1,estacion
05873,9,1.44,1,estacion
05873,10,90.02,1,estacion
05873,11,106.3,1,estacion
05873,12,5.44,1,estacion
05885,1,61.22,0,vecina
05885,2,43.61,0,vecina
05885,3,149.73,0,vecina
05885,4,215.06,0,vecina
05885,5,244.33,0,vecina
05885,6,87.86,0,vecina
05885,7,164.32,0,vecina
05885,8,156.38,0,vecina
05885,9,239.87,0,vecina
05885,10,184.5,0,vecina
05885,11,146.16,0,vecina
05885,12,58.44,0,vecina
05887,1,26.16,0,vecina
05887,2,49.52,0,vecina
05887,3,91.25,0,vecina
05887,4,170.75,0,vecina
05887,5,320.44,0,vecina
05887,6,261.58,0,vecina
05887,7,311.14,0,vecina
05887,8,250.24,0,vecina
05887,9,327.43,0,vecina
05887,10,254.52,0,vecina
05887,11,99.38,0,vecina
05887,12,39.11,0,vecina
05890,1,79.59,2,estacion
05890,2,46.61,2,estacion
05890,3,150.3,2,estacion
05890,4,253.61,2,estacion
05890,5,324.81,2,estacion
05890,6,113.99,2,estacion
05890,7,165.98,2,estacion
05890,8,207.99,2,estacion
05890,9,340.19,2,estacion
05890,10,233.5,2,estacion
05890,11,181.14,2,estacion
05890,12,67.58,2,estacion
05893,1,16.57,1,estacion
05893,2,74.76,1,estacion
05893,3,83.01,1,estacion
05893,4,397.27,1,estacion
05893,5,382.78,1,estacion
05893,6,275.11,1,estacion
05893,7,420.23,1,estacion
05893,8,159.64,1,estacion
05893,9,338.29,1,estacion
05893,10,319.25,1,estacion
05893,11,107.62,1,estacion
05893,12,141.34,1,estacion
05895,1,5.96,0,vecina
05895,2,5.36,0,vecina
05895,3,11.27,0,vecina
05895,4,22.55,0,vecina
05895,5,342.23,0,vecina
05895,6,77.96,0,vecina
05895,7,78.05,0,vecina
05895,8,97.75,0,vecina
05895,9,125.58,0,vecina
05895,10,79.89,0,vecina
05895,11,51.61,0,vecina
05895,12,21.6,0,vecina
08001,1,1.23,1,estacion
08001,2,1.89,1,estacion
08001,3,0.51,1,estacion
08001,4,1.03,1,estacion
08001,5,50.6,1,estacion
08001,6,14.44,1,estacion
08001,7,3.68,1,estacion
08001,8,15.1,1,estacion
08001,9,177.41,1,estacion
08001,10,143.27,1,estacion
08001,11,117.12,1,estacion
08001,12,8.59,1,estacion
08078,1,80.38,0,vecina
08078,2,68.89,0,vecina
08078,3,147.11,0,vecina
08078,4,116.41,0,vecina
08078,5,105.59,0,vecina
08078,6,187.73,0,vecina
08078,7,126.4,0,vecina
08078,8,130.24,0,vecina
08078,9,207.09,0,vecina
08078,10,204.64,0,vecina
08078,11,139.77,0,vecina
08078,12,92.53,0,vecina
08137,1,5.27,0,vecina
08137,2,7.34,0,vecina
08137,3,8.51,0,vecina
08137,4,71.87,0,vecina
08137,5,49.08,0,vecina
08137,6,68.46,0,vecina
08137,7,49.31,0,vecina
08137,8,81.32,0,vecina
08137,9,80.16,0,vecina
08137,10,62.98,0,vecina
08137,11,34.62,0,vecina
08137,12,6.75,0,vecina
08141,1,4.75,0,vecina
08141,2,4.45,0,vecina
08141,3,4.54,0,vecina
08141,4,104.02,0,vecina
08141,5,83.06,0,vecina
08141,6,104.54,0,vecina
08141,7,69.69,0,vecina
08141,8,93.54,0,vecina
08141,9,88.78,0,vecina
08141,10,96.94,0,vecina
08141,11,30.88,0,vecina
08141,12,5.63,0,vecina
08296,1,73.24,0,vecina
08296,2,62.94,0,vecina
08296,3,133.85,0,vecina
08296,4,93.51,0,vecina
08296,5,95.32,0,vecina
08296,6,160.94,0,vecina
08296,7,107.46,0,vecina
08296,8,111.04,0,vecina
08296,9,213.04,0,vecina
08296,10,201.6,0,vecina
08296,11,147.05,0,vecina
08296,12,85.8,0,vecina
08372,1,59.63,0,vecina
08372,2,51.21,0,vecina
08372,3,109.07,0,vecina
08372,4,74.8,0,vecina
08372,5,83.25,0,vecina
08372,6,148.66,0,vecina
08372,7,118.31,0,vecina
08372,8,116.53,0,vecina
08372,9,191.6,0,vecina
08372,10,208.99,0,vecina
08372,11,194.33,0,vecina
08372,12,74.7,0,vecina
08421,1,0.72,0,vecina
08421,2,0.93,0,vecina
08421,3,1.01,0,vecina
08421,4,35.29,0,vecina
08421,5,52.82,0,vecina
08421,6,89.36,0,vecina
08421,7,112.27,0,vecina
08421,8,109.36,0,vecina
08421,9,103.49,0,vecina
08421,10,178.87,0,vecina
08421,11,232.57,0,vecina
08421,12,15.0,0,vecina
08433,1,129.61,0,vecina
08433,2,110.66,0,vecina
08433,3,237.51,0,vecina
08433,4,162.59,0,vecina
08433,5,128.44,0,vecina
08433,6,272.38,0,vecina
08433,7,186.44,0,vecina
08433,8,183.75,0,vecina
08433,9,241.73,0,vecina
08433,10,245.94,0,vecina
08433,11,172.06,0,vecina
08433,12,146.58,0,vecina
08436,1,1.01,1,estacion
08436,2,0.7,1,estacion
08436,3,0.4,1,estacion
08436,4,123.97,1,estacion
08436,5,102.89,1,estacion
08436,6,124.03,1,estacion
08436,7,81.0,1,estacion
08436,8,101.76,1,estacion
08436,9,92.22,1,estacion
08436,10,118.41,1,estacion
08436,11,25.09,1,estacion
08436,12,0.0,1,estacion
08520,1,93.43,0,vecina
08520,2,78.78,0,vecina
08520,3,161.96,0,vecina
08520,4,115.11,0,vecina
08520,5,99.83,0,vecina
08520,6,194.56,0,vecina
08520,7,131.75,0,vecina
08520,8,134.37,0,vecina
08520,9,206.52,0,vecina
08520,10,192.61,0,vecina
08520,11,147.14,0,vecina
08520,12,109.27,0,vecina
08549,1,34.21,0,vecina
08549,2,29.16,0,vecina
08549,3,62.59,0,vecina
08549,4,73.51,0,vecina
08549,5,77.01,0,vecina
08549,6,145.16,0,vecina
08549,7,139.69,0,vecina
08549,8,134.8,0,vecina
08549,9,138.34,0,vecina
08549,10,204.37,0,vecina
08549,11,224.08,0,vecina
08549,12,49.49,0,vecina
08558,1,90.39,0,vecina
08558,2,77.39,0,vecina
08558,3,165.63,0,vecina
08558,4,126.68,0,vecina
08558,5,110.71,0,vecina
08558,6,205.78,0,vecina
08558,7,139.19,0,vecina
08558,8,141.74,0,vecina
08558,9,213.82,0,vecina
08558,10,213.26,0,vecina
08558,11,145.86,0,vecina
08558,12,103.44,0,vecina
08560,1,65.91,0,vecina
08560,2,53.31,0,vecina
08560,3,97.95,0,vecina
08560,4,112.35,0,vecina
08560,5,87.83,0,vecina
08560,6,162.58,0,vecina
08560,7,109.66,0,vecina
08560,8,119.97,0,vecina
08560,9,142.76,0,vecina
08560,10,126.58,0,vecina
08560,11,95.06,0,vecina
08560,12,79.73,0,vecina
08573,1,36.59,0,vecina
08573,2,31.87,0,vecina
08573,3,66.02,0,vecina
08573,4,45.59,0,vecina
08573,5,72.0,0,vecina
08573,6,86.68,0,vecina
08573,7,56.11,0,vecina
08573,8,63.18,0,vecina
08573,9,194.5,0,vecina
08573,10,173.25,0,vecina
08573,11,135.79,0,vecina
08573,12,46.79,0,vecina
08606,1,1.31,0,vecina
08606,2,1.65,0,vecina
08606,3,1.75,0,vecina
08606,4,68.87,0,vecina
08606,5,68.5,0,vecina
08606,6,97.71,0,vecina
08606,7,93.72,0,vecina
08606,8,103.19,0,vecina
08606,9,96.68,0,vecina
08606,10,143.88,0,vecina
08606,11,138.93,0,vecina
08606,12,8.88,0,vecina
08634,1,106.56,0,vecina
08634,2,90.65,0,vecina
08634,3,191.58,0,vecina
08634,4,132.83,0,vecina
08634,5,111.89,0,vecina
08634,6,224.09,0,vecina
08634,7,152.4,0,vecina
08634,8,152.75,0,vecina
08634,9,223.59,0,vecina
08634,10,218.09,0,vecina
08634,11,158.56,0,vecina
08634,12,122.41,0,vecina
08638,1,33.8,0,vecina
08638,2,29.55,0,vecina
08638,3,61.4,0,vecina
08638,4,125.06,0,vecina
08638,5,97.53,0,vecina
08638,6,150.82,0,vecina
08638,7,102.06,0,vecina
08638,8,120.36,0,vecina
08638,9,123.09,0,vecina
08638,10,135.35,0,vecina
08638,11,60.36,0,vecina
08638,12,37.44,0,vecina
08675,1,4.52,0,vecina
08675,2,6.13,0,vecina
08675,3,6.96,0,vecina
08675,4,77.23,0,vecina
08675,5,56.15,0,vecina
08675,6,73.69,0,vecina
08675,7,52.55,0,vecina
08675,8,81.75,0,vecina
08675,9,79.11,0,vecina
08675,10,84.89,0,vecina
08675,11,31.7,0,vecina
08675,12,4.93,0,vecina
08685,1,98.15,0,vecina
08685,2,83.11,0,vecina
08685,3,173.06,0,vecina
08685,4,121.58,0,vecina
08685,5,104.51,0,vecina
08685,6,205.44,0,vecina
08685,7,139.33,0,vecina
08685,8,141.07,0,vecina
08685,9,213.53,0,vecina
08685,10,203.01,0,vecina
08685,11,151.73,0,vecina
08685,12,113.92,0,vecina
08758,1,153.88,2,estacion
08758,2,131.34,2,estacion
08758,3,283.15,2,estacion
08758,4,193.31,2,estacion
08758,5,143.79,2,estacion
08758,6,321.63,2,estacion
08758,7,221.3,2,estacion
08758,8,215.81,2,estacion
08758,9,255.52,2,estacion
08758,10,267.67,2,estacion
08758,11,183.35,2,estacion
08758,12,172.52,2,estacion
08770,1,5.0,1,estacion
08770,2,7.86,1,estacion
08770,3,9.35,1,estacion
08770,4,63.44,1,estacion
08770,5,40.03,1,estacion
08770,6,58.66,1,estacion
08770,7,43.82,1,estacion
08770,8,78.2,1,estacion
08770,9,77.67,1,estacion
08770,10,54.13,1,estacion
08770,11,35.19,1,estacion
08770,12,6.45,1,estacion
08832,1,69.22,0,vecina
08832,2,59.46,0,vecina
08832,3,126.58,0,vecina
08832,4,86.76,0,vecina
08832,5,90.84,0,vecina
08832,6,158.31,0,vecina
08832,7,113.84,0,vecina
08832,8,114.89,0,vecina
08832,9,205.58,0,vecina
08832,10,206.33,0,vecina
08832,11,168.49,0,vecina
08832,12,83.04,0,vecina
08849,1,61.96,0,vecina
08849,2,53.1,0,vecina
08849,3,113.04,0,vecina
08849,4,113.18,0,vecina
08849,5,102.84,0,vecina
08849,6,168.49,0,vecina
08849,7,112.72,0,vecina
08849,8,120.11,0,vecina
08849,9,183.87,0,vecina
08849,10,185.62,0,vecina
08849,11,116.87,0,vecina
08849,12,71.39,0,vecina
11001,1,25.39,7,estacion
11001,2,52.34,7,estacion
11001,3,92.64,7,estacion
11001,4,122.85,7,estacion
11001,5,113.87,7,estacion
11001,6,85.66,7,estacion
11001,7,53.82,7,estacion
11001,8,48.59,7,estacion
11001,9,66.56,7,estacion
11001,10,94.56,7,estacion
11001,11,128.87,7,estacion
11001,12,33.92,7,estacion
13001,1,1.74,5,estacion
13001,2,0.53,5,estacion
13001,3,0.43,5,estacion
13001,4,26.69,5,estacion
13001,5,89.46,5,estacion
13001,6,83.37,5,estacion
13001,7,132.61,5,estacion
13001,8,62.7,5,estacion
13001,9,83.36,5,estacion
13001,10,168.49,5,estacion
13001,11,93.32,5,estacion
13001,12,5.31,5,estacion
13006,1,24.9,0,vecina
13006,2,86.87,0,vecina
13006,3,136.83,0,vecina
13006,4,660.23,0,vecina
13006,5,442.37,0,vecina
13006,6,511.7,0,vecina
13006,7,435.3,0,vecina
13006,8,572.43,0,vecina
13006,9,480.77,0,vecina
13006,10,700.18,0,vecina
13006,11,514.91,0,vecina
13006,12,162.55,0,vecina
13030,1,49.63,0,vecina
13030,2,24.15,0,vecina
13030,3,13.03,0,vecina
13030,4,61.78,0,vecina
13030,5,106.85,0,vecina
13030,6,108.59,0,vecina
13030,7,144.09,0,vecina
13030,8,176.15,0,vecina
13030,9,405.03,0,vecina
13030,10,189.98,0,vecina
13030,11,152.14,0,vecina
13030,12,26.54,0,vecina
13042,1,12.34,0,vecina
13042,2,22.23,0,vecina
13042,3,32.93,0,vecina
13042,4,115.71,0,vecina
13042,5,246.55,0,vecina
13042,6,124.58,0,vecina
13042,7,176.0,0,vecina
13042,8,178.97,0,vecina
13042,9,237.59,0,vecina
13042,10,189.76,0,vecina
13042,11,155.65,0,vecina
13042,12,26.18,0,vecina
13052,1,89.6,1,estacion
13052,2,35.05,1,estacion
13052,3,144.18,1,estacion
13052,4,113.46,1,estacion
13052,5,302.05,1,estacion
13052,6,201.69,1,estacion
13052,7,139.44,1,estacion
13052,8,142.81,1,estacion
13052,9,199.61,1,estacion
13052,10,217.92,1,estacion
13052,11,159.7,1,estacion
13052,12,153.5,1,estacion
13062,1,6.83,0,vecina
13062,2,6.62,0,vecina
13062,3,6.65,0,vecina
13062,4,69.5,0,vecina
13062,5,55.57,0,vecina
13062,6,65.9,0,vecina
13062,7,48.86,0,vecina
13062,8,71.19,0,vecina
13062,9,69.47,0,vecina
13062,10,143.48,0,vecina
13062,11,28.04,0,vecina
13062,12,5.56,0,vecina
13074,1,61.14,0,vecina
13074,2,29.2,0,vecina
13074,3,9.68,0,vecina
13074,4,49.12,0,vecina
13074,5,70.9,0,vecina
13074,6,109.47,0,vecina
13074,7,141.3,0,vecina
13074,8,183.12,0,vecina
13074,9,455.09,0,vecina
13074,10,195.36,0,vecina
13074,11,158.52,0,vecina
13074,12,27.89,0,vecina
13140,1,5.84,0,vecina
13140,2,7.17,0,vecina
13140,3,7.92,0,vecina
13140,4,67.17,0,vecina
13140,5,48.39,0,vecina
13140,6,63.03,0,vecina
13140,7,46.75,0,vecina
13140,8,75.09,0,vecina
13140,9,73.87,0,vecina
13140,10,98.39,0,vecina
13140,11,31.58,0,vecina
13140,12,5.94,0,vecina
13160,1,36.8,0,vecina
13160,2,73.98,0,vecina
13160,3,102.18,0,vecina
13160,4,213.71,0,vecina
13160,5,223.92,0,vecina
13160,6,215.28,0,vecina
13160,7,271.07,0,vecina
13160,8,179.58,0,vecina
13160,9,240.54,0,vecina
13160,10,340.38,0,vecina
13160,11,196.12,0,vecina
13160,12,114.56,0,vecina
13188,1,30.44,0,vecina
13188,2,8.57,0,vecina
13188,3,32.68,0,vecina
13188,4,57.81,0,vecina
13188,5,75.85,0,vecina
13188,6,106.36,0,vecina
13188,7,113.22,0,vecina
13188,8,68.12,0,vecina
13188,9,84.13,0,vecina
13188,10,87.16,0,vecina
13188,11,55.7,0,vecina
13188,12,10.85,0,vecina
13212,1,35.21,0,vecina
13212,2,11.62,0,vecina
13212,3,30.83,0,vecina
13212,4,63.22,0,vecina
13212,5,84.08,0,vecina
13212,6,101.74,0,vecina
13212,7,103.82,0,vecina
13212,8,67.87,0,vecina
13212,9,83.58,0,vecina
13212,10,142.38,0,vecina
13212,11,50.67,0,vecina
13212,12,10.49,0,vecina
13222,1,2.67,0,vecina
13222,2,1.04,0,vecina
13222,3,4.19,0,vecina
13222,4,4.83,0,vecina
13222,5,47.34,0,vecina
13222,6,85.31,0,vecina
13222,7,133.28,0,vecina
13222,8,114.81,0,vecina
13222,9,112.45,0,vecina
13222,10,215.78,0,vecina
13222,11,317.37,0,vecina
13222,12,24.53,0,vecina
13244,1,53.84,1,estacion
13244,2,14.76,1,estacion
13244,3,22.96,1,estacion
13244,4,94.52,1,estacion
13244,5,143.96,1,estacion
13244,6,122.47,1,estacion
13244,7,133.18,1,estacion
13244,8,139.76,1,estacion
13244,9,156.02,1,estacion
13244,10,163.46,1,estacion
13244,11,87.15,1,estacion
13244,12,2.82,1,estacion
13248,1,17.06,1,estacion
13248,2,11.01,1,estacion
13248,3,8.6,1,estacion
13248,4,18.71,1,estacion
13248,5,31.46,1,estacion
13248,6,13.21,1,estacion
13248,7,21.77,1,estacion
13248,8,22.42,1,estacion
13248,9,27.37,1,estacion
13248,10,346.19,1,estacion
13248,11,17.51,1,estacion
13248,12,10.22,1,estacion
13268,1,64.65,0,vecina
13268,2,30.75,0,vecina
13268,3,8.72,0,vecina
13268,4,45.29,0,vecina
13268,5,60.31,0,vecina
13268,6,109.85,0,vecina
13268,7,140.69,0,vecina
13268,8,185.5,0,vecina
13268,9,470.7,0,vecina
13268,10,197.71,0,vecina
13268,11,160.9,0,vecina
13268,12,28.35,0,vecina
13300,1,62.34,0,vecina
13300,2,29.75,0,vecina
13300,3,9.85,0,vecina
13300,4,47.67,0,vecina
13300,5,68.56,0,vecina
13300,6,109.45,0,vecina
13300,7,141.19,0,vecina
13300,8,183.82,0,vecina
13300,9,460.31,0,vecina
13300,10,200.41,0,vecina
13300,11,161.0,0,vecina
13300,12,28.02,0,vecina
13430,1,29.24,0,vecina
13430,2,8.42,0,vecina
13430,3,34.44,0,vecina
13430,4,56.2,0,vecina
13430,5,71.28,0,vecina
13430,6,107.2,0,vecina
13430,7,112.41,0,vecina
13430,8,61.19,0,vecina
13430,9,77.56,0,vecina
13430,10,79.84,0,vecina
13430,11,52.27,0,vecina
13430,12,11.77,0,vecina
13433,1,62.93,0,vecina
13433,2,25.44,0,vecina
13433,3,97.7,0,vecina
13433,4,98.1,0,vecina
13433,5,222.82,0,vecina
13433,6,155.92,0,vecina
13433,7,109.33,0,vecina
13433,8,114.9,0,vecina
13433,9,152.17,0,vecina
13433,10,225.56,0,vecina
13433,11,113.44,0,vecina
13433,12,104.14,0,vecina
13440,1,71.49,0,vecina
13440,2,32.52,0,vecina
13440,3,13.83,0,vecina
13440,4,46.81,0,vecina
13440,5,71.15,0,vecina
13440,6,89.11,0,vecina
13440,7,114.36,0,vecina
13440,8,139.81,0,vecina
13440,9,350.59,0,vecina
13440,10,196.47,0,vecina
13440,11,143.78,0,vecina
13440,12,51.91,0,vecina
13442,1,57.28,0,vecina
13442,2,21.76,0,vecina
13442,3,67.16,0,vecina
13442,4,79.74,0,vecina
13442,5,173.95,0,vecina
13442,6,121.9,0,vecina
13442,7,102.83,0,vecina
13442,8,106.38,0,vecina
13442,9,135.5,0,vecina
13442,10,239.1,0,vecina
13442,11,95.6,0,vecina
13442,12,65.21,0,vecina
13458,1,27.65,0,vecina
13458,2,102.83,0,vecina
13458,3,162.52,0,vecina
13458,4,786.3,0,vecina
13458,5,479.74,0,vecina
13458,6,549.23,0,vecina
13458,7,479.2,0,vecina
13458,8,581.9,0,vecina
13458,9,434.71,0,vecina
13458,10,797.26,0,vecina
13458,11,587.85,0,vecina
13458,12,170.67,0,vecina
13468,1,76.89,0,vecina
13468,2,33.81,0,vecina
13468,3,19.86,0,vecina
13468,4,42.78,0,vecina
13468,5,47.97,0,vecina
13468,6,92.66,0,vecina
13468,7,107.5,0,vecina
13468,8,99.16,0,vecina
13468,9,239.45,0,vecina
13468,10,133.51,0,vecina
13468,11,109.11,0,vecina
13468,12,72.02,0,vecina
13473,1,9.26,0,vecina
13473,2,18.25,0,vecina
13473,3,32.58,0,vecina
13473,4,118.07,0,vecina
13473,5,266.75,0,vecina
13473,6,128.94,0,vecina
13473,7,188.37,0,vecina
13473,8,191.23,0,vecina
13473,9,255.33,0,vecina
13473,10,205.48,0,vecina
13473,11,167.96,0,vecina
13473,12,28.57,0,vecina
13490,1,21.47,0,vecina
13490,2,12.24,0,vecina
13490,3,21.67,0,vecina
13490,4,93.67,0,vecina
13490,5,201.55,0,vecina
13490,6,110.3,0,vecina
13490,7,158.13,0,vecina
13490,8,167.61,0,vecina
13490,9,294.96,0,vecina
13490,10,185.73,0,vecina
13490,11,144.86,0,vecina
13490,12,24.8,0,vecina
13549,1,44.76,0,vecina
13549,2,36.21,0,vecina
13549,3,60.3,0,vecina
13549,4,278.72,0,vecina
13549,5,214.76,0,vecina
13549,6,266.47,0,vecina
13549,7,265.66,0,vecina
13549,8,343.85,0,vecina
13549,9,455.67,0,vecina
13549,10,371.68,0,vecina
13549,11,277.6,0,vecina
13549,12,63.6,0,vecina
13580,1,26.89,0,vecina
13580,2,14.22,0,vecina
13580,3,19.69,0,vecina
13580,4,86.84,0,vecina
13580,5,178.3,0,vecina
13580,6,107.12,0,vecina
13580,7,150.12,0,vecina
13580,8,163.0,0,vecina
13580,9,307.09,0,vecina
13580,10,180.0,0,vecina
13580,11,140.13,0,vecina
13580,12,23.98,0,vecina
13600,1,18.49,0,vecina
13600,2,10.84,0,vecina
13600,3,22.44,0,vecina
13600,4,96.73,0,vecina
13600,5,209.31,0,vecina
13600,6,109.2,0,vecina
13600,7,157.22,0,vecina
13600,8,163.9,0,vecina
13600,9,279.24,0,vecina
13600,10,182.33,0,vecina
13600,11,141.33,0,vecina
13600,12,24.09,0,vecina
13620,1,1.95,0,vecina
13620,2,2.49,0,vecina
13620,3,2.68,0,vecina
13620,4,95.95,0,vecina
13620,5,80.05,0,vecina
13620,6,102.87,0,vecina
13620,7,76.56,0,vecina
13620,8,97.13,0,vecina
13620,9,90.34,0,vecina
13620,10,111.69,0,vecina
13620,11,58.48,0,vecina
13620,12,3.81,0,vecina
13647,1,27.44,0,vecina
13647,2,10.86,0,vecina
13647,3,43.63,0,vecina
13647,4,86.46,0,vecina
13647,5,144.7,0,vecina
13647,6,135.7,0,vecina
13647,7,113.1,0,vecina
13647,8,118.24,0,vecina
13647,9,129.86,0,vecina
13647,10,176.1,0,vecina
13647,11,151.34,0,vecina
13647,12,52.24,0,vecina
13650,1,75.26,0,vecina
13650,2,33.8,0,vecina
13650,3,15.03,0,vecina
13650,4,46.71,0,vecina
13650,5,72.67,0,vecina
13650,6,82.55,0,vecina
13650,7,106.06,0,vecina
13650,8,125.56,0,vecina
13650,9,312.5,0,vecina
13650,10,194.12,0,vecina
13650,11,138.37,0,vecina
13650,12,61.81,0,vecina
13654,1,46.47,0,vecina
13654,2,13.86,0,vecina
13654,3,21.87,0,vecina
13654,4,80.18,0,vecina
13654,5,121.08,0,vecina
13654,6,104.67,0,vecina
13654,7,114.06,0,vecina
13654,8,114.78,0,vecina
13654,9,129.39,0,vecina
13654,10,186.63,0,vecina
13654,11,73.06,0,vecina
13654,12,4.77,0,vecina
13655,1,19.94,1,estacion
13655,2,83.24,1,estacion
13655,3,195.05,1,estacion
13655,4,995.62,1,estacion
13655,5,572.48,1,estacion
13655,6,644.66,1,estacion
13655,7,574.01,1,estacion
13655,8,666.12,1,estacion
13655,9,462.58,1,estacion
13655,10,976.1,1,estacion
13655,11,695.3,1,estacion
13655,12,188.78,1,estacion
13657,1,30.3,0,vecina
13657,2,13.62,0,vecina
13657,3,21.87,0,vecina
13657,4,41.87,0,vecina
13657,5,75.64,0,vecina
13657,6,50.5,0,vecina
13657,7,54.16,0,vecina
13657,8,56.28,0,vecina
13657,9,67.53,0,vecina
13657,10,297.94,0,vecina
13657,11,42.94,0,vecina
13657,12,19.48,0,vecina
13667,1,62.92,0,vecina
13667,2,29.98,0,vecina
13667,3,9.17,0,vecina
13667,4,47.19,0,vecina
13667,5,65.47,0,vecina
13667,6,109.68,0,vecina
13667,7,140.99,0,vecina
13667,8,184.34,0,vecina
13667,9,463.01,0,vecina
13667,10,196.34,0,vecina
13667,11,159.65,0,vecina
13667,12,28.12,0,vecina
13670,1,37.05,0,vecina
13670,2,75.08,0,vecina
13670,3,99.2,0,vecina
13670,4,225.46,0,vecina
13670,5,224.58,0,vecina
13670,6,219.16,0,vecina
13670,7,276.7,0,vecina
13670,8,192.31,0,vecina
13670,9,236.97,0,vecina
13670,10,352.35,0,vecina
13670,11,211.68,0,vecina
13670,12,131.11,0,vecina
13673,1,0.0,1,estacion
13673,2,0.0,1,estacion
13673,3,0.0,1,estacion
13673,4,0.34,1,estacion
13673,5,37.27,1,estacion
13673,6,81.77,1,estacion
13673,7,133.12,1,estacion
13673,8,116.55,1,estacion
13673,9,111.18,1,estacion
13673,10,218.08,1,estacion
13673,11,333.5,1,estacion
13673,12,21.46,1,estacion
13683,1,23.24,0,vecina
13683,2,9.02,0,vecina
13683,3,36.27,0,vecina
13683,4,41.09,0,vecina
13683,5,128.17,0,vecina
13683,6,112.52,0,vecina
13683,7,134.46,0,vecina
13683,8,97.66,0,vecina
13683,9,120.15,0,vecina
13683,10,194.59,0,vecina
13683,11,176.47,0,vecina
13683,12,46.85,0,vecina
13688,1,55.84,1,estacion
13688,2,126.75,1,estacion
13688,3,71.16,1,estacion
13688,4,135.75,1,estacion
13688,5,150.1,1,estacion
13688,6,186.15,1,estacion
13688,7,195.55,1,estacion
13688,8,230.66,1,estacion
13688,9,193.62,1,estacion
13688,10,176.59,1,estacion
13688,11,200.21,1,estacion
13688,12,31.8,1,estacion
13744,1,51.18,0,vecina
13744,2,115.03,0,vecina
13744,3,66.7,0,vecina
13744,4,133.03,0,vecina
13744,5,158.37,0,vecina
13744,6,178.22,0,vecina
13744,7,191.34,0,vecina
13744,8,222.67,0,vecina
13744,9,196.07,0,vecina
13744,10,175.72,0,vecina
13744,11,193.05,0,vecina
13744,12,30.77,0,vecina
13760,1,26.62,0,vecina
13760,2,12.04,0,vecina
13760,3,42.58,0,vecina
13760,4,105.88,0,vecina
13760,5,142.44,0,vecina
13760,6,129.21,0,vecina
13760,7,87.91,0,vecina
13760,8,107.25,0,vecina
13760,9,118.4,0,vecina
13760,10,129.93,0,vecina
13760,11,65.01,0,vecina
13760,12,44.25,0,vecina
13780,1,69.57,0,vecina
13780,2,29.74,0,vecina
13780,3,26.9,0,vecina
13780,4,44.39,0,vecina
13780,5,46.74,0,vecina
13780,6,94.67,0,vecina
13780,7,102.42,0,vecina
13780,8,69.7,0,vecina
13780,9,161.99,0,vecina
13780,10,104.74,0,vecina
13780,11,85.66,0,vecina
13780,12,69.57,0,vecina
13810,1,29.7,0,vecina
13810,2,40.91,0,vecina
13810,3,78.34,0,vecina
13810,4,388.95,0,vecina
13810,5,315.02,0,vecina
13810,6,299.54,0,vecina
13810,7,312.77,0,vecina
13810,8,360.48,0,vecina
13810,9,418.56,0,vecina
13810,10,476.28,0,vecina
13810,11,354.3,0,vecina
13810,12,84.57,0,vecina
13836,1,25.39,0,vecina
13836,2,9.83,0,vecina
13836,3,39.24,0,vecina
13836,4,48.87,0,vecina
13836,5,144.39,0,vecina
13836,6,115.26,0,vecina
13836,7,134.48,0,vecina
13836,8,86.92,0,vecina
13836,9,116.1,0,vecina
13836,10,184.22,0,vecina
13836,11,122.76,0,vecina
13836,12,46.12,0,vecina
13838,1,52.8,0,vecina
13838,2,20.6,0,vecina
13838,3,84.07,0,vecina
13838,4,76.07,0,vecina
13838,5,210.96,0,vecina
13838,6,152.16,0,vecina
13838,7,136.61,0,vecina
13838,8,111.61,0,vecina
13838,9,152.2,0,vecina
13838,10,199.36,0,vecina
13838,11,142.16,0,vecina
13838,12,92.24,0,vecina
13873,1,27.53,0,vecina
13873,2,10.73,0,vecina
13873,3,43.74,0,vecina
13873,4,40.84,0,vecina
13873,5,129.81,0,vecina
13873,6,118.44,0,vecina
13873,7,134.91,0,vecina
13873,8,111.7,0,vecina
13873,9,131.33,0,vecina
13873,10,206.25,0,vecina
13873,11,223.84,0,vecina
13873,12,57.58,0,vecina
13894,1,34.59,0,vecina
13894,2,12.19,0,vecina
13894,3,22.84,0,vecina
13894,4,58.32,0,vecina
13894,5,83.67,0,vecina
13894,6,82.18,0,vecina
13894,7,88.09,0,vecina
13894,8,72.27,0,vecina
13894,9,85.14,0,vecina
13894,10,203.61,0,vecina
13894,11,50.12,0,vecina
13894,12,8.61,0,vecina
15001,1,15.76,0,vecina
15001,2,75.82,0,vecina
15001,3,93.93,0,vecina
15001,4,89.62,0,vecina
15001,5,85.23,0,vecina
15001,6,85.79,0,vecina
15001,7,57.76,0,vecina
15001,8,59.52,0,vecina
15001,9,55.01,0,vecina
15001,10,77.98,0,vecina
15001,11,131.55,0,vecina
15001,12,18.55,0,vecina
15022,1,10.48,0,vecina
15022,2,21.32,0,vecina
15022,3,42.82,0,vecina
15022,4,153.18,0,vecina
15022,5,215.55,0,vecina
15022,6,228.22,0,vecina
15022,7,228.48,0,vecina
15022,8,149.57,0,vecina
15022,9,188.89,0,vecina
15022,10,135.43,0,vecina
15022,11,52.46,0,vecina
15022,12,15.11,0,vecina
15047,1,55.83,3,estacion
15047,2,17.84,3,estacion
15047,3,67.42,3,estacion
15047,4,101.16,3,estacion
15047,5,80.23,3,estacion
15047,6,99.44,3,estacion
15047,7,121.76,3,estacion
15047,8,156.66,3,estacion
15047,9,55.82,3,estacion
15047,10,71.76,3,estacion
15047,11,46.11,3,estacion
15047,12,56.43,3,estacion
15051,1,28.09,0,vecina
15051,2,89.6,0,vecina
15051,3,146.11,0,vecina
15051,4,134.04,0,vecina
15051,5,115.33,0,vecina
15051,6,89.18,0,vecina
15051,7,75.74,0,vecina
15051,8,89.37,0,vecina
15051,9,86.75,0,vecina
15051,10,153.87,0,vecina
15051,11,130.27,0,vecina
15051,12,69.62,0,vecina
15087,1,20.92,0,vecina
15087,2,31.57,0,vecina
15087,3,60.22,0,vecina
15087,4,71.42,0,vecina
15087,5,71.37,0,vecina
15087,6,74.79,0,vecina
15087,7,52.25,0,vecina
15087,8,105.74,0,vecina
15087,9,59.22,0,vecina
15087,10,92.51,0,vecina
15087,11,95.44,0,vecina
15087,12,16.96,0,vecina
15090,1,43.75,0,vecina
15090,2,10.38,0,vecina
15090,3,32.5,0,vecina
15090,4,65.56,0,vecina
15090,5,107.31,0,vecina
15090,6,93.43,0,vecina
15090,7,120.19,0,vecina
15090,8,128.84,0,vecina
15090,9,80.91,0,vecina
15090,10,103.91,0,vecina
15090,11,133.61,0,vecina
15090,12,40.84,0,vecina
15092,1,79.62,0,vecina
15092,2,84.56,0,vecina
15092,3,114.14,0,vecina
15092,4,113.84,0,vecina
15092,5,134.74,0,vecina
15092,6,143.33,0,vecina
15092,7,144.9,0,vecina
15092,8,118.57,0,vecina
15092,9,131.89,0,vecina
15092,10,140.14,0,vecina
15092,11,131.35,0,vecina
15092,12,71.49,0,vecina
15097,1,10.89,1,estacion
15097,2,17.29,1,estacion
15097,3,74.75,1,estacion
15097,4,92.34,1,estacion
15097,5,121.33,1,estacion
15097,6,101.93,1,estacion
15097,7,85.55,1,estacion
15097,8,70.87,1,estacion
15097,9,78.74,1,estacion
15097,10,119.7,1,estacion
15097,11,85.07,1,estacion
15097,12,25.16,1,estacion
15104,1,23.04,0,vecina
15104,2,43.65,0,vecina
15104,3,83.47,0,vecina
15104,4,73.28,0,vecina
15104,5,72.02,0,vecina
15104,6,83.38,0,vecina
15104,7,52.62,0,vecina
15104,8,48.73,0,vecina
15104,9,40.24,0,vecina
15104,10,52.5,0,vecina
15104,11,110.38,0,vecina
15104,12,13.32,0,vecina
15106,1,112.77,0,vecina
15106,2,97.11,0,vecina
15106,3,215.18,0,vecina
15106,4,211.21,0,vecina
15106,5,180.61,0,vecina
15106,6,94.83,0,vecina
15106,7,96.2,0,vecina
15106,8,92.56,0,vecina
15106,9,141.89,0,vecina
15106,10,285.86,0,vecina
15106,11,308.63,0,vecina
15106,12,118.65,0,vecina
15109,1,102.67,0,vecina
15109,2,109.31,0,vecina
15109,3,250.39,0,vecina
15109,4,257.89,0,vecina
15109,5,222.45,0,vecina
15109,6,138.53,0,vecina
15109,7,131.12,0,vecina
15109,8,107.85,0,vecina
15109,9,181.62,0,vecina
15109,10,304.38,0,vecina
15109,11,284.84,0,vecina
15109,12,110.37,0,vecina
15114,1,18.91,0,vecina
15114,2,36.12,0,vecina
15114,3,66.86,0,vecina
15114,4,83.33,0,vecina
15114,5,85.76,0,vecina
15114,6,98.56,0,vecina
15114,7,64.68,0,vecina
15114,8,147.45,0,vecina
15114,9,64.18,0,vecina
15114,10,100.81,0,vecina
15114,11,123.37,0,vecina
15114,12,26.11,0,vecina
15131,1,94.91,0,vecina
15131,2,80.69,0,vecina
15131,3,176.8,0,vecina
15131,4,177.04,0,vecina
15131,5,167.12,0,vecina
15131,6,94.16,0,vecina
15131,7,85.77,0,vecina
15131,8,87.14,0,vecina
15131,9,130.02,0,vecina
15131,10,259.18,0,vecina
15131,11,251.65,0,vecina
15131,12,90.99,0,vecina
15135,1,30.88,0,vecina
15135,2,6.01,0,vecina
15135,3,38.65,0,vecina
15135,4,146.04,0,vecina
15135,5,430.07,0,vecina
15135,6,230.59,0,vecina
15135,7,281.26,0,vecina
15135,8,266.78,0,vecina
15135,9,357.14,0,vecina
15135,10,284.81,0,vecina
15135,11,320.13,0,vecina
15135,12,87.4,0,vecina
15162,1,22.04,0,vecina
15162,2,43.7,0,vecina
15162,3,85.07,0,vecina
15162,4,94.16,0,vecina
15162,5,83.62,0,vecina
15162,6,93.19,0,vecina
15162,7,58.91,0,vecina
15162,8,128.34,0,vecina
15162,9,65.39,0,vecina
15162,10,103.29,0,vecina
15162,11,132.45,0,vecina
15162,12,39.85,0,vecina
15172,1,18.66,1,estacion
15172,2,15.5,1,estacion
15172,3,115.25,1,estacion
15172,4,145.47,1,estacion
15172,5,215.3,1,estacion
15172,6,245.38,1,estacion
15172,7,224.54,1,estacion
15172,8,176.22,1,estacion
15172,9,124.36,1,estacion
15172,10,134.38,1,estacion
15172,11,109.99,1,estacion
15172,12,24.62,1,estacion
15176,1,92.4,0,vecina
15176,2,88.36,0,vecina
15176,3,194.19,0,vecina
15176,4,181.81,0,vecina
15176,5,164.63,0,vecina
15176,6,89.55,0,vecina
15176,7,86.1,0,vecina
15176,8,88.19,0,vecina
15176,9,135.89,0,vecina
15176,10,258.05,0,vecina
15176,11,255.73,0,vecina
15176,12,104.05,0,vecina
15180,1,50.94,0,vecina
15180,2,60.33,0,vecina
15180,3,126.59,0,vecina
15180,4,170.88,0,vecina
15180,5,169.68,0,vecina
15180,6,158.84,0,vecina
15180,7,132.32,0,vecina
15180,8,117.45,0,vecina
15180,9,151.27,0,vecina
15180,10,189.19,0,vecina
15180,11,133.04,0,vecina
15180,12,45.76,0,vecina
15183,1,115.06,0,vecina
15183,2,112.36,0,vecina
15183,3,173.69,0,vecina
15183,4,164.72,0,vecina
15183,5,204.1,0,vecina
15183,6,212.38,0,vecina
15183,7,233.57,0,vecina
15183,8,172.59,0,vecina
15183,9,201.72,0,vecina
15183,10,208.25,0,vecina
15183,11,172.1,0,vecina
15183,12,123.97,0,vecina
15185,1,46.93,0,vecina
15185,2,103.38,0,vecina
15185,3,207.94,0,vecina
15185,4,224.31,0,vecina
15185,5,223.85,0,vecina
15185,6,161.98,0,vecina
15185,7,159.97,0,vecina
15185,8,167.87,0,vecina
15185,9,155.6,0,vecina
15185,10,212.02,0,vecina
15185,11,179.01,0,vecina
15185,12,94.29,0,vecina
15187,1,18.18,0,vecina
15187,2,42.91,0,vecina
15187,3,76.01,0,vecina
15187,4,72.45,0,vecina
15187,5,87.87,0,vecina
15187,6,69.13,0,vecina
15187,7,51.63,0,vecina
15187,8,51.54,0,vecina
15187,9,39.66,0,vecina
15187,10,64.81,0,vecina
15187,11,107.35,0,vecina
15187,12,19.3,0,vecina
15189,1,25.73,0,vecina
15189,2,31.58,0,vecina
15189,3,57.72,0,vecina
15189,4,61.48,0,vecina
15189,5,81.26,0,vecina
15189,6,70.02,0,vecina
15189,7,66.13,0,vecina
15189,8,67.0,0,vecina
15189,9,45.2,0,vecina
15189,10,60.69,0,vecina
15189,11,109.83,0,vecina
15189,12,18.88,0,vecina
15204,1,14.34,0,vecina
15204,2,69.44,0,vecina
15204,3,99.77,0,vecina
15204,4,100.74,0,vecina
15204,5,110.61,0,vecina
15204,6,82.15,0,vecina
15204,7,55.9,0,vecina
15204,8,62.79,0,vecina
15204,9,57.43,0,vecina
15204,10,105.37,0,vecina
15204,11,131.48,0,vecina
15204,12,34.06,0,vecina
15212,1,94.66,0,vecina
15212,2,136.68,0,vecina
15212,3,309.74,0,vecina
15212,4,339.77,0,vecina
15212,5,270.24,0,vecina
15212,6,199.06,0,vecina
15212,7,175.36,0,vecina
15212,8,116.22,0,vecina
15212,9,217.23,0,vecina
15212,10,320.66,0,vecina
15212,11,287.97,0,vecina
15212,12,111.85,0,vecina
15215,1,17.82,0,vecina
15215,2,34.25,0,vecina
15215,3,53.48,0,vecina
15215,4,79.68,0,vecina
15215,5,88.75,0,vecina
15215,6,97.91,0,vecina
15215,7,66.69,0,vecina
15215,8,123.31,0,vecina
15215,9,64.1,0,vecina
15215,10,94.28,0,vecina
15215,11,107.14,0,vecina
15215,12,15.5,0,vecina
15218,1,26.45,0,vecina
15218,2,59.18,0,vecina
15218,3,97.83,0,vecina
15218,4,90.11,0,vecina
15218,5,93.77,0,vecina
15218,6,125.39,0,vecina
15218,7,98.0,0,vecina
15218,8,82.8,0,vecina
15218,9,111.82,0,vecina
15218,10,120.68,0,vecina
15218,11,76.36,0,vecina
15218,12,30.11,0,vecina
15223,1,240.25,1,estacion
15223,2,44.26,1,estacion
15223,3,57.9,1,estacion
15223,4,15.14,1,estacion
15223,5,2.21,1,estacion
15223,6,6.43,1,estacion
15223,7,3.25,1,estacion
15223,8,273.4,1,estacion
15223,9,498.8,1,estacion
15223,10,331.91,1,estacion
15223,11,185.92,1,estacion
15223,12,352.53,1,estacion
15224,1,26.39,0,vecina
15224,2,47.4,0,vecina
15224,3,102.29,0,vecina
15224,4,84.31,0,vecina
15224,5,66.14,0,vecina
15224,6,94.52,0,vecina
15224,7,49.57,0,vecina
15224,8,44.51,0,vecina
15224,9,44.69,0,vecina
15224,10,60.73,0,vecina
15224,11,114.43,0,vecina
15224,12,24.21,0,vecina
15226,1,15.49,1,estacion
15226,2,21.73,1,estacion
15226,3,84.39,1,estacion
15226,4,97.83,1,estacion
15226,5,64.4,1,estacion
15226,6,69.1,1,estacion
15226,7,69.17,1,estacion
15226,8,105.25,1,estacion
15226,9,46.05,1,estacion
15226,10,65.81,1,estacion
15226,11,82.14,1,estacion
15226,12,8.4,1,estacion
15232,1,17.99,0,vecina
15232,2,74.72,0,vecina
15232,3,118.74,0,vecina
15232,4,98.71,0,vecina
15232,5,73.56,0,vecina
15232,6,81.45,0,vecina
15232,7,43.92,0,vecina
15232,8,43.4,0,vecina
15232,9,55.64,0,vecina
15232,10,91.7,0,vecina
15232,11,122.61,0,vecina
15232,12,49.44,0,vecina
15236,1,11.18,0,vecina
15236,2,20.47,0,vecina
15236,3,42.59,0,vecina
15236,4,140.39,0,vecina
15236,5,257.23,0,vecina
15236,6,214.23,0,vecina
15236,7,221.31,0,vecina
15236,8,196.96,0,vecina
15236,9,274.33,0,vecina
15236,10,201.03,0,vecina
15236,11,97.95,0,vecina
15236,12,29.31,0,vecina
15238,1,24.96,0,vecina
15238,2,58.09,0,vecina
15238,3,118.77,0,vecina
15238,4,105.72,0,vecina
15238,5,77.93,0,vecina
15238,6,75.89,0,vecina
15238,7,44.19,0,vecina
15238,8,105.54,0,vecina
15238,9,62.15,0,vecina
15238,10,114.94,0,vecina
15238,11,145.89,0,vecina
15238,12,63.7,0,vecina
15244,1,40.61,0,vecina
15244,2,50.95,0,vecina
15244,3,116.42,0,vecina
15244,4,160.59,0,vecina
15244,5,148.49,0,vecina
15244,6,129.98,0,vecina
15244,7,111.06,0,vecina
15244,8,109.3,0,vecina
15244,9,131.94,0,vecina
15244,10,176.07,0,vecina
15244,11,123.15,0,vecina
15244,12,43.8,0,vecina
15248,1,64.56,1,estacion
15248,2,71.8,1,estacion
15248,3,153.84,1,estacion
15248,4,201.45,1,estacion
15248,5,210.77,1,estacion
15248,6,175.1,1,estacion
15248,7,125.77,1,estacion
15248,8,102.66,1,estacion
15248,9,158.24,1,estacion
15248,10,214.66,1,estacion
15248,11,169.5,1,estacion
15248,12,52.79,1,estacion
15272,1,14.6,0,vecina
15272,2,22.94,0,vecina
15272,3,79.59,0,vecina
15272,4,84.59,0,vecina
15272,5,86.33,0,vecina
15272,6,74.99,0,vecina
15272,7,61.17,0,vecina
15272,8,150.99,0,vecina
15272,9,47.7,0,vecina
15272,10,80.02,0,vecina
15272,11,108.17,0,vecina
15272,12,19.73,0,vecina
15276,1,20.22,0,vecina
15276,2,38.37,0,vecina
15276,3,75.42,0,vecina
15276,4,86.48,0,vecina
15276,5,83.23,0,vecina
15276,6,95.69,0,vecina
15276,7,61.65,0,vecina
15276,8,147.26,0,vecina
15276,9,64.17,0,vecina
15276,10,102.96,0,vecina
15276,11,128.96,0,vecina
15276,12,32.44,0,vecina
15293,1,39.62,0,vecina
15293,2,96.93,0,vecina
15293,3,187.73,0,vecina
15293,4,195.03,0,vecina
15293,5,177.34,0,vecina
15293,6,143.25,0,vecina
15293,7,126.82,0,vecina
15293,8,124.33,0,vecina
15293,9,131.95,0,vecina
15293,10,175.75,0,vecina
15293,11,162.93,0,vecina
15293,12,90.15,0,vecina
15296,1,16.91,0,vecina
15296,2,36.68,0,vecina
15296,3,46.76,0,vecina
15296,4,84.08,0,vecina
15296,5,97.27,0,vecina
15296,6,104.42,0,vecina
15296,7,71.84,0,vecina
15296,8,102.89,0,vecina
15296,9,66.42,0,vecina
15296,10,90.53,0,vecina
15296,11,101.8,0,vecina
15296,12,11.44,0,vecina
15299,1,18.38,0,vecina
15299,2,13.17,0,vecina
15299,3,71.5,0,vecina
15299,4,115.94,0,vecina
15299,5,172.0,0,vecina
15299,6,197.42,0,vecina
15299,7,200.85,0,vecina
15299,8,150.95,0,vecina
15299,9,130.93,0,vecina
15299,10,122.69,0,vecina
15299,11,76.25,0,vecina
15299,12,20.55,0,vecina
15317,1,30.8,1,estacion
15317,2,44.2,1,estacion
15317,3,99.99,1,estacion
15317,4,147.86,1,estacion
15317,5,111.47,1,estacion
15317,6,105.08,1,estacion
15317,7,106.7,1,estacion
15317,8,122.73,1,estacion
15317,9,125.88,1,estacion
15317,10,162.2,1,estacion
15317,11,99.7,1,estacion
15317,12,41.84,1,estacion
15322,1,9.43,0,vecina
15322,2,30.12,0,vecina
15322,3,51.06,0,vecina
15322,4,140.34,0,vecina
15322,5,199.61,0,vecina
15322,6,206.48,0,vecina
15322,7,210.69,0,vecina
15322,8,139.45,0,vecina
15322,9,162.11,0,vecina
15322,10,122.88,0,vecina
15322,11,60.66,0,vecina
15322,12,14.04,0,vecina
15325,1,6.22,1,estacion
15325,2,49.6,1,estacion
15325,3,67.93,1,estacion
15325,4,121.37,1,estacion
15325,5,176.26,1,estacion
15325,6,169.8,1,estacion
15325,7,179.7,1,estacion
15325,8,120.5,1,estacion
15325,9,114.07,1,estacion
15325,10,99.66,1,estacion
15325,11,77.27,1,estacion
15325,12,11.44,1,estacion
15332,1,45.16,0,vecina
15332,2,55.13,0,vecina
15332,3,123.39,0,vecina
15332,4,168.84,0,vecina
15332,5,158.88,0,vecina
15332,6,137.74,0,vecina
15332,7,114.06,0,vecina
15332,8,109.38,0,vecina
15332,9,137.52,0,vecina
15332,10,183.63,0,vecina
15332,11,131.39,0,vecina
15332,12,45.72,0,vecina
15362,1,14.4,0,vecina
15362,2,21.51,0,vecina
15362,3,83.39,0,vecina
15362,4,95.26,0,vecina
15362,5,76.02,0,vecina
15362,6,68.2,0,vecina
15362,7,66.33,0,vecina
15362,8,110.58,0,vecina
15362,9,44.63,0,vecina
15362,10,65.87,0,vecina
15362,11,86.84,0,vecina
15362,12,10.95,0,vecina
15367,1,33.97,0,vecina
15367,2,21.4,0,vecina
15367,3,74.44,0,vecina
15367,4,69.46,0,vecina
15367,5,73.93,0,vecina
15367,6,91.08,0,vecina
15367,7,68.21,0,vecina
15367,8,56.78,0,vecina
15367,9,41.52,0,vecina
15367,10,58.98,0,vecina
15367,11,97.27,0,vecina
15367,12,15.98,0,vecina
15368,1,180.7,0,vecina
15368,2,169.09,0,vecina
15368,3,228.04,0,vecina
15368,4,186.84,0,vecina
15368,5,246.59,0,vecina
15368,6,270.51,0,vecina
15368,7,312.5,0,vecina
15368,8,214.51,0,vecina
15368,9,261.43,0,vecina
15368,10,244.14,0,vecina
15368,11,219.89,0,vecina
15368,12,181.18,0,vecina
15377,1,28.56,1,estacion
15377,2,17.61,1,estacion
15377,3,77.45,1,estacion
15377,4,250.44,1,estacion
15377,5,212.6,1,estacion
15377,6,245.7,1,estacion
15377,7,299.93,1,estacion
15377,8,257.34,1,estacion
15377,9,191.3,1,estacion
15377,10,199.4,1,estacion
15377,11,60.69,1,estacion
15377,12,20.13,1,estacion
15380,1,22.07,1,estacion
15380,2,9.83,1,estacion
15380,3,48.0,1,estacion
15380,4,61.53,1,estacion
15380,5,99.49,1,estacion
15380,6,125.16,1,estacion
15380,7,155.51,1,estacion
15380,8,123.14,1,estacion
15380,9,94.75,1,estacion
15380,10,99.34,1,estacion
15380,11,59.78,1,estacion
15380,12,19.18,1,estacion
15401,1,84.25,0,vecina
15401,2,190.07,0,vecina
15401,3,410.55,0,vecina
15401,4,472.68,0,vecina
15401,5,336.73,0,vecina
15401,6,309.46,0,vecina
15401,7,260.86,0,vecina
15401,8,135.82,0,vecina
15401,9,255.77,0,vecina
15401,10,348.59,0,vecina
15401,11,311.91,0,vecina
15401,12,124.82,0,vecina
15403,1,12.85,0,vecina
15403,2,19.5,0,vecina
15403,3,77.5,0,vecina
15403,4,96.81,0,vecina
15403,5,123.2,0,vecina
15403,6,103.82,0,vecina
15403,7,87.22,0,vecina
15403,8,73.33,0,vecina
15403,9,82.22,0,vecina
15403,10,123.4,0,vecina
15403,11,87.62,0,vecina
15403,12,26.38,0,vecina
15407,1,16.28,2,estacion
15407,2,81.29,2,estacion
15407,3,135.79,2,estacion
15407,4,106.58,2,estacion
15407,5,69.39,2,estacion
15407,6,72.5,2,estacion
15407,7,33.92,2,estacion
15407,8,33.5,2,estacion
15407,9,58.36,2,estacion
15407,10,108.04,2,estacion
15407,11,118.4,2,estacion
15407,12,74.66,2,estacion
15425,1,10.98,0,vecina
15425,2,19.83,0,vecina
15425,3,41.6,0,vecina
15425,4,145.34,0,vecina
15425,5,255.41,0,vecina
15425,6,220.55,0,vecina
15425,7,225.67,0,vecina
15425,8,192.0,0,vecina
15425,9,267.21,0,vecina
15425,10,193.99,0,vecina
15425,11,90.58,0,vecina
15425,12,27.38,0,vecina
15442,1,101.33,0,vecina
15442,2,105.45,0,vecina
15442,3,245.34,0,vecina
15442,4,250.21,0,vecina
15442,5,223.49,0,vecina
15442,6,136.34,0,vecina
15442,7,130.64,0,vecina
15442,8,111.05,0,vecina
15442,9,185.65,0,vecina
15442,10,306.36,0,vecina
15442,11,274.85,0,vecina
15442,12,106.76,0,vecina
15455,1,41.61,0,vecina
15455,2,10.31,0,vecina
15455,3,37.94,0,vecina
15455,4,71.24,0,vecina
15455,5,115.44,0,vecina
15455,6,107.0,0,vecina
15455,7,132.46,0,vecina
15455,8,135.27,0,vecina
15455,9,87.1,0,vecina
15455,10,108.69,0,vecina
15455,11,129.18,0,vecina
15455,12,39.76,0,vecina
15464,1,16.29,1,estacion
15464,2,38.14,1,estacion
15464,3,42.74,1,estacion
15464,4,86.84,1,estacion
15464,5,102.65,1,estacion
15464,6,108.85,1,estacion
15464,7,75.22,1,estacion
15464,8,91.91,1,estacion
15464,9,67.89,1,estacion
15464,10,88.47,1,estacion
15464,11,99.16,1,estacion
15464,12,9.09,1,estacion
15466,1,17.11,0,vecina
15466,2,33.04,0,vecina
15466,3,56.84,0,vecina
15466,4,81.16,0,vecina
15466,5,88.57,0,vecina
15466,6,100.69,0,vecina
15466,7,69.03,0,vecina
15466,8,140.49,0,vecina
15466,9,63.42,0,vecina
15466,10,95.41,0,vecina
15466,11,112.96,0,vecina
15466,12,16.93,0,vecina
15469,1,64.33,1,estacion
15469,2,107.93,1,estacion
15469,3,176.95,1,estacion
15469,4,229.13,1,estacion
15469,5,209.96,1,estacion
15469,6,174.82,1,estacion
15469,7,191.76,1,estacion
15469,8,185.02,1,estacion
15469,9,180.33,1,estacion
15469,10,217.17,1,estacion
15469,11,168.32,1,estacion
15469,12,70.4,1,estacion
15476,1,13.46,1,estacion
15476,2,87.37,1,estacion
15476,3,98.56,1,estacion
15476,4,96.03,1,estacion
15476,5,89.62,1,estacion
15476,6,87.72,1,estacion
15476,7,59.64,1,estacion
15476,8,63.33,1,estacion
15476,9,60.51,1,estacion
15476,10,87.2,1,estacion
15476,11,139.5,1,estacion
15476,12,20.51,1,estacion
15480,1,90.71,0,vecina
15480,2,154.06,0,vecina
15480,3,345.9,0,vecina
15480,4,389.98,0,vecina
15480,5,296.99,0,vecina
15480,6,234.57,0,vecina
15480,7,200.79,0,vecina
15480,8,119.51,0,vecina
15480,9,235.67,0,vecina
15480,10,329.03,0,vecina
15480,11,294.37,0,vecina
15480,12,114.37,0,vecina
15491,1,19.13,0,vecina
15491,2,30.15,0,vecina
15491,3,75.01,0,vecina
15491,4,74.33,0,vecina
15491,5,73.89,0,vecina
15491,6,93.69,0,vecina
15491,7,59.84,0,vecina
15491,8,201.65,0,vecina
15491,9,60.61,0,vecina
15491,10,108.96,0,vecina
15491,11,136.9,0,vecina
15491,12,31.34,0,vecina
15494,1,40.92,0,vecina
15494,2,24.09,0,vecina
15494,3,76.78,0,vecina
15494,4,85.18,0,vecina
15494,5,95.59,0,vecina
15494,6,114.02,0,vecina
15494,7,100.66,0,vecina
15494,8,84.14,0,vecina
15494,9,63.09,0,vecina
15494,10,91.4,0,vecina
15494,11,96.24,0,vecina
15494,12,24.21,0,vecina
15500,1,15.04,0,vecina
15500,2,67.63,0,vecina
15500,3,93.79,0,vecina
15500,4,92.8,0,vecina
15500,5,99.89,0,vecina
15500,6,80.45,0,vecina
15500,7,55.83,0,vecina
15500,8,60.24,0,vecina
15500,9,53.97,0,vecina
15500,10,91.11,0,vecina
15500,11,127.74,0,vecina
15500,12,27.12,0,vecina
15507,1,91.82,0,vecina
15507,2,118.64,0,vecina
15507,3,281.54,0,vecina
15507,4,298.52,0,vecina
15507,5,264.33,0,vecina
15507,6,180.02,0,vecina
15507,7,165.14,0,vecina
15507,8,125.1,0,vecina
15507,9,223.49,0,vecina
15507,10,323.98,0,vecina
15507,11,254.54,0,vecina
15507,12,99.73,0,vecina
15511,1,19.16,0,vecina
15511,2,14.05,0,vecina
15511,3,94.4,0,vecina
15511,4,125.07,0,vecina
15511,5,186.58,0,vecina
15511,6,214.9,0,vecina
15511,7,207.9,0,vecina
15511,8,161.84,0,vecina
15511,9,120.98,0,vecina
15511,10,126.01,0,vecina
15511,11,94.18,0,vecina
15511,12,22.81,0,vecina
15514,1,35.84,0,vecina
15514,2,6.28,0,vecina
15514,3,37.05,0,vecina
15514,4,136.22,0,vecina
15514,5,395.11,0,vecina
15514,6,211.68,0,vecina
15514,7,264.51,0,vecina
15514,8,244.17,0,vecina
15514,9,304.92,0,vecina
15514,10,253.44,0,vecina
15514,11,316.2,0,vecina
15514,12,85.94,0,vecina
15516,1,31.18,3,estacion
15516,2,67.41,3,estacion
15516,3,136.69,3,estacion
15516,4,128.13,3,estacion
15516,5,80.15,3,estacion
15516,6,78.55,3,estacion
15516,7,43.11,3,estacion
15516,8,59.32,3,estacion
15516,9,69.78,3,estacion
15516,10,108.65,3,estacion
15516,11,155.95,3,estacion
15516,12,79.02,3,estacion
15518,1,33.57,0,vecina
15518,2,29.42,0,vecina
15518,3,81.75,0,vecina
15518,4,241.4,0,vecina
15518,5,212.02,0,vecina
15518,6,257.62,0,vecina
15518,7,267.75,0,vecina
15518,8,242.45,0,vecina
15518,9,147.27,0,vecina
15518,10,171.14,0,vecina
15518,11,77.56,0,vecina
15518,12,37.61,0,vecina
15522,1,42.88,0,vecina
15522,2,53.66,0,vecina
15522,3,119.53,0,vecina
15522,4,166.09,0,vecina
15522,5,149.76,0,vecina
15522,6,131.67,0,vecina
15522,7,113.13,0,vecina
15522,8,113.0,0,vecina
15522,9,136.34,0,vecina
15522,10,180.52,0,vecina
15522,11,125.75,0,vecina
15522,12,45.35,0,vecina
15531,1,118.64,1,estacion
15531,2,96.98,1,estacion
15531,3,207.06,1,estacion
15531,4,201.68,1,estacion
15531,5,161.99,1,estacion
15531,6,79.56,1,estacion
15531,7,82.38,1,estacion
15531,8,82.16,1,estacion
15531,9,120.36,1,estacion
15531,10,275.69,1,estacion
15531,11,331.16,1,estacion
15531,12,126.65,1,estacion
15533,1,23.07,0,vecina
15533,2,23.16,0,vecina
15533,3,113.18,0,vecina
15533,4,243.32,0,vecina
15533,5,243.52,0,vecina
15533,6,245.54,0,vecina
15533,7,288.45,0,vecina
15533,8,270.34,0,vecina
15533,9,235.32,0,vecina
15533,10,264.3,0,vecina
15533,11,147.74,0,vecina
15533,12,41.13,0,vecina
15537,1,75.06,0,vecina
15537,2,75.09,0,vecina
15537,3,112.89,0,vecina
15537,4,100.01,0,vecina
15537,5,108.88,0,vecina
15537,6,109.84,0,vecina
15537,7,117.61,0,vecina
15537,8,92.1,0,vecina
15537,9,117.31,0,vecina
15537,10,130.88,0,vecina
15537,11,112.13,0,vecina
15537,12,64.87,0,vecina
15542,1,4.96,2,estacion
15542,2,17.3,2,estacion
15542,3,81.05,2,estacion
15542,4,90.83,2,estacion
15542,5,157.35,2,estacion
15542,6,49.75,2,estacion
15542,7,50.65,2,estacion
15542,8,90.5,2,estacion
15542,9,27.79,2,estacion
15542,10,43.62,2,estacion
15542,11,92.13,2,estacion
15542,12,18.28,2,estacion
15550,1,17.63,1,estacion
15550,2,24.33,1,estacion
15550,3,124.77,1,estacion
15550,4,232.47,1,estacion
15550,5,266.84,1,estacion
15550,6,262.76,1,estacion
15550,7,355.39,1,estacion
15550,8,255.85,1,estacion
15550,9,246.76,1,estacion
15550,10,286.68,1,estacion
15550,11,206.2,1,estacion
15550,12,53.02,1,estacion
15572,1,69.24,1,estacion
15572,2,115.61,1,estacion
15572,3,67.79,1,estacion
15572,4,147.68,1,estacion
15572,5,17.76,1,estacion
15572,6,2.87,1,estacion
15572,7,18.46,1,estacion
15572,8,103.98,1,estacion
15572,9,248.55,1,estacion
15572,10,294.41,1,estacion
15572,11,302.15,1,estacion
15572,12,217.69,1,estacion
15580,1,86.6,1,estacion
15580,2,198.16,1,estacion
15580,3,429.72,1,estacion
15580,4,508.14,1,estacion
15580,5,346.25,1,estacion
15580,6,309.5,1,estacion
15580,7,251.53,1,estacion
15580,8,117.37,1,estacion
15580,9,260.79,1,estacion
15580,10,340.02,1,estacion
15580,11,333.46,1,estacion
15580,12,128.87,1,estacion
15599,1,23.19,0,vecina
15599,2,38.11,0,vecina
15599,3,78.61,0,vecina
15599,4,68.58,0,vecina
15599,5,70.98,0,vecina
15599,6,79.25,0,vecina
15599,7,51.59,0,vecina
15599,8,47.09,0,vecina
15599,9,36.97,0,vecina
15599,10,47.86,0,vecina
15599,11,105.5,0,vecina
15599,12,12.15,0,vecina
15600,1,28.79,0,vecina
15600,2,47.15,0,vecina
15600,3,107.06,0,vecina
15600,4,89.5,0,vecina
15600,5,69.66,0,vecina
15600,6,91.14,0,vecina
15600,7,54.23,0,vecina
15600,8,46.71,0,vecina
15600,9,50.51,0,vecina
15600,10,80.98,0,vecina
15600,11,109.06,0,vecina
15600,12,41.68,0,vecina
15621,1,39.69,0,vecina
15621,2,11.86,0,vecina
15621,3,37.96,0,vecina
15621,4,64.57,0,vecina
15621,5,103.67,0,vecina
15621,6,90.99,0,vecina
15621,7,110.93,0,vecina
15621,8,116.06,0,vecina
15621,9,72.85,0,vecina
15621,10,93.05,0,vecina
15621,11,125.58,0,vecina
15621,12,35.22,0,vecina
15632,1,60.79,0,vecina
15632,2,97.61,0,vecina
15632,3,234.46,0,vecina
15632,4,223.6,0,vecina
15632,5,211.46,0,vecina
15632,6,139.23,0,vecina
15632,7,116.01,0,vecina
15632,8,116.43,0,vecina
15632,9,133.87,0,vecina
15632,10,217.54,0,vecina
15632,11,242.77,0,vecina
15632,12,127.78,0,vecina
15638,1,19.29,0,vecina
15638,2,71.23,0,vecina
15638,3,126.2,0,vecina
15638,4,100.09,0,vecina
15638,5,68.26,0,vecina
15638,6,78.88,0,vecina
15638,7,38.33,0,vecina
15638,8,36.51,0,vecina
15638,9,54.3,0,vecina
15638,10,94.24,0,vecina
15638,11,117.05,0,vecina
15638,12,60.2,0,vecina
15646,1,34.96,1,estacion
15646,2,20.14,1,estacion
15646,3,94.14,1,estacion
15646,4,72.72,1,estacion
15646,5,54.99,1,estacion
15646,6,103.9,1,estacion
15646,7,49.75,1,estacion
15646,8,39.54,1,estacion
15646,9,33.83,1,estacion
15646,10,35.41,1,estacion
15646,11,102.38,1,estacion
15646,12,11.09,1,estacion
15660,1,41.58,0,vecina
15660,2,11.01,0,vecina
15660,3,37.37,0,vecina
15660,4,68.47,0,vecina
15660,5,110.58,0,vecina
15660,6,98.8,0,vecina
15660,7,121.7,0,vecina
15660,8,127.07,0,vecina
15660,9,80.34,0,vecina
15660,10,102.01,0,vecina
15660,11,130.37,0,vecina
15660,12,38.59,0,vecina
15664,1,52.51,0,vecina
15664,2,106.05,0,vecina
15664,3,222.08,0,vecina
15664,4,249.01,0,vecina
15664,5,244.0,0,vecina
15664,6,186.07,0,vecina
15664,7,181.02,0,vecina
15664,8,177.55,0,vecina
15664,9,175.15,0,vecina
15664,10,215.75,0,vecina
15664,11,191.12,0,vecina
15664,12,101.8,0,vecina
15667,1,16.78,0,vecina
15667,2,7.75,0,vecina
15667,3,36.97,0,vecina
15667,4,140.6,0,vecina
15667,5,371.81,0,vecina
15667,6,228.48,0,vecina
15667,7,253.9,0,vecina
15667,8,275.62,0,vecina
15667,9,411.02,0,vecina
15667,10,304.61,0,vecina
15667,11,205.25,0,vecina
15667,12,61.71,0,vecina
15673,1,30.84,0,vecina
15673,2,40.03,0,vecina
15673,3,102.62,0,vecina
15673,4,138.47,0,vecina
15673,5,138.6,0,vecina
15673,6,120.22,0,vecina
15673,7,102.81,0,vecina
15673,8,97.55,0,vecina
15673,9,114.83,0,vecina
15673,10,157.69,0,vecina
15673,11,110.26,0,vecina
15673,12,37.81,0,vecina
15676,1,29.84,0,vecina
15676,2,49.59,0,vecina
15676,3,95.2,0,vecina
15676,4,90.69,0,vecina
15676,5,70.94,0,vecina
15676,6,89.99,0,vecina
15676,7,39.27,0,vecina
15676,8,34.43,0,vecina
15676,9,41.28,0,vecina
15676,10,91.3,0,vecina
15676,11,114.37,0,vecina
15676,12,34.47,0,vecina
15681,1,87.13,1,estacion
15681,2,73.27,1,estacion
15681,3,207.3,1,estacion
15681,4,190.91,1,estacion
15681,5,241.73,1,estacion
15681,6,125.8,1,estacion
15681,7,133.72,1,estacion
15681,8,143.1,1,estacion
15681,9,230.25,1,estacion
15681,10,328.07,1,estacion
15681,11,179.92,1,estacion
15681,12,72.59,1,estacion
15686,1,48.04,0,vecina
15686,2,104.27,0,vecina
15686,3,214.84,0,vecina
15686,4,232.87,0,vecina
15686,5,233.08,0,vecina
15686,6,169.34,0,vecina
15686,7,166.25,0,vecina
15686,8,172.24,0,vecina
15686,9,161.29,0,vecina
15686,10,214.89,0,vecina
15686,11,184.01,0,vecina
15686,12,97.97,0,vecina
15690,1,15.25,1,estacion
15690,2,7.9,1,estacion
15690,3,34.3,1,estacion
15690,4,120.32,1,estacion
15690,5,314.61,1,estacion
15690,6,200.04,1,estacion
15690,7,217.75,1,estacion
15690,8,271.42,1,estacion
15690,9,409.89,1,estacion
15690,10,302.63,1,estacion
15690,11,155.76,1,estacion
15690,12,51.54,1,estacion
15693,1,22.96,0,vecina
15693,2,44.87,0,vecina
15693,3,91.52,0,vecina
15693,4,95.75,0,vecina
15693,5,81.1,0,vecina
15693,6,90.89,0,vecina
15693,7,56.5,0,vecina
15693,8,131.74,0,vecina
15693,9,65.15,0,vecina
15693,10,105.31,0,vecina
15693,11,137.2,0,vecina
15693,12,44.57,0,vecina
15696,1,33.28,0,vecina
15696,2,93.63,0,vecina
15696,3,184.79,0,vecina
15696,4,181.13,0,vecina
15696,5,161.9,0,vecina
15696,6,131.41,0,vecina
15696,7,107.28,0,vecina
15696,8,105.7,0,vecina
15696,9,117.0,0,vecina
15696,10,162.51,0,vecina
15696,11,157.93,0,vecina
15696,12,92.07,0,vecina
15720,1,173.99,0,vecina
15720,2,163.02,0,vecina
15720,3,218.03,0,vecina
15720,4,177.08,0,vecina
15720,5,228.84,0,vecina
15720,6,251.67,0,vecina
15720,7,292.0,0,vecina
15720,8,201.47,0,vecina
15720,9,247.73,0,vecina
15720,10,231.76,0,vecina
15720,11,209.26,0,vecina
15720,12,171.03,0,vecina
15723,1,173.53,0,vecina
15723,2,162.58,0,vecina
15723,3,215.82,0,vecina
15723,4,174.08,0,vecina
15723,5,222.67,0,vecina
15723,6,245.67,0,vecina
15723,7,286.14,0,vecina
15723,8,197.72,0,vecina
15723,9,244.29,0,vecina
15723,10,228.03,0,vecina
15723,11,206.48,0,vecina
15723,12,168.8,0,vecina
15740,1,21.53,1,estacion
15740,2,19.0,1,estacion
15740,3,55.77,1,estacion
15740,4,48.55,1,estacion
15740,5,69.82,1,estacion
15740,6,57.61,1,estacion
15740,7,47.73,1,estacion
15740,8,41.87,1,estacion
15740,9,24.24,1,estacion
15740,10,31.33,1,estacion
15740,11,86.16,1,estacion
15740,12,7.59,1,estacion
15753,1,11.97,0,vecina
15753,2,34.66,0,vecina
15753,3,95.61,0,vecina
15753,4,111.32,0,vecina
15753,5,111.61,0,vecina
15753,6,102.63,0,vecina
15753,7,69.12,0,vecina
15753,8,65.19,0,vecina
15753,9,82.79,0,vecina
15753,10,119.55,0,vecina
15753,11,95.13,0,vecina
15753,12,34.39,0,vecina
15755,1,319.85,1,estacion
15755,2,293.65,1,estacion
15755,3,364.13,1,estacion
15755,4,280.31,1,estacion
15755,5,383.28,1,estacion
15755,6,441.02,1,estacion
15755,7,529.13,1,estacion
15755,8,351.8,1,estacion
15755,9,428.34,1,estacion
15755,10,365.95,1,estacion
15755,11,344.47,1,estacion
15755,12,319.63,1,estacion
15757,1,25.71,1,estacion
15757,2,30.13,1,estacion
15757,3,62.81,1,estacion
15757,4,61.9,1,estacion
15757,5,50.08,1,estacion
15757,6,38.5,1,estacion
15757,7,31.35,1,estacion
15757,8,36.12,1,estacion
15757,9,53.13,1,estacion
15757,10,82.68,1,estacion
15757,11,62.79,1,estacion
15757,12,13.2,1,estacion
15759,1,18.67,4,estacion
15759,2,26.87,4,estacion
15759,3,74.53,4,estacion
15759,4,69.49,4,estacion
15759,5,70.36,4,estacion
15759,6,93.02,4,estacion
15759,7,59.25,4,estacion
15759,8,222.81,4,estacion
15759,9,59.22,4,estacion
15759,10,111.21,4,estacion
15759,11,139.77,4,estacion
15759,12,30.68,4,estacion
15761,1,9.74,1,estacion
15761,2,15.82,1,estacion
15761,3,35.47,1,estacion
15761,4,176.07,1,estacion
15761,5,244.27,1,estacion
15761,6,259.84,1,estacion
15761,7,252.79,1,estacion
15761,8,161.34,1,estacion
15761,9,223.33,1,estacion
15761,10,150.47,1,estacion
15761,11,44.85,1,estacion
15761,12,15.41,1,estacion
15762,1,22.17,0,vecina
15762,2,60.83,0,vecina
15762,3,106.5,0,vecina
15762,4,90.09,0,vecina
15762,5,71.55,0,vecina
15762,6,89.81,0,vecina
15762,7,49.35,0,vecina
15762,8,46.81,0,vecina
15762,9,50.04,0,vecina
15762,10,73.32,0,vecina
15762,11,120.28,0,vecina
15762,12,30.94,0,vecina
15763,1,6.95,1,estacion
15763,2,82.59,1,estacion
15763,3,128.54,1,estacion
15763,4,72.93,1,estacion
15763,5,84.11,1,estacion
15763,6,21.36,1,estacion
15763,7,14.38,1,estacion
15763,8,72.8,1,estacion
15763,9,28.79,1,estacion
15763,10,156.98,1,estacion
15763,11,107.21,1,estacion
15763,12,60.75,1,estacion
15764,1,19.75,0,vecina
15764,2,50.0,0,vecina
15764,3,80.38,0,vecina
15764,4,73.31,0,vecina
15764,5,76.7,0,vecina
15764,6,77.59,0,vecina
15764,7,53.38,0,vecina
15764,8,51.23,0,vecina
15764,9,41.93,0,vecina
15764,10,57.1,0,vecina
15764,11,112.46,0,vecina
15764,12,13.9,0,vecina
15774,1,83.65,0,vecina
15774,2,98.01,0,vecina
15774,3,162.32,0,vecina
15774,4,150.28,0,vecina
15774,5,175.25,0,vecina
15774,6,183.42,0,vecina
15774,7,172.58,0,vecina
15774,8,126.41,0,vecina
15774,9,161.13,0,vecina
15774,10,173.62,0,vecina
15774,11,155.7,0,vecina
15774,12,103.1,0,vecina
15776,1,19.55,0,vecina
15776,2,70.27,0,vecina
15776,3,124.12,0,vecina
15776,4,99.08,0,vecina
15776,5,68.68,0,vecina
15776,6,80.0,0,vecina
15776,7,39.52,0,vecina
15776,8,37.65,0,vecina
15776,9,53.91,0,vecina
15776,10,92.13,0,vecina
15776,11,117.47,0,vecina
15776,12,57.12,0,vecina
15778,1,11.29,0,vecina
15778,2,22.31,0,vecina
15778,3,45.19,0,vecina
15778,4,141.91,0,vecina
15778,5,201.35,0,vecina
15778,6,213.87,0,vecina
15778,7,217.76,0,vecina
15778,8,144.84,0,vecina
15778,9,174.18,0,vecina
15778,10,129.26,0,vecina
15778,11,55.01,0,vecina
15778,12,15.23,0,vecina
15790,1,81.57,0,vecina
15790,2,85.25,0,vecina
15790,3,116.81,0,vecina
15790,4,113.24,0,vecina
15790,5,132.88,0,vecina
15790,6,140.64,0,vecina
15790,7,144.35,0,vecina
15790,8,116.42,0,vecina
15790,9,132.65,0,vecina
15790,10,141.06,0,vecina
15790,11,130.3,0,vecina
15790,12,73.15,0,vecina
15798,1,20.74,0,vecina
15798,2,10.75,0,vecina
15798,3,51.48,0,vecina
15798,4,77.45,0,vecina
15798,5,120.27,0,vecina
15798,6,145.35,0,vecina
15798,7,168.88,0,vecina
15798,8,130.16,0,vecina
15798,9,108.2,0,vecina
15798,10,106.28,0,vecina
15798,11,61.88,0,vecina
15798,12,19.21,0,vecina
15804,1,33.04,0,vecina
15804,2,20.51,0,vecina
15804,3,91.34,0,vecina
15804,4,103.04,0,vecina
15804,5,128.87,0,vecina
15804,6,154.57,0,vecina
15804,7,134.35,0,vecina
15804,8,107.73,0,vecina
15804,9,78.51,0,vecina
15804,10,100.68,0,vecina
15804,11,104.73,0,vecina
15804,12,23.17,0,vecina
15806,1,21.42,0,vecina
15806,2,36.45,0,vecina
15806,3,91.53,0,vecina
15806,4,88.01,0,vecina
15806,5,72.05,0,vecina
15806,6,86.24,0,vecina
15806,7,56.46,0,vecina
15806,8,166.14,0,vecina
15806,9,60.17,0,vecina
15806,10,104.64,0,vecina
15806,11,136.35,0,vecina
15806,12,40.0,0,vecina
15808,1,26.05,0,vecina
15808,2,54.54,0,vecina
15808,3,113.36,0,vecina
15808,4,93.17,0,vecina
15808,5,69.48,0,vecina
15808,6,87.09,0,vecina
15808,7,49.66,0,vecina
15808,8,43.7,0,vecina
15808,9,52.12,0,vecina
15808,10,86.64,0,vecina
15808,11,111.09,0,vecina
15808,12,48.79,0,vecina
15810,1,13.71,0,vecina
15810,2,39.99,0,vecina
15810,3,101.46,0,vecina
15810,4,119.15,0,vecina
15810,5,109.03,0,vecina
15810,6,103.01,0,vecina
15810,7,67.68,0,vecina
15810,8,68.14,0,vecina
15810,9,87.18,0,vecina
15810,10,122.8,0,vecina
15810,11,98.14,0,vecina
15810,12,37.4,0,vecina
15814,1,16.06,0,vecina
15814,2,26.81,0,vecina
15814,3,76.56,0,vecina
15814,4,77.42,0,vecina
15814,5,112.4,0,vecina
15814,6,61.5,0,vecina
15814,7,49.25,0,vecina
15814,8,58.88,0,vecina
15814,9,34.69,0,vecina
15814,10,67.99,0,vecina
15814,11,98.77,0,vecina
15814,12,25.52,0,vecina
15816,1,57.17,0,vecina
15816,2,106.53,0,vecina
15816,3,201.18,0,vecina
15816,4,238.36,0,vecina
15816,5,226.72,0,vecina
15816,6,179.58,0,vecina
15816,7,183.68,0,vecina
15816,8,178.82,0,vecina
15816,9,175.8,0,vecina
15816,10,214.88,0,vecina
15816,11,180.16,0,vecina
15816,12,87.72,0,vecina
15820,1,16.54,0,vecina
15820,2,36.5,0,vecina
15820,3,47.24,0,vecina
15820,4,85.12,0,vecina
15820,5,98.16,0,vecina
15820,6,106.19,0,vecina
15820,7,73.28,0,vecina
15820,8,106.96,0,vecina
15820,9,66.43,0,vecina
15820,10,90.53,0,vecina
15820,11,103.36,0,vecina
15820,12,11.51,0,vecina
15822,1,16.01,0,vecina
15822,2,20.86,0,vecina
15822,3,83.0,0,vecina
15822,4,96.95,0,vecina
15822,5,79.22,0,vecina
15822,6,67.77,0,vecina
15822,7,69.13,0,vecina
15822,8,105.72,0,vecina
15822,9,43.81,0,vecina
15822,10,62.78,0,vecina
15822,11,81.76,0,vecina
15822,12,12.4,0,vecina
15832,1,106.89,0,vecina
15832,2,92.56,0,vecina
15832,3,214.36,0,vecina
15832,4,206.7,0,vecina
15832,5,190.97,0,vecina
15832,6,99.32,0,vecina
15832,7,100.86,0,vecina
15832,8,102.84,0,vecina
15832,9,148.99,0,vecina
15832,10,284.86,0,vecina
15832,11,293.05,0,vecina
15832,12,117.19,0,vecina
15835,1,41.35,0,vecina
15835,2,24.53,0,vecina
15835,3,75.31,0,vecina
15835,4,86.97,0,vecina
15835,5,100.85,0,vecina
15835,6,116.31,0,vecina
15835,7,106.91,0,vecina
15835,8,89.67,0,vecina
15835,9,66.83,0,vecina
15835,10,96.8,0,vecina
15835,11,94.7,0,vecina
15835,12,25.42,0,vecina
15837,1,12.4,1,estacion
15837,2,56.36,1,estacion
15837,3,126.59,1,estacion
15837,4,140.03,1,estacion
15837,5,180.59,1,estacion
15837,6,82.95,1,estacion
15837,7,51.89,1,estacion
15837,8,73.03,1,estacion
15837,9,68.62,1,estacion
15837,10,187.16,1,estacion
15837,11,138.1,1,estacion
15837,12,79.32,1,estacion
15839,1,113.22,0,vecina
15839,2,111.47,0,vecina
15839,3,150.59,0,vecina
15839,4,132.59,0,vecina
15839,5,160.52,0,vecina
15839,6,173.14,0,vecina
15839,7,190.15,0,vecina
15839,8,141.83,0,vecina
15839,9,169.55,0,vecina
15839,10,169.61,0,vecina
15839,11,154.72,0,vecina
15839,12,105.39,0,vecina
15842,1,22.6,0,vecina
15842,2,16.68,0,vecina
15842,3,89.23,0,vecina
15842,4,114.0,0,vecina
15842,5,170.16,0,vecina
15842,6,196.8,0,vecina
15842,7,191.99,0,vecina
15842,8,154.97,0,vecina
15842,9,113.5,0,vecina
15842,10,110.87,0,vecina
15842,11,76.64,0,vecina
15842,12,21.57,0,vecina
15861,1,43.51,1,estacion
15861,2,24.65,1,estacion
15861,3,71.07,1,estacion
15861,4,83.92,1,estacion
15861,5,95.75,1,estacion
15861,6,106.89,1,estacion
15861,7,103.37,1,estacion
15861,8,86.08,1,estacion
15861,9,63.57,1,estacion
15861,10,105.17,1,estacion
15861,11,101.7,1,estacion
15861,12,27.8,1,estacion
15879,1,21.67,0,vecina
15879,2,33.93,0,vecina
15879,3,70.38,0,vecina
15879,4,62.19,0,vecina
15879,5,72.02,0,vecina
15879,6,70.58,0,vecina
15879,7,50.58,0,vecina
15879,8,46.18,0,vecina
15879,9,33.41,0,vecina
15879,10,43.97,0,vecina
15879,11,99.95,0,vecina
15879,12,10.87,0,vecina
15897,1,46.99,1,estacion
15897,2,9.5,1,estacion
15897,3,24.47,1,estacion
15897,4,59.91,1,estacion
15897,5,100.44,1,estacion
15897,6,82.86,1,estacion
15897,7,115.48,1,estacion
15897,8,129.58,1,estacion
15897,9,80.37,1,estacion
15897,10,105.27,1,estacion
15897,11,138.08,1,estacion
15897,12,43.95,1,estacion
17001,1,98.31,5,estacion
17001,2,141.7,5,estacion
17001,3,187.06,5,estacion
17001,4,258.2,5,estacion
17001,5,168.57,5,estacion
17001,6,152.16,5,estacion
17001,7,157.13,5,estacion
17001,8,130.39,5,estacion
17001,9,171.15,5,estacion
17001,10,218.69,5,estacion
17001,11,189.36,5,estacion
17001,12,111.52,5,estacion
17013,1,28.72,1,estacion
17013,2,3.68,1,estacion
17013,3,46.74,1,estacion
17013,4,90.91,1,estacion
17013,5,122.71,1,estacion
17013,6,68.75,1,estacion
17013,7,69.72,1,estacion
17013,8,65.76,1,estacion
17013,9,60.33,1,estacion
17013,10,94.55,1,estacion
17013,11,46.1,1,estacion
17013,12,5.03,1,estacion
17042,1,72.64,2,estacion
17042,2,97.78,2,estacion
17042,3,180.71,2,estacion
17042,4,204.56,2,estacion
17042,5,191.4,2,estacion
17042,6,194.7,2,estacion
17042,7,149.95,2,estacion
17042,8,158.16,2,estacion
17042,9,150.88,2,estacion
17042,10,176.92,2,estacion
17042,11,211.71,2,estacion
17042,12,117.92,2,estacion
17050,1,73.16,0,vecina
17050,2,157.33,0,vecina
17050,3,176.04,0,vecina
17050,4,193.48,0,vecina
17050,5,118.21,0,vecina
17050,6,186.19,0,vecina
17050,7,156.47,0,vecina
17050,8,116.0,0,vecina
17050,9,111.94,0,vecina
17050,10,268.78,0,vecina
17050,11,276.82,0,vecina
17050,12,106.96,0,vecina
17088,1,81.46,4,estacion
17088,2,120.93,4,estacion
17088,3,186.85,4,estacion
17088,4,241.58,4,estacion
17088,5,172.34,4,estacion
17088,6,174.72,4,estacion
17088,7,180.71,4,estacion
17088,8,146.93,4,estacion
17088,9,159.37,4,estacion
17088,10,182.2,4,estacion
17088,11,261.95,4,estacion
17088,12,199.83,4,estacion
17174,1,131.57,1,estacion
17174,2,201.31,1,estacion
17174,3,233.79,1,estacion
17174,4,301.39,1,estacion
17174,5,220.51,1,estacion
17174,6,200.25,1,estacion
17174,7,259.62,1,estacion
17174,8,145.27,1,estacion
17174,9,201.85,1,estacion
17174,10,278.68,1,estacion
17174,11,283.89,1,estacion
17174,12,161.23,1,estacion
17272,1,84.85,0,vecina
17272,2,137.94,0,vecina
17272,3,159.4,0,vecina
17272,4,176.41,0,vecina
17272,5,125.29,0,vecina
17272,6,158.95,0,vecina
17272,7,147.59,0,vecina
17272,8,127.0,0,vecina
17272,9,130.94,0,vecina
17272,10,242.68,0,vecina
17272,11,245.43,0,vecina
17272,12,116.6,0,vecina
17380,1,44.14,0,vecina
17380,2,85.08,0,vecina
17380,3,213.22,0,vecina
17380,4,274.75,0,vecina
17380,5,339.07,0,vecina
17380,6,111.71,0,vecina
17380,7,52.38,0,vecina
17380,8,93.79,0,vecina
17380,9,149.19,0,vecina
17380,10,206.5,0,vecina
17380,11,292.32,0,vecina
17380,12,161.43,0,vecina
17388,1,75.6,0,vecina
17388,2,98.4,0,vecina
17388,3,119.47,0,vecina
17388,4,163.7,0,vecina
17388,5,127.67,0,vecina
17388,6,124.26,0,vecina
17388,7,125.57,0,vecina
17388,8,132.1,0,vecina
17388,9,154.09,0,vecina
17388,10,187.79,0,vecina
17388,11,149.64,0,vecina
17388,12,106.18,0,vecina
17433,1,95.27,2,estacion
17433,2,279.11,2,estacion
17433,3,370.47,2,estacion
17433,4,289.99,2,estacion
17433,5,185.69,2,estacion
17433,6,223.52,2,estacion
17433,7,132.71,2,estacion
17433,8,210.73,2,estacion
17433,9,275.07,2,estacion
17433,10,293.37,2,estacion
17433,11,313.33,2,estacion
17433,12,267.97,2,estacion
17442,1,110.53,0,vecina
17442,2,112.66,0,vecina
17442,3,162.86,0,vecina
17442,4,186.82,0,vecina
17442,5,160.39,0,vecina
17442,6,144.42,0,vecina
17442,7,173.84,0,vecina
17442,8,195.33,0,vecina
17442,9,213.59,0,vecina
17442,10,187.0,0,vecina
17442,11,191.73,0,vecina
17442,12,146.31,0,vecina
17444,1,342.67,1,estacion
17444,2,316.44,1,estacion
17444,3,294.02,1,estacion
17444,4,292.79,1,estacion
17444,5,206.31,1,estacion
17444,6,41.03,1,estacion
17444,7,168.11,1,estacion
17444,8,199.36,1,estacion
17444,9,270.96,1,estacion
17444,10,420.63,1,estacion
17444,11,263.48,1,estacion
17444,12,307.1,1,estacion
17446,1,26.03,1,estacion
17446,2,60.12,1,estacion
17446,3,190.37,1,estacion
17446,4,145.35,1,estacion
17446,5,249.31,1,estacion
17446,6,197.78,1,estacion
17446,7,250.41,1,estacion
17446,8,12.17,1,estacion
17446,9,34.7,1,estacion
17446,10,204.21,1,estacion
17446,11,86.06,1,estacion
17446,12,119.74,1,estacion
17486,1,71.83,1,estacion
17486,2,206.34,1,estacion
17486,3,227.59,1,estacion
17486,4,207.91,1,estacion
17486,5,108.61,1,estacion
17486,6,251.7,1,estacion
17486,7,198.46,1,estacion
17486,8,127.95,1,estacion
17486,9,91.38,1,estacion
17486,10,335.09,1,estacion
17486,11,397.63,1,estacion
17486,12,117.85,1,estacion
17495,1,205.58,0,vecina
17495,2,211.97,0,vecina
17495,3,238.26,0,vecina
17495,4,260.02,0,vecina
17495,5,285.97,0,vecina
17495,6,126.81,0,vecina
17495,7,127.3,0,vecina
17495,8,174.47,0,vecina
17495,9,234.53,0,vecina
17495,10,313.95,0,vecina
17495,11,331.22,0,vecina
17495,12,339.06,0,vecina
17513,1,50.08,0,vecina
17513,2,38.28,0,vecina
17513,3,71.91,0,vecina
17513,4,115.03,0,vecina
17513,5,125.38,0,vecina
17513,6,82.13,0,vecina
17513,7,85.69,0,vecina
17513,8,85.44,0,vecina
17513,9,92.16,0,vecina
17513,10,129.85,0,vecina
17513,11,85.32,0,vecina
17513,12,43.96,0,vecina
17524,1,111.97,1,estacion
17524,2,65.68,1,estacion
17524,3,186.6,1,estacion
17524,4,275.45,1,estacion
17524,5,252.74,1,estacion
17524,6,186.17,1,estacion
17524,7,203.58,1,estacion
17524,8,139.73,1,estacion
17524,9,253.93,1,estacion
17524,10,215.51,1,estacion
17524,11,306.9,1,estacion
17524,12,129.37,1,estacion
17541,1,323.98,1,estacion
17541,2,308.59,1,estacion
17541,3,220.11,1,estacion
17541,4,201.12,1,estacion
17541,5,282.93,1,estacion
17541,6,242.94,1,estacion
17541,7,207.4,1,estacion
17541,8,279.87,1,estacion
17541,9,335.4,1,estacion
17541,10,378.12,1,estacion
17541,11,465.66,1,estacion
17541,12,661.96,1,estacion
17614,1,24.36,1,estacion
17614,2,126.62,1,estacion
17614,3,204.67,1,estacion
17614,4,251.95,1,estacion
17614,5,142.39,1,estacion
17614,6,304.67,1,estacion
17614,7,279.91,1,estacion
17614,8,305.79,1,estacion
17614,9,281.05,1,estacion
17614,10,173.29,1,estacion
17614,11,176.29,1,estacion
17614,12,117.92,1,estacion
17616,1,80.94,0,vecina
17616,2,98.08,0,vecina
17616,3,146.01,0,vecina
17616,4,192.05,0,vecina
17616,5,203.77,0,vecina
17616,6,208.75,0,vecina
17616,7,145.09,0,vecina
17616,8,130.12,0,vecina
17616,9,163.55,0,vecina
17616,10,195.63,0,vecina
17616,11,226.63,0,vecina
17616,12,119.47,0,vecina
17653,1,65.56,2,estacion
17653,2,90.4,2,estacion
17653,3,95.15,2,estacion
17653,4,147.33,2,estacion
17653,5,113.27,2,estacion
17653,6,101.76,2,estacion
17653,7,93.78,2,estacion
17653,8,92.72,2,estacion
17653,9,119.94,2,estacion
17653,10,189.26,2,estacion
17653,11,130.52,2,estacion
17653,12,89.03,2,estacion
17662,1,293.55,0,vecina
17662,2,307.49,0,vecina
17662,3,284.83,0,vecina
17662,4,264.26,0,vecina
17662,5,226.12,0,vecina
17662,6,134.79,0,vecina
17662,7,173.91,0,vecina
17662,8,225.97,0,vecina
17662,9,291.39,0,vecina
17662,10,385.3,0,vecina
17662,11,334.06,0,vecina
17662,12,408.75,0,vecina
17665,1,80.23,0,vecina
17665,2,102.05,0,vecina
17665,3,143.77,0,vecina
17665,4,201.67,0,vecina
17665,5,191.94,0,vecina
17665,6,196.11,0,vecina
17665,7,163.94,0,vecina
17665,8,105.15,0,vecina
17665,9,161.52,0,vecina
17665,10,185.3,0,vecina
17665,11,242.97,0,vecina
17665,12,163.56,0,vecina
17777,1,139.98,1,estacion
17777,2,113.21,1,estacion
17777,3,164.72,1,estacion
17777,4,177.81,1,estacion
17777,5,173.34,1,estacion
17777,6,112.42,1,estacion
17777,7,162.01,1,estacion
17777,8,186.47,1,estacion
17777,9,213.77,1,estacion
17777,10,189.99,1,estacion
17777,11,206.59,1,estacion
17777,12,163.67,1,estacion
17867,1,220.62,0,vecina
17867,2,270.02,0,vecina
17867,3,317.34,0,vecina
17867,4,270.51,0,vecina
17867,5,204.67,0,vecina
17867,6,90.67,0,vecina
17867,7,157.3,0,vecina
17867,8,190.66,0,vecina
17867,9,286.48,0,vecina
17867,10,385.15,0,vecina
17867,11,284.54,0,vecina
17867,12,265.94,0,vecina
17873,1,39.33,7,estacion
17873,2,85.33,7,estacion
17873,3,105.36,7,estacion
17873,4,122.9,7,estacion
17873,5,112.63,7,estacion
17873,6,109.4,7,estacion
17873,7,78.05,7,estacion
17873,8,60.47,7,estacion
17873,9,78.63,7,estacion
17873,10,123.76,7,estacion
17873,11,112.5,7,estacion
17873,12,51.83,7,estacion
17877,1,71.51,0,vecina
17877,2,84.45,0,vecina
17877,3,125.25,0,vecina
17877,4,172.79,0,vecina
17877,5,180.52,0,vecina
17877,6,184.88,0,vecina
17877,7,161.4,0,vecina
17877,8,85.98,0,vecina
17877,9,148.43,0,vecina
17877,10,169.41,0,vecina
17877,11,209.25,0,vecina
17877,12,143.87,0,vecina
18001,1,0.04,1,estacion
18001,2,0.04,1,estacion
18001,3,89.07,1,estacion
18001,4,160.51,1,estacion
18001,5,0.0,1,estacion
18001,6,0.05,1,estacion
18001,7,0.0,1,estacion
18001,8,156.91,1,estacion
18001,9,147.87,1,estacion
18001,10,69.58,1,estacion
18001,11,16.04,1,estacion
18001,12,65.15,1,estacion
18029,1,41.71,0,vecina
18029,2,49.08,0,vecina
18029,3,115.29,0,vecina
18029,4,170.02,0,vecina
18029,5,120.15,0,vecina
18029,6,138.34,0,vecina
18029,7,110.21,0,vecina
18029,8,156.33,0,vecina
18029,9,141.17,0,vecina
18029,10,100.6,0,vecina
18029,11,61.68,0,vecina
18029,12,74.42,0,vecina
18094,1,40.99,0,vecina
18094,2,48.75,0,vecina
18094,3,114.96,0,vecina
18094,4,168.93,0,vecina
18094,5,118.42,0,vecina
18094,6,136.62,0,vecina
18094,7,107.63,0,vecina
18094,8,155.27,0,vecina
18094,9,139.51,0,vecina
18094,10,99.66,0,vecina
18094,11,61.01,0,vecina
18094,12,73.41,0,vecina
18150,1,96.71,0,vecina
18150,2,146.42,0,vecina
18150,3,315.11,0,vecina
18150,4,470.74,0,vecina
18150,5,308.58,0,vecina
18150,6,425.34,0,vecina
18150,7,252.82,0,vecina
18150,8,197.17,0,vecina
18150,9,281.37,0,vecina
18150,10,271.19,0,vecina
18150,11,205.79,0,vecina
18150,12,166.53,0,vecina
18205,1,78.73,0,vecina
18205,2,83.06,0,vecina
18205,3,153.34,0,vecina
18205,4,196.26,0,vecina
18205,5,177.37,0,vecina
18205,6,188.62,0,vecina
18205,7,184.47,0,vecina
18205,8,206.45,0,vecina
18205,9,236.06,0,vecina
18205,10,148.69,0,vecina
18205,11,117.96,0,vecina
18205,12,125.99,0,vecina
18247,1,54.75,1,estacion
18247,2,191.86,1,estacion
18247,3,221.48,1,estacion
18247,4,392.74,1,estacion
18247,5,218.29,1,estacion
18247,6,287.8,1,estacion
18247,7,168.32,1,estacion
18247,8,104.5,1,estacion
18247,9,280.98,1,estacion
18247,10,220.88,1,estacion
18247,11,171.22,1,estacion
18247,12,229.97,1,estacion
18256,1,158.21,1,estacion
18256,2,171.2,1,estacion
18256,3,438.64,1,estacion
18256,4,501.53,1,estacion
18256,5,532.07,1,estacion
18256,6,745.38,1,estacion
18256,7,445.58,1,estacion
18256,8,372.03,1,estacion
18256,9,409.92,1,estacion
18256,10,440.93,1,estacion
18256,11,331.29,1,estacion
18256,12,141.3,1,estacion
18410,1,101.3,0,vecina
18410,2,134.18,0,vecina
18410,3,315.01,0,vecina
18410,4,400.01,0,vecina
18410,5,347.0,0,vecina
18410,6,482.78,0,vecina
18410,7,287.91,0,vecina
18410,8,271.15,0,vecina
18410,9,323.51,0,vecina
18410,10,311.56,0,vecina
18410,11,226.42,0,vecina
18410,12,139.55,0,vecina
18460,1,75.63,0,vecina
18460,2,111.16,0,vecina
18460,3,258.69,0,vecina
18460,4,348.76,0,vecina
18460,5,261.87,0,vecina
18460,6,362.89,0,vecina
18460,7,216.1,0,vecina
18460,8,231.69,0,vecina
18460,9,282.5,0,vecina
18460,10,252.11,0,vecina
18460,11,176.91,0,vecina
18460,12,132.16,0,vecina
18479,1,27.63,0,vecina
18479,2,33.65,0,vecina
18479,3,139.54,0,vecina
18479,4,200.77,0,vecina
18479,5,91.52,0,vecina
18479,6,124.16,0,vecina
18479,7,72.5,0,vecina
18479,8,178.28,0,vecina
18479,9,170.06,0,vecina
18479,10,120.57,0,vecina
18479,11,65.36,0,vecina
18479,12,71.56,0,vecina
18592,1,80.18,0,vecina
18592,2,149.9,0,vecina
18592,3,280.38,0,vecina
18592,4,453.2,0,vecina
18592,5,258.62,0,vecina
18592,6,352.45,0,vecina
18592,7,208.65,0,vecina
18592,8,154.49,0,vecina
18592,9,261.01,0,vecina
18592,10,236.21,0,vecina
18592,11,180.36,0,vecina
18592,12,180.83,0,vecina
18610,1,50.88,0,vecina
18610,2,58.47,0,vecina
18610,3,120.72,0,vecina
18610,4,174.62,0,vecina
18610,5,145.63,0,vecina
18610,6,166.95,0,vecina
18610,7,136.3,0,vecina
18610,8,159.11,0,vecina
18610,9,144.52,0,vecina
18610,10,108.51,0,vecina
18610,11,71.4,0,vecina
18610,12,78.76,0,vecina
18753,1,46.32,1,estacion
18753,2,0.47,1,estacion
18753,3,232.63,1,estacion
18753,4,560.34,1,estacion
18753,5,0.0,1,estacion
18753,6,0.06,1,estacion
18753,7,0.0,1,estacion
18753,8,0.1,1,estacion
18753,9,0.0,1,estacion
18753,10,0.0,1,estacion
18753,11,0.0,1,estacion
18753,12,94.09,1,estacion
18756,1,78.17,0,vecina
18756,2,125.37,0,vecina
18756,3,265.29,0,vecina
18756,4,364.11,0,vecina
18756,5,273.37,0,vecina
18756,6,377.43,0,vecina
18756,7,224.47,0,vecina
18756,8,224.17,0,vecina
18756,9,290.38,0,vecina
18756,10,260.05,0,vecina
18756,11,185.96,0,vecina
18756,12,145.36,0,vecina
18785,1,71.66,0,vecina
18785,2,113.24,0,vecina
18785,3,250.47,0,vecina
18785,4,345.7,0,vecina
18785,5,250.17,0,vecina
18785,6,345.64,0,vecina
18785,7,205.6,0,vecina
18785,8,220.19,0,vecina
18785,9,277.97,0,vecina
18785,10,243.9,0,vecina
18785,11,171.22,0,vecina
18785,12,136.91,0,vecina
18860,1,58.56,0,vecina
18860,2,68.3,0,vecina
18860,3,204.57,0,vecina
18860,4,261.39,0,vecina
18860,5,195.14,0,vecina
18860,6,268.03,0,vecina
18860,7,157.97,0,vecina
18860,8,215.25,0,vecina
18860,9,213.89,0,vecina
18860,10,188.83,0,vecina
18860,11,125.21,0,vecina
18860,12,84.28,0,vecina
19001,1,91.99,3,estacion
19001,2,150.82,3,estacion
19001,3,155.44,3,estacion
19001,4,148.98,3,estacion
19001,5,116.8,3,estacion
19001,6,98.51,3,estacion
19001,7,62.4,3,estacion
19001,8,116.03,3,estacion
19001,9,58.87,3,estacion
19001,10,152.38,3,estacion
19001,11,292.7,3,estacion
19001,12,171.52,3,estacion
19022,1,91.93,0,vecina
19022,2,137.37,0,vecina
19022,3,161.25,0,vecina
19022,4,239.41,0,vecina
19022,5,221.6,0,vecina
19022,6,142.47,0,vecina
19022,7,133.7,0,vecina
19022,8,74.55,0,vecina
19022,9,96.62,0,vecina
19022,10,243.9,0,vecina
19022,11,325.47,0,vecina
19022,12,170.85,0,vecina
19050,1,154.39,0,vecina
19050,2,144.37,0,vecina
19050,3,117.66,0,vecina
19050,4,198.85,0,vecina
19050,5,205.05,0,vecina
19050,6,83.84,0,vecina
19050,7,88.83,0,vecina
19050,8,62.17,0,vecina
19050,9,75.97,0,vecina
19050,10,210.86,0,vecina
19050,11,367.14,0,vecina
19050,12,362.46,0,vecina
19075,1,158.56,2,estacion
19075,2,145.7,2,estacion
19075,3,99.75,2,estacion
19075,4,165.8,2,estacion
19075,5,218.73,2,estacion
19075,6,93.54,2,estacion
19075,7,115.24,2,estacion
19075,8,70.21,2,estacion
19075,9,83.54,2,estacion
19075,10,222.9,2,estacion
19075,11,382.16,2,estacion
19075,12,441.49,2,estacion
19100,1,106.93,0,vecina
19100,2,124.82,0,vecina
19100,3,117.58,0,vecina
19100,4,194.27,0,vecina
19100,5,165.97,0,vecina
19100,6,57.01,0,vecina
19100,7,69.59,0,vecina
19100,8,34.21,0,vecina
19100,9,60.86,0,vecina
19100,10,202.13,0,vecina
19100,11,328.88,0,vecina
19100,12,231.31,0,vecina
19110,1,111.19,0,vecina
19110,2,242.0,0,vecina
19110,3,359.04,0,vecina
19110,4,277.55,0,vecina
19110,5,268.37,0,vecina
19110,6,364.71,0,vecina
19110,7,107.62,0,vecina
19110,8,53.97,0,vecina
19110,9,158.51,0,vecina
19110,10,209.47,0,vecina
19110,11,289.89,0,vecina
19110,12,203.82,0,vecina
19130,1,113.15,0,vecina
19130,2,194.17,0,vecina
19130,3,187.95,0,vecina
19130,4,169.49,0,vecina
19130,5,142.11,0,vecina
19130,6,110.77,0,vecina
19130,7,103.12,0,vecina
19130,8,82.24,0,vecina
19130,9,84.03,0,vecina
19130,10,176.22,0,vecina
19130,11,248.81,0,vecina
19130,12,172.76,0,vecina
19137,1,116.5,0,vecina
19137,2,214.69,0,vecina
19137,3,212.76,0,vecina
19137,4,178.73,0,vecina
19137,5,146.2,0,vecina
19137,6,271.4,0,vecina
19137,7,108.54,0,vecina
19137,8,60.32,0,vecina
19137,9,91.1,0,vecina
19137,10,186.47,0,vecina
19137,11,237.93,0,vecina
19137,12,183.08,0,vecina
19142,1,128.18,0,vecina
19142,2,172.74,0,vecina
19142,3,258.42,0,vecina
19142,4,205.18,0,vecina
19142,5,194.85,0,vecina
19142,6,526.06,0,vecina
19142,7,93.72,0,vecina
19142,8,71.81,0,vecina
19142,9,125.25,0,vecina
19142,10,171.45,0,vecina
19142,11,244.24,0,vecina
19142,12,240.54,0,vecina
19212,1,235.21,1,estacion
19212,2,176.09,1,estacion
19212,3,218.62,1,estacion
19212,4,192.57,1,estacion
19212,5,173.27,1,estacion
19212,6,87.42,1,estacion
19212,7,84.06,1,estacion
19212,8,89.61,1,estacion
19212,9,121.39,1,estacion
19212,10,219.08,1,estacion
19212,11,223.19,1,estacion
19212,12,326.47,1,estacion
19256,1,215.15,1,estacion
19256,2,107.91,1,estacion
19256,3,140.46,1,estacion
19256,4,237.89,1,estacion
19256,5,178.32,1,estacion
19256,6,83.99,1,estacion
19256,7,18.09,1,estacion
19256,8,76.04,1,estacion
19256,9,57.98,1,estacion
19256,10,70.71,1,estacion
19256,11,247.71,1,estacion
19256,12,251.5,1,estacion
19290,1,86.23,0,vecina
19290,2,65.89,0,vecina
19290,3,95.55,0,vecina
19290,4,125.68,0,vecina
19290,5,146.11,0,vecina
19290,6,84.7,0,vecina
19290,7,93.94,0,vecina
19290,8,45.13,0,vecina
19290,9,61.03,0,vecina
19290,10,117.56,0,vecina
19290,11,199.4,0,vecina
19290,12,144.73,0,vecina
19300,1,166.8,0,vecina
19300,2,195.11,0,vecina
19300,3,302.32,0,vecina
19300,4,242.15,0,vecina
19300,5,234.65,0,vecina
19300,6,324.12,0,vecina
19300,7,90.94,0,vecina
19300,8,75.48,0,vecina
19300,9,148.33,0,vecina
19300,10,205.12,0,vecina
19300,11,261.95,0,vecina
19300,12,273.31,0,vecina
19318,1,342.69,2,estacion
19318,2,286.11,2,estacion
19318,3,262.75,2,estacion
19318,4,363.42,2,estacion
19318,5,799.86,2,estacion
19318,6,732.1,2,estacion
19318,7,629.77,2,estacion
19318,8,504.79,2,estacion
19318,9,481.92,2,estacion
19318,10,495.58,2,estacion
19318,11,514.34,2,estacion
19318,12,420.56,2,estacion
19355,1,77.82,1,estacion
19355,2,35.49,1,estacion
19355,3,39.65,1,estacion
19355,4,88.34,1,estacion
19355,5,119.68,1,estacion
19355,6,75.71,1,estacion
19355,7,46.43,1,estacion
19355,8,30.32,1,estacion
19355,9,32.46,1,estacion
19355,10,89.56,1,estacion
19355,11,81.02,1,estacion
19355,12,71.03,1,estacion
19364,1,85.41,0,vecina
19364,2,139.44,0,vecina
19364,3,156.97,0,vecina
19364,4,136.21,0,vecina
19364,5,122.43,0,vecina
19364,6,560.54,0,vecina
19364,7,93.84,0,vecina
19364,8,57.0,0,vecina
19364,9,74.64,0,vecina
19364,10,130.69,0,vecina
19364,11,190.47,0,vecina
19364,12,167.92,0,vecina
19392,1,69.29,1,estacion
19392,2,176.11,1,estacion
19392,3,183.92,1,estacion
19392,4,324.29,1,estacion
19392,5,164.25,1,estacion
19392,6,34.77,1,estacion
19392,7,30.29,1,estacion
19392,8,6.98,1,estacion
19392,9,56.78,1,estacion
19392,10,297.92,1,estacion
19392,11,417.38,1,estacion
19392,12,81.0,1,estacion
19397,1,79.97,0,vecina
19397,2,154.3,0,vecina
19397,3,173.07,0,vecina
19397,4,279.15,0,vecina
19397,5,196.26,0,vecina
19397,6,96.15,0,vecina
19397,7,88.4,0,vecina
19397,8,44.72,0,vecina
19397,9,79.34,0,vecina
19397,10,268.45,0,vecina
19397,11,364.57,0,vecina
19397,12,123.22,0,vecina
19418,1,223.3,0,vecina
19418,2,206.96,0,vecina
19418,3,208.12,0,vecina
19418,4,259.85,0,vecina
19418,5,344.14,0,vecina
19418,6,271.11,0,vecina
19418,7,221.04,0,vecina
19418,8,184.26,0,vecina
19418,9,189.31,0,vecina
19418,10,237.42,0,vecina
19418,11,318.13,0,vecina
19418,12,274.58,0,vecina
19450,1,101.01,0,vecina
19450,2,77.63,0,vecina
19450,3,78.84,0,vecina
19450,4,113.98,0,vecina
19450,5,128.28,0,vecina
19450,6,51.93,0,vecina
19450,7,65.35,0,vecina
19450,8,32.52,0,vecina
19450,9,46.97,0,vecina
19450,10,120.9,0,vecina
19450,11,234.39,0,vecina
19450,12,209.91,0,vecina
19455,1,123.99,0,vecina
19455,2,172.52,0,vecina
19455,3,144.55,0,vecina
19455,4,170.99,0,vecina
19455,5,104.38,0,vecina
19455,6,87.04,0,vecina
19455,7,73.48,0,vecina
19455,8,58.41,0,vecina
19455,9,97.15,0,vecina
19455,10,166.38,0,vecina
19455,11,181.86,0,vecina
19455,12,180.35,0,vecina
19473,1,136.32,1,estacion
19473,2,254.71,1,estacion
19473,3,240.28,1,estacion
19473,4,201.19,1,estacion
19473,5,163.83,1,estacion
19473,6,110.53,1,estacion
19473,7,120.36,1,estacion
19473,8,47.96,1,estacion
19473,9,101.53,1,estacion
19473,10,217.18,1,estacion
19473,11,239.41,1,estacion
19473,12,183.01,1,estacion
19513,1,189.57,0,vecina
19513,2,183.9,0,vecina
19513,3,218.6,0,vecina
19513,4,201.78,0,vecina
19513,5,169.03,0,vecina
19513,6,107.79,0,vecina
19513,7,81.8,0,vecina
19513,8,76.9,0,vecina
19513,9,122.84,0,vecina
19513,10,203.83,0,vecina
19513,11,221.35,0,vecina
19513,12,271.65,0,vecina
19517,1,37.3,1,estacion
19517,2,164.32,1,estacion
19517,3,214.86,1,estacion
19517,4,130.56,1,estacion
19517,5,227.62,1,estacion
19517,6,155.16,1,estacion
19517,7,102.67,1,estacion
19517,8,62.31,1,estacion
19517,9,48.74,1,estacion
19517,10,77.58,1,estacion
19517,11,141.95,1,estacion
19517,12,147.9,1,estacion
19532,1,127.49,0,vecina
19532,2,153.24,0,vecina
19532,3,144.5,0,vecina
19532,4,249.32,0,vecina
19532,5,187.45,0,vecina
19532,6,65.39,0,vecina
19532,7,60.86,0,vecina
19532,8,42.57,0,vecina
19532,9,67.24,0,vecina
19532,10,231.82,0,vecina
19532,11,376.0,0,vecina
19532,12,247.25,0,vecina
19533,1,131.34,0,vecina
19533,2,140.69,0,vecina
19533,3,213.83,0,vecina
19533,4,211.07,0,vecina
19533,5,297.25,0,vecina
19533,6,311.85,0,vecina
19533,7,306.07,0,vecina
19533,8,250.6,0,vecina
19533,9,319.32,0,vecina
19533,10,214.28,0,vecina
19533,11,202.93,0,vecina
19533,12,172.89,0,vecina
19548,1,114.85,0,vecina
19548,2,197.51,0,vecina
19548,3,190.37,0,vecina
19548,4,171.04,0,vecina
19548,5,144.21,0,vecina
19548,6,111.91,0,vecina
19548,7,106.71,0,vecina
19548,8,79.49,0,vecina
19548,9,86.17,0,vecina
19548,10,177.97,0,vecina
19548,11,244.85,0,vecina
19548,12,172.75,0,vecina
19573,1,133.96,0,vecina
19573,2,233.74,0,vecina
19573,3,385.0,0,vecina
19573,4,310.8,0,vecina
19573,5,299.24,0,vecina
19573,6,242.21,0,vecina
19573,7,89.12,0,vecina
19573,8,61.29,0,vecina
19573,9,185.43,0,vecina
19573,10,219.45,0,vecina
19573,11,295.87,0,vecina
19573,12,232.95,0,vecina
19585,1,82.87,3,estacion
19585,2,78.48,3,estacion
19585,3,72.65,3,estacion
19585,4,102.18,3,estacion
19585,5,130.55,3,estacion
19585,6,149.44,3,estacion
19585,7,157.38,3,estacion
19585,8,119.32,3,estacion
19585,9,89.39,3,estacion
19585,10,81.02,3,estacion
19585,11,152.65,3,estacion
19585,12,134.38,3,estacion
19622,1,91.01,0,vecina
19622,2,164.58,0,vecina
19622,3,175.42,0,vecina
19622,4,296.3,0,vecina
19622,5,161.7,0,vecina
19622,6,47.34,0,vecina
19622,7,31.65,0,vecina
19622,8,26.45,0,vecina
19622,9,57.13,0,vecina
19622,10,253.8,0,vecina
19622,11,382.93,0,vecina
19622,12,112.37,0,vecina
19693,1,82.22,0,vecina
19693,2,110.16,0,vecina
19693,3,169.1,0,vecina
19693,4,212.7,0,vecina
19693,5,258.49,0,vecina
19693,6,227.32,0,vecina
19693,7,204.96,0,vecina
19693,8,118.34,0,vecina
19693,9,126.22,0,vecina
19693,10,217.66,0,vecina
19693,11,247.72,0,vecina
19693,12,130.1,0,vecina
19698,1,125.99,0,vecina
19698,2,191.82,0,vecina
19698,3,311.94,0,vecina
19698,4,243.0,0,vecina
19698,5,238.34,0,vecina
19698,6,495.53,0,vecina
19698,7,94.56,0,vecina
19698,8,68.95,0,vecina
19698,9,147.46,0,vecina
19698,10,185.39,0,vecina
19698,11,267.56,0,vecina
19698,12,240.37,0,vecina
19701,1,70.35,1,estacion
19701,2,69.12,1,estacion
19701,3,178.36,1,estacion
19701,4,168.85,1,estacion
19701,5,314.5,1,estacion
19701,6,354.33,1,estacion
19701,7,312.61,1,estacion
19701,8,184.8,1,estacion
19701,9,170.69,1,estacion
19701,10,176.8,1,estacion
19701,11,131.85,1,estacion
19701,12,79.88,1,estacion
19743,1,103.48,0,vecina
19743,2,162.15,0,vecina
19743,3,157.44,0,vecina
19743,4,151.48,0,vecina
19743,5,136.15,0,vecina
19743,6,117.96,0,vecina
19743,7,110.12,0,vecina
19743,8,95.12,0,vecina
19743,9,81.94,0,vecina
19743,10,151.42,0,vecina
19743,11,232.7,0,vecina
19743,12,163.86,0,vecina
19760,1,80.28,0,vecina
19760,2,127.47,0,vecina
19760,3,128.56,0,vecina
19760,4,187.68,0,vecina
19760,5,138.93,0,vecina
19760,6,99.4,0,vecina
19760,7,93.43,0,vecina
19760,8,80.57,0,vecina
19760,9,71.62,0,vecina
19760,10,170.17,0,vecina
19760,11,273.12,0,vecina
19760,12,124.5,0,vecina
19780,1,118.51,0,vecina
19780,2,242.47,0,vecina
19780,3,310.73,0,vecina
19780,4,245.68,0,vecina
19780,5,226.36,0,vecina
19780,6,293.02,0,vecina
19780,7,111.72,0,vecina
19780,8,52.35,0,vecina
19780,9,135.81,0,vecina
19780,10,208.77,0,vecina
19780,11,269.3,0,vecina
19780,12,196.07,0,vecina
19785,1,117.07,0,vecina
19785,2,157.25,0,vecina
19785,3,152.01,0,vecina
19785,4,263.56,0,vecina
19785,5,182.94,0,vecina
19785,6,59.69,0,vecina
19785,7,54.67,0,vecina
19785,8,36.04,0,vecina
19785,9,65.16,0,vecina
19785,10,243.15,0,vecina
19785,11,382.86,0,vecina
19785,12,215.51,0,vecina
19807,1,126.15,0,vecina
19807,2,143.1,0,vecina
19807,3,157.47,0,vecina
19807,4,219.71,0,vecina
19807,5,147.99,0,vecina
19807,6,78.52,0,vecina
19807,7,40.43,0,vecina
19807,8,76.96,0,vecina
19807,9,58.08,0,vecina
19807,10,161.09,0,vecina
19807,11,308.19,0,vecina
19807,12,175.49,0,vecina
19809,1,313.21,0,vecina
19809,2,256.49,0,vecina
19809,3,235.83,0,vecina
19809,4,332.78,0,vecina
19809,5,687.52,0,vecina
19809,6,611.73,0,vecina
19809,7,524.9,0,vecina
19809,8,423.96,0,vecina
19809,9,405.09,0,vecina
19809,10,431.12,0,vecina
19809,11,477.75,0,vecina
19809,12,407.74,0,vecina
19821,1,69.26,1,estacion
19821,2,127.15,1,estacion
19821,3,159.89,1,estacion
19821,4,126.28,1,estacion
19821,5,108.34,1,estacion
19821,6,857.71,1,estacion
19821,7,97.58,1,estacion
19821,8,67.7,1,estacion
19821,9,76.79,1,estacion
19821,10,111.16,1,estacion
19821,11,203.53,1,estacion
19821,12,189.61,1,estacion
19824,1,94.56,0,vecina
19824,2,134.15,0,vecina
19824,3,131.27,0,vecina
19824,4,135.95,0,vecina
19824,5,129.96,0,vecina
19824,6,122.99,0,vecina
19824,7,113.37,0,vecina
19824,8,107.31,0,vecina
19824,9,78.84,0,vecina
19824,10,130.3,0,vecina
19824,11,222.36,0,vecina
19824,12,156.7,0,vecina
19845,1,127.2,0,vecina
19845,2,234.62,0,vecina
19845,3,433.63,0,vecina
19845,4,341.73,0,vecina
19845,5,355.39,0,vecina
19845,6,276.98,0,vecina
19845,7,89.41,0,vecina
19845,8,59.6,0,vecina
19845,9,205.19,0,vecina
19845,10,228.84,0,vecina
19845,11,311.46,0,vecina
19845,12,231.13,0,vecina
20001,1,22.74,5,estacion
20001,2,2.16,5,estacion
20001,3,26.05,5,estacion
20001,4,66.74,5,estacion
20001,5,192.3,5,estacion
20001,6,102.28,5,estacion
20001,7,87.76,5,estacion
20001,8,104.51,5,estacion
20001,9,187.07,5,estacion
20001,10,171.19,5,estacion
20001,11,72.48,5,estacion
20001,12,6.29,5,estacion
20011,1,17.67,1,estacion
20011,2,4.43,1,estacion
20011,3,16.54,1,estacion
20011,4,84.43,1,estacion
20011,5,115.19,1,estacion
20011,6,54.24,1,estacion
20011,7,55.33,1,estacion
20011,8,42.97,1,estacion
20011,9,101.4,1,estacion
20011,10,55.88,1,estacion
20011,11,22.88,1,estacion
20011,12,1.92,1,estacion
20013,1,47.88,1,estacion
20013,2,2.01,1,estacion
20013,3,119.51,1,estacion
20013,4,163.33,1,estacion
20013,5,231.59,1,estacion
20013,6,106.63,1,estacion
20013,7,40.4,1,estacion
20013,8,82.83,1,estacion
20013,9,156.33,1,estacion
20013,10,233.63,1,estacion
20013,11,82.54,1,estacion
20013,12,17.74,1,estacion
20032,1,58.66,0,vecina
20032,2,24.8,0,vecina
20032,3,27.63,0,vecina
20032,4,58.29,0,vecina
20032,5,117.71,0,vecina
20032,6,57.89,0,vecina
20032,7,74.81,0,vecina
20032,8,68.01,0,vecina
20032,9,166.92,0,vecina
20032,10,222.76,0,vecina
20032,11,118.27,0,vecina
20032,12,53.56,0,vecina
20045,1,35.98,0,vecina
20045,2,3.39,0,vecina
20045,3,84.36,0,vecina
20045,4,124.87,0,vecina
20045,5,210.3,0,vecina
20045,6,87.81,0,vecina
20045,7,52.65,0,vecina
20045,8,72.16,0,vecina
20045,9,144.16,0,vecina
20045,10,239.22,0,vecina
20045,11,90.13,0,vecina
20045,12,11.35,0,vecina
20060,1,80.83,0,vecina
20060,2,27.19,0,vecina
20060,3,29.59,0,vecina
20060,4,64.76,0,vecina
20060,5,134.77,0,vecina
20060,6,72.72,0,vecina
20060,7,63.69,0,vecina
20060,8,77.36,0,vecina
20060,9,151.94,0,vecina
20060,10,222.01,0,vecina
20060,11,114.96,0,vecina
20060,12,79.94,0,vecina
20175,1,58.98,0,vecina
20175,2,26.58,0,vecina
20175,3,18.79,0,vecina
20175,4,52.72,0,vecina
20175,5,92.01,0,vecina
20175,6,84.07,0,vecina
20175,7,107.95,0,vecina
20175,8,126.88,0,vecina
20175,9,320.11,0,vecina
20175,10,213.44,0,vecina
20175,11,139.75,0,vecina
20175,12,36.74,0,vecina
20178,1,34.76,0,vecina
20178,2,12.42,0,vecina
20178,3,41.84,0,vecina
20178,4,77.91,0,vecina
20178,5,152.52,0,vecina
20178,6,71.58,0,vecina
20178,7,80.66,0,vecina
20178,8,84.62,0,vecina
20178,9,210.12,0,vecina
20178,10,248.93,0,vecina
20178,11,120.69,0,vecina
20178,12,10.64,0,vecina
20228,1,41.62,0,vecina
20228,2,19.02,0,vecina
20228,3,27.31,0,vecina
20228,4,66.69,0,vecina
20228,5,123.22,0,vecina
20228,6,78.64,0,vecina
20228,7,100.51,0,vecina
20228,8,120.57,0,vecina
20228,9,281.96,0,vecina
20228,10,224.13,0,vecina
20228,11,125.61,0,vecina
20228,12,24.93,0,vecina
20238,1,90.03,0,vecina
20238,2,34.22,0,vecina
20238,3,18.03,0,vecina
20238,4,71.78,0,vecina
20238,5,133.92,0,vecina
20238,6,107.53,0,vecina
20238,7,51.78,0,vecina
20238,8,99.3,0,vecina
20238,9,179.89,0,vecina
20238,10,146.12,0,vecina
20238,11,105.11,0,vecina
20238,12,89.26,0,vecina
20250,1,19.03,1,estacion
20250,2,6.38,1,estacion
20250,3,41.31,1,estacion
20250,4,75.72,1,estacion
20250,5,177.87,1,estacion
20250,6,48.02,1,estacion
20250,7,62.23,1,estacion
20250,8,40.75,1,estacion
20250,9,106.1,1,estacion
20250,10,274.41,1,estacion
20250,11,110.5,1,estacion
20250,12,1.5,1,estacion
20295,1,0.0,1,estacion
20295,2,6.59,1,estacion
20295,3,31.74,1,estacion
20295,4,125.48,1,estacion
20295,5,328.65,1,estacion
20295,6,142.77,1,estacion
20295,7,226.79,1,estacion
20295,8,229.47,1,estacion
20295,9,309.95,1,estacion
20295,10,254.06,1,estacion
20295,11,206.3,1,estacion
20295,12,36.0,1,estacion
20310,1,48.61,0,vecina
20310,2,9.89,0,vecina
20310,3,47.63,0,vecina
20310,4,132.46,0,vecina
20310,5,223.03,0,vecina
20310,6,158.22,0,vecina
20310,7,155.68,0,vecina
20310,8,168.01,0,vecina
20310,9,209.81,0,vecina
20310,10,220.26,0,vecina
20310,11,140.59,0,vecina
20310,12,57.56,0,vecina
20383,1,20.49,0,vecina
20383,2,11.5,0,vecina
20383,3,21.65,0,vecina
20383,4,94.09,0,vecina
20383,5,199.8,0,vecina
20383,6,107.49,0,vecina
20383,7,153.27,0,vecina
20383,8,161.01,0,vecina
20383,9,281.99,0,vecina
20383,10,178.98,0,vecina
20383,11,138.43,0,vecina
20383,12,23.58,0,vecina
20400,1,35.38,0,vecina
20400,2,7.78,0,vecina
20400,3,66.22,0,vecina
20400,4,104.36,0,vecina
20400,5,183.13,0,vecina
20400,6,77.36,0,vecina
20400,7,63.84,0,vecina
20400,8,74.24,0,vecina
20400,9,169.88,0,vecina
20400,10,249.81,0,vecina
20400,11,106.38,0,vecina
20400,12,10.84,0,vecina
20443,1,25.8,0,vecina
20443,2,1.84,0,vecina
20443,3,43.7,0,vecina
20443,4,89.86,0,vecina
20443,5,198.29,0,vecina
20443,6,98.05,0,vecina
20443,7,73.12,0,vecina
20443,8,93.99,0,vecina
20443,9,177.36,0,vecina
20443,10,183.17,0,vecina
20443,11,70.18,0,vecina
20443,12,9.67,0,vecina
20517,1,61.56,0,vecina
20517,2,22.69,0,vecina
20517,3,28.5,0,vecina
20517,4,83.27,0,vecina
20517,5,133.91,0,vecina
20517,6,139.98,0,vecina
20517,7,158.6,0,vecina
20517,8,192.12,0,vecina
20517,9,376.51,0,vecina
20517,10,217.81,0,vecina
20517,11,163.18,0,vecina
20517,12,45.25,0,vecina
20550,1,15.78,0,vecina
20550,2,9.0,0,vecina
20550,3,30.88,0,vecina
20550,4,104.86,0,vecina
20550,5,207.41,0,vecina
20550,6,89.24,0,vecina
20550,7,124.42,0,vecina
20550,8,136.49,0,vecina
20550,9,200.38,0,vecina
20550,10,165.97,0,vecina
20550,11,102.06,0,vecina
20550,12,35.08,0,vecina
20570,1,98.76,1,estacion
20570,2,4.39,1,estacion
20570,3,39.53,1,estacion
20570,4,114.04,1,estacion
20570,5,259.64,1,estacion
20570,6,203.99,1,estacion
20570,7,92.21,1,estacion
20570,8,251.37,1,estacion
20570,9,445.86,1,estacion
20570,10,299.47,1,estacion
20570,11,152.23,1,estacion
20570,12,35.27,1,estacion
20614,1,24.31,0,vecina
20614,2,5.26,0,vecina
20614,3,15.77,0,vecina
20614,4,117.78,0,vecina
20614,5,171.62,0,vecina
20614,6,90.6,0,vecina
20614,7,72.4,0,vecina
20614,8,62.72,0,vecina
20614,9,117.23,0,vecina
20614,10,136.63,0,vecina
20614,11,67.05,0,vecina
20614,12,14.88,0,vecina
20621,1,29.87,0,vecina
20621,2,2.29,0,vecina
20621,3,35.06,0,vecina
20621,4,78.22,0,vecina
20621,5,200.09,0,vecina
20621,6,109.26,0,vecina
20621,7,83.93,0,vecina
20621,8,112.16,0,vecina
20621,9,201.2,0,vecina
20621,10,184.95,0,vecina
20621,11,78.53,0,vecina
20621,12,9.17,0,vecina
20710,1,40.24,0,vecina
20710,2,36.63,0,vecina
20710,3,81.13,0,vecina
20710,4,218.55,0,vecina
20710,5,121.67,0,vecina
20710,6,152.56,0,vecina
20710,7,134.46,0,vecina
20710,8,147.63,0,vecina
20710,9,172.0,0,vecina
20710,10,260.16,0,vecina
20710,11,244.9,0,vecina
20710,12,98.97,0,vecina
20750,1,34.62,0,vecina
20750,2,2.35,0,vecina
20750,3,44.22,0,vecina
20750,4,88.73,0,vecina
20750,5,205.9,0,vecina
20750,6,112.89,0,vecina
20750,7,79.65,0,vecina
20750,8,114.78,0,vecina
20750,9,206.53,0,vecina
20750,10,194.85,0,vecina
20750,11,82.0,0,vecina
20750,12,11.16,0,vecina
20770,1,23.42,0,vecina
20770,2,6.41,0,vecina
20770,3,46.52,0,vecina
20770,4,160.24,0,vecina
20770,5,130.74,0,vecina
20770,6,77.65,0,vecina
20770,7,51.19,0,vecina
20770,8,59.09,0,vecina
20770,9,129.97,0,vecina
20770,10,135.26,0,vecina
20770,11,72.33,0,vecina
20770,12,10.9,0,vecina
20787,1,51.87,0,vecina
20787,2,25.07,0,vecina
20787,3,12.31,0,vecina
20787,4,59.16,0,vecina
20787,5,98.71,0,vecina
20787,6,108.13,0,vecina
20787,7,142.37,0,vecina
20787,8,176.12,0,vecina
20787,9,412.79,0,vecina
20787,10,189.58,0,vecina
20787,11,152.02,0,vecina
20787,12,26.55,0,vecina
23001,1,7.68,2,estacion
23001,2,0.0,2,estacion
23001,3,2.16,2,estacion
23001,4,128.87,2,estacion
23001,5,211.13,2,estacion
23001,6,95.97,2,estacion
23001,7,94.57,2,estacion
23001,8,70.11,2,estacion
23001,9,104.75,2,estacion
23001,10,145.25,2,estacion
23001,11,154.24,2,estacion
23001,12,23.75,2,estacion
23068,1,37.56,3,estacion
23068,2,203.32,3,estacion
23068,3,77.2,3,estacion
23068,4,335.71,3,estacion
23068,5,345.42,3,estacion
23068,6,448.6,3,estacion
23068,7,257.78,3,estacion
23068,8,541.73,3,estacion
23068,9,618.24,3,estacion
23068,10,514.53,3,estacion
23068,11,441.19,3,estacion
23068,12,261.83,3,estacion
23079,1,12.94,0,vecina
23079,2,50.46,0,vecina
23079,3,27.16,0,vecina
23079,4,172.49,0,vecina
23079,5,218.4,0,vecina
23079,6,234.14,0,vecina
23079,7,171.37,0,vecina
23079,8,274.84,0,vecina
23079,9,281.62,0,vecina
23079,10,256.1,0,vecina
23079,11,142.06,0,vecina
23079,12,90.47,0,vecina
23090,1,6.99,0,vecina
23090,2,0.78,0,vecina
23090,3,1.97,0,vecina
23090,4,93.62,0,vecina
23090,5,202.29,0,vecina
23090,6,109.1,0,vecina
23090,7,89.94,0,vecina
23090,8,79.82,0,vecina
23090,9,128.68,0,vecina
23090,10,133.26,0,vecina
23090,11,107.92,0,vecina
23090,12,18.82,0,vecina
23162,1,10.09,0,vecina
23162,2,2.28,0,vecina
23162,3,5.89,0,vecina
23162,4,125.69,0,vecina
23162,5,206.82,0,vecina
23162,6,113.8,0,vecina
23162,7,106.37,0,vecina
23162,8,78.34,0,vecina
23162,9,123.15,0,vecina
23162,10,132.75,0,vecina
23162,11,139.35,0,vecina
23162,12,24.48,0,vecina
23168,1,15.83,0,vecina
23168,2,13.97,0,vecina
23168,3,17.9,0,vecina
23168,4,109.99,0,vecina
23168,5,161.37,0,vecina
23168,6,140.04,0,vecina
23168,7,120.3,0,vecina
23168,8,83.38,0,vecina
23168,9,153.64,0,vecina
23168,10,80.85,0,vecina
23168,11,83.53,0,vecina
23168,12,30.6,0,vecina
23182,1,40.07,1,estacion
23182,2,20.35,1,estacion
23182,3,43.67,1,estacion
23182,4,180.99,1,estacion
23182,5,192.77,1,estacion
23182,6,213.75,1,estacion
23182,7,208.47,1,estacion
23182,8,121.5,1,estacion
23182,9,268.57,1,estacion
23182,10,128.65,1,estacion
23182,11,141.62,1,estacion
23182,12,35.47,1,estacion
23189,1,16.83,0,vecina
23189,2,7.12,0,vecina
23189,3,17.8,0,vecina
23189,4,123.55,0,vecina
23189,5,168.56,0,vecina
23189,6,132.65,0,vecina
23189,7,122.71,0,vecina
23189,8,87.06,0,vecina
23189,9,155.88,0,vecina
23189,10,127.03,0,vecina
23189,11,117.93,0,vecina
23189,12,23.02,0,vecina
23300,1,6.06,0,vecina
23300,2,2.05,0,vecina
23300,3,2.35,0,vecina
23300,4,76.9,0,vecina
23300,5,196.11,0,vecina
23300,6,127.36,0,vecina
23300,7,95.19,0,vecina
23300,8,88.63,0,vecina
23300,9,137.58,0,vecina
23300,10,106.35,0,vecina
23300,11,76.67,0,vecina
23300,12,18.47,0,vecina
23350,1,8.66,0,vecina
23350,2,19.49,0,vecina
23350,3,24.08,0,vecina
23350,4,161.37,0,vecina
23350,5,279.96,0,vecina
23350,6,197.45,0,vecina
23350,7,183.72,0,vecina
23350,8,247.02,0,vecina
23350,9,234.71,0,vecina
23350,10,228.89,0,vecina
23350,11,100.14,0,vecina
23350,12,69.0,0,vecina
23417,1,4.87,1,estacion
23417,2,3.78,1,estacion
23417,3,3.2,1,estacion
23417,4,73.62,1,estacion
23417,5,191.58,1,estacion
23417,6,150.97,1,estacion
23417,7,108.62,1,estacion
23417,8,97.37,1,estacion
23417,9,135.25,1,estacion
23417,10,65.77,1,estacion
23417,11,55.1,1,estacion
23417,12,21.71,1,estacion
23419,1,6.77,0,vecina
23419,2,1.01,0,vecina
23419,3,1.83,0,vecina
23419,4,79.0,0,vecina
23419,5,198.86,0,vecina
23419,6,113.17,0,vecina
23419,7,87.17,0,vecina
23419,8,83.36,0,vecina
23419,9,138.89,0,vecina
23419,10,130.71,0,vecina
23419,11,89.76,0,vecina
23419,12,16.55,0,vecina
23464,1,4.44,0,vecina
23464,2,6.2,0,vecina
23464,3,3.25,0,vecina
23464,4,63.65,0,vecina
23464,5,170.6,0,vecina
23464,6,122.55,0,vecina
23464,7,85.87,0,vecina
23464,8,81.58,0,vecina
23464,9,125.63,0,vecina
23464,10,76.49,0,vecina
23464,11,49.63,0,vecina
23464,12,21.4,0,vecina
23466,1,9.64,1,estacion
23466,2,5.83,1,estacion
23466,3,13.3,1,estacion
23466,4,200.21,1,estacion
23466,5,286.45,1,estacion
23466,6,237.12,1,estacion
23466,7,221.62,1,estacion
23466,8,293.86,1,estacion
23466,9,251.89,1,estacion
23466,10,249.23,1,estacion
23466,11,83.82,1,estacion
23466,12,66.78,1,estacion
23500,1,6.57,0,vecina
23500,2,1.04,0,vecina
23500,3,1.13,0,vecina
23500,4,37.06,0,vecina
23500,5,190.36,0,vecina
23500,6,116.63,0,vecina
23500,7,74.13,0,vecina
23500,8,90.66,0,vecina
23500,9,169.84,0,vecina
23500,10,137.89,0,vecina
23500,11,44.03,0,vecina
23500,12,8.67,0,vecina
23555,1,3.13,0,vecina
23555,2,14.59,0,vecina
23555,3,14.09,0,vecina
23555,4,53.45,0,vecina
23555,5,77.24,0,vecina
23555,6,108.77,0,vecina
23555,7,66.6,0,vecina
23555,8,100.24,0,vecina
23555,9,124.49,0,vecina
23555,10,119.82,0,vecina
23555,11,47.35,0,vecina
23555,12,21.17,0,vecina
23570,1,0.22,1,estacion
23570,2,1.45,1,estacion
23570,3,10.2,1,estacion
23570,4,26.84,1,estacion
23570,5,47.51,1,estacion
23570,6,84.14,1,estacion
23570,7,50.22,1,estacion
23570,8,69.22,1,estacion
23570,9,88.8,1,estacion
23570,10,88.33,1,estacion
23570,11,10.1,1,estacion
23570,12,2.89,1,estacion
23574,1,6.66,0,vecina
23574,2,1.12,0,vecina
23574,3,1.75,0,vecina
23574,4,70.72,0,vecina
23574,5,196.94,0,vecina
23574,6,115.32,0,vecina
23574,7,85.5,0,vecina
23574,8,85.32,0,vecina
23574,9,144.7,0,vecina
23574,10,129.54,0,vecina
23574,11,79.6,0,vecina
23574,12,15.23,0,vecina
23580,1,0.0,1,estacion
23580,2,0.0,1,estacion
23580,3,0.0,1,estacion
23580,4,0.0,1,estacion
23580,5,0.0,1,estacion
23580,6,62.08,1,estacion
23580,7,25.07,1,estacion
23580,8,175.4,1,estacion
23580,9,148.81,1,estacion
23580,10,248.62,1,estacion
23580,11,170.56,1,estacion
23580,12,0.0,1,estacion
23586,1,4.81,0,vecina
23586,2,4.54,0,vecina
23586,3,3.07,0,vecina
23586,4,66.68,0,vecina
23586,5,183.21,0,vecina
23586,6,137.75,0,vecina
23586,7,97.32,0,vecina
23586,8,90.92,0,vecina
23586,9,134.28,0,vecina
23586,10,74.77,0,vecina
23586,11,51.51,0,vecina
23586,12,20.61,0,vecina
23660,1,30.97,0,vecina
23660,2,18.37,0,vecina
23660,3,33.67,0,vecina
23660,4,145.51,0,vecina
23660,5,156.52,0,vecina
23660,6,163.81,0,vecina
23660,7,164.44,0,vecina
23660,8,100.59,0,vecina
23660,9,210.24,0,vecina
23660,10,113.51,0,vecina
23660,11,119.61,0,vecina
23660,12,32.2,0,vecina
23670,1,28.06,0,vecina
23670,2,18.65,0,vecina
23670,3,31.04,0,vecina
23670,4,138.02,0,vecina
23670,5,147.43,0,vecina
23670,6,149.58,0,vecina
23670,7,150.27,0,vecina
23670,8,91.79,0,vecina
23670,9,192.29,0,vecina
23670,10,106.7,0,vecina
23670,11,112.97,0,vecina
23670,12,32.65,0,vecina
23672,1,5.18,0,vecina
23672,2,4.24,0,vecina
23672,3,2.46,0,vecina
23672,4,51.91,0,vecina
23672,5,178.4,0,vecina
23672,6,123.24,0,vecina
23672,7,82.71,0,vecina
23672,8,86.63,0,vecina
23672,9,144.11,0,vecina
23672,10,97.09,0,vecina
23672,11,44.34,0,vecina
23672,12,16.43,0,vecina
23675,1,7.15,1,estacion
23675,2,0.0,1,estacion
23675,3,0.1,1,estacion
23675,4,8.8,1,estacion
23675,5,187.0,1,estacion
23675,6,104.71,1,estacion
23675,7,56.54,1,estacion
23675,8,90.6,1,estacion
23675,9,193.6,1,estacion
23675,10,167.84,1,estacion
23675,11,24.2,1,estacion
23675,12,1.0,1,estacion
23678,1,10.26,0,vecina
23678,2,2.72,0,vecina
23678,3,8.61,0,vecina
23678,4,116.97,0,vecina
23678,5,179.72,0,vecina
23678,6,108.1,0,vecina
23678,7,100.43,0,vecina
23678,8,76.16,0,vecina
23678,9,121.7,0,vecina
23678,10,133.09,0,vecina
23678,11,127.01,0,vecina
23678,12,21.45,0,vecina
23682,1,2.92,0,vecina
23682,2,1.69,0,vecina
23682,3,3.85,0,vecina
23682,4,62.11,0,vecina
23682,5,195.92,0,vecina
23682,6,109.98,0,vecina
23682,7,84.85,0,vecina
23682,8,174.97,0,vecina
23682,9,144.13,0,vecina
23682,10,191.15,0,vecina
23682,11,105.92,0,vecina
23682,12,19.32,0,vecina
23686,1,6.79,0,vecina
23686,2,1.1,0,vecina
23686,3,2.18,0,vecina
23686,4,96.24,0,vecina
23686,5,202.11,0,vecina
23686,6,113.19,0,vecina
23686,7,93.42,0,vecina
23686,8,80.87,0,vecina
23686,9,125.87,0,vecina
23686,10,125.22,0,vecina
23686,11,107.45,0,vecina
23686,12,20.02,0,vecina
23807,1,2.18,0,vecina
23807,2,0.37,0,vecina
23807,3,3.23,0,vecina
23807,4,42.62,0,vecina
23807,5,70.73,0,vecina
23807,6,77.16,0,vecina
23807,7,50.81,0,vecina
23807,8,118.85,0,vecina
23807,9,121.13,0,vecina
23807,10,178.64,0,vecina
23807,11,124.64,0,vecina
23807,12,7.33,0,vecina
23815,1,19.04,0,vecina
23815,2,17.95,0,vecina
23815,3,22.62,0,vecina
23815,4,121.23,0,vecina
23815,5,146.48,0,vecina
23815,6,130.82,0,vecina
23815,7,119.89,0,vecina
23815,8,75.04,0,vecina
23815,9,154.48,0,vecina
23815,10,84.38,0,vecina
23815,11,92.16,0,vecina
23815,12,34.11,0,vecina
23855,1,20.92,0,vecina
23855,2,0.13,0,vecina
23855,3,7.05,0,vecina
23855,4,117.39,0,vecina
23855,5,125.27,0,vecina
23855,6,117.96,0,vecina
23855,7,83.29,0,vecina
23855,8,123.85,0,vecina
23855,9,138.68,0,vecina
23855,10,213.66,0,vecina
23855,11,166.29,0,vecina
23855,12,78.83,0,vecina
25001,1,12.9,0,vecina
25001,2,47.6,0,vecina
25001,3,114.76,0,vecina
25001,4,68.25,0,vecina
25001,5,88.77,0,vecina
25001,6,81.15,0,vecina
25001,7,42.28,0,vecina
25001,8,25.49,0,vecina
25001,9,32.2,0,vecina
25001,10,161.69,0,vecina
25001,11,129.88,0,vecina
25001,12,37.51,0,vecina
25019,1,89.68,0,vecina
25019,2,50.89,0,vecina
25019,3,189.11,0,vecina
25019,4,192.77,0,vecina
25019,5,218.12,0,vecina
25019,6,74.97,0,vecina
25019,7,39.52,0,vecina
25019,8,28.63,0,vecina
25019,9,81.25,0,vecina
25019,10,312.03,0,vecina
25019,11,240.73,0,vecina
25019,12,58.69,0,vecina
25035,1,23.42,1,estacion
25035,2,94.21,1,estacion
25035,3,178.79,1,estacion
25035,4,113.75,1,estacion
25035,5,127.48,1,estacion
25035,6,104.55,1,estacion
25035,7,52.36,1,estacion
25035,8,23.02,1,estacion
25035,9,55.7,1,estacion
25035,10,90.8,1,estacion
25035,11,116.8,1,estacion
25035,12,120.93,1,estacion
25040,1,15.28,0,vecina
25040,2,74.67,0,vecina
25040,3,107.11,0,vecina
25040,4,118.97,0,vecina
25040,5,100.24,0,vecina
25040,6,90.47,0,vecina
25040,7,56.53,0,vecina
25040,8,38.89,0,vecina
25040,9,37.9,0,vecina
25040,10,86.6,0,vecina
25040,11,117.14,0,vecina
25040,12,68.9,0,vecina
25053,1,33.81,0,vecina
25053,2,126.83,0,vecina
25053,3,120.77,0,vecina
25053,4,149.34,0,vecina
25053,5,110.61,0,vecina
25053,6,92.92,0,vecina
25053,7,81.54,0,vecina
25053,8,68.46,0,vecina
25053,9,76.93,0,vecina
25053,10,88.24,0,vecina
25053,11,115.08,0,vecina
25053,12,62.98,0,vecina
25086,1,16.21,0,vecina
25086,2,39.51,0,vecina
25086,3,101.15,0,vecina
25086,4,102.82,0,vecina
25086,5,119.63,0,vecina
25086,6,55.32,0,vecina
25086,7,41.38,0,vecina
25086,8,101.89,0,vecina
25086,9,98.4,0,vecina
25086,10,136.11,0,vecina
25086,11,124.93,0,vecina
25086,12,40.98,0,vecina
25095,1,84.59,0,vecina
25095,2,55.71,0,vecina
25095,3,184.45,0,vecina
25095,4,177.12,0,vecina
25095,5,210.48,0,vecina
25095,6,73.69,0,vecina
25095,7,37.84,0,vecina
25095,8,28.22,0,vecina
25095,9,75.28,0,vecina
25095,10,287.86,0,vecina
25095,11,220.64,0,vecina
25095,12,74.82,0,vecina
25099,1,26.18,1,estacion
25099,2,76.78,1,estacion
25099,3,93.43,1,estacion
25099,4,69.45,1,estacion
25099,5,97.01,1,estacion
25099,6,86.92,1,estacion
25099,7,47.02,1,estacion
25099,8,24.25,1,estacion
25099,9,41.7,1,estacion
25099,10,59.38,1,estacion
25099,11,101.45,1,estacion
25099,12,53.14,1,estacion
25120,1,24.61,2,estacion
25120,2,50.31,2,estacion
25120,3,101.93,2,estacion
25120,4,127.26,2,estacion
25120,5,113.24,2,estacion
25120,6,82.73,2,estacion
25120,7,51.98,2,estacion
25120,8,45.06,2,estacion
25120,9,35.91,2,estacion
25120,10,58.67,2,estacion
25120,11,66.36,2,estacion
25120,12,27.92,2,estacion
25123,1,16.09,0,vecina
25123,2,77.34,0,vecina
25123,3,110.25,0,vecina
25123,4,118.59,0,vecina
25123,5,100.28,0,vecina
25123,6,90.96,0,vecina
25123,7,57.73,0,vecina
25123,8,38.34,0,vecina
25123,9,38.56,0,vecina
25123,10,84.04,0,vecina
25123,11,117.04,0,vecina
25123,12,70.86,0,vecina
25126,1,19.85,0,vecina
25126,2,77.31,0,vecina
25126,3,80.93,0,vecina
25126,4,100.88,0,vecina
25126,5,63.76,0,vecina
25126,6,87.65,0,vecina
25126,7,62.12,0,vecina
25126,8,53.86,0,vecina
25126,9,55.0,0,vecina
25126,10,86.03,0,vecina
25126,11,99.56,0,vecina
25126,12,20.15,0,vecina
25148,1,64.71,0,vecina
25148,2,85.97,0,vecina
25148,3,156.04,0,vecina
25148,4,197.77,0,vecina
25148,5,243.56,0,vecina
25148,6,138.64,0,vecina
25148,7,110.2,0,vecina
25148,8,80.19,0,vecina
25148,9,160.62,0,vecina
25148,10,401.66,0,vecina
25148,11,228.53,0,vecina
25148,12,119.72,0,vecina
25151,1,5.99,1,estacion
25151,2,14.67,1,estacion
25151,3,21.27,1,estacion
25151,4,61.5,1,estacion
25151,5,87.03,1,estacion
25151,6,79.51,1,estacion
25151,7,99.53,1,estacion
25151,8,66.89,1,estacion
25151,9,55.63,1,estacion
25151,10,42.13,1,estacion
25151,11,35.03,1,estacion
25151,12,4.22,1,estacion
25154,1,31.28,0,vecina
25154,2,45.54,0,vecina
25154,3,60.41,0,vecina
25154,4,86.86,0,vecina
25154,5,78.07,0,vecina
25154,6,91.95,0,vecina
25154,7,37.17,0,vecina
25154,8,34.64,0,vecina
25154,9,32.75,0,vecina
25154,10,103.86,0,vecina
25154,11,120.74,0,vecina
25154,12,19.67,0,vecina
25168,1,67.18,0,vecina
25168,2,85.96,0,vecina
25168,3,185.4,0,vecina
25168,4,160.78,0,vecina
25168,5,190.67,0,vecina
25168,6,82.52,0,vecina
25168,7,44.81,0,vecina
25168,8,45.24,0,vecina
25168,9,88.58,0,vecina
25168,10,245.52,0,vecina
25168,11,214.52,0,vecina
25168,12,125.3,0,vecina
25175,1,18.23,2,estacion
25175,2,80.83,2,estacion
25175,3,76.8,2,estacion
25175,4,101.08,2,estacion
25175,5,41.71,2,estacion
25175,6,64.07,2,estacion
25175,7,53.88,2,estacion
25175,8,49.86,2,estacion
25175,9,43.81,2,estacion
25175,10,77.57,2,estacion
25175,11,91.21,2,estacion
25175,12,17.52,2,estacion
25178,1,2.37,0,vecina
25178,2,23.1,0,vecina
25178,3,54.54,0,vecina
25178,4,66.19,0,vecina
25178,5,125.06,0,vecina
25178,6,134.93,0,vecina
25178,7,121.35,0,vecina
25178,8,89.29,0,vecina
25178,9,77.34,0,vecina
25178,10,65.69,0,vecina
25178,11,54.55,0,vecina
25178,12,13.69,0,vecina
25181,1,9.67,0,vecina
25181,2,21.52,0,vecina
25181,3,45.79,0,vecina
25181,4,74.29,0,vecina
25181,5,111.67,0,vecina
25181,6,117.42,0,vecina
25181,7,114.42,0,vecina
25181,8,93.56,0,vecina
25181,9,97.16,0,vecina
25181,10,69.5,0,vecina
25181,11,50.05,0,vecina
25181,12,10.07,0,vecina
25183,1,18.71,0,vecina
25183,2,29.87,0,vecina
25183,3,66.15,0,vecina
25183,4,88.3,0,vecina
25183,5,99.96,0,vecina
25183,6,121.2,0,vecina
25183,7,95.05,0,vecina
25183,8,86.96,0,vecina
25183,9,65.11,0,vecina
25183,10,62.72,0,vecina
25183,11,67.78,0,vecina
25183,12,20.23,0,vecina
25200,1,28.54,1,estacion
25200,2,60.52,1,estacion
25200,3,96.81,1,estacion
25200,4,69.6,1,estacion
25200,5,117.01,1,estacion
25200,6,142.51,1,estacion
25200,7,80.7,1,estacion
25200,8,67.85,1,estacion
25200,9,72.27,1,estacion
25200,10,116.45,1,estacion
25200,11,126.47,1,estacion
25200,12,28.88,1,estacion
25214,1,17.63,0,vecina
25214,2,63.23,0,vecina
25214,3,68.5,0,vecina
25214,4,90.52,0,vecina
25214,5,52.3,0,vecina
25214,6,77.09,0,vecina
25214,7,62.39,0,vecina
25214,8,63.0,0,vecina
25214,9,69.2,0,vecina
25214,10,79.49,0,vecina
25214,11,77.86,0,vecina
25214,12,16.27,0,vecina
25224,1,18.32,1,estacion
25224,2,63.65,1,estacion
25224,3,98.2,1,estacion
25224,4,87.15,1,estacion
25224,5,62.27,1,estacion
25224,6,98.36,1,estacion
25224,7,41.39,1,estacion
25224,8,43.14,1,estacion
25224,9,41.86,1,estacion
25224,10,58.06,1,estacion
25224,11,153.35,1,estacion
25224,12,37.95,1,estacion
25245,1,62.14,1,estacion
25245,2,169.1,1,estacion
25245,3,112.8,1,estacion
25245,4,177.73,1,estacion
25245,5,135.09,1,estacion
25245,6,56.7,1,estacion
25245,7,58.49,1,estacion
25245,8,39.37,1,estacion
25245,9,62.09,1,estacion
25245,10,168.68,1,estacion
25245,11,169.07,1,estacion
25245,12,60.81,1,estacion
25258,1,55.31,0,vecina
25258,2,112.55,0,vecina
25258,3,128.17,0,vecina
25258,4,123.59,0,vecina
25258,5,196.57,0,vecina
25258,6,55.52,0,vecina
25258,7,25.84,0,vecina
25258,8,30.15,0,vecina
25258,9,100.68,0,vecina
25258,10,271.66,0,vecina
25258,11,188.6,0,vecina
25258,12,90.23,0,vecina
25260,1,13.33,0,vecina
25260,2,49.81,0,vecina
25260,3,66.91,0,vecina
25260,4,77.26,0,vecina
25260,5,78.56,0,vecina
25260,6,76.49,0,vecina
25260,7,39.92,0,vecina
25260,8,31.47,0,vecina
25260,9,34.45,0,vecina
25260,10,74.96,0,vecina
25260,11,90.26,0,vecina
25260,12,39.94,0,vecina
25269,1,12.12,1,estacion
25269,2,51.76,1,estacion
25269,3,74.3,1,estacion
25269,4,104.31,1,estacion
25269,5,98.71,1,estacion
25269,6,84.85,1,estacion
25269,7,42.35,1,estacion
25269,8,38.49,1,estacion
25269,9,33.47,1,estacion
25269,10,99.34,1,estacion
25269,11,112.3,1,estacion
25269,12,45.75,1,estacion
25279,1,5.77,0,vecina
25279,2,15.35,0,vecina
25279,3,30.05,0,vecina
25279,4,61.72,0,vecina
25279,5,124.79,0,vecina
25279,6,110.57,0,vecina
25279,7,124.93,0,vecina
25279,8,93.7,0,vecina
25279,9,75.26,0,vecina
25279,10,54.8,0,vecina
25279,11,40.1,0,vecina
25279,12,9.64,0,vecina
25281,1,6.46,0,vecina
25281,2,13.85,0,vecina
25281,3,28.18,0,vecina
25281,4,60.77,0,vecina
25281,5,141.15,0,vecina
25281,6,118.43,0,vecina
25281,7,136.82,0,vecina
25281,8,106.38,0,vecina
25281,9,83.31,0,vecina
25281,10,57.78,0,vecina
25281,11,38.94,0,vecina
25281,12,11.06,0,vecina
25286,1,2.69,0,vecina
25286,2,15.98,0,vecina
25286,3,21.16,0,vecina
25286,4,21.99,0,vecina
25286,5,11.15,0,vecina
25286,6,45.34,0,vecina
25286,7,26.77,0,vecina
25286,8,22.92,0,vecina
25286,9,29.91,0,vecina
25286,10,33.74,0,vecina
25286,11,26.23,0,vecina
25286,12,11.45,0,vecina
25288,1,32.88,0,vecina
25288,2,48.19,0,vecina
25288,3,69.01,0,vecina
25288,4,92.73,0,vecina
25288,5,88.37,0,vecina
25288,6,104.27,0,vecina
25288,7,48.63,0,vecina
25288,8,44.36,0,vecina
25288,9,40.91,0,vecina
25288,10,105.35,0,vecina
25288,11,122.56,0,vecina
25288,12,21.45,0,vecina
25290,1,35.75,0,vecina
25290,2,145.31,0,vecina
25290,3,137.08,0,vecina
25290,4,172.18,0,vecina
25290,5,115.82,0,vecina
25290,6,97.98,0,vecina
25290,7,88.52,0,vecina
25290,8,72.86,0,vecina
25290,9,82.4,0,vecina
25290,10,90.57,0,vecina
25290,11,129.52,0,vecina
25290,12,73.9,0,vecina
25293,1,16.38,0,vecina
25293,2,22.22,0,vecina
25293,3,130.38,0,vecina
25293,4,243.69,0,vecina
25293,5,375.59,0,vecina
25293,6,393.5,0,vecina
25293,7,356.39,0,vecina
25293,8,180.17,0,vecina
25293,9,202.45,0,vecina
25293,10,215.73,0,vecina
25293,11,239.19,0,vecina
25293,12,70.2,0,vecina
25295,1,27.9,0,vecina
25295,2,44.51,0,vecina
25295,3,63.48,0,vecina
25295,4,96.03,0,vecina
25295,5,83.19,0,vecina
25295,6,155.33,0,vecina
25295,7,102.96,0,vecina
25295,8,64.05,0,vecina
25295,9,68.23,0,vecina
25295,10,92.38,0,vecina
25295,11,88.15,0,vecina
25295,12,20.25,0,vecina
25297,1,21.08,0,vecina
25297,2,37.66,0,vecina
25297,3,66.63,0,vecina
25297,4,141.73,0,vecina
25297,5,203.31,0,vecina
25297,6,230.66,0,vecina
25297,7,235.34,0,vecina
25297,8,149.31,0,vecina
25297,9,148.76,0,vecina
25297,10,113.12,0,vecina
25297,11,63.06,0,vecina
25297,12,16.61,0,vecina
25299,1,20.28,0,vecina
25299,2,37.06,0,vecina
25299,3,65.4,0,vecina
25299,4,142.64,0,vecina
25299,5,204.34,0,vecina
25299,6,230.44,0,vecina
25299,7,234.77,0,vecina
25299,8,149.13,0,vecina
25299,9,150.97,0,vecina
25299,10,114.32,0,vecina
25299,11,62.65,0,vecina
25299,12,16.45,0,vecina
25307,1,14.94,2,estacion
25307,2,15.95,2,estacion
25307,3,101.75,2,estacion
25307,4,73.04,2,estacion
25307,5,77.17,2,estacion
25307,6,35.07,2,estacion
25307,7,22.42,2,estacion
25307,8,6.31,2,estacion
25307,9,22.33,2,estacion
25307,10,203.48,2,estacion
25307,11,58.54,2,estacion
25307,12,19.89,2,estacion
25312,1,41.91,0,vecina
25312,2,153.19,0,vecina
25312,3,140.27,0,vecina
25312,4,192.94,0,vecina
25312,5,125.86,0,vecina
25312,6,81.97,0,vecina
25312,7,76.16,0,vecina
25312,8,54.9,0,vecina
25312,9,63.96,0,vecina
25312,10,130.55,0,vecina
25312,11,157.54,0,vecina
25312,12,82.17,0,vecina
25317,1,33.39,0,vecina
25317,2,45.14,0,vecina
25317,3,74.08,0,vecina
25317,4,87.73,0,vecina
25317,5,81.53,0,vecina
25317,6,99.59,0,vecina
25317,7,57.41,0,vecina
25317,8,51.27,0,vecina
25317,9,44.24,0,vecina
25317,10,97.38,0,vecina
25317,11,126.28,0,vecina
25317,12,26.59,0,vecina
25320,1,35.24,2,estacion
25320,2,119.56,2,estacion
25320,3,170.03,2,estacion
25320,4,146.38,2,estacion
25320,5,150.8,2,estacion
25320,6,99.08,2,estacion
25320,7,57.98,2,estacion
25320,8,71.6,2,estacion
25320,9,107.05,2,estacion
25320,10,183.19,2,estacion
25320,11,213.37,2,estacion
25320,12,164.16,2,estacion
25322,1,51.13,2,estacion
25322,2,40.25,2,estacion
25322,3,91.76,2,estacion
25322,4,139.82,2,estacion
25322,5,204.82,2,estacion
25322,6,288.43,2,estacion
25322,7,296.14,2,estacion
25322,8,178.2,2,estacion
25322,9,131.64,2,estacion
25322,10,99.22,2,estacion
25322,11,59.42,2,estacion
25322,12,24.7,2,estacion
25324,1,14.64,0,vecina
25324,2,50.33,0,vecina
25324,3,122.24,0,vecina
25324,4,75.28,0,vecina
25324,5,92.83,0,vecina
25324,6,78.84,0,vecina
25324,7,41.28,0,vecina
25324,8,22.8,0,vecina
25324,9,34.32,0,vecina
25324,10,156.75,0,vecina
25324,11,119.31,0,vecina
25324,12,47.17,0,vecina
25326,1,38.23,0,vecina
25326,2,33.94,0,vecina
25326,3,69.56,0,vecina
25326,4,112.31,0,vecina
25326,5,143.41,0,vecina
25326,6,216.4,0,vecina
25326,7,204.05,0,vecina
25326,8,125.18,0,vecina
25326,9,96.08,0,vecina
25326,10,88.72,0,vecina
25326,11,62.02,0,vecina
25326,12,20.48,0,vecina
25328,1,93.01,0,vecina
25328,2,52.0,0,vecina
25328,3,194.72,0,vecina
25328,4,194.2,0,vecina
25328,5,223.29,0,vecina
25328,6,74.08,0,vecina
25328,7,38.95,0,vecina
25328,8,27.96,0,vecina
25328,9,82.62,0,vecina
25328,10,318.7,0,vecina
25328,11,243.43,0,vecina
25328,12,63.33,0,vecina
25335,1,19.67,0,vecina
25335,2,20.45,0,vecina
25335,3,68.95,0,vecina
25335,4,138.14,0,vecina
25335,5,272.55,0,vecina
25335,6,188.57,0,vecina
25335,7,270.36,0,vecina
25335,8,216.1,0,vecina
25335,9,179.81,0,vecina
25335,10,126.25,0,vecina
25335,11,66.57,0,vecina
25335,12,40.71,0,vecina
25339,1,5.51,0,vecina
25339,2,16.02,0,vecina
25339,3,35.71,0,vecina
25339,4,62.01,0,vecina
25339,5,144.93,0,vecina
25339,6,128.11,0,vecina
25339,7,138.33,0,vecina
25339,8,107.81,0,vecina
25339,9,85.8,0,vecina
25339,10,61.99,0,vecina
25339,11,43.37,0,vecina
25339,12,12.7,0,vecina
25368,1,17.2,0,vecina
25368,2,80.43,0,vecina
25368,3,153.04,0,vecina
25368,4,128.85,0,vecina
25368,5,119.75,0,vecina
25368,6,90.42,0,vecina
25368,7,56.77,0,vecina
25368,8,51.32,0,vecina
25368,9,62.6,0,vecina
25368,10,105.84,0,vecina
25368,11,123.9,0,vecina
25368,12,97.74,0,vecina
25372,1,25.68,0,vecina
25372,2,37.76,0,vecina
25372,3,70.17,0,vecina
25372,4,141.91,0,vecina
25372,5,204.14,0,vecina
25372,6,240.24,0,vecina
25372,7,245.24,0,vecina
25372,8,154.06,0,vecina
25372,9,147.11,0,vecina
25372,10,111.45,0,vecina
25372,11,62.22,0,vecina
25372,12,17.88,0,vecina
25377,1,31.63,4,estacion
25377,2,33.03,4,estacion
25377,3,83.03,4,estacion
25377,4,117.14,4,estacion
25377,5,149.59,4,estacion
25377,6,172.94,4,estacion
25377,7,140.47,4,estacion
25377,8,166.82,4,estacion
25377,9,229.79,4,estacion
25377,10,138.64,4,estacion
25377,11,74.47,4,estacion
25377,12,17.04,4,estacion
25386,1,6.11,1,estacion
25386,2,97.41,1,estacion
25386,3,159.1,1,estacion
25386,4,192.57,1,estacion
25386,5,105.68,1,estacion
25386,6,100.76,1,estacion
25386,7,83.15,1,estacion
25386,8,56.33,1,estacion
25386,9,38.37,1,estacion
25386,10,104.15,1,estacion
25386,11,140.67,1,estacion
25386,12,112.66,1,estacion
25394,1,68.01,1,estacion
25394,2,57.07,1,estacion
25394,3,77.51,1,estacion
25394,4,124.0,1,estacion
25394,5,197.56,1,estacion
25394,6,79.62,1,estacion
25394,7,56.84,1,estacion
25394,8,35.69,1,estacion
25394,9,141.4,1,estacion
25394,10,451.6,1,estacion
25394,11,206.76,1,estacion
25394,12,108.45,1,estacion
25398,1,33.64,0,vecina
25398,2,95.15,0,vecina
25398,3,132.16,0,vecina
25398,4,95.61,0,vecina
25398,5,207.23,0,vecina
25398,6,49.07,0,vecina
25398,7,21.07,0,vecina
25398,8,22.64,0,vecina
25398,9,73.77,0,vecina
25398,10,150.77,0,vecina
25398,11,99.4,0,vecina
25398,12,69.99,0,vecina
25402,1,93.02,0,vecina
25402,2,75.24,0,vecina
25402,3,211.81,0,vecina
25402,4,186.01,0,vecina
25402,5,247.91,0,vecina
25402,6,64.25,0,vecina
25402,7,29.16,0,vecina
25402,8,24.19,0,vecina
25402,9,84.7,0,vecina
25402,10,310.5,0,vecina
25402,11,230.35,0,vecina
25402,12,78.61,0,vecina
25407,1,26.59,0,vecina
25407,2,52.17,0,vecina
25407,3,83.64,0,vecina
25407,4,93.57,0,vecina
25407,5,87.31,0,vecina
25407,6,112.17,0,vecina
25407,7,60.21,0,vecina
25407,8,56.38,0,vecina
25407,9,49.86,0,vecina
25407,10,83.28,0,vecina
25407,11,125.56,0,vecina
25407,12,27.97,0,vecina
25426,1,20.86,0,vecina
25426,2,28.64,0,vecina
25426,3,72.18,0,vecina
25426,4,103.63,0,vecina
25426,5,153.03,0,vecina
25426,6,167.59,0,vecina
25426,7,171.7,0,vecina
25426,8,135.66,0,vecina
25426,9,109.49,0,vecina
25426,10,92.4,0,vecina
25426,11,55.39,0,vecina
25426,12,16.83,0,vecina
25430,1,9.36,0,vecina
25430,2,35.06,0,vecina
25430,3,44.57,0,vecina
25430,4,42.07,0,vecina
25430,5,41.58,0,vecina
25430,6,59.91,0,vecina
25430,7,33.28,0,vecina
25430,8,24.65,0,vecina
25430,9,32.63,0,vecina
25430,10,47.02,0,vecina
25430,11,53.78,0,vecina
25430,12,25.76,0,vecina
25436,1,9.53,0,vecina
25436,2,35.71,0,vecina
25436,3,57.5,0,vecina
25436,4,124.03,0,vecina
25436,5,179.2,0,vecina
25436,6,182.78,0,vecina
25436,7,192.16,0,vecina
25436,8,130.04,0,vecina
25436,9,135.38,0,vecina
25436,10,110.95,0,vecina
25436,11,67.24,0,vecina
25436,12,13.56,0,vecina
25438,1,25.81,1,estacion
25438,2,8.95,1,estacion
25438,3,250.54,1,estacion
25438,4,433.79,1,estacion
25438,5,587.56,1,estacion
25438,6,718.69,1,estacion
25438,7,603.37,1,estacion
25438,8,167.16,1,estacion
25438,9,132.69,1,estacion
25438,10,253.67,1,estacion
25438,11,435.05,1,estacion
25438,12,133.17,1,estacion
25473,1,1.53,1,estacion
25473,2,13.69,1,estacion
25473,3,17.54,1,estacion
25473,4,17.91,1,estacion
25473,5,6.29,1,estacion
25473,6,43.28,1,estacion
25473,7,25.54,1,estacion
25473,8,22.08,1,estacion
25473,9,28.54,1,estacion
25473,10,31.34,1,estacion
25473,11,21.57,1,estacion
25473,12,9.95,1,estacion
25483,1,11.42,0,vecina
25483,2,31.14,0,vecina
25483,3,94.71,0,vecina
25483,4,67.27,0,vecina
25483,5,79.46,0,vecina
25483,6,62.43,0,vecina
25483,7,35.29,0,vecina
25483,8,22.58,0,vecina
25483,9,30.93,0,vecina
25483,10,171.24,0,vecina
25483,11,102.73,0,vecina
25483,12,26.06,0,vecina
25486,1,21.62,1,estacion
25486,2,34.53,1,estacion
25486,3,43.66,1,estacion
25486,4,70.71,1,estacion
25486,5,25.71,1,estacion
25486,6,110.35,1,estacion
25486,7,36.16,1,estacion
25486,8,20.93,1,estacion
25486,9,37.67,1,estacion
25486,10,87.62,1,estacion
25486,11,89.92,1,estacion
25486,12,16.99,1,estacion
25488,1,15.83,0,vecina
25488,2,69.14,0,vecina
25488,3,118.25,0,vecina
25488,4,92.59,0,vecina
25488,5,91.49,0,vecina
25488,6,88.06,0,vecina
25488,7,55.11,0,vecina
25488,8,39.53,0,vecina
25488,9,41.44,0,vecina
25488,10,152.81,0,vecina
25488,11,142.69,0,vecina
25488,12,37.74,0,vecina
25489,1,36.33,1,estacion
25489,2,136.05,1,estacion
25489,3,173.01,1,estacion
25489,4,111.74,1,estacion
25489,5,231.25,1,estacion
25489,6,45.89,1,estacion
25489,7,5.67,1,estacion
25489,8,22.05,1,estacion
25489,9,59.8,1,estacion
25489,10,145.9,1,estacion
25489,11,115.36,1,estacion
25489,12,89.04,1,estacion
25491,1,32.87,0,vecina
25491,2,104.12,0,vecina
25491,3,146.64,0,vecina
25491,4,94.72,0,vecina
25491,5,202.28,0,vecina
25491,6,49.54,0,vecina
25491,7,16.35,0,vecina
25491,8,22.46,0,vecina
25491,9,57.86,0,vecina
25491,10,118.28,0,vecina
25491,11,93.18,0,vecina
25491,12,84.18,0,vecina
25506,1,39.34,0,vecina
25506,2,71.19,0,vecina
25506,3,112.59,0,vecina
25506,4,123.45,0,vecina
25506,5,101.31,0,vecina
25506,6,75.97,0,vecina
25506,7,47.09,0,vecina
25506,8,38.81,0,vecina
25506,9,37.65,0,vecina
25506,10,78.99,0,vecina
25506,11,84.54,0,vecina
25506,12,33.49,0,vecina
25513,1,61.76,1,estacion
25513,2,158.91,1,estacion
25513,3,141.17,1,estacion
25513,4,137.9,1,estacion
25513,5,151.71,1,estacion
25513,6,34.67,1,estacion
25513,7,8.78,1,estacion
25513,8,32.75,1,estacion
25513,9,96.3,1,estacion
25513,10,183.49,1,estacion
25513,11,255.67,1,estacion
25513,12,66.8,1,estacion
25518,1,77.01,0,vecina
25518,2,187.3,0,vecina
25518,3,354.78,0,vecina
25518,4,395.67,0,vecina
25518,5,297.43,0,vecina
25518,6,267.91,0,vecina
25518,7,227.21,0,vecina
25518,8,129.55,0,vecina
25518,9,219.32,0,vecina
25518,10,322.73,0,vecina
25518,11,293.06,0,vecina
25518,12,113.69,0,vecina
25524,1,31.01,0,vecina
25524,2,103.08,0,vecina
25524,3,114.29,0,vecina
25524,4,141.6,0,vecina
25524,5,111.16,0,vecina
25524,6,89.56,0,vecina
25524,7,72.31,0,vecina
25524,8,61.2,0,vecina
25524,9,64.37,0,vecina
25524,10,79.42,0,vecina
25524,11,99.87,0,vecina
25524,12,51.94,0,vecina
25530,1,21.82,0,vecina
25530,2,15.32,0,vecina
25530,3,176.8,0,vecina
25530,4,401.78,0,vecina
25530,5,473.64,0,vecina
25530,6,543.46,0,vecina
25530,7,513.32,0,vecina
25530,8,213.25,0,vecina
25530,9,188.66,0,vecina
25530,10,259.12,0,vecina
25530,11,314.2,0,vecina
25530,12,95.02,0,vecina
25535,1,32.85,1,estacion
25535,2,85.5,1,estacion
25535,3,61.13,1,estacion
25535,4,69.08,1,estacion
25535,5,91.75,1,estacion
25535,6,71.8,1,estacion
25535,7,61.36,1,estacion
25535,8,55.67,1,estacion
25535,9,67.98,1,estacion
25535,10,99.51,1,estacion
25535,11,81.38,1,estacion
25535,12,31.53,1,estacion
25572,1,44.01,2,estacion
25572,2,84.92,2,estacion
25572,3,213.22,2,estacion
25572,4,274.91,2,estacion
25572,5,339.52,2,estacion
25572,6,111.2,2,estacion
25572,7,51.69,2,estacion
25572,8,93.65,2,estacion
25572,9,149.01,2,estacion
25572,10,205.37,2,estacion
25572,11,292.66,2,estacion
25572,12,161.67,2,estacion
25580,1,15.48,0,vecina
25580,2,56.28,0,vecina
25580,3,120.49,0,vecina
25580,4,114.96,0,vecina
25580,5,117.75,0,vecina
25580,6,69.1,0,vecina
25580,7,48.91,0,vecina
25580,8,81.39,0,vecina
25580,9,82.42,0,vecina
25580,10,123.96,0,vecina
25580,11,123.84,0,vecina
25580,12,63.79,0,vecina
25592,1,8.04,1,estacion
25592,2,10.44,1,estacion
25592,3,56.56,1,estacion
25592,4,38.64,1,estacion
25592,5,150.59,1,estacion
25592,6,40.7,1,estacion
25592,7,41.34,1,estacion
25592,8,17.09,1,estacion
25592,9,73.07,1,estacion
25592,10,0.0,1,estacion
25592,11,0.0,1,estacion
25592,12,0.0,1,estacion
25594,1,9.66,1,estacion
25594,2,6.89,1,estacion
25594,3,20.31,1,estacion
25594,4,56.36,1,estacion
25594,5,221.28,1,estacion
25594,6,158.16,1,estacion
25594,7,194.82,1,estacion
25594,8,168.27,1,estacion
25594,9,122.86,1,estacion
25594,10,72.94,1,estacion
25594,11,34.05,1,estacion
25594,12,18.23,1,estacion
25596,1,15.68,0,vecina
25596,2,91.45,0,vecina
25596,3,148.06,0,vecina
25596,4,141.13,0,vecina
25596,5,109.32,0,vecina
25596,6,98.34,0,vecina
25596,7,66.02,0,vecina
25596,8,39.53,0,vecina
25596,9,43.8,0,vecina
25596,10,89.51,0,vecina
25596,11,124.61,0,vecina
25596,12,100.11,0,vecina
25599,1,27.19,0,vecina
25599,2,106.7,0,vecina
25599,3,165.39,0,vecina
25599,4,135.21,0,vecina
25599,5,125.61,0,vecina
25599,6,96.32,0,vecina
25599,7,57.71,0,vecina
25599,8,30.37,0,vecina
25599,9,54.27,0,vecina
25599,10,105.21,0,vecina
25599,11,128.58,0,vecina
25599,12,110.09,0,vecina
25612,1,7.24,1,estacion
25612,2,61.14,1,estacion
25612,3,104.45,1,estacion
25612,4,47.61,1,estacion
25612,5,86.08,1,estacion
25612,6,116.59,1,estacion
25612,7,57.56,1,estacion
25612,8,44.57,1,estacion
25612,9,33.25,1,estacion
25612,10,147.11,1,estacion
25612,11,202.18,1,estacion
25612,12,24.73,1,estacion
25645,1,34.44,0,vecina
25645,2,121.21,0,vecina
25645,3,122.5,0,vecina
25645,4,153.41,0,vecina
25645,5,115.39,0,vecina
25645,6,79.0,0,vecina
25645,7,63.35,0,vecina
25645,8,40.77,0,vecina
25645,9,48.98,0,vecina
25645,10,118.54,0,vecina
25645,11,141.76,0,vecina
25645,12,75.44,0,vecina
25649,1,31.3,0,vecina
25649,2,101.36,0,vecina
25649,3,107.7,0,vecina
25649,4,132.59,0,vecina
25649,5,108.7,0,vecina
25649,6,87.38,0,vecina
25649,7,71.12,0,vecina
25649,8,60.65,0,vecina
25649,9,65.1,0,vecina
25649,10,82.15,0,vecina
25649,11,97.85,0,vecina
25649,12,49.59,0,vecina
25653,1,60.14,0,vecina
25653,2,125.85,0,vecina
25653,3,192.39,0,vecina
25653,4,228.86,0,vecina
25653,5,183.97,0,vecina
25653,6,139.26,0,vecina
25653,7,90.58,0,vecina
25653,8,56.85,0,vecina
25653,9,119.18,0,vecina
25653,10,207.47,0,vecina
25653,11,226.12,0,vecina
25653,12,64.95,0,vecina
25658,1,79.3,0,vecina
25658,2,69.56,0,vecina
25658,3,188.11,0,vecina
25658,4,184.1,0,vecina
25658,5,227.55,0,vecina
25658,6,68.34,0,vecina
25658,7,31.91,0,vecina
25658,8,27.28,0,vecina
25658,9,80.39,0,vecina
25658,10,287.15,0,vecina
25658,11,223.77,0,vecina
25658,12,52.68,0,vecina
25662,1,56.88,0,vecina
25662,2,48.54,0,vecina
25662,3,152.52,0,vecina
25662,4,143.55,0,vecina
25662,5,174.87,0,vecina
25662,6,62.14,0,vecina
25662,7,38.8,0,vecina
25662,8,63.8,0,vecina
25662,9,90.15,0,vecina
25662,10,228.08,0,vecina
25662,11,179.37,0,vecina
25662,12,63.8,0,vecina
25718,1,153.27,1,estacion
25718,2,40.5,1,estacion
25718,3,277.38,1,estacion
25718,4,285.29,1,estacion
25718,5,315.61,1,estacion
25718,6,70.78,1,estacion
25718,7,40.99,1,estacion
25718,8,22.7,1,estacion
25718,9,126.16,1,estacion
25718,10,507.13,1,estacion
25718,11,369.69,1,estacion
25718,12,34.82,1,estacion
25736,1,11.92,0,vecina
25736,2,17.54,0,vecina
25736,3,25.43,0,vecina
25736,4,58.69,0,vecina
25736,5,44.06,0,vecina
25736,6,76.68,0,vecina
25736,7,44.13,0,vecina
25736,8,38.83,0,vecina
25736,9,31.76,0,vecina
25736,10,61.72,0,vecina
25736,11,55.77,0,vecina
25736,12,11.4,0,vecina
25740,1,42.67,0,vecina
25740,2,141.94,0,vecina
25740,3,117.51,0,vecina
25740,4,156.43,0,vecina
25740,5,117.18,0,vecina
25740,6,82.01,0,vecina
25740,7,75.53,0,vecina
25740,8,60.58,0,vecina
25740,9,74.28,0,vecina
25740,10,113.98,0,vecina
25740,11,132.53,0,vecina
25740,12,63.12,0,vecina
25743,1,35.91,1,estacion
25743,2,173.16,1,estacion
25743,3,174.99,1,estacion
25743,4,221.84,1,estacion
25743,5,126.56,1,estacion
25743,6,112.61,1,estacion
25743,7,103.08,1,estacion
25743,8,82.76,1,estacion
25743,9,90.33,1,estacion
25743,10,82.56,1,estacion
25743,11,150.97,1,estacion
25743,12,95.03,1,estacion
25745,1,81.2,0,vecina
25745,2,71.81,0,vecina
25745,3,149.01,0,vecina
25745,4,157.22,0,vecina
25745,5,151.47,0,vecina
25745,6,95.73,0,vecina
25745,7,75.77,0,vecina
25745,8,76.15,0,vecina
25745,9,110.83,0,vecina
25745,10,230.69,0,vecina
25745,11,217.42,0,vecina
25745,12,72.12,0,vecina
25754,1,15.45,0,vecina
25754,2,40.06,0,vecina
25754,3,61.08,0,vecina
25754,4,69.75,0,vecina
25754,5,65.68,0,vecina
25754,6,67.98,0,vecina
25754,7,40.76,0,vecina
25754,8,33.38,0,vecina
25754,9,46.41,0,vecina
25754,10,62.07,0,vecina
25754,11,79.06,0,vecina
25754,12,26.98,0,vecina
25758,1,35.67,0,vecina
25758,2,58.56,0,vecina
25758,3,86.66,0,vecina
25758,4,124.73,0,vecina
25758,5,141.09,0,vecina
25758,6,196.24,0,vecina
25758,7,184.28,0,vecina
25758,8,118.05,0,vecina
25758,9,98.07,0,vecina
25758,10,93.42,0,vecina
25758,11,79.94,0,vecina
25758,12,22.77,0,vecina
25769,1,28.77,0,vecina
25769,2,97.22,0,vecina
25769,3,93.81,0,vecina
25769,4,113.42,0,vecina
25769,5,83.15,0,vecina
25769,6,74.97,0,vecina
25769,7,49.79,0,vecina
25769,8,48.32,0,vecina
25769,9,65.36,0,vecina
25769,10,106.76,0,vecina
25769,11,134.15,0,vecina
25769,12,30.43,0,vecina
25772,1,5.54,1,estacion
25772,2,4.94,1,estacion
25772,3,9.29,1,estacion
25772,4,51.8,1,estacion
25772,5,45.29,1,estacion
25772,6,53.73,1,estacion
25772,7,44.15,1,estacion
25772,8,44.4,1,estacion
25772,9,24.74,1,estacion
25772,10,43.64,1,estacion
25772,11,32.08,1,estacion
25772,12,6.9,1,estacion
25777,1,68.32,0,vecina
25777,2,135.7,0,vecina
25777,3,169.33,0,vecina
25777,4,152.38,0,vecina
25777,5,196.48,0,vecina
25777,6,42.87,0,vecina
25777,7,12.63,0,vecina
25777,8,28.47,0,vecina
25777,9,91.0,0,vecina
25777,10,220.52,0,vecina
25777,11,235.18,0,vecina
25777,12,68.03,0,vecina
25779,1,47.62,0,vecina
25779,2,59.27,0,vecina
25779,3,93.68,0,vecina
25779,4,109.95,0,vecina
25779,5,94.04,0,vecina
25779,6,93.04,0,vecina
25779,7,45.13,0,vecina
25779,8,43.2,0,vecina
25779,9,49.82,0,vecina
25779,10,134.87,0,vecina
25779,11,167.66,0,vecina
25779,12,41.36,0,vecina
25781,1,27.76,0,vecina
25781,2,47.06,0,vecina
25781,3,65.07,0,vecina
25781,4,85.35,0,vecina
25781,5,73.71,0,vecina
25781,6,91.42,0,vecina
25781,7,38.25,0,vecina
25781,8,36.64,0,vecina
25781,9,34.07,0,vecina
25781,10,92.78,0,vecina
25781,11,122.77,0,vecina
25781,12,22.46,0,vecina
25785,1,19.63,0,vecina
25785,2,77.84,0,vecina
25785,3,80.26,0,vecina
25785,4,100.46,0,vecina
25785,5,59.68,0,vecina
25785,6,83.25,0,vecina
25785,7,60.58,0,vecina
25785,8,53.19,0,vecina
25785,9,52.78,0,vecina
25785,10,84.62,0,vecina
25785,11,98.11,0,vecina
25785,12,19.7,0,vecina
25793,1,15.13,0,vecina
25793,2,33.83,0,vecina
25793,3,49.46,0,vecina
25793,4,69.57,0,vecina
25793,5,44.02,0,vecina
25793,6,87.37,0,vecina
25793,7,40.53,0,vecina
25793,8,35.96,0,vecina
25793,9,34.63,0,vecina
25793,10,63.3,0,vecina
25793,11,90.63,0,vecina
25793,12,20.28,0,vecina
25797,1,27.76,0,vecina
25797,2,111.83,0,vecina
25797,3,127.14,0,vecina
25797,4,153.06,0,vecina
25797,5,111.54,0,vecina
25797,6,84.29,0,vecina
25797,7,65.8,0,vecina
25797,8,42.32,0,vecina
25797,9,46.05,0,vecina
25797,10,109.62,0,vecina
25797,11,137.48,0,vecina
25797,12,80.89,0,vecina
25799,1,15.52,0,vecina
25799,2,67.9,0,vecina
25799,3,67.33,0,vecina
25799,4,88.18,0,vecina
25799,5,44.09,0,vecina
25799,6,69.85,0,vecina
25799,7,52.14,0,vecina
25799,8,46.13,0,vecina
25799,9,46.2,0,vecina
25799,10,71.88,0,vecina
25799,11,81.48,0,vecina
25799,12,17.03,0,vecina
25805,1,34.89,0,vecina
25805,2,158.86,0,vecina
25805,3,162.12,0,vecina
25805,4,198.51,0,vecina
25805,5,122.61,0,vecina
25805,6,107.49,0,vecina
25805,7,95.58,0,vecina
25805,8,76.45,0,vecina
25805,9,85.91,0,vecina
25805,10,84.95,0,vecina
25805,11,141.15,0,vecina
25805,12,89.13,0,vecina
25807,1,13.95,0,vecina
25807,2,23.94,0,vecina
25807,3,51.18,0,vecina
25807,4,109.2,0,vecina
25807,5,160.11,0,vecina
25807,6,173.06,0,vecina
25807,7,187.56,0,vecina
25807,8,131.88,0,vecina
25807,9,133.1,0,vecina
25807,10,112.26,0,vecina
25807,11,61.58,0,vecina
25807,12,15.78,0,vecina
25815,1,17.58,0,vecina
25815,2,67.36,0,vecina
25815,3,142.65,0,vecina
25815,4,88.4,0,vecina
25815,5,105.54,0,vecina
25815,6,90.34,0,vecina
25815,7,46.24,0,vecina
25815,8,23.94,0,vecina
25815,9,42.31,0,vecina
25815,10,131.47,0,vecina
25815,11,122.39,0,vecina
25815,12,73.82,0,vecina
25817,1,31.29,0,vecina
25817,2,50.64,0,vecina
25817,3,75.0,0,vecina
25817,4,110.6,0,vecina
25817,5,115.85,0,vecina
25817,6,180.2,0,vecina
25817,7,139.99,0,vecina
25817,8,88.14,0,vecina
25817,9,85.62,0,vecina
25817,10,95.14,0,vecina
25817,11,87.59,0,vecina
25817,12,22.15,0,vecina
25823,1,71.0,0,vecina
25823,2,112.47,0,vecina
25823,3,208.41,0,vecina
25823,4,246.16,0,vecina
25823,5,251.16,0,vecina
25823,6,193.56,0,vecina
25823,7,167.67,0,vecina
25823,8,102.68,0,vecina
25823,9,183.9,0,vecina
25823,10,423.75,0,vecina
25823,11,232.93,0,vecina
25823,12,114.87,0,vecina
25839,1,9.65,0,vecina
25839,2,28.16,0,vecina
25839,3,48.97,0,vecina
25839,4,138.62,0,vecina
25839,5,233.27,0,vecina
25839,6,206.34,0,vecina
25839,7,212.8,0,vecina
25839,8,172.01,0,vecina
25839,9,224.4,0,vecina
25839,10,167.63,0,vecina
25839,11,86.88,0,vecina
25839,12,22.93,0,vecina
25841,1,5.29,0,vecina
25841,2,16.39,0,vecina
25841,3,31.81,0,vecina
25841,4,62.36,0,vecina
25841,5,116.06,0,vecina
25841,6,107.14,0,vecina
25841,7,118.48,0,vecina
25841,8,86.79,0,vecina
25841,9,71.02,0,vecina
25841,10,53.55,0,vecina
25841,11,41.16,0,vecina
25841,12,9.01,0,vecina
25843,1,38.91,1,estacion
25843,2,44.86,1,estacion
25843,3,54.6,1,estacion
25843,4,91.33,1,estacion
25843,5,87.55,1,estacion
25843,6,94.82,1,estacion
25843,7,34.86,1,estacion
25843,8,30.57,1,estacion
25843,9,30.79,1,estacion
25843,10,126.82,1,estacion
25843,11,121.53,1,estacion
25843,12,15.31,1,estacion
25845,1,1.4,1,estacion
25845,2,25.33,1,estacion
25845,3,62.04,1,estacion
25845,4,67.47,1,estacion
25845,5,127.68,1,estacion
25845,6,143.9,1,estacion
25845,7,122.05,1,estacion
25845,8,89.85,1,estacion
25845,9,79.25,1,estacion
25845,10,69.62,1,estacion
25845,11,58.96,1,estacion
25845,12,15.19,1,estacion
25851,1,18.23,0,vecina
25851,2,54.33,0,vecina
25851,3,98.7,0,vecina
25851,4,69.39,0,vecina
25851,5,170.55,0,vecina
25851,6,48.86,0,vecina
25851,7,34.49,0,vecina
25851,8,24.73,0,vecina
25851,9,73.79,0,vecina
25851,10,57.62,0,vecina
25851,11,53.63,0,vecina
25851,12,41.33,0,vecina
25862,1,34.44,0,vecina
25862,2,122.74,0,vecina
25862,3,161.64,0,vecina
25862,4,104.46,0,vecina
25862,5,220.19,0,vecina
25862,6,46.81,0,vecina
25862,7,9.93,0,vecina
25862,8,22.02,0,vecina
25862,9,59.63,0,vecina
25862,10,133.26,0,vecina
25862,11,105.26,0,vecina
25862,12,84.89,0,vecina
25867,1,85.84,0,vecina
25867,2,72.59,0,vecina
25867,3,201.39,0,vecina
25867,4,181.08,0,vecina
25867,5,216.38,0,vecina
25867,6,77.41,0,vecina
25867,7,41.51,0,vecina
25867,8,36.57,0,vecina
25867,9,89.92,0,vecina
25867,10,294.91,0,vecina
25867,11,236.3,0,vecina
25867,12,104.58,0,vecina
25871,1,65.24,0,vecina
25871,2,140.21,0,vecina
25871,3,174.67,0,vecina
25871,4,185.65,0,vecina
25871,5,197.22,0,vecina
25871,6,113.92,0,vecina
25871,7,89.8,0,vecina
25871,8,72.55,0,vecina
25871,9,136.19,0,vecina
25871,10,292.51,0,vecina
25871,11,242.34,0,vecina
25871,12,88.21,0,vecina
25873,1,30.31,1,estacion
25873,2,27.04,1,estacion
25873,3,92.02,1,estacion
25873,4,120.51,1,estacion
25873,5,174.03,1,estacion
25873,6,195.6,1,estacion
25873,7,177.36,1,estacion
25873,8,155.04,1,estacion
25873,9,116.53,1,estacion
25873,10,82.48,1,estacion
25873,11,36.98,1,estacion
25873,12,18.96,1,estacion
25875,1,43.3,2,estacion
25875,2,77.45,2,estacion
25875,3,136.2,2,estacion
25875,4,86.1,2,estacion
25875,5,147.82,2,estacion
25875,6,70.36,2,estacion
25875,7,31.02,2,estacion
25875,8,28.75,2,estacion
25875,9,37.24,2,estacion
25875,10,129.1,2,estacion
25875,11,100.25,2,estacion
25875,12,143.7,2,estacion
25878,1,37.15,0,vecina
25878,2,140.47,0,vecina
25878,3,161.69,0,vecina
25878,4,167.89,0,vecina
25878,5,128.96,0,vecina
25878,6,96.04,0,vecina
25878,7,72.07,0,vecina
25878,8,48.41,0,vecina
25878,9,69.68,0,vecina
25878,10,106.4,0,vecina
25878,11,141.55,0,vecina
25878,12,97.28,0,vecina
25885,1,71.43,1,estacion
25885,2,189.56,1,estacion
25885,3,384.09,1,estacion
25885,4,391.17,1,estacion
25885,5,321.58,1,estacion
25885,6,372.69,1,estacion
25885,7,351.79,1,estacion
25885,8,226.27,1,estacion
25885,9,239.23,1,estacion
25885,10,398.9,1,estacion
25885,11,248.83,1,estacion
25885,12,122.43,1,estacion
25898,1,20.96,0,vecina
25898,2,70.21,0,vecina
25898,3,90.82,0,vecina
25898,4,85.94,0,vecina
25898,5,97.94,0,vecina
25898,6,86.97,0,vecina
25898,7,47.35,0,vecina
25898,8,30.1,0,vecina
25898,9,39.05,0,vecina
25898,10,73.63,0,vecina
25898,11,106.63,0,vecina
25898,12,53.78,0,vecina
25899,1,20.55,2,estacion
25899,2,74.69,2,estacion
25899,3,86.08,2,estacion
25899,4,117.1,2,estacion
25899,5,108.35,2,estacion
25899,6,136.44,2,estacion
25899,7,79.5,2,estacion
25899,8,59.62,2,estacion
25899,9,82.89,2,estacion
25899,10,97.75,2,estacion
25899,11,112.79,2,estacion
25899,12,24.17,2,estacion
27001,1,577.13,2,estacion
27001,2,374.22,2,estacion
27001,3,393.21,2,estacion
27001,4,151.57,2,estacion
27001,5,407.27,2,estacion
27001,6,460.37,2,estacion
27001,7,597.91,2,estacion
27001,8,430.8,2,estacion
27001,9,435.66,2,estacion
27001,10,439.77,2,estacion
27001,11,333.29,2,estacion
27001,12,458.0,2,estacion
27006,1,87.41,0,vecina
27006,2,35.74,0,vecina
27006,3,38.63,0,vecina
27006,4,173.99,0,vecina
27006,5,196.65,0,vecina
27006,6,269.71,0,vecina
27006,7,263.95,0,vecina
27006,8,206.72,0,vecina
27006,9,239.26,0,vecina
27006,10,224.97,0,vecina
27006,11,82.71,0,vecina
27006,12,89.67,0,vecina
27025,1,259.71,1,estacion
27025,2,251.06,1,estacion
27025,3,274.73,1,estacion
27025,4,344.79,1,estacion
27025,5,304.04,1,estacion
27025,6,294.34,1,estacion
27025,7,328.01,1,estacion
27025,8,291.96,1,estacion
27025,9,187.3,1,estacion
27025,10,382.59,1,estacion
27025,11,351.88,1,estacion
27025,12,377.27,1,estacion
27050,1,929.98,1,estacion
27050,2,924.45,1,estacion
27050,3,984.86,1,estacion
27050,4,239.69,1,estacion
27050,5,520.02,1,estacion
27050,6,618.85,1,estacion
27050,7,747.79,1,estacion
27050,8,810.74,1,estacion
27050,9,615.95,1,estacion
27050,10,287.87,1,estacion
27050,11,365.64,1,estacion
27050,12,379.75,1,estacion
27073,1,272.66,1,estacion
27073,2,629.4,1,estacion
27073,3,589.07,1,estacion
27073,4,430.4,1,estacion
27073,5,873.6,1,estacion
27073,6,385.36,1,estacion
27073,7,694.52,1,estacion
27073,8,595.73,1,estacion
27073,9,685.5,1,estacion
27073,10,809.58,1,estacion
27073,11,921.3,1,estacion
27073,12,446.6,1,estacion
27075,1,384.21,1,estacion
27075,2,511.52,1,estacion
27075,3,535.95,1,estacion
27075,4,540.43,1,estacion
27075,5,240.13,1,estacion
27075,6,273.3,1,estacion
27075,7,402.37,1,estacion
27075,8,353.11,1,estacion
27075,9,354.9,1,estacion
27075,10,420.26,1,estacion
27075,11,410.9,1,estacion
27075,12,217.84,1,estacion
27077,1,326.92,0,vecina
27077,2,293.46,0,vecina
27077,3,450.18,0,vecina
27077,4,519.2,0,vecina
27077,5,683.44,0,vecina
27077,6,595.94,0,vecina
27077,7,482.54,0,vecina
27077,8,406.97,0,vecina
27077,9,397.86,0,vecina
27077,10,515.04,0,vecina
27077,11,584.17,0,vecina
27077,12,540.33,0,vecina
27099,1,1246.78,1,estacion
27099,2,716.49,1,estacion
27099,3,600.63,1,estacion
27099,4,923.68,1,estacion
27099,5,516.73,1,estacion
27099,6,964.13,1,estacion
27099,7,1007.65,1,estacion
27099,8,1281.71,1,estacion
27099,9,1488.92,1,estacion
27099,10,1056.92,1,estacion
27099,11,1095.7,1,estacion
27099,12,1287.81,1,estacion
27135,1,802.06,0,vecina
27135,2,704.76,0,vecina
27135,3,882.66,0,vecina
27135,4,580.06,0,vecina
27135,5,838.34,0,vecina
27135,6,712.49,0,vecina
27135,7,629.33,0,vecina
27135,8,743.72,0,vecina
27135,9,961.68,0,vecina
27135,10,1010.82,0,vecina
27135,11,820.4,0,vecina
27135,12,634.83,0,vecina
27150,1,16.74,0,vecina
27150,2,36.93,0,vecina
27150,3,35.94,0,vecina
27150,4,241.63,0,vecina
27150,5,300.68,0,vecina
27150,6,285.43,0,vecina
27150,7,240.52,0,vecina
27150,8,233.32,0,vecina
27150,9,268.27,0,vecina
27150,10,236.93,0,vecina
27150,11,321.93,0,vecina
27150,12,97.91,0,vecina
27160,1,828.17,1,estacion
27160,2,699.9,1,estacion
27160,3,920.63,1,estacion
27160,4,483.25,1,estacion
27160,5,746.64,1,estacion
27160,6,443.24,1,estacion
27160,7,360.9,1,estacion
27160,8,713.86,1,estacion
27160,9,391.43,1,estacion
27160,10,880.48,1,estacion
27160,11,699.09,1,estacion
27160,12,639.17,1,estacion
27205,1,178.12,0,vecina
27205,2,170.63,0,vecina
27205,3,343.1,0,vecina
27205,4,459.34,0,vecina
27205,5,767.93,0,vecina
27205,6,597.55,0,vecina
27205,7,448.12,0,vecina
27205,8,388.35,0,vecina
27205,9,504.27,0,vecina
27205,10,709.85,0,vecina
27205,11,715.17,0,vecina
27205,12,457.27,0,vecina
27245,1,114.56,2,estacion
27245,2,129.21,2,estacion
27245,3,161.45,2,estacion
27245,4,155.26,2,estacion
27245,5,190.86,2,estacion
27245,6,143.87,2,estacion
27245,7,172.59,2,estacion
27245,8,140.22,2,estacion
27245,9,183.81,2,estacion
27245,10,213.85,2,estacion
27245,11,182.38,2,estacion
27245,12,166.84,2,estacion
27250,1,380.32,0,vecina
27250,2,302.75,0,vecina
27250,3,484.57,0,vecina
27250,4,323.1,0,vecina
27250,5,411.41,0,vecina
27250,6,263.4,0,vecina
27250,7,199.09,0,vecina
27250,8,182.94,0,vecina
27250,9,192.96,0,vecina
27250,10,297.73,0,vecina
27250,11,481.43,0,vecina
27250,12,613.65,0,vecina
27361,1,12.55,1,estacion
27361,2,27.52,1,estacion
27361,3,200.69,1,estacion
27361,4,422.19,1,estacion
27361,5,744.5,1,estacion
27361,6,553.3,1,estacion
27361,7,386.19,1,estacion
27361,8,291.8,1,estacion
27361,9,353.33,1,estacion
27361,10,622.81,1,estacion
27361,11,680.95,1,estacion
27361,12,410.0,1,estacion
27372,1,56.4,1,estacion
27372,2,21.7,1,estacion
27372,3,0.3,1,estacion
27372,4,235.8,1,estacion
27372,5,438.45,1,estacion
27372,6,437.51,1,estacion
27372,7,312.94,1,estacion
27372,8,297.7,1,estacion
27372,9,166.5,1,estacion
27372,10,504.87,1,estacion
27372,11,424.5,1,estacion
27372,12,147.5,1,estacion
27413,1,768.81,0,vecina
27413,2,807.03,0,vecina
27413,3,887.07,0,vecina
27413,4,340.39,0,vecina
27413,5,650.03,0,vecina
27413,6,526.46,0,vecina
27413,7,639.31,0,vecina
27413,8,742.0,0,vecina
27413,9,573.71,0,vecina
27413,10,544.77,0,vecina
27413,11,564.23,0,vecina
27413,12,458.91,0,vecina
27425,1,595.21,0,vecina
27425,2,487.67,0,vecina
27425,3,518.4,0,vecina
27425,4,218.57,0,vecina
27425,5,412.63,0,vecina
27425,6,463.11,0,vecina
27425,7,574.62,0,vecina
27425,8,496.8,0,vecina
27425,9,425.14,0,vecina
27425,10,387.54,0,vecina
27425,11,345.88,0,vecina
27425,12,419.33,0,vecina
27430,1,377.14,0,vecina
27430,2,349.67,0,vecina
27430,3,471.58,0,vecina
27430,4,480.76,0,vecina
27430,5,671.96,0,vecina
27430,6,597.69,0,vecina
27430,7,520.62,0,vecina
27430,8,469.25,0,vecina
27430,9,661.25,0,vecina
27430,10,728.34,0,vecina
27430,11,664.66,0,vecina
27430,12,484.47,0,vecina
27450,1,119.75,0,vecina
27450,2,120.17,0,vecina
27450,3,292.9,0,vecina
27450,4,446.22,0,vecina
27450,5,759.65,0,vecina
27450,6,581.88,0,vecina
27450,7,426.22,0,vecina
27450,8,354.3,0,vecina
27450,9,450.91,0,vecina
27450,10,679.13,0,vecina
27450,11,703.08,0,vecina
27450,12,440.61,0,vecina
27491,1,443.59,0,vecina
27491,2,394.96,0,vecina
27491,3,596.6,0,vecina
27491,4,598.53,0,vecina
27491,5,879.56,0,vecina
27491,6,771.82,0,vecina
27491,7,611.46,0,vecina
27491,8,535.29,0,vecina
27491,9,730.86,0,vecina
27491,10,745.49,0,vecina
27491,11,766.43,0,vecina
27491,12,603.59,0,vecina
27493,1,50.19,0,vecina
27493,2,42.43,0,vecina
27493,3,25.73,0,vecina
27493,4,213.23,0,vecina
27493,5,196.01,0,vecina
27493,6,246.36,0,vecina
27493,7,234.99,0,vecina
27493,8,271.35,0,vecina
27493,9,317.28,0,vecina
27493,10,239.17,0,vecina
27493,11,280.36,0,vecina
27493,12,145.47,0,vecina
27495,1,347.19,0,vecina
27495,2,337.54,0,vecina
27495,3,360.56,0,vecina
27495,4,358.75,0,vecina
27495,5,306.63,0,vecina
27495,6,318.76,0,vecina
27495,7,394.59,0,vecina
27495,8,331.88,0,vecina
27495,9,273.13,0,vecina
27495,10,402.12,0,vecina
27495,11,363.18,0,vecina
27495,12,352.2,0,vecina
27580,1,674.06,0,vecina
27580,2,596.71,0,vecina
27580,3,771.11,0,vecina
27580,4,561.01,0,vecina
27580,5,829.2,0,vecina
27580,6,704.27,0,vecina
27580,7,607.63,0,vecina
27580,8,673.32,0,vecina
27580,9,900.87,0,vecina
27580,10,957.08,0,vecina
27580,11,805.86,0,vecina
27580,12,598.58,0,vecina
27600,1,848.88,0,vecina
27600,2,781.06,0,vecina
27600,3,876.25,0,vecina
27600,4,288.6,0,vecina
27600,5,560.74,0,vecina
27600,6,549.03,0,vecina
27600,7,624.98,0,vecina
27600,8,726.69,0,vecina
27600,9,530.15,0,vecina
27600,10,463.9,0,vecina
27600,11,446.34,0,vecina
27600,12,458.63,0,vecina
27615,1,2.8,1,estacion
27615,2,31.4,1,estacion
27615,3,12.39,1,estacion
27615,4,237.53,1,estacion
27615,5,244.32,1,estacion
27615,6,301.41,1,estacion
27615,7,206.18,1,estacion
27615,8,282.88,1,estacion
27615,9,318.81,1,estacion
27615,10,285.28,1,estacion
27615,11,413.63,1,estacion
27615,12,100.53,1,estacion
27660,1,140.6,1,estacion
27660,2,303.2,1,estacion
27660,3,349.55,1,estacion
27660,4,370.63,1,estacion
27660,5,258.75,1,estacion
27660,6,289.5,1,estacion
27660,7,276.52,1,estacion
27660,8,129.05,1,estacion
27660,9,411.43,1,estacion
27660,10,347.41,1,estacion
27660,11,476.71,1,estacion
27660,12,128.24,1,estacion
27745,1,798.1,1,estacion
27745,2,673.2,1,estacion
27745,3,983.3,1,estacion
27745,4,864.9,1,estacion
27745,5,1103.52,1,estacion
27745,6,1041.14,1,estacion
27745,7,801.52,1,estacion
27745,8,697.4,1,estacion
27745,9,726.68,1,estacion
27745,10,556.2,1,estacion
27745,11,768.9,1,estacion
27745,12,911.9,1,estacion
27787,1,877.02,0,vecina
27787,2,776.04,0,vecina
27787,3,943.47,0,vecina
27787,4,621.17,0,vecina
27787,5,871.52,0,vecina
27787,6,797.88,0,vecina
27787,7,723.19,0,vecina
27787,8,798.09,0,vecina
27787,9,1170.57,0,vecina
27787,10,1084.31,0,vecina
27787,11,865.88,0,vecina
27787,12,656.97,0,vecina
27800,1,105.56,1,estacion
27800,2,54.0,1,estacion
27800,3,53.86,1,estacion
27800,4,141.92,1,estacion
27800,5,230.04,1,estacion
27800,6,317.81,1,estacion
27800,7,330.86,1,estacion
27800,8,225.21,1,estacion
27800,9,248.55,1,estacion
27800,10,211.59,1,estacion
27800,11,0.0,1,estacion
27800,12,0.0,1,estacion
27810,1,1059.81,1,estacion
27810,2,947.47,1,estacion
27810,3,1093.08,1,estacion
27810,4,712.55,1,estacion
27810,5,944.18,1,estacion
27810,6,982.25,1,estacion
27810,7,928.05,1,estacion
27810,8,926.79,1,estacion
27810,9,1628.65,1,estacion
27810,10,1251.07,1,estacion
27810,11,965.83,1,estacion
27810,12,710.68,1,estacion
41001,1,43.55,1,estacion
41001,2,39.91,1,estacion
41001,3,33.75,1,estacion
41001,4,122.73,1,estacion
41001,5,129.84,1,estacion
41001,6,122.14,1,estacion
41001,7,76.62,1,estacion
41001,8,69.76,1,estacion
41001,9,87.88,1,estacion
41001,10,81.15,1,estacion
41001,11,81.74,1,estacion
41001,12,36.05,1,estacion
41006,1,42.89,2,estacion
41006,2,68.95,2,estacion
41006,3,120.54,2,estacion
41006,4,137.3,2,estacion
41006,5,136.29,2,estacion
41006,6,166.4,2,estacion
41006,7,89.23,2,estacion
41006,8,118.05,2,estacion
41006,9,77.49,2,estacion
41006,10,87.26,2,estacion
41006,11,67.32,2,estacion
41006,12,44.47,2,estacion
41013,1,109.27,0,vecina
41013,2,140.51,0,vecina
41013,3,164.8,0,vecina
41013,4,119.35,0,vecina
41013,5,154.42,0,vecina
41013,6,101.82,0,vecina
41013,7,84.28,0,vecina
41013,8,47.72,0,vecina
41013,9,58.07,0,vecina
41013,10,117.11,0,vecina
41013,11,213.85,0,vecina
41013,12,192.19,0,vecina
41016,1,50.8,1,estacion
41016,2,42.71,1,estacion
41016,3,199.4,1,estacion
41016,4,75.01,1,estacion
41016,5,66.45,1,estacion
41016,6,51.42,1,estacion
41016,7,23.58,1,estacion
41016,8,49.04,1,estacion
41016,9,42.8,1,estacion
41016,10,21.47,1,estacion
41016,11,345.54,1,estacion
41016,12,164.96,1,estacion
41020,1,53.2,1,estacion
41020,2,103.59,1,estacion
41020,3,197.86,1,estacion
41020,4,83.1,1,estacion
41020,5,94.28,1,estacion
41020,6,38.1,1,estacion
41020,7,52.49,1,estacion
41020,8,23.08,1,estacion
41020,9,48.25,1,estacion
41020,10,101.73,1,estacion
41020,11,158.06,1,estacion
41020,12,71.94,1,estacion
41026,1,72.7,0,vecina
41026,2,100.58,0,vecina
41026,3,145.0,0,vecina
41026,4,74.56,0,vecina
41026,5,147.01,0,vecina
41026,6,95.98,0,vecina
41026,7,77.62,0,vecina
41026,8,79.25,0,vecina
41026,9,56.16,0,vecina
41026,10,90.35,0,vecina
41026,11,112.2,0,vecina
41026,12,69.02,0,vecina
41078,1,79.94,1,estacion
41078,2,70.97,1,estacion
41078,3,81.58,1,estacion
41078,4,64.47,1,estacion
41078,5,46.96,1,estacion
41078,6,73.2,1,estacion
41078,7,24.37,1,estacion
41078,8,19.15,1,estacion
41078,9,47.14,1,estacion
41078,10,112.76,1,estacion
41078,11,131.34,1,estacion
41078,12,23.52,1,estacion
41132,1,43.77,0,vecina
41132,2,86.22,0,vecina
41132,3,121.49,0,vecina
41132,4,81.07,0,vecina
41132,5,69.82,0,vecina
41132,6,65.41,0,vecina
41132,7,40.81,0,vecina
41132,8,19.6,0,vecina
41132,9,39.9,0,vecina
41132,10,100.12,0,vecina
41132,11,189.73,0,vecina
41132,12,99.73,0,vecina
41206,1,14.94,1,estacion
41206,2,92.15,1,estacion
41206,3,87.91,1,estacion
41206,4,55.63,1,estacion
41206,5,79.59,1,estacion
41206,6,70.3,1,estacion
41206,7,55.9,1,estacion
41206,8,27.64,1,estacion
41206,9,42.33,1,estacion
41206,10,68.23,1,estacion
41206,11,132.91,1,estacion
41206,12,71.96,1,estacion
41244,1,78.6,0,vecina
41244,2,117.46,0,vecina
41244,3,163.45,0,vecina
41244,4,55.37,0,vecina
41244,5,170.15,0,vecina
41244,6,83.47,0,vecina
41244,7,85.96,0,vecina
41244,8,80.74,0,vecina
41244,9,59.46,0,vecina
41244,10,97.06,0,vecina
41244,11,129.58,0,vecina
41244,12,86.26,0,vecina
41298,1,88.09,0,vecina
41298,2,130.86,0,vecina
41298,3,146.28,0,vecina
41298,4,105.72,0,vecina
41298,5,159.45,0,vecina
41298,6,109.78,0,vecina
41298,7,91.36,0,vecina
41298,8,47.02,0,vecina
41298,9,64.38,0,vecina
41298,10,104.92,0,vecina
41298,11,192.5,0,vecina
41298,12,179.07,0,vecina
41306,1,74.1,1,estacion
41306,2,111.97,1,estacion
41306,3,118.74,1,estacion
41306,4,90.19,1,estacion
41306,5,161.34,1,estacion
41306,6,124.68,1,estacion
41306,7,103.6,1,estacion
41306,8,50.18,1,estacion
41306,9,73.15,1,estacion
41306,10,101.29,1,estacion
41306,11,146.04,1,estacion
41306,12,137.38,1,estacion
41319,1,69.65,0,vecina
41319,2,96.34,0,vecina
41319,3,141.03,0,vecina
41319,4,81.22,0,vecina
41319,5,144.02,0,vecina
41319,6,102.73,0,vecina
41319,7,77.94,0,vecina
41319,8,82.12,0,vecina
41319,9,57.63,0,vecina
41319,10,89.56,0,vecina
41319,11,107.07,0,vecina
41319,12,65.73,0,vecina
41349,1,56.85,0,vecina
41349,2,98.34,0,vecina
41349,3,151.05,0,vecina
41349,4,86.28,0,vecina
41349,5,105.12,0,vecina
41349,6,66.35,0,vecina
41349,7,62.11,0,vecina
41349,8,28.57,0,vecina
41349,9,50.24,0,vecina
41349,10,101.18,0,vecina
41349,11,158.57,0,vecina
41349,12,89.89,0,vecina
41357,1,61.31,0,vecina
41357,2,173.63,0,vecina
41357,3,198.35,0,vecina
41357,4,126.14,0,vecina
41357,5,186.64,0,vecina
41357,6,102.84,0,vecina
41357,7,98.07,0,vecina
41357,8,45.96,0,vecina
41357,9,63.8,0,vecina
41357,10,110.59,0,vecina
41357,11,246.72,0,vecina
41357,12,228.03,0,vecina
41359,1,55.23,1,estacion
41359,2,100.81,1,estacion
41359,3,151.52,1,estacion
41359,4,134.56,1,estacion
41359,5,177.45,1,estacion
41359,6,143.69,1,estacion
41359,7,164.77,1,estacion
41359,8,68.88,1,estacion
41359,9,131.39,1,estacion
41359,10,75.39,1,estacion
41359,11,132.89,1,estacion
41359,12,173.98,1,estacion
41378,1,103.84,0,vecina
41378,2,119.0,0,vecina
41378,3,159.36,0,vecina
41378,4,76.83,0,vecina
41378,5,146.92,0,vecina
41378,6,79.78,0,vecina
41378,7,75.75,0,vecina
41378,8,61.83,0,vecina
41378,9,49.46,0,vecina
41378,10,108.4,0,vecina
41378,11,149.1,0,vecina
41378,12,101.58,0,vecina
41396,1,153.26,2,estacion
41396,2,138.24,2,estacion
41396,3,175.99,2,estacion
41396,4,136.02,2,estacion
41396,5,141.42,2,estacion
41396,6,102.46,2,estacion
41396,7,83.08,2,estacion
41396,8,55.61,2,estacion
41396,9,53.19,2,estacion
41396,10,150.3,2,estacion
41396,11,200.5,2,estacion
41396,12,160.6,2,estacion
41483,1,53.43,1,estacion
41483,2,213.33,1,estacion
41483,3,258.31,1,estacion
41483,4,158.77,1,estacion
41483,5,217.91,1,estacion
41483,6,115.03,1,estacion
41483,7,126.67,1,estacion
41483,8,59.57,1,estacion
41483,9,69.86,1,estacion
41483,10,158.81,1,estacion
41483,11,248.29,1,estacion
41483,12,203.78,1,estacion
41503,1,78.11,1,estacion
41503,2,137.41,1,estacion
41503,3,195.13,1,estacion
41503,4,56.03,1,estacion
41503,5,207.94,1,estacion
41503,6,97.73,1,estacion
41503,7,102.64,1,estacion
41503,8,106.56,1,estacion
41503,9,74.6,1,estacion
41503,10,105.81,1,estacion
41503,11,136.97,1,estacion
41503,12,97.82,1,estacion
41518,1,71.53,0,vecina
41518,2,173.36,0,vecina
41518,3,197.57,0,vecina
41518,4,126.13,0,vecina
41518,5,177.14,0,vecina
41518,6,91.47,0,vecina
41518,7,83.77,0,vecina
41518,8,40.7,0,vecina
41518,9,57.34,0,vecina
41518,10,100.11,0,vecina
41518,11,271.51,0,vecina
41518,12,256.89,0,vecina
41524,1,26.84,1,estacion
41524,2,166.6,1,estacion
41524,3,336.74,1,estacion
41524,4,33.13,1,estacion
41524,5,72.77,1,estacion
41524,6,68.08,1,estacion
41524,7,51.12,1,estacion
41524,8,31.71,1,estacion
41524,9,97.03,1,estacion
41524,10,101.41,1,estacion
41524,11,293.82,1,estacion
41524,12,231.64,1,estacion
41530,1,99.63,1,estacion
41530,2,99.28,1,estacion
41530,3,147.34,1,estacion
41530,4,215.32,1,estacion
41530,5,274.77,1,estacion
41530,6,307.09,1,estacion
41530,7,286.85,1,estacion
41530,8,192.75,1,estacion
41530,9,193.6,1,estacion
41530,10,157.54,1,estacion
41530,11,120.9,1,estacion
41530,12,116.69,1,estacion
41548,1,113.98,0,vecina
41548,2,158.17,0,vecina
41548,3,191.66,0,vecina
41548,4,134.57,0,vecina
41548,5,161.7,0,vecina
41548,6,99.64,0,vecina
41548,7,87.46,0,vecina
41548,8,50.54,0,vecina
41548,9,56.29,0,vecina
41548,10,132.8,0,vecina
41548,11,230.93,0,vecina
41548,12,199.81,0,vecina
41551,1,42.57,1,estacion
41551,2,44.86,1,estacion
41551,3,54.46,1,estacion
41551,4,76.31,1,estacion
41551,5,104.64,1,estacion
41551,6,101.28,1,estacion
41551,7,89.86,1,estacion
41551,8,52.55,1,estacion
41551,9,59.15,1,estacion
41551,10,91.5,1,estacion
41551,11,97.67,1,estacion
41551,12,88.59,1,estacion
41615,1,43.44,1,estacion
41615,2,58.89,1,estacion
41615,3,34.41,1,estacion
41615,4,91.6,1,estacion
41615,5,57.74,1,estacion
41615,6,77.47,1,estacion
41615,7,32.9,1,estacion
41615,8,15.08,1,estacion
41615,9,22.34,1,estacion
41615,10,99.07,1,estacion
41615,11,179.52,1,estacion
41615,12,81.05,1,estacion
41660,1,91.4,1,estacion
41660,2,70.74,1,estacion
41660,3,87.36,1,estacion
41660,4,46.63,1,estacion
41660,5,59.51,1,estacion
41660,6,28.62,1,estacion
41660,7,27.01,1,estacion
41660,8,0.03,1,estacion
41660,9,7.16,1,estacion
41660,10,68.5,1,estacion
41660,11,113.81,1,estacion
41660,12,45.55,1,estacion
41668,1,86.3,2,estacion
41668,2,95.41,2,estacion
41668,3,103.12,2,estacion
41668,4,110.84,2,estacion
41668,5,191.1,2,estacion
41668,6,209.67,2,estacion
41668,7,180.68,2,estacion
41668,8,123.17,2,estacion
41668,9,115.4,2,estacion
41668,10,132.64,2,estacion
41668,11,145.01,2,estacion
41668,12,111.09,2,estacion
41676,1,48.3,1,estacion
41676,2,137.33,1,estacion
41676,3,209.55,1,estacion
41676,4,251.9,1,estacion
41676,5,190.66,1,estacion
41676,6,167.8,1,estacion
41676,7,110.08,1,estacion
41676,8,71.7,1,estacion
41676,9,94.34,1,estacion
41676,10,108.21,1,estacion
41676,11,132.53,1,estacion
41676,12,175.3,1,estacion
41770,1,67.26,0,vecina
41770,2,93.89,0,vecina
41770,3,139.19,0,vecina
41770,4,86.22,0,vecina
41770,5,143.32,0,vecina
41770,6,108.41,0,vecina
41770,7,78.94,0,vecina
41770,8,85.32,0,vecina
41770,9,59.4,0,vecina
41770,10,89.35,0,vecina
41770,11,103.53,0,vecina
41770,12,63.83,0,vecina
41791,1,98.51,0,vecina
41791,2,118.38,0,vecina
41791,3,159.85,0,vecina
41791,4,70.97,0,vecina
41791,5,150.5,0,vecina
41791,6,78.86,0,vecina
41791,7,76.54,0,vecina
41791,8,64.63,0,vecina
41791,9,50.44,0,vecina
41791,10,104.87,0,vecina
41791,11,144.31,0,vecina
41791,12,96.6,0,vecina
41797,1,62.27,1,estacion
41797,2,167.46,1,estacion
41797,3,182.84,1,estacion
41797,4,114.32,1,estacion
41797,5,171.11,1,estacion
41797,6,82.25,1,estacion
41797,7,70.73,1,estacion
41797,8,32.21,1,estacion
41797,9,54.25,1,estacion
41797,10,73.01,1,estacion
41797,11,291.51,1,estacion
41797,12,290.63,1,estacion
41799,1,105.5,1,estacion
41799,2,162.16,1,estacion
41799,3,151.02,1,estacion
41799,4,181.39,1,estacion
41799,5,149.57,1,estacion
41799,6,142.04,1,estacion
41799,7,87.91,1,estacion
41799,8,44.85,1,estacion
41799,9,84.02,1,estacion
41799,10,232.6,1,estacion
41799,11,255.37,1,estacion
41799,12,201.79,1,estacion
41801,1,41.93,0,vecina
41801,2,154.78,0,vecina
41801,3,257.33,0,vecina
41801,4,137.03,0,vecina
41801,5,138.48,0,vecina
41801,6,111.38,0,vecina
41801,7,78.72,0,vecina
41801,8,48.15,0,vecina
41801,9,88.31,0,vecina
41801,10,99.13,0,vecina
41801,11,227.46,0,vecina
41801,12,219.11,0,vecina
41807,1,77.27,0,vecina
41807,2,105.89,0,vecina
41807,3,145.35,0,vecina
41807,4,55.98,0,vecina
41807,5,151.31,0,vecina
41807,6,78.18,0,vecina
41807,7,79.05,0,vecina
41807,8,68.58,0,vecina
41807,9,53.02,0,vecina
41807,10,93.11,0,vecina
41807,11,125.08,0,vecina
41807,12,81.46,0,vecina
41872,1,52.17,0,vecina
41872,2,45.16,0,vecina
41872,3,196.72,0,vecina
41872,4,76.62,0,vecina
41872,5,67.53,0,vecina
41872,6,53.29,0,vecina
41872,7,24.67,0,vecina
41872,8,48.5,0,vecina
41872,9,43.56,0,vecina
41872,10,26.46,0,vecina
41872,11,340.64,0,vecina
41872,12,163.34,0,vecina
41885,1,45.9,0,vecina
41885,2,144.88,0,vecina
41885,3,245.43,0,vecina
41885,4,73.18,0,vecina
41885,5,107.69,0,vecina
41885,6,61.59,0,vecina
41885,7,57.07,0,vecina
41885,8,28.84,0,vecina
41885,9,68.11,0,vecina
41885,10,93.6,0,vecina
41885,11,245.87,0,vecina
41885,12,192.45,0,vecina
44001,1,28.81,2,estacion
44001,2,7.78,2,estacion
44001,3,0.03,2,estacion
44001,4,27.75,2,estacion
44001,5,54.88,2,estacion
44001,6,40.18,2,estacion
44001,7,30.68,2,estacion
44001,8,56.25,2,estacion
44001,9,273.78,2,estacion
44001,10,113.54,2,estacion
44001,11,32.07,2,estacion
44001,12,37.0,2,estacion
44035,1,3.36,1,estacion
44035,2,6.2,1,estacion
44035,3,2.71,1,estacion
44035,4,1.54,1,estacion
44035,5,35.68,1,estacion
44035,6,4.16,1,estacion
44035,7,13.2,1,estacion
44035,8,38.76,1,estacion
44035,9,50.07,1,estacion
44035,10,53.95,1,estacion
44035,11,39.98,1,estacion
44035,12,16.21,1,estacion
44078,1,4.22,0,vecina
44078,2,0.78,0,vecina
44078,3,3.36,0,vecina
44078,4,71.8,0,vecina
44078,5,155.83,0,vecina
44078,6,56.26,0,vecina
44078,7,50.75,0,vecina
44078,8,58.26,0,vecina
44078,9,155.3,0,vecina
44078,10,146.32,0,vecina
44078,11,38.01,0,vecina
44078,12,13.65,0,vecina
44090,1,0.0,1,estacion
44090,2,0.0,1,estacion
44090,3,0.0,1,estacion
44090,4,12.09,1,estacion
44090,5,156.01,1,estacion
44090,6,9.37,1,estacion
44090,7,14.0,1,estacion
44090,8,20.94,1,estacion
44090,9,69.49,1,estacion
44090,10,90.76,1,estacion
44090,11,116.82,1,estacion
44090,12,1.22,1,estacion
44098,1,3.72,0,vecina
44098,2,0.08,0,vecina
44098,3,3.48,0,vecina
44098,4,79.44,0,vecina
44098,5,170.05,0,vecina
44098,6,61.53,0,vecina
44098,7,54.72,0,vecina
44098,8,60.03,0,vecina
44098,9,162.56,0,vecina
44098,10,155.92,0,vecina
44098,11,38.39,0,vecina
44098,12,12.8,0,vecina
44110,1,8.71,0,vecina
44110,2,1.25,0,vecina
44110,3,9.36,0,vecina
44110,4,68.36,0,vecina
44110,5,162.19,0,vecina
44110,6,66.56,0,vecina
44110,7,59.31,0,vecina
44110,8,69.7,0,vecina
44110,9,157.81,0,vecina
44110,10,149.72,0,vecina
44110,11,47.25,0,vecina
44110,12,11.48,0,vecina
44279,1,3.75,1,estacion
44279,2,0.0,1,estacion
44279,3,3.51,1,estacion
44279,4,80.83,1,estacion
44279,5,171.86,1,estacion
44279,6,62.56,1,estacion
44279,7,55.49,1,estacion
44279,8,60.53,1,estacion
44279,9,164.54,1,estacion
44279,10,157.6,1,estacion
44279,11,37.93,1,estacion
44279,12,12.82,1,estacion
44378,1,5.17,0,vecina
44378,2,3.96,0,vecina
44378,3,2.84,0,vecina
44378,4,33.27,0,vecina
44378,5,88.48,0,vecina
44378,6,28.63,0,vecina
44378,7,30.35,0,vecina
44378,8,48.15,0,vecina
44378,9,108.06,0,vecina
44378,10,97.08,0,vecina
44378,11,38.69,0,vecina
44378,12,16.29,0,vecina
44420,1,22.77,0,vecina
44420,2,1.83,0,vecina
44420,3,33.04,0,vecina
44420,4,79.31,0,vecina
44420,5,193.67,0,vecina
44420,6,97.07,0,vecina
44420,7,77.97,0,vecina
44420,8,95.85,0,vecina
44420,9,180.49,0,vecina
44420,10,176.07,0,vecina
44420,11,68.63,0,vecina
44420,12,8.48,0,vecina
44430,1,4.99,0,vecina
44430,2,3.51,0,vecina
44430,3,0.9,0,vecina
44430,4,23.04,0,vecina
44430,5,20.09,0,vecina
44430,6,6.94,0,vecina
44430,7,11.22,0,vecina
44430,8,20.35,0,vecina
44430,9,97.08,0,vecina
44430,10,119.99,0,vecina
44430,11,25.08,0,vecina
44430,12,10.24,0,vecina
44560,1,3.15,0,vecina
44560,2,1.85,0,vecina
44560,3,0.18,0,vecina
44560,4,32.1,0,vecina
44560,5,9.41,0,vecina
44560,6,4.61,0,vecina
44560,7,8.25,0,vecina
44560,8,8.29,0,vecina
44560,9,99.01,0,vecina
44560,10,150.09,0,vecina
44560,11,17.7,0,vecina
44560,12,4.71,0,vecina
44650,1,6.92,0,vecina
44650,2,0.94,0,vecina
44650,3,7.25,0,vecina
44650,4,71.08,0,vecina
44650,5,162.66,0,vecina
44650,6,63.85,0,vecina
44650,7,57.02,0,vecina
44650,8,65.94,0,vecina
44650,9,157.7,0,vecina
44650,10,150.26,0,vecina
44650,11,43.96,0,vecina
44650,12,12.03,0,vecina
44847,1,0.1,1,estacion
44847,2,0.8,1,estacion
44847,3,0.0,1,estacion
44847,4,35.0,1,estacion
44847,5,1.99,1,estacion
44847,6,0.44,1,estacion
44847,7,5.22,1,estacion
44847,8,0.25,1,estacion
44847,9,82.19,1,estacion
44847,10,161.91,1,estacion
44847,11,14.26,1,estacion
44847,12,0.0,1,estacion
44855,1,20.21,0,vecina
44855,2,1.5,0,vecina
44855,3,30.96,0,vecina
44855,4,82.96,0,vecina
44855,5,191.1,0,vecina
44855,6,90.97,0,vecina
44855,7,72.25,0,vecina
44855,8,88.7,0,vecina
44855,9,176.53,0,vecina
44855,10,174.91,0,vecina
44855,11,63.43,0,vecina
44855,12,9.66,0,vecina
44874,1,16.85,0,vecina
44874,2,1.16,0,vecina
44874,3,26.06,0,vecina
44874,4,83.81,0,vecina
44874,5,187.31,0,vecina
44874,6,84.64,0,vecina
44874,7,67.83,0,vecina
44874,8,82.06,0,vecina
44874,9,173.41,0,vecina
44874,10,171.87,0,vecina
44874,11,57.83,0,vecina
44874,12,10.53,0,vecina
47001,1,11.76,4,estacion
47001,2,6.89,4,estacion
47001,3,55.79,4,estacion
47001,4,86.3,4,estacion
47001,5,163.27,4,estacion
47001,6,223.02,4,estacion
47001,7,165.57,4,estacion
47001,8,220.09,4,estacion
47001,9,209.66,4,estacion
47001,10,345.09,4,estacion
47001,11,136.48,4,estacion
47001,12,27.26,4,estacion
47030,1,83.49,0,vecina
47030,2,36.94,0,vecina
47030,3,14.84,0,vecina
47030,4,68.24,0,vecina
47030,5,121.56,0,vecina
47030,6,96.66,0,vecina
47030,7,44.59,0,vecina
47030,8,77.96,0,vecina
47030,9,143.1,0,vecina
47030,10,120.9,0,vecina
47030,11,96.98,0,vecina
47030,12,89.36,0,vecina
47053,1,0.0,1,estacion
47053,2,27.7,1,estacion
47053,3,3.05,1,estacion
47053,4,86.03,1,estacion
47053,5,147.2,1,estacion
47053,6,95.55,1,estacion
47053,7,4.62,1,estacion
47053,8,13.1,1,estacion
47053,9,37.7,1,estacion
47053,10,0.0,1,estacion
47053,11,54.15,1,estacion
47053,12,0.27,1,estacion
47058,1,144.32,1,estacion
47058,2,62.14,1,estacion
47058,3,11.28,1,estacion
47058,4,28.81,1,estacion
47058,5,25.87,1,estacion
47058,6,39.69,1,estacion
47058,7,51.96,1,estacion
47058,8,38.07,1,estacion
47058,9,66.97,1,estacion
47058,10,124.58,1,estacion
47058,11,102.61,1,estacion
47058,12,192.24,1,estacion
47161,1,5.09,0,vecina
47161,2,7.86,0,vecina
47161,3,9.32,0,vecina
47161,4,64.08,0,vecina
47161,5,40.74,0,vecina
47161,6,59.47,0,vecina
47161,7,44.27,0,vecina
47161,8,78.42,0,vecina
47161,9,77.9,0,vecina
47161,10,54.79,0,vecina
47161,11,35.22,0,vecina
47161,12,6.58,0,vecina
47170,1,49.13,0,vecina
47170,2,24.42,0,vecina
47170,3,9.58,0,vecina
47170,4,35.4,0,vecina
47170,5,32.54,0,vecina
47170,6,34.73,0,vecina
47170,7,37.08,0,vecina
47170,8,44.08,0,vecina
47170,9,54.08,0,vecina
47170,10,193.46,0,vecina
47170,11,46.92,0,vecina
47170,12,60.26,0,vecina
47189,1,0.0,1,estacion
47189,2,0.0,1,estacion
47189,3,8.84,1,estacion
47189,4,253.19,1,estacion
47189,5,459.41,1,estacion
47189,6,156.13,1,estacion
47189,7,164.75,1,estacion
47189,8,160.68,1,estacion
47189,9,303.72,1,estacion
47189,10,148.06,1,estacion
47189,11,55.78,1,estacion
47189,12,42.91,1,estacion
47205,1,5.61,0,vecina
47205,2,7.24,0,vecina
47205,3,8.14,0,vecina
47205,4,67.0,0,vecina
47205,5,47.22,0,vecina
47205,6,62.77,0,vecina
47205,7,46.51,0,vecina
47205,8,76.05,0,vecina
47205,9,74.88,0,vecina
47205,10,89.23,0,vecina
47205,11,32.28,0,vecina
47205,12,5.98,0,vecina
47245,1,64.88,1,estacion
47245,2,30.85,1,estacion
47245,3,8.61,1,estacion
47245,4,45.06,1,estacion
47245,5,59.5,1,estacion
47245,6,109.91,1,estacion
47245,7,140.67,1,estacion
47245,8,185.7,1,estacion
47245,9,471.78,1,estacion
47245,10,197.44,1,estacion
47245,11,160.91,1,estacion
47245,12,28.39,1,estacion
47258,1,8.55,0,vecina
47258,2,8.78,0,vecina
47258,3,9.5,0,vecina
47258,4,77.16,0,vecina
47258,5,55.91,0,vecina
47258,6,77.24,0,vecina
47258,7,53.97,0,vecina
47258,8,82.7,0,vecina
47258,9,83.46,0,vecina
47258,10,68.17,0,vecina
47258,11,37.4,0,vecina
47258,12,11.42,0,vecina
47268,1,2.24,0,vecina
47268,2,23.97,0,vecina
47268,3,3.83,0,vecina
47268,4,77.06,0,vecina
47268,5,136.15,0,vecina
47268,6,88.76,0,vecina
47268,7,23.89,0,vecina
47268,8,32.38,0,vecina
47268,9,62.09,0,vecina
47268,10,41.82,0,vecina
47268,11,56.17,0,vecina
47268,12,3.07,0,vecina
47288,1,1.55,0,vecina
47288,2,25.67,0,vecina
47288,3,3.68,0,vecina
47288,4,80.8,0,vecina
47288,5,140.35,0,vecina
47288,6,91.66,0,vecina
47288,7,15.59,0,vecina
47288,8,24.11,0,vecina
47288,9,51.6,0,vecina
47288,10,23.37,0,vecina
47288,11,55.44,0,vecina
47288,12,2.27,0,vecina
47318,1,69.03,0,vecina
47318,2,31.72,0,vecina
47318,3,12.85,0,vecina
47318,4,46.76,0,vecina
47318,5,69.61,0,vecina
47318,6,93.96,0,vecina
47318,7,120.49,0,vecina
47318,8,150.4,0,vecina
47318,9,378.79,0,vecina
47318,10,197.82,0,vecina
47318,11,147.78,0,vecina
47318,12,45.06,0,vecina
47460,1,130.19,0,vecina
47460,2,56.18,0,vecina
47460,3,12.71,0,vecina
47460,4,30.7,0,vecina
47460,5,34.23,0,vecina
47460,6,38.57,0,vecina
47460,7,50.72,0,vecina
47460,8,37.29,0,vecina
47460,9,66.71,0,vecina
47460,10,145.57,0,vecina
47460,11,98.01,0,vecina
47460,12,171.43,0,vecina
47541,1,8.94,0,vecina
47541,2,7.95,0,vecina
47541,3,7.69,0,vecina
47541,4,55.84,0,vecina
47541,5,46.43,0,vecina
47541,6,51.53,0,vecina
47541,7,41.2,0,vecina
47541,8,60.76,0,vecina
47541,9,60.92,0,vecina
47541,10,174.2,0,vecina
47541,11,26.97,0,vecina
47541,12,6.88,0,vecina
47545,1,81.11,0,vecina
47545,2,35.23,0,vecina
47545,3,21.48,0,vecina
47545,4,41.94,0,vecina
47545,5,45.3,0,vecina
47545,6,88.02,0,vecina
47545,7,100.09,0,vecina
47545,8,82.56,0,vecina
47545,9,194.61,0,vecina
47545,10,122.43,0,vecina
47545,11,100.16,0,vecina
47545,12,83.3,0,vecina
47551,1,47.06,1,estacion
47551,2,33.24,1,estacion
47551,3,31.91,1,estacion
47551,4,46.89,1,estacion
47551,5,37.85,1,estacion
47551,6,75.36,1,estacion
47551,7,49.53,1,estacion
47551,8,64.04,1,estacion
47551,9,96.59,1,estacion
47551,10,31.66,1,estacion
47551,11,79.4,1,estacion
47551,12,67.44,1,estacion
47555,1,31.9,0,vecina
47555,2,12.01,0,vecina
47555,3,20.59,0,vecina
47555,4,52.22,0,vecina
47555,5,75.68,0,vecina
47555,6,71.47,0,vecina
47555,7,77.82,0,vecina
47555,8,64.68,0,vecina
47555,9,76.31,0,vecina
47555,10,225.91,0,vecina
47555,11,45.12,0,vecina
47555,12,8.84,0,vecina
47570,1,0.44,0,vecina
47570,2,0.23,0,vecina
47570,3,10.21,0,vecina
47570,4,242.64,0,vecina
47570,5,441.37,0,vecina
47570,6,156.0,0,vecina
47570,7,163.89,0,vecina
47570,8,162.01,0,vecina
47570,9,298.01,0,vecina
47570,10,157.69,0,vecina
47570,11,58.57,0,vecina
47570,12,41.42,0,vecina
47605,1,82.97,0,vecina
47605,2,68.87,0,vecina
47605,3,135.28,0,vecina
47605,4,100.31,0,vecina
47605,5,87.87,0,vecina
47605,6,169.22,0,vecina
47605,7,114.16,0,vecina
47605,8,119.06,0,vecina
47605,9,186.9,0,vecina
47605,10,163.69,0,vecina
47605,11,134.72,0,vecina
47605,12,99.36,0,vecina
47660,1,122.74,0,vecina
47660,2,56.51,0,vecina
47660,3,12.27,0,vecina
47660,4,35.63,0,vecina
47660,5,38.08,0,vecina
47660,6,47.88,0,vecina
47660,7,47.39,0,vecina
47660,8,37.97,0,vecina
47660,9,66.79,0,vecina
47660,10,105.19,0,vecina
47660,11,96.17,0,vecina
47660,12,163.92,0,vecina
47675,1,16.59,0,vecina
47675,2,13.1,0,vecina
47675,3,13.05,0,vecina
47675,4,80.68,0,vecina
47675,5,62.6,0,vecina
47675,6,88.02,0,vecina
47675,7,59.34,0,vecina
47675,8,82.51,0,vecina
47675,9,88.93,0,vecina
47675,10,70.92,0,vecina
47675,11,45.19,0,vecina
47675,12,23.02,0,vecina
47692,1,78.67,0,vecina
47692,2,35.0,0,vecina
47692,3,16.96,0,vecina
47692,4,42.37,0,vecina
47692,5,48.98,0,vecina
47692,6,92.9,0,vecina
47692,7,110.91,0,vecina
47692,8,113.41,0,vecina
47692,9,277.17,0,vecina
47692,10,146.35,0,vecina
47692,11,119.56,0,vecina
47692,12,70.53,0,vecina
47703,1,73.02,0,vecina
47703,2,31.74,0,vecina
47703,3,23.07,0,vecina
47703,4,43.62,0,vecina
47703,5,47.62,0,vecina
47703,6,94.03,0,vecina
47703,7,105.73,0,vecina
47703,8,86.57,0,vecina
47703,9,206.47,0,vecina
47703,10,120.77,0,vecina
47703,11,98.72,0,vecina
47703,12,69.85,0,vecina
47707,1,70.59,0,vecina
47707,2,30.15,0,vecina
47707,3,26.87,0,vecina
47707,4,44.19,0,vecina
47707,5,46.34,0,vecina
47707,6,93.81,0,vecina
47707,7,101.39,0,vecina
47707,8,68.16,0,vecina
47707,9,157.75,0,vecina
47707,10,104.1,0,vecina
47707,11,85.15,0,vecina
47707,12,71.56,0,vecina
47720,1,31.84,0,vecina
47720,2,9.11,0,vecina
47720,3,33.39,0,vecina
47720,4,60.29,0,vecina
47720,5,78.83,0,vecina
47720,6,109.02,0,vecina
47720,7,114.63,0,vecina
47720,8,69.09,0,vecina
47720,9,85.5,0,vecina
47720,10,88.26,0,vecina
47720,11,55.74,0,vecina
47720,12,10.89,0,vecina
47745,1,99.33,0,vecina
47745,2,84.16,0,vecina
47745,3,175.58,0,vecina
47745,4,123.15,0,vecina
47745,5,105.48,0,vecina
47745,6,208.02,0,vecina
47745,7,141.14,0,vecina
47745,8,142.7,0,vecina
47745,9,214.78,0,vecina
47745,10,204.9,0,vecina
47745,11,152.6,0,vecina
47745,12,115.13,0,vecina
47798,1,23.53,0,vecina
47798,2,11.46,0,vecina
47798,3,11.72,0,vecina
47798,4,39.64,0,vecina
47798,5,56.21,0,vecina
47798,6,41.29,0,vecina
47798,7,47.75,0,vecina
47798,8,53.34,0,vecina
47798,9,60.08,0,vecina
47798,10,275.68,0,vecina
47798,11,34.17,0,vecina
47798,12,8.24,0,vecina
47960,1,19.28,0,vecina
47960,2,15.27,0,vecina
47960,3,14.9,0,vecina
47960,4,46.15,0,vecina
47960,5,36.97,0,vecina
47960,6,49.66,0,vecina
47960,7,38.84,0,vecina
47960,8,58.29,0,vecina
47960,9,67.82,0,vecina
47960,10,133.67,0,vecina
47960,11,41.33,0,vecina
47960,12,23.15,0,vecina
47980,1,2.23,1,estacion
47980,2,0.08,1,estacion
47980,3,0.3,1,estacion
47980,4,34.58,1,estacion
47980,5,101.3,1,estacion
47980,6,53.96,1,estacion
47980,7,126.26,1,estacion
47980,8,133.05,1,estacion
47980,9,191.02,1,estacion
47980,10,282.73,1,estacion
47980,11,61.0,1,estacion
47980,12,0.63,1,estacion
50001,1,27.2,2,estacion
50001,2,7.46,2,estacion
50001,3,149.06,2,estacion
50001,4,315.72,2,estacion
50001,5,336.15,2,estacion
50001,6,343.66,2,estacion
50001,7,408.16,2,estacion
50001,8,332.66,2,estacion
50001,9,299.58,2,estacion
50001,10,203.16,2,estacion
50001,11,120.7,2,estacion
50001,12,46.59,2,estacion
50006,1,44.48,0,vecina
50006,2,23.14,0,vecina
50006,3,187.62,0,vecina
50006,4,435.54,0,vecina
50006,5,592.09,0,vecina
50006,6,491.31,0,vecina
50006,7,499.1,0,vecina
50006,8,424.17,0,vecina
50006,9,359.02,0,vecina
50006,10,408.08,0,vecina
50006,11,251.78,0,vecina
50006,12,127.14,0,vecina
50110,1,21.31,1,estacion
50110,2,24.68,1,estacion
50110,3,98.85,1,estacion
50110,4,356.67,1,estacion
50110,5,239.4,1,estacion
50110,6,200.79,1,estacion
50110,7,391.79,1,estacion
50110,8,323.4,1,estacion
50110,9,207.76,1,estacion
50110,10,304.71,1,estacion
50110,11,165.34,1,estacion
50110,12,39.13,1,estacion
50124,1,33.83,0,vecina
50124,2,10.81,0,vecina
50124,3,86.15,0,vecina
50124,4,247.64,0,vecina
50124,5,253.28,0,vecina
50124,6,241.06,0,vecina
50124,7,306.18,0,vecina
50124,8,230.18,0,vecina
50124,9,186.59,0,vecina
50124,10,251.86,0,vecina
50124,11,148.87,0,vecina
50124,12,37.26,0,vecina
50150,1,62.61,0,vecina
50150,2,32.23,0,vecina
50150,3,248.48,0,vecina
50150,4,529.29,0,vecina
50150,5,798.66,0,vecina
50150,6,613.58,0,vecina
50150,7,588.51,0,vecina
50150,8,517.75,0,vecina
50150,9,392.63,0,vecina
50150,10,573.95,0,vecina
50150,11,372.8,0,vecina
50150,12,197.66,0,vecina
50223,1,78.47,1,estacion
50223,2,39.31,1,estacion
50223,3,304.17,1,estacion
50223,4,607.5,1,estacion
50223,5,972.0,1,estacion
50223,6,716.65,1,estacion
50223,7,666.02,1,estacion
50223,8,599.33,1,estacion
50223,9,418.6,1,estacion
50223,10,713.2,1,estacion
50223,11,476.7,1,estacion
50223,12,257.7,1,estacion
50226,1,11.98,0,vecina
50226,2,26.85,0,vecina
50226,3,28.1,0,vecina
50226,4,323.57,0,vecina
50226,5,351.95,0,vecina
50226,6,323.81,0,vecina
50226,7,342.22,0,vecina
50226,8,250.32,0,vecina
50226,9,353.7,0,vecina
50226,10,212.23,0,vecina
50226,11,65.39,0,vecina
50226,12,32.3,0,vecina
50245,1,33.7,1,estacion
50245,2,54.56,1,estacion
50245,3,108.7,1,estacion
50245,4,177.03,1,estacion
50245,5,328.05,1,estacion
50245,6,145.0,1,estacion
50245,7,323.4,1,estacion
50245,8,230.6,1,estacion
50245,9,209.46,1,estacion
50245,10,176.92,1,estacion
50245,11,92.77,1,estacion
50245,12,79.4,1,estacion
50251,1,52.35,0,vecina
50251,2,64.01,0,vecina
50251,3,257.12,0,vecina
50251,4,450.22,0,vecina
50251,5,855.25,0,vecina
50251,6,579.17,0,vecina
50251,7,595.21,0,vecina
50251,8,431.19,0,vecina
50251,9,348.15,0,vecina
50251,10,495.92,0,vecina
50251,11,351.85,0,vecina
50251,12,173.07,0,vecina
50270,1,76.12,0,vecina
50270,2,40.81,0,vecina
50270,3,299.39,0,vecina
50270,4,593.54,0,vecina
50270,5,957.91,0,vecina
50270,6,703.4,0,vecina
50270,7,658.61,0,vecina
50270,8,584.81,0,vecina
50270,9,412.45,0,vecina
50270,10,692.97,0,vecina
50270,11,464.51,0,vecina
50270,12,249.71,0,vecina
50287,1,50.88,0,vecina
50287,2,58.01,0,vecina
50287,3,248.69,0,vecina
50287,4,442.91,0,vecina
50287,5,811.26,0,vecina
50287,6,561.92,0,vecina
50287,7,580.28,0,vecina
50287,8,427.53,0,vecina
50287,9,345.95,0,vecina
50287,10,475.98,0,vecina
50287,11,334.6,0,vecina
50287,12,164.15,0,vecina
50313,1,54.1,0,vecina
50313,2,58.03,0,vecina
50313,3,256.9,0,vecina
50313,4,461.67,0,vecina
50313,5,841.19,0,vecina
50313,6,582.83,0,vecina
50313,7,593.56,0,vecina
50313,8,445.87,0,vecina
50313,9,353.91,0,vecina
50313,10,505.98,0,vecina
50313,11,354.25,0,vecina
50313,12,176.32,0,vecina
50318,1,68.36,0,vecina
50318,2,34.76,0,vecina
50318,3,268.82,0,vecina
50318,4,557.48,0,vecina
50318,5,861.2,0,vecina
50318,6,650.79,0,vecina
50318,7,616.61,0,vecina
50318,8,547.35,0,vecina
50318,9,401.88,0,vecina
50318,10,624.2,0,vecina
50318,11,410.41,0,vecina
50318,12,219.37,0,vecina
50325,1,46.17,0,vecina
50325,2,18.44,0,vecina
50325,3,129.55,0,vecina
50325,4,326.43,0,vecina
50325,5,413.6,0,vecina
50325,6,325.77,0,vecina
50325,7,375.71,0,vecina
50325,8,332.14,0,vecina
50325,9,251.83,0,vecina
50325,10,372.53,0,vecina
50325,11,210.88,0,vecina
50325,12,86.99,0,vecina
50330,1,34.48,0,vecina
50330,2,90.62,0,vecina
50330,3,230.1,0,vecina
50330,4,335.19,0,vecina
50330,5,810.95,0,vecina
50330,6,487.78,0,vecina
50330,7,547.74,0,vecina
50330,8,300.66,0,vecina
50330,9,289.53,0,vecina
50330,10,351.98,0,vecina
50330,11,276.66,0,vecina
50330,12,119.54,0,vecina
50350,1,43.48,0,vecina
50350,2,47.82,0,vecina
50350,3,224.11,0,vecina
50350,4,396.06,0,vecina
50350,5,241.07,0,vecina
50350,6,137.56,0,vecina
50350,7,160.51,0,vecina
50350,8,80.63,0,vecina
50350,9,87.23,0,vecina
50350,10,109.37,0,vecina
50350,11,104.08,0,vecina
50350,12,93.66,0,vecina
50370,1,32.74,0,vecina
50370,2,114.82,0,vecina
50370,3,151.59,0,vecina
50370,4,187.96,0,vecina
50370,5,395.05,0,vecina
50370,6,248.07,0,vecina
50370,7,269.29,0,vecina
50370,8,138.0,0,vecina
50370,9,147.66,0,vecina
50370,10,205.62,0,vecina
50370,11,225.78,0,vecina
50370,12,105.3,0,vecina
50400,1,30.54,1,estacion
50400,2,97.15,1,estacion
50400,3,227.62,1,estacion
50400,4,316.25,1,estacion
50400,5,821.15,1,estacion
50400,6,480.44,1,estacion
50400,7,554.61,1,estacion
50400,8,280.9,1,estacion
50400,9,286.33,1,estacion
50400,10,327.5,1,estacion
50400,11,264.89,1,estacion
50400,12,109.41,1,estacion
50450,1,49.94,0,vecina
50450,2,45.18,0,vecina
50450,3,187.27,0,vecina
50450,4,346.78,0,vecina
50450,5,645.63,0,vecina
50450,6,445.96,0,vecina
50450,7,462.24,0,vecina
50450,8,346.01,0,vecina
50450,9,290.74,0,vecina
50450,10,409.24,0,vecina
50450,11,267.2,0,vecina
50450,12,123.19,0,vecina
50568,1,18.54,0,vecina
50568,2,5.37,0,vecina
50568,3,40.56,0,vecina
50568,4,207.24,0,vecina
50568,5,261.81,0,vecina
50568,6,363.09,0,vecina
50568,7,267.79,0,vecina
50568,8,197.49,0,vecina
50568,9,246.77,0,vecina
50568,10,240.37,0,vecina
50568,11,76.09,0,vecina
50568,12,41.08,0,vecina
50573,1,42.87,2,estacion
50573,2,2.75,2,estacion
50573,3,48.65,2,estacion
50573,4,147.84,2,estacion
50573,5,201.08,2,estacion
50573,6,178.87,2,estacion
50573,7,200.45,2,estacion
50573,8,185.13,2,estacion
50573,9,183.53,2,estacion
50573,10,219.51,2,estacion
50573,11,87.01,2,estacion
50573,12,18.74,2,estacion
50577,1,48.06,0,vecina
50577,2,54.01,0,vecina
50577,3,238.4,0,vecina
50577,4,427.33,0,vecina
50577,5,764.88,0,vecina
50577,6,538.51,0,vecina
50577,7,562.76,0,vecina
50577,8,414.64,0,vecina
50577,9,339.94,0,vecina
50577,10,445.57,0,vecina
50577,11,311.91,0,vecina
50577,12,151.28,0,vecina
50590,1,50.32,0,vecina
50590,2,51.29,0,vecina
50590,3,204.3,0,vecina
50590,4,369.22,0,vecina
50590,5,701.29,0,vecina
50590,6,477.79,0,vecina
50590,7,494.78,0,vecina
50590,8,363.24,0,vecina
50590,9,303.11,0,vecina
50590,10,429.45,0,vecina
50590,11,288.1,0,vecina
50590,12,135.02,0,vecina
50606,1,7.21,1,estacion
50606,2,26.96,1,estacion
50606,3,0.11,1,estacion
50606,4,340.6,1,estacion
50606,5,357.04,1,estacion
50606,6,339.89,1,estacion
50606,7,333.71,1,estacion
50606,8,239.29,1,estacion
50606,9,377.87,1,estacion
50606,10,217.48,1,estacion
50606,11,53.61,1,estacion
50606,12,24.95,1,estacion
50680,1,47.65,0,vecina
50680,2,14.01,0,vecina
50680,3,147.99,0,vecina
50680,4,322.64,0,vecina
50680,5,449.49,0,vecina
50680,6,373.72,0,vecina
50680,7,389.01,0,vecina
50680,8,341.5,0,vecina
50680,9,282.15,0,vecina
50680,10,347.17,0,vecina
50680,11,202.01,0,vecina
50680,12,91.46,0,vecina
50683,1,39.47,0,vecina
50683,2,81.36,0,vecina
50683,3,237.95,0,vecina
50683,4,371.56,0,vecina
50683,5,823.83,0,vecina
50683,6,517.99,0,vecina
50683,7,567.93,0,vecina
50683,8,344.18,0,vecina
50683,9,312.17,0,vecina
50683,10,394.12,0,vecina
50683,11,297.41,0,vecina
50683,12,134.22,0,vecina
50686,1,25.45,0,vecina
50686,2,42.24,0,vecina
50686,3,76.55,0,vecina
50686,4,183.71,0,vecina
50686,5,315.19,0,vecina
50686,6,178.77,0,vecina
50686,7,303.93,0,vecina
50686,8,221.76,0,vecina
50686,9,222.53,0,vecina
50686,10,166.4,0,vecina
50686,11,76.76,0,vecina
50686,12,60.51,0,vecina
50689,1,65.39,0,vecina
50689,2,44.49,0,vecina
50689,3,275.0,0,vecina
50689,4,530.27,0,vecina
50689,5,877.17,0,vecina
50689,6,638.59,0,vecina
50689,7,619.93,0,vecina
50689,8,520.82,0,vecina
50689,9,385.05,0,vecina
50689,10,596.94,0,vecina
50689,11,404.27,0,vecina
50689,12,211.3,0,vecina
50711,1,44.25,0,vecina
50711,2,68.28,0,vecina
50711,3,239.87,0,vecina
50711,4,402.14,0,vecina
50711,5,801.85,0,vecina
50711,6,532.15,0,vecina
50711,7,568.22,0,vecina
50711,8,381.69,0,vecina
50711,9,327.11,0,vecina
50711,10,424.97,0,vecina
50711,11,308.43,0,vecina
50711,12,144.91,0,vecina
52001,1,35.93,4,estacion
52001,2,52.0,4,estacion
52001,3,43.34,4,estacion
52001,4,93.97,4,estacion
52001,5,136.8,4,estacion
52001,6,82.74,4,estacion
52001,7,97.17,4,estacion
52001,8,47.62,4,estacion
52001,9,46.93,4,estacion
52001,10,99.17,4,estacion
52001,11,107.08,4,estacion
52001,12,75.28,4,estacion
52019,1,62.47,0,vecina
52019,2,59.29,0,vecina
52019,3,85.93,0,vecina
52019,4,126.82,0,vecina
52019,5,144.26,0,vecina
52019,6,114.04,0,vecina
52019,7,123.22,0,vecina
52019,8,74.51,0,vecina
52019,9,77.23,0,vecina
52019,10,91.17,0,vecina
52019,11,128.15,0,vecina
52019,12,88.74,0,vecina
52022,1,126.26,0,vecina
52022,2,100.37,0,vecina
52022,3,93.8,0,vecina
52022,4,150.41,0,vecina
52022,5,154.96,0,vecina
52022,6,149.31,0,vecina
52022,7,144.1,0,vecina
52022,8,126.11,0,vecina
52022,9,108.67,0,vecina
52022,10,112.51,0,vecina
52022,11,189.44,0,vecina
52022,12,192.58,0,vecina
52036,1,81.55,0,vecina
52036,2,70.49,0,vecina
52036,3,146.28,0,vecina
52036,4,109.04,0,vecina
52036,5,118.79,0,vecina
52036,6,98.34,0,vecina
52036,7,73.5,0,vecina
52036,8,41.18,0,vecina
52036,9,57.8,0,vecina
52036,10,121.71,0,vecina
52036,11,208.75,0,vecina
52036,12,168.87,0,vecina
52051,1,61.47,0,vecina
52051,2,48.98,0,vecina
52051,3,79.83,0,vecina
52051,4,114.73,0,vecina
52051,5,117.69,0,vecina
52051,6,74.06,0,vecina
52051,7,86.28,0,vecina
52051,8,44.27,0,vecina
52051,9,55.53,0,vecina
52051,10,80.5,0,vecina
52051,11,134.7,0,vecina
52051,12,71.2,0,vecina
52079,1,430.03,1,estacion
52079,2,312.96,1,estacion
52079,3,292.1,1,estacion
52079,4,692.26,1,estacion
52079,5,641.98,1,estacion
52079,6,403.96,1,estacion
52079,7,387.55,1,estacion
52079,8,165.76,1,estacion
52079,9,277.16,1,estacion
52079,10,582.95,1,estacion
52079,11,718.23,1,estacion
52079,12,634.48,1,estacion
52083,1,69.87,0,vecina
52083,2,60.24,0,vecina
52083,3,112.78,0,vecina
52083,4,139.66,0,vecina
52083,5,173.44,0,vecina
52083,6,159.33,0,vecina
52083,7,157.8,0,vecina
52083,8,95.03,0,vecina
52083,9,97.37,0,vecina
52083,10,103.87,0,vecina
52083,11,135.44,0,vecina
52083,12,85.41,0,vecina
52110,1,57.83,0,vecina
52110,2,62.33,0,vecina
52110,3,80.41,0,vecina
52110,4,125.75,0,vecina
52110,5,154.26,0,vecina
52110,6,125.27,0,vecina
52110,7,134.14,0,vecina
52110,8,82.39,0,vecina
52110,9,80.78,0,vecina
52110,10,97.29,0,vecina
52110,11,121.3,0,vecina
52110,12,93.71,0,vecina
52203,1,84.94,0,vecina
52203,2,66.12,0,vecina
52203,3,102.16,0,vecina
52203,4,129.11,0,vecina
52203,5,159.53,0,vecina
52203,6,106.23,0,vecina
52203,7,111.39,0,vecina
52203,8,56.27,0,vecina
52203,9,69.78,0,vecina
52203,10,122.26,0,vecina
52203,11,193.95,0,vecina
52203,12,139.46,0,vecina
52207,1,88.4,1,estacion
52207,2,72.85,1,estacion
52207,3,167.08,1,estacion
52207,4,112.23,1,estacion
52207,5,121.44,1,estacion
52207,6,102.85,1,estacion
52207,7,75.31,1,estacion
52207,8,43.4,1,estacion
52207,9,61.45,1,estacion
52207,10,129.22,1,estacion
52207,11,228.61,1,estacion
52207,12,189.64,1,estacion
52210,1,84.8,1,estacion
52210,2,109.15,1,estacion
52210,3,61.52,1,estacion
52210,4,130.33,1,estacion
52210,5,83.8,1,estacion
52210,6,81.59,1,estacion
52210,7,48.27,1,estacion
52210,8,35.83,1,estacion
52210,9,43.11,1,estacion
52210,10,94.67,1,estacion
52210,11,247.69,1,estacion
52210,12,199.46,1,estacion
52215,1,209.41,0,vecina
52215,2,112.27,0,vecina
52215,3,149.11,0,vecina
52215,4,205.13,0,vecina
52215,5,272.4,0,vecina
52215,6,266.09,0,vecina
52215,7,306.95,0,vecina
52215,8,286.19,0,vecina
52215,9,221.09,0,vecina
52215,10,151.31,0,vecina
52215,11,165.58,0,vecina
52215,12,256.92,0,vecina
52224,1,127.74,0,vecina
52224,2,99.73,0,vecina
52224,3,95.06,0,vecina
52224,4,150.97,0,vecina
52224,5,157.78,0,vecina
52224,6,151.95,0,vecina
52224,7,147.86,0,vecina
52224,8,129.57,0,vecina
52224,9,111.23,0,vecina
52224,10,113.11,0,vecina
52224,11,186.33,0,vecina
52224,12,191.48,0,vecina
52227,1,119.5,0,vecina
52227,2,94.95,0,vecina
52227,3,90.73,0,vecina
52227,4,143.78,0,vecina
52227,5,149.23,0,vecina
52227,6,142.69,0,vecina
52227,7,135.3,0,vecina
52227,8,116.26,0,vecina
52227,9,102.41,0,vecina
52227,10,108.89,0,vecina
52227,11,177.33,0,vecina
52227,12,175.55,0,vecina
52233,1,53.68,1,estacion
52233,2,12.45,1,estacion
52233,3,28.91,1,estacion
52233,4,4.3,1,estacion
52233,5,12.94,1,estacion
52233,6,27.84,1,estacion
52233,7,9.23,1,estacion
52233,8,10.88,1,estacion
52233,9,0.0,1,estacion
52233,10,0.1,1,estacion
52233,11,81.47,1,estacion
52233,12,43.34,1,estacion
52240,1,53.71,0,vecina
52240,2,51.8,0,vecina
52240,3,77.06,0,vecina
52240,4,99.54,0,vecina
52240,5,118.91,0,vecina
52240,6,70.46,0,vecina
52240,7,76.75,0,vecina
52240,8,35.31,0,vecina
52240,9,44.87,0,vecina
52240,10,96.17,0,vecina
52240,11,142.15,0,vecina
52240,12,91.33,0,vecina
52250,1,344.48,0,vecina
52250,2,295.28,0,vecina
52250,3,256.8,0,vecina
52250,4,376.78,0,vecina
52250,5,773.52,0,vecina
52250,6,687.26,0,vecina
52250,7,584.49,0,vecina
52250,8,451.39,0,vecina
52250,9,441.06,0,vecina
52250,10,489.89,0,vecina
52250,11,503.51,0,vecina
52250,12,417.52,0,vecina
52254,1,67.06,0,vecina
52254,2,38.84,0,vecina
52254,3,86.85,0,vecina
52254,4,75.74,0,vecina
52254,5,72.18,0,vecina
52254,6,45.35,0,vecina
52254,7,39.31,0,vecina
52254,8,16.96,0,vecina
52254,9,28.95,0,vecina
52254,10,63.45,0,vecina
52254,11,149.67,0,vecina
52254,12,85.3,0,vecina
52256,1,77.71,0,vecina
52256,2,49.26,0,vecina
52256,3,67.45,0,vecina
52256,4,87.01,0,vecina
52256,5,88.0,0,vecina
52256,6,35.99,0,vecina
52256,7,43.8,0,vecina
52256,8,18.1,0,vecina
52256,9,30.65,0,vecina
52256,10,76.32,0,vecina
52256,11,171.77,0,vecina
52256,12,118.3,0,vecina
52258,1,62.06,0,vecina
52258,2,63.72,0,vecina
52258,3,87.29,0,vecina
52258,4,131.22,0,vecina
52258,5,156.05,0,vecina
52258,6,131.13,0,vecina
52258,7,139.1,0,vecina
52258,8,87.33,0,vecina
52258,9,86.07,0,vecina
52258,10,96.27,0,vecina
52258,11,124.49,0,vecina
52258,12,96.24,0,vecina
52260,1,63.2,0,vecina
52260,2,52.29,0,vecina
52260,3,95.75,0,vecina
52260,4,102.56,0,vecina
52260,5,110.4,0,vecina
52260,6,65.48,0,vecina
52260,7,66.91,0,vecina
52260,8,29.63,0,vecina
52260,9,44.35,0,vecina
52260,10,95.66,0,vecina
52260,11,161.39,0,vecina
52260,12,101.78,0,vecina
52287,1,148.12,0,vecina
52287,2,102.55,0,vecina
52287,3,108.65,0,vecina
52287,4,164.33,0,vecina
52287,5,186.65,0,vecina
52287,6,180.63,0,vecina
52287,7,187.87,0,vecina
52287,8,168.87,0,vecina
52287,9,138.84,0,vecina
52287,10,122.61,0,vecina
52287,11,180.15,0,vecina
52287,12,206.97,0,vecina
52317,1,109.76,0,vecina
52317,2,91.38,0,vecina
52317,3,84.95,0,vecina
52317,4,136.3,0,vecina
52317,5,137.34,0,vecina
52317,6,130.42,0,vecina
52317,7,118.4,0,vecina
52317,8,99.06,0,vecina
52317,9,90.65,0,vecina
52317,10,104.12,0,vecina
52317,11,173.26,0,vecina
52317,12,162.24,0,vecina
52320,1,71.42,0,vecina
52320,2,71.37,0,vecina
52320,3,91.74,0,vecina
52320,4,103.22,0,vecina
52320,5,95.93,0,vecina
52320,6,83.67,0,vecina
52320,7,52.73,0,vecina
52320,8,27.85,0,vecina
52320,9,45.07,0,vecina
52320,10,95.82,0,vecina
52320,11,168.13,0,vecina
52320,12,119.8,0,vecina
52323,1,96.97,0,vecina
52323,2,108.91,0,vecina
52323,3,70.25,0,vecina
52323,4,137.37,0,vecina
52323,5,102.68,0,vecina
52323,6,99.96,0,vecina
52323,7,74.07,0,vecina
52323,8,60.67,0,vecina
52323,9,60.84,0,vecina
52323,10,100.15,0,vecina
52323,11,237.96,0,vecina
52323,12,203.63,0,vecina
52352,1,134.93,0,vecina
52352,2,106.02,0,vecina
52352,3,98.16,0,vecina
52352,4,158.27,0,vecina
52352,5,163.42,0,vecina
52352,6,158.64,0,vecina
52352,7,156.69,0,vecina
52352,8,139.66,0,vecina
52352,9,117.54,0,vecina
52352,10,117.0,0,vecina
52352,11,200.84,0,vecina
52352,12,210.96,0,vecina
52354,1,75.49,0,vecina
52354,2,79.97,0,vecina
52354,3,89.64,0,vecina
52354,4,109.89,0,vecina
52354,5,94.79,0,vecina
52354,6,84.4,0,vecina
52354,7,53.13,0,vecina
52354,8,30.62,0,vecina
52354,9,45.65,0,vecina
52354,10,97.65,0,vecina
52354,11,189.82,0,vecina
52354,12,142.1,0,vecina
52356,1,139.49,0,vecina
52356,2,105.41,0,vecina
52356,3,101.59,0,vecina
52356,4,160.65,0,vecina
52356,5,170.94,0,vecina
52356,6,165.85,0,vecina
52356,7,166.87,0,vecina
52356,8,149.33,0,vecina
52356,9,124.52,0,vecina
52356,10,119.0,0,vecina
52356,11,195.55,0,vecina
52356,12,211.14,0,vecina
52378,1,71.07,0,vecina
52378,2,64.82,0,vecina
52378,3,122.75,0,vecina
52378,4,147.67,0,vecina
52378,5,196.83,0,vecina
52378,6,193.4,0,vecina
52378,7,186.63,0,vecina
52378,8,115.07,0,vecina
52378,9,112.99,0,vecina
52378,10,114.57,0,vecina
52378,11,133.53,0,vecina
52378,12,91.14,0,vecina
52381,1,69.58,0,vecina
52381,2,63.15,0,vecina
52381,3,120.19,0,vecina
52381,4,105.49,0,vecina
52381,5,123.08,0,vecina
52381,6,89.81,0,vecina
52381,7,79.18,0,vecina
52381,8,41.6,0,vecina
52381,9,54.11,0,vecina
52381,10,114.42,0,vecina
52381,11,183.15,0,vecina
52381,12,141.69,0,vecina
52385,1,62.89,0,vecina
52385,2,29.79,0,vecina
52385,3,67.55,0,vecina
52385,4,45.51,0,vecina
52385,5,49.07,0,vecina
52385,6,42.94,0,vecina
52385,7,28.71,0,vecina
52385,8,16.79,0,vecina
52385,9,18.52,0,vecina
52385,10,40.09,0,vecina
52385,11,125.36,0,vecina
52385,12,76.08,0,vecina
52390,1,345.92,0,vecina
52390,2,306.25,0,vecina
52390,3,249.28,0,vecina
52390,4,390.31,0,vecina
52390,5,742.68,0,vecina
52390,6,635.24,0,vecina
52390,7,531.22,0,vecina
52390,8,389.03,0,vecina
52390,9,392.87,0,vecina
52390,10,482.2,0,vecina
52390,11,488.55,0,vecina
52390,12,412.01,0,vecina
52399,1,68.61,0,vecina
52399,2,47.21,0,vecina
52399,3,74.19,0,vecina
52399,4,106.17,0,vecina
52399,5,99.81,0,vecina
52399,6,34.3,0,vecina
52399,7,50.64,0,vecina
52399,8,15.14,0,vecina
52399,9,35.16,0,vecina
52399,10,83.05,0,vecina
52399,11,163.54,0,vecina
52399,12,87.14,0,vecina
52405,1,137.24,0,vecina
52405,2,119.92,0,vecina
52405,3,90.0,0,vecina
52405,4,142.51,0,vecina
52405,5,182.72,0,vecina
52405,6,78.74,0,vecina
52405,7,95.83,0,vecina
52405,8,56.82,0,vecina
52405,9,68.96,0,vecina
52405,10,182.85,0,vecina
52405,11,325.49,0,vecina
52405,12,357.14,0,vecina
52411,1,73.47,0,vecina
52411,2,67.57,0,vecina
52411,3,123.56,0,vecina
52411,4,105.6,0,vecina
52411,5,117.49,0,vecina
52411,6,93.77,0,vecina
52411,7,73.2,0,vecina
52411,8,39.64,0,vecina
52411,9,54.19,0,vecina
52411,10,114.27,0,vecina
52411,11,186.89,0,vecina
52411,12,146.65,0,vecina
52418,1,62.1,0,vecina
52418,2,28.83,0,vecina
52418,3,65.04,0,vecina
52418,4,47.1,0,vecina
52418,5,48.96,0,vecina
52418,6,39.69,0,vecina
52418,7,27.83,0,vecina
52418,8,15.17,0,vecina
52418,9,17.84,0,vecina
52418,10,38.98,0,vecina
52418,11,123.56,0,vecina
52418,12,70.79,0,vecina
52427,1,414.62,0,vecina
52427,2,307.8,0,vecina
52427,3,279.74,0,vecina
52427,4,657.46,0,vecina
52427,5,622.17,0,vecina
52427,6,393.22,0,vecina
52427,7,370.44,0,vecina
52427,8,157.23,0,vecina
52427,9,262.47,0,vecina
52427,10,557.98,0,vecina
52427,11,680.82,0,vecina
52427,12,601.74,0,vecina
52435,1,72.64,0,vecina
52435,2,77.29,0,vecina
52435,3,82.95,0,vecina
52435,4,107.05,0,vecina
52435,5,92.66,0,vecina
52435,6,82.32,0,vecina
52435,7,50.82,0,vecina
52435,8,28.29,0,vecina
52435,9,43.9,0,vecina
52435,10,93.87,0,vecina
52435,11,177.56,0,vecina
52435,12,128.76,0,vecina
52473,1,336.55,0,vecina
52473,2,326.88,0,vecina
52473,3,228.26,0,vecina
52473,4,373.09,0,vecina
52473,5,696.59,0,vecina
52473,6,566.46,0,vecina
52473,7,447.23,0,vecina
52473,8,298.7,0,vecina
52473,9,314.83,0,vecina
52473,10,452.44,0,vecina
52473,11,425.74,0,vecina
52473,12,368.83,0,vecina
52480,1,57.33,0,vecina
52480,2,58.34,0,vecina
52480,3,91.36,0,vecina
52480,4,101.23,0,vecina
52480,5,126.76,0,vecina
52480,6,85.26,0,vecina
52480,7,84.38,0,vecina
52480,8,42.66,0,vecina
52480,9,50.77,0,vecina
52480,10,107.5,0,vecina
52480,11,154.82,0,vecina
52480,12,115.16,0,vecina
52490,1,342.64,0,vecina
52490,2,324.11,0,vecina
52490,3,233.83,0,vecina
52490,4,392.45,0,vecina
52490,5,698.02,0,vecina
52490,6,564.09,0,vecina
52490,7,452.03,0,vecina
52490,8,300.05,0,vecina
52490,9,320.28,0,vecina
52490,10,462.55,0,vecina
52490,11,448.02,0,vecina
52490,12,387.73,0,vecina
52506,1,66.24,0,vecina
52506,2,71.3,0,vecina
52506,3,67.86,0,vecina
52506,4,100.69,0,vecina
52506,5,87.83,0,vecina
52506,6,77.64,0,vecina
52506,7,45.62,0,vecina
52506,8,23.07,0,vecina
52506,9,39.93,0,vecina
52506,10,85.37,0,vecina
52506,11,150.04,0,vecina
52506,12,98.79,0,vecina
52520,1,284.47,0,vecina
52520,2,390.78,0,vecina
52520,3,150.0,0,vecina
52520,4,238.42,0,vecina
52520,5,576.47,0,vecina
52520,6,408.6,0,vecina
52520,7,217.78,0,vecina
52520,8,70.1,0,vecina
52520,9,96.93,0,vecina
52520,10,331.03,0,vecina
52520,11,165.01,0,vecina
52520,12,172.52,0,vecina
52540,1,58.13,0,vecina
52540,2,22.21,0,vecina
52540,3,49.67,0,vecina
52540,4,37.47,0,vecina
52540,5,38.14,0,vecina
52540,6,30.08,0,vecina
52540,7,20.7,0,vecina
52540,8,10.87,0,vecina
52540,9,11.29,0,vecina
52540,10,25.46,0,vecina
52540,11,107.79,0,vecina
52540,12,52.76,0,vecina
52560,1,160.1,0,vecina
52560,2,108.59,0,vecina
52560,3,115.22,0,vecina
52560,4,174.33,0,vecina
52560,5,199.85,0,vecina
52560,6,194.65,0,vecina
52560,7,207.0,0,vecina
52560,8,188.84,0,vecina
52560,9,152.23,0,vecina
52560,10,128.64,0,vecina
52560,11,190.37,0,vecina
52560,12,227.7,0,vecina
52565,1,72.99,0,vecina
52565,2,68.09,0,vecina
52565,3,113.38,0,vecina
52565,4,103.87,0,vecina
52565,5,108.59,0,vecina
52565,6,89.92,0,vecina
52565,7,64.35,0,vecina
52565,8,34.29,0,vecina
52565,9,50.66,0,vecina
52565,10,107.03,0,vecina
52565,11,178.0,0,vecina
52565,12,134.22,0,vecina
52573,1,245.99,2,estacion
52573,2,113.96,2,estacion
52573,3,174.57,2,estacion
52573,4,227.46,2,estacion
52573,5,327.11,2,estacion
52573,6,319.75,2,estacion
52573,7,382.12,2,estacion
52573,8,359.13,2,estacion
52573,9,272.84,2,estacion
52573,10,168.02,2,estacion
52573,11,143.9,2,estacion
52573,12,275.82,2,estacion
52585,1,130.79,0,vecina
52585,2,105.61,0,vecina
52585,3,95.35,0,vecina
52585,4,155.64,0,vecina
52585,5,157.43,0,vecina
52585,6,152.71,0,vecina
52585,7,148.41,0,vecina
52585,8,131.57,0,vecina
52585,9,111.83,0,vecina
52585,10,115.09,0,vecina
52585,11,202.61,0,vecina
52585,12,208.25,0,vecina
52612,1,180.64,0,vecina
52612,2,142.9,0,vecina
52612,3,157.28,0,vecina
52612,4,281.68,0,vecina
52612,5,264.17,0,vecina
52612,6,182.2,0,vecina
52612,7,155.95,0,vecina
52612,8,70.0,0,vecina
52612,9,116.58,0,vecina
52612,10,245.7,0,vecina
52612,11,333.35,0,vecina
52612,12,274.54,0,vecina
52621,1,413.23,0,vecina
52621,2,309.25,0,vecina
52621,3,278.21,0,vecina
52621,4,652.55,0,vecina
52621,5,621.99,0,vecina
52621,6,393.5,0,vecina
52621,7,368.46,0,vecina
52621,8,155.88,0,vecina
52621,9,260.26,0,vecina
52621,10,555.44,0,vecina
52621,11,674.41,0,vecina
52621,12,596.5,0,vecina
52678,1,74.53,0,vecina
52678,2,59.87,0,vecina
52678,3,111.8,0,vecina
52678,4,87.91,0,vecina
52678,5,91.62,0,vecina
52678,6,81.35,0,vecina
52678,7,54.1,0,vecina
52678,8,30.73,0,vecina
52678,9,43.57,0,vecina
52678,10,91.96,0,vecina
52678,11,173.77,0,vecina
52678,12,131.05,0,vecina
52683,1,80.54,0,vecina
52683,2,70.0,0,vecina
52683,3,145.09,0,vecina
52683,4,108.9,0,vecina
52683,5,120.28,0,vecina
52683,6,98.44,0,vecina
52683,7,75.11,0,vecina
52683,8,41.97,0,vecina
52683,9,57.97,0,vecina
52683,10,122.05,0,vecina
52683,11,207.44,0,vecina
52683,12,168.16,0,vecina
52685,1,63.12,0,vecina
52685,2,59.16,0,vecina
52685,3,86.82,0,vecina
52685,4,127.28,0,vecina
52685,5,143.62,0,vecina
52685,6,113.6,0,vecina
52685,7,122.73,0,vecina
52685,8,74.25,0,vecina
52685,9,77.33,0,vecina
52685,10,90.64,0,vecina
52685,11,128.89,0,vecina
52685,12,88.53,0,vecina
52687,1,61.67,0,vecina
52687,2,38.54,0,vecina
52687,3,77.29,0,vecina
52687,4,100.91,0,vecina
52687,5,87.89,0,vecina
52687,6,30.34,0,vecina
52687,7,44.0,0,vecina
52687,8,10.06,0,vecina
52687,9,31.3,0,vecina
52687,10,70.94,0,vecina
52687,11,146.8,0,vecina
52687,12,57.37,0,vecina
52693,1,87.61,0,vecina
52693,2,69.54,0,vecina
52693,3,104.18,0,vecina
52693,4,131.75,0,vecina
52693,5,166.33,0,vecina
52693,6,112.61,0,vecina
52693,7,117.16,0,vecina
52693,8,60.44,0,vecina
52693,9,73.17,0,vecina
52693,10,127.99,0,vecina
52693,11,200.09,0,vecina
52693,12,150.43,0,vecina
52694,1,61.93,0,vecina
52694,2,47.31,0,vecina
52694,3,79.76,0,vecina
52694,4,113.35,0,vecina
52694,5,113.1,0,vecina
52694,6,67.64,0,vecina
52694,7,80.28,0,vecina
52694,8,39.49,0,vecina
52694,9,52.37,0,vecina
52694,10,78.4,0,vecina
52694,11,136.38,0,vecina
52694,12,68.38,0,vecina
52696,1,340.36,0,vecina
52696,2,282.96,0,vecina
52696,3,259.04,0,vecina
52696,4,369.05,0,vecina
52696,5,777.54,0,vecina
52696,6,702.23,0,vecina
52696,7,606.47,0,vecina
52696,8,480.47,0,vecina
52696,9,463.28,0,vecina
52696,10,490.68,0,vecina
52696,11,517.55,0,vecina
52696,12,428.56,0,vecina
52699,1,72.05,0,vecina
52699,2,72.8,0,vecina
52699,3,91.18,0,vecina
52699,4,104.31,0,vecina
52699,5,95.67,0,vecina
52699,6,83.74,0,vecina
52699,7,52.73,0,vecina
52699,8,28.27,0,vecina
52699,9,45.13,0,vecina
52699,10,96.04,0,vecina
52699,11,171.57,0,vecina
52699,12,123.32,0,vecina
52720,1,73.19,0,vecina
52720,2,72.12,0,vecina
52720,3,65.13,0,vecina
52720,4,105.37,0,vecina
52720,5,97.72,0,vecina
52720,6,88.13,0,vecina
52720,7,60.76,0,vecina
52720,8,38.65,0,vecina
52720,9,50.28,0,vecina
52720,10,85.62,0,vecina
52720,11,139.54,0,vecina
52720,12,96.82,0,vecina
52786,1,62.65,1,estacion
52786,2,35.21,1,estacion
52786,3,75.4,1,estacion
52786,4,100.93,1,estacion
52786,5,81.1,1,estacion
52786,6,20.94,1,estacion
52786,7,36.92,1,estacion
52786,8,4.4,1,estacion
52786,9,28.0,1,estacion
52786,10,64.75,1,estacion
52786,11,145.95,1,estacion
52786,12,47.88,1,estacion
52788,1,66.31,0,vecina
52788,2,64.69,0,vecina
52788,3,107.09,0,vecina
52788,4,103.18,0,vecina
52788,5,120.0,0,vecina
52788,6,91.19,0,vecina
52788,7,76.59,0,vecina
52788,8,40.46,0,vecina
52788,9,52.37,0,vecina
52788,10,110.48,0,vecina
52788,11,170.66,0,vecina
52788,12,131.56,0,vecina
52835,1,256.65,2,estacion
52835,2,411.17,2,estacion
52835,3,118.65,2,estacion
52835,4,155.94,2,estacion
52835,5,549.16,2,estacion
52835,6,385.08,2,estacion
52835,7,159.54,2,estacion
52835,8,22.09,2,estacion
52835,9,39.02,2,estacion
52835,10,278.11,2,estacion
52835,11,49.69,2,estacion
52835,12,79.5,2,estacion
52838,1,61.26,1,estacion
52838,2,65.56,1,estacion
52838,3,58.75,1,estacion
52838,4,95.15,1,estacion
52838,5,85.02,1,estacion
52838,6,74.51,1,estacion
52838,7,42.22,1,estacion
52838,8,19.12,1,estacion
52838,9,37.29,1,estacion
52838,10,79.55,1,estacion
52838,11,127.68,1,estacion
52838,12,74.74,1,estacion
52885,1,68.84,0,vecina
52885,2,65.59,0,vecina
52885,3,114.36,0,vecina
52885,4,104.29,0,vecina
52885,5,120.58,0,vecina
52885,6,92.69,0,vecina
52885,7,76.86,0,vecina
52885,8,41.04,0,vecina
52885,9,53.56,0,vecina
52885,10,112.94,0,vecina
52885,11,177.64,0,vecina
52885,12,138.72,0,vecina
54001,1,119.58,0,vecina
54001,2,35.58,0,vecina
54001,3,73.92,0,vecina
54001,4,179.5,0,vecina
54001,5,115.89,0,vecina
54001,6,79.17,0,vecina
54001,7,108.75,0,vecina
54001,8,69.37,0,vecina
54001,9,69.15,0,vecina
54001,10,220.3,0,vecina
54001,11,124.09,0,vecina
54001,12,44.64,0,vecina
54003,1,33.92,2,estacion
54003,2,10.15,2,estacion
54003,3,111.68,2,estacion
54003,4,273.3,2,estacion
54003,5,116.05,2,estacion
54003,6,103.98,2,estacion
54003,7,48.68,2,estacion
54003,8,95.93,2,estacion
54003,9,190.94,2,estacion
54003,10,222.83,2,estacion
54003,11,140.36,2,estacion
54003,12,24.29,2,estacion
54051,1,40.49,0,vecina
54051,2,23.94,0,vecina
54051,3,83.07,0,vecina
54051,4,180.45,0,vecina
54051,5,124.36,0,vecina
54051,6,106.98,0,vecina
54051,7,59.37,0,vecina
54051,8,87.49,0,vecina
54051,9,140.29,0,vecina
54051,10,211.61,0,vecina
54051,11,180.57,0,vecina
54051,12,32.73,0,vecina
54099,1,39.82,0,vecina
54099,2,29.06,0,vecina
54099,3,126.09,0,vecina
54099,4,134.67,0,vecina
54099,5,106.47,0,vecina
54099,6,154.88,0,vecina
54099,7,98.58,0,vecina
54099,8,108.85,0,vecina
54099,9,162.27,0,vecina
54099,10,233.59,0,vecina
54099,11,265.26,0,vecina
54099,12,48.46,0,vecina
54109,1,54.3,0,vecina
54109,2,21.71,0,vecina
54109,3,82.26,0,vecina
54109,4,154.91,0,vecina
54109,5,92.41,0,vecina
54109,6,84.49,0,vecina
54109,7,38.33,0,vecina
54109,8,97.95,0,vecina
54109,9,183.85,0,vecina
54109,10,174.98,0,vecina
54109,11,210.39,0,vecina
54109,12,100.72,0,vecina
54125,1,37.42,0,vecina
54125,2,17.21,0,vecina
54125,3,60.76,0,vecina
54125,4,77.36,0,vecina
54125,5,70.75,0,vecina
54125,6,142.4,0,vecina
54125,7,127.8,0,vecina
54125,8,113.25,0,vecina
54125,9,119.7,0,vecina
54125,10,124.61,0,vecina
54125,11,115.64,0,vecina
54125,12,24.77,0,vecina
54128,1,44.56,1,estacion
54128,2,23.57,1,estacion
54128,3,53.77,1,estacion
54128,4,121.29,1,estacion
54128,5,60.35,1,estacion
54128,6,128.38,1,estacion
54128,7,84.35,1,estacion
54128,8,84.82,1,estacion
54128,9,135.13,1,estacion
54128,10,150.79,1,estacion
54128,11,267.06,1,estacion
54128,12,50.96,1,estacion
54172,1,39.74,1,estacion
54172,2,29.59,1,estacion
54172,3,134.53,1,estacion
54172,4,129.24,1,estacion
54172,5,102.56,1,estacion
54172,6,163.65,1,estacion
54172,7,104.95,1,estacion
54172,8,112.14,1,estacion
54172,9,168.95,1,estacion
54172,10,240.9,1,estacion
54172,11,289.93,1,estacion
54172,12,52.38,1,estacion
54174,1,40.78,1,estacion
54174,2,6.87,1,estacion
54174,3,34.92,1,estacion
54174,4,69.02,1,estacion
54174,5,107.11,1,estacion
54174,6,157.85,1,estacion
54174,7,156.92,1,estacion
54174,8,144.33,1,estacion
54174,9,89.53,1,estacion
54174,10,62.12,1,estacion
54174,11,71.5,1,estacion
54174,12,19.26,1,estacion
54206,1,31.47,1,estacion
54206,2,16.43,1,estacion
54206,3,44.76,1,estacion
54206,4,102.94,1,estacion
54206,5,167.18,1,estacion
54206,6,65.56,1,estacion
54206,7,81.37,1,estacion
54206,8,129.2,1,estacion
54206,9,180.19,1,estacion
54206,10,181.29,1,estacion
54206,11,67.36,1,estacion
54206,12,68.34,1,estacion
54223,1,40.05,2,estacion
54223,2,22.39,2,estacion
54223,3,73.16,2,estacion
54223,4,204.43,2,estacion
54223,5,140.77,2,estacion
54223,6,87.49,2,estacion
54223,7,42.45,2,estacion
54223,8,80.92,2,estacion
54223,9,132.98,2,estacion
54223,10,213.02,2,estacion
54223,11,135.73,2,estacion
54223,12,24.24,2,estacion
54239,1,57.37,0,vecina
54239,2,29.31,0,vecina
54239,3,107.82,0,vecina
54239,4,155.2,0,vecina
54239,5,113.53,0,vecina
54239,6,130.34,0,vecina
54239,7,93.82,0,vecina
54239,8,97.7,0,vecina
54239,9,138.47,0,vecina
54239,10,231.99,0,vecina
54239,11,221.25,0,vecina
54239,12,44.7,0,vecina
54245,1,44.86,0,vecina
54245,2,11.72,0,vecina
54245,3,48.83,0,vecina
54245,4,121.85,0,vecina
54245,5,205.11,0,vecina
54245,6,134.24,0,vecina
54245,7,139.55,0,vecina
54245,8,161.88,0,vecina
54245,9,205.75,0,vecina
54245,10,205.62,0,vecina
54245,11,120.97,0,vecina
54245,12,61.24,0,vecina
54250,1,55.74,0,vecina
54250,2,8.9,0,vecina
54250,3,52.28,0,vecina
54250,4,141.36,0,vecina
54250,5,242.81,0,vecina
54250,6,188.83,0,vecina
54250,7,183.84,0,vecina
54250,8,190.42,0,vecina
54250,9,228.44,0,vecina
54250,10,240.01,0,vecina
54250,11,167.29,0,vecina
54250,12,60.3,0,vecina
54261,1,137.79,1,estacion
54261,2,36.75,1,estacion
54261,3,59.95,1,estacion
54261,4,182.81,1,estacion
54261,5,117.4,1,estacion
54261,6,70.23,1,estacion
54261,7,118.78,1,estacion
54261,8,69.45,1,estacion
54261,9,42.47,1,estacion
54261,10,225.01,1,estacion
54261,11,93.78,1,estacion
54261,12,43.7,1,estacion
54313,1,44.29,1,estacion
54313,2,31.37,1,estacion
54313,3,132.19,1,estacion
54313,4,193.17,1,estacion
54313,5,114.82,1,estacion
54313,6,81.49,1,estacion
54313,7,36.52,1,estacion
54313,8,35.99,1,estacion
54313,9,192.52,1,estacion
54313,10,169.28,1,estacion
54313,11,224.17,1,estacion
54313,12,45.75,1,estacion
54344,1,52.08,0,vecina
54344,2,7.4,0,vecina
54344,3,45.88,0,vecina
54344,4,140.71,0,vecina
54344,5,236.66,0,vecina
54344,6,182.31,0,vecina
54344,7,172.56,0,vecina
54344,8,171.66,0,vecina
54344,9,211.57,0,vecina
54344,10,225.77,0,vecina
54344,11,157.94,0,vecina
54344,12,50.53,0,vecina
54347,1,40.73,1,estacion
54347,2,31.68,1,estacion
54347,3,74.15,1,estacion
54347,4,103.99,1,estacion
54347,5,112.91,1,estacion
54347,6,123.29,1,estacion
54347,7,88.47,1,estacion
54347,8,101.69,1,estacion
54347,9,98.56,1,estacion
54347,10,143.03,1,estacion
54347,11,68.08,1,estacion
54347,12,23.74,1,estacion
54377,1,65.36,0,vecina
54377,2,45.55,0,vecina
54377,3,122.47,0,vecina
54377,4,105.71,0,vecina
54377,5,140.11,0,vecina
54377,6,230.63,0,vecina
54377,7,152.17,0,vecina
54377,8,160.98,0,vecina
54377,9,139.47,0,vecina
54377,10,144.52,0,vecina
54377,11,143.67,0,vecina
54377,12,62.8,0,vecina
54385,1,40.72,0,vecina
54385,2,48.08,0,vecina
54385,3,69.05,0,vecina
54385,4,189.03,0,vecina
54385,5,127.98,0,vecina
54385,6,158.03,0,vecina
54385,7,158.63,0,vecina
54385,8,159.73,0,vecina
54385,9,158.8,0,vecina
54385,10,269.04,0,vecina
54385,11,262.26,0,vecina
54385,12,122.26,0,vecina
54398,1,33.24,0,vecina
54398,2,6.7,0,vecina
54398,3,57.92,0,vecina
54398,4,186.13,0,vecina
54398,5,163.03,0,vecina
54398,6,116.89,0,vecina
54398,7,82.63,0,vecina
54398,8,92.65,0,vecina
54398,9,160.72,0,vecina
54398,10,185.63,0,vecina
54398,11,115.04,0,vecina
54398,12,21.37,0,vecina
54405,1,102.52,0,vecina
54405,2,34.4,0,vecina
54405,3,86.95,0,vecina
54405,4,173.05,0,vecina
54405,5,113.85,0,vecina
54405,6,91.79,0,vecina
54405,7,103.11,0,vecina
54405,8,73.33,0,vecina
54405,9,92.53,0,vecina
54405,10,219.76,0,vecina
54405,11,155.58,0,vecina
54405,12,45.86,0,vecina
54418,1,49.37,0,vecina
54418,2,29.99,0,vecina
54418,3,121.39,0,vecina
54418,4,186.55,0,vecina
54418,5,111.26,0,vecina
54418,6,81.56,0,vecina
54418,7,39.85,0,vecina
54418,8,47.32,0,vecina
54418,9,185.58,0,vecina
54418,10,172.27,0,vecina
54418,11,217.11,0,vecina
54418,12,54.63,0,vecina
54480,1,35.71,0,vecina
54480,2,28.09,0,vecina
54480,3,68.43,0,vecina
54480,4,75.37,0,vecina
54480,5,46.23,0,vecina
54480,6,162.73,0,vecina
54480,7,139.85,0,vecina
54480,8,112.04,0,vecina
54480,9,141.62,0,vecina
54480,10,151.29,0,vecina
54480,11,161.18,0,vecina
54480,12,33.07,0,vecina
54498,1,18.01,3,estacion
54498,2,4.43,3,estacion
54498,3,8.25,3,estacion
54498,4,113.26,3,estacion
54498,5,157.57,3,estacion
54498,6,71.39,3,estacion
54498,7,50.24,3,estacion
54498,8,36.77,3,estacion
54498,9,94.58,3,estacion
54498,10,115.71,3,estacion
54498,11,47.19,3,estacion
54498,12,5.35,3,estacion
54518,1,30.82,1,estacion
54518,2,14.77,1,estacion
54518,3,64.65,1,estacion
54518,4,95.86,1,estacion
54518,5,57.15,1,estacion
54518,6,76.09,1,estacion
54518,7,45.21,1,estacion
54518,8,80.51,1,estacion
54518,9,94.1,1,estacion
54518,10,132.06,1,estacion
54518,11,60.92,1,estacion
54518,12,12.81,1,estacion
54520,1,32.99,0,vecina
54520,2,17.54,0,vecina
54520,3,66.69,0,vecina
54520,4,109.18,0,vecina
54520,5,72.97,0,vecina
54520,6,82.69,0,vecina
54520,7,49.75,0,vecina
54520,8,82.94,0,vecina
54520,9,99.05,0,vecina
54520,10,142.54,0,vecina
54520,11,70.27,0,vecina
54520,12,15.35,0,vecina
54553,1,67.33,2,estacion
54553,2,26.4,2,estacion
54553,3,48.41,2,estacion
54553,4,274.98,2,estacion
54553,5,138.38,2,estacion
54553,6,127.91,2,estacion
54553,7,119.23,2,estacion
54553,8,134.24,2,estacion
54553,9,221.17,2,estacion
54553,10,212.54,2,estacion
54553,11,202.21,2,estacion
54553,12,148.16,2,estacion
54599,1,39.99,0,vecina
54599,2,30.31,0,vecina
54599,3,87.65,0,vecina
54599,4,109.42,0,vecina
54599,5,107.62,0,vecina
54599,6,130.19,0,vecina
54599,7,90.05,0,vecina
54599,8,103.01,0,vecina
54599,9,114.65,0,vecina
54599,10,165.15,0,vecina
54599,11,119.14,0,vecina
54599,12,29.81,0,vecina
54660,1,43.44,0,vecina
54660,2,27.76,0,vecina
54660,3,102.58,0,vecina
54660,4,180.01,0,vecina
54660,5,108.58,0,vecina
54660,6,92.93,0,vecina
54660,7,48.15,0,vecina
54660,8,56.18,0,vecina
54660,9,167.35,0,vecina
54660,10,174.64,0,vecina
54660,11,214.53,0,vecina
54660,12,42.28,0,vecina
54670,1,66.73,0,vecina
54670,2,7.11,0,vecina
54670,3,58.93,0,vecina
54670,4,155.59,0,vecina
54670,5,273.82,0,vecina
54670,6,237.22,0,vecina
54670,7,227.67,0,vecina
54670,8,224.0,0,vecina
54670,9,256.18,0,vecina
54670,10,269.9,0,vecina
54670,11,209.01,0,vecina
54670,12,63.42,0,vecina
54673,1,121.24,0,vecina
54673,2,35.11,0,vecina
54673,3,69.91,0,vecina
54673,4,182.16,0,vecina
54673,5,115.42,0,vecina
54673,6,72.51,0,vecina
54673,7,103.75,0,vecina
54673,8,67.45,0,vecina
54673,9,69.53,0,vecina
54673,10,215.13,0,vecina
54673,11,116.87,0,vecina
54673,12,47.77,0,vecina
54680,1,70.56,0,vecina
54680,2,31.64,0,vecina
54680,3,106.77,0,vecina
54680,4,185.75,0,vecina
54680,5,112.79,0,vecina
54680,6,78.84,0,vecina
54680,7,58.78,0,vecina
54680,8,52.49,0,vecina
54680,9,151.27,0,vecina
54680,10,184.91,0,vecina
54680,11,187.56,0,vecina
54680,12,51.88,0,vecina
54720,1,50.58,1,estacion
54720,2,17.81,1,estacion
54720,3,69.98,1,estacion
54720,4,141.98,1,estacion
54720,5,84.16,1,estacion
54720,6,86.44,1,estacion
54720,7,32.55,1,estacion
54720,8,117.59,1,estacion
54720,9,192.47,1,estacion
54720,10,172.67,1,estacion
54720,11,215.64,1,estacion
54720,12,120.62,1,estacion
54743,1,44.53,1,estacion
54743,2,31.12,1,estacion
54743,3,79.83,1,estacion
54743,4,56.32,1,estacion
54743,5,56.77,1,estacion
54743,6,231.83,1,estacion
54743,7,229.55,1,estacion
54743,8,134.55,1,estacion
54743,9,189.42,1,estacion
54743,10,173.77,1,estacion
54743,11,244.86,1,estacion
54743,12,48.99,1,estacion
54800,1,87.06,1,estacion
54800,2,4.28,1,estacion
54800,3,72.17,1,estacion
54800,4,180.98,1,estacion
54800,5,330.23,1,estacion
54800,6,324.56,1,estacion
54800,7,308.0,1,estacion
54800,8,287.83,1,estacion
54800,9,309.23,1,estacion
54800,10,326.17,1,estacion
54800,11,285.15,1,estacion
54800,12,71.16,1,estacion
54810,1,67.76,0,vecina
54810,2,18.48,0,vecina
54810,3,60.28,0,vecina
54810,4,215.05,0,vecina
54810,5,172.13,0,vecina
54810,6,166.34,0,vecina
54810,7,143.37,0,vecina
54810,8,168.54,0,vecina
54810,9,235.62,0,vecina
54810,10,230.43,0,vecina
54810,11,226.83,0,vecina
54810,12,121.21,0,vecina
54820,1,65.87,2,estacion
54820,2,45.94,2,estacion
54820,3,123.36,2,estacion
54820,4,105.82,2,estacion
54820,5,141.12,2,estacion
54820,6,232.86,2,estacion
54820,7,153.64,2,estacion
54820,8,162.16,2,estacion
54820,9,140.19,2,estacion
54820,10,144.65,2,estacion
54820,11,144.98,2,estacion
54820,12,63.55,2,estacion
54871,1,45.85,0,vecina
54871,2,25.29,0,vecina
54871,3,88.26,0,vecina
54871,4,154.26,0,vecina
54871,5,87.22,0,vecina
54871,6,100.27,0,vecina
54871,7,53.59,0,vecina
54871,8,73.29,0,vecina
54871,9,170.92,0,vecina
54871,10,163.12,0,vecina
54871,11,238.32,0,vecina
54871,12,65.09,0,vecina
54874,1,102.04,0,vecina
54874,2,34.37,0,vecina
54874,3,87.32,0,vecina
54874,4,173.0,0,vecina
54874,5,113.82,0,vecina
54874,6,91.98,0,vecina
54874,7,102.81,0,vecina
54874,8,73.28,0,vecina
54874,9,93.26,0,vecina
54874,10,219.59,0,vecina
54874,11,156.35,0,vecina
54874,12,45.88,0,vecina
63001,1,111.47,1,estacion
63001,2,225.16,1,estacion
63001,3,161.7,1,estacion
63001,4,340.96,1,estacion
63001,5,224.56,1,estacion
63001,6,196.37,1,estacion
63001,7,108.96,1,estacion
63001,8,131.8,1,estacion
63001,9,112.02,1,estacion
63001,10,144.02,1,estacion
63001,11,288.17,1,estacion
63001,12,125.23,1,estacion
63111,1,98.7,1,estacion
63111,2,200.31,1,estacion
63111,3,152.83,1,estacion
63111,4,324.63,1,estacion
63111,5,149.78,1,estacion
63111,6,139.3,1,estacion
63111,7,81.89,1,estacion
63111,8,164.03,1,estacion
63111,9,138.31,1,estacion
63111,10,221.94,1,estacion
63111,11,301.4,1,estacion
63111,12,161.92,1,estacion
63130,1,134.25,2,estacion
63130,2,122.4,2,estacion
63130,3,238.75,2,estacion
63130,4,140.42,2,estacion
63130,5,139.51,2,estacion
63130,6,51.36,2,estacion
63130,7,40.98,2,estacion
63130,8,74.89,2,estacion
63130,9,121.63,2,estacion
63130,10,199.31,2,estacion
63130,11,261.27,2,estacion
63130,12,160.5,2,estacion
63190,1,114.58,0,vecina
63190,2,150.87,0,vecina
63190,3,257.01,0,vecina
63190,4,220.1,0,vecina
63190,5,160.96,0,vecina
63190,6,141.09,0,vecina
63190,7,78.7,0,vecina
63190,8,108.48,0,vecina
63190,9,103.01,0,vecina
63190,10,168.37,0,vecina
63190,11,272.09,0,vecina
63190,12,182.95,0,vecina
63212,1,112.62,0,vecina
63212,2,193.08,0,vecina
63212,3,189.42,0,vecina
63212,4,244.51,0,vecina
63212,5,140.34,0,vecina
63212,6,114.45,0,vecina
63212,7,75.23,0,vecina
63212,8,118.98,0,vecina
63212,9,119.34,0,vecina
63212,10,204.7,0,vecina
63212,11,304.2,0,vecina
63212,12,163.72,0,vecina
63272,1,96.96,0,vecina
63272,2,153.24,0,vecina
63272,3,238.55,0,vecina
63272,4,230.24,0,vecina
63272,5,136.01,0,vecina
63272,6,150.54,0,vecina
63272,7,111.48,0,vecina
63272,8,122.1,0,vecina
63272,9,125.86,0,vecina
63272,10,157.46,0,vecina
63272,11,279.19,0,vecina
63272,12,172.3,0,vecina
63302,1,92.14,0,vecina
63302,2,142.9,0,vecina
63302,3,161.25,0,vecina
63302,4,211.67,0,vecina
63302,5,128.23,0,vecina
63302,6,120.83,0,vecina
63302,7,92.34,0,vecina
63302,8,138.0,0,vecina
63302,9,116.2,0,vecina
63302,10,193.0,0,vecina
63302,11,271.41,0,vecina
63302,12,155.74,0,vecina
63401,1,86.81,0,vecina
63401,2,144.29,0,vecina
63401,3,161.44,0,vecina
63401,4,253.24,0,vecina
63401,5,154.53,0,vecina
63401,6,136.71,0,vecina
63401,7,106.29,0,vecina
63401,8,162.02,0,vecina
63401,9,135.87,0,vecina
63401,10,211.84,0,vecina
63401,11,271.14,0,vecina
63401,12,145.16,0,vecina
63470,1,90.3,1,estacion
63470,2,146.14,1,estacion
63470,3,201.79,1,estacion
63470,4,251.56,1,estacion
63470,5,197.86,1,estacion
63470,6,146.56,1,estacion
63470,7,131.7,1,estacion
63470,8,161.16,1,estacion
63470,9,152.87,1,estacion
63470,10,230.14,1,estacion
63470,11,279.04,1,estacion
63470,12,125.47,1,estacion
63548,1,121.7,2,estacion
63548,2,199.89,2,estacion
63548,3,214.73,2,estacion
63548,4,188.3,2,estacion
63548,5,131.5,2,estacion
63548,6,103.0,2,estacion
63548,7,75.52,2,estacion
63548,8,84.59,2,estacion
63548,9,100.81,2,estacion
63548,10,189.31,2,estacion
63548,11,315.19,2,estacion
63548,12,166.06,2,estacion
63594,1,82.09,0,vecina
63594,2,153.7,0,vecina
63594,3,180.03,0,vecina
63594,4,236.83,0,vecina
63594,5,133.1,0,vecina
63594,6,131.55,0,vecina
63594,7,145.76,0,vecina
63594,8,142.44,0,vecina
63594,9,171.42,0,vecina
63594,10,181.83,0,vecina
63594,11,285.36,0,vecina
63594,12,123.28,0,vecina
63690,1,106.56,1,estacion
63690,2,124.78,1,estacion
63690,3,317.49,1,estacion
63690,4,194.12,1,estacion
63690,5,137.19,1,estacion
63690,6,155.47,1,estacion
63690,7,80.96,1,estacion
63690,8,112.45,1,estacion
63690,9,88.96,1,estacion
63690,10,166.27,1,estacion
63690,11,268.75,1,estacion
63690,12,225.19,1,estacion
66001,1,85.29,5,estacion
66001,2,125.72,5,estacion
66001,3,191.7,5,estacion
66001,4,221.2,5,estacion
66001,5,193.76,5,estacion
66001,6,171.06,5,estacion
66001,7,137.91,5,estacion
66001,8,93.29,5,estacion
66001,9,127.48,5,estacion
66001,10,214.38,5,estacion
66001,11,246.26,5,estacion
66001,12,122.19,5,estacion
66045,1,51.78,1,estacion
66045,2,45.28,1,estacion
66045,3,84.89,1,estacion
66045,4,108.84,1,estacion
66045,5,153.92,1,estacion
66045,6,158.62,1,estacion
66045,7,156.29,1,estacion
66045,8,44.12,1,estacion
66045,9,118.68,1,estacion
66045,10,133.27,1,estacion
66045,11,133.53,1,estacion
66045,12,100.59,1,estacion
66075,1,75.46,0,vecina
66075,2,141.35,0,vecina
66075,3,170.54,0,vecina
66075,4,228.83,0,vecina
66075,5,277.26,0,vecina
66075,6,233.54,0,vecina
66075,7,208.43,0,vecina
66075,8,148.73,0,vecina
66075,9,175.96,0,vecina
66075,10,273.81,0,vecina
66075,11,263.98,0,vecina
66075,12,198.04,0,vecina
66088,1,101.78,1,estacion
66088,2,105.47,1,estacion
66088,3,90.76,1,estacion
66088,4,185.55,1,estacion
66088,5,271.85,1,estacion
66088,6,279.89,1,estacion
66088,7,130.16,1,estacion
66088,8,57.13,1,estacion
66088,9,203.62,1,estacion
66088,10,237.6,1,estacion
66088,11,291.55,1,estacion
66088,12,130.49,1,estacion
66170,1,80.48,0,vecina
66170,2,143.06,0,vecina
66170,3,203.38,0,vecina
66170,4,233.61,0,vecina
66170,5,184.61,0,vecina
66170,6,164.44,0,vecina
66170,7,133.22,0,vecina
66170,8,92.5,0,vecina
66170,9,149.25,0,vecina
66170,10,210.21,0,vecina
66170,11,247.56,0,vecina
66170,12,144.1,0,vecina
66318,1,73.8,1,estacion
66318,2,84.07,1,estacion
66318,3,109.81,1,estacion
66318,4,151.19,1,estacion
66318,5,116.31,1,estacion
66318,6,122.26,1,estacion
66318,7,154.92,1,estacion
66318,8,159.69,1,estacion
66318,9,135.45,1,estacion
66318,10,189.91,1,estacion
66318,11,156.77,1,estacion
66318,12,103.31,1,estacion
66383,1,86.64,1,estacion
66383,2,164.69,1,estacion
66383,3,183.99,1,estacion
66383,4,254.77,1,estacion
66383,5,300.66,1,estacion
66383,6,283.0,1,estacion
66383,7,244.39,1,estacion
66383,8,170.13,1,estacion
66383,9,206.13,1,estacion
66383,10,297.26,1,estacion
66383,11,297.04,1,estacion
66383,12,213.49,1,estacion
66400,1,53.88,0,vecina
66400,2,88.7,0,vecina
66400,3,142.51,0,vecina
66400,4,166.67,0,vecina
66400,5,188.39,0,vecina
66400,6,108.6,0,vecina
66400,7,106.91,0,vecina
66400,8,85.54,0,vecina
66400,9,92.03,0,vecina
66400,10,184.65,0,vecina
66400,11,167.76,0,vecina
66400,12,130.67,0,vecina
66440,1,77.95,0,vecina
66440,2,132.72,0,vecina
66440,3,195.99,0,vecina
66440,4,236.94,0,vecina
66440,5,175.36,0,vecina
66440,6,166.85,0,vecina
66440,7,150.63,0,vecina
66440,8,117.17,0,vecina
66440,9,155.96,0,vecina
66440,10,192.66,0,vecina
66440,11,253.41,0,vecina
66440,12,174.99,0,vecina
66456,1,82.83,0,vecina
66456,2,94.43,0,vecina
66456,3,120.27,0,vecina
66456,4,175.25,0,vecina
66456,5,185.8,0,vecina
66456,6,191.82,0,vecina
66456,7,145.51,0,vecina
66456,8,125.23,0,vecina
66456,9,161.77,0,vecina
66456,10,202.69,0,vecina
66456,11,214.59,0,vecina
66456,12,115.81,0,vecina
66572,1,76.36,0,vecina
66572,2,89.92,0,vecina
66572,3,106.23,0,vecina
66572,4,164.52,0,vecina
66572,5,224.44,0,vecina
66572,6,225.98,0,vecina
66572,7,164.1,0,vecina
66572,8,73.23,0,vecina
66572,9,165.93,0,vecina
66572,10,202.29,0,vecina
66572,11,221.59,0,vecina
66572,12,133.17,0,vecina
66594,1,57.23,0,vecina
66594,2,100.71,0,vecina
66594,3,154.42,0,vecina
66594,4,194.48,0,vecina
66594,5,138.94,0,vecina
66594,6,196.12,0,vecina
66594,7,195.34,0,vecina
66594,8,207.74,0,vecina
66594,9,186.5,0,vecina
66594,10,181.99,0,vecina
66594,11,173.47,0,vecina
66594,12,110.87,0,vecina
66682,1,64.09,3,estacion
66682,2,162.25,3,estacion
66682,3,217.78,3,estacion
66682,4,243.08,3,estacion
66682,5,163.52,3,estacion
66682,6,147.56,3,estacion
66682,7,104.63,3,estacion
66682,8,82.53,3,estacion
66682,9,176.74,3,estacion
66682,10,192.03,3,estacion
66682,11,243.75,3,estacion
66682,12,177.64,3,estacion
66687,1,60.17,0,vecina
66687,2,68.87,0,vecina
66687,3,102.41,0,vecina
66687,4,137.81,0,vecina
66687,5,184.95,0,vecina
66687,6,185.91,0,vecina
66687,7,170.41,0,vecina
66687,8,66.66,0,vecina
66687,9,137.85,0,vecina
66687,10,166.67,0,vecina
66687,11,169.33,0,vecina
66687,12,121.64,0,vecina
68001,1,7.88,2,estacion
68001,2,10.95,2,estacion
68001,3,31.66,2,estacion
68001,4,47.07,2,estacion
68001,5,30.49,2,estacion
68001,6,25.74,2,estacion
68001,7,23.59,2,estacion
68001,8,36.09,2,estacion
68001,9,24.35,2,estacion
68001,10,24.85,2,estacion
68001,11,22.06,2,estacion
68001,12,11.44,2,estacion
68013,1,50.29,0,vecina
68013,2,90.05,0,vecina
68013,3,213.9,0,vecina
68013,4,261.38,0,vecina
68013,5,260.35,0,vecina
68013,6,188.94,0,vecina
68013,7,172.17,0,vecina
68013,8,185.77,0,vecina
68013,9,177.52,0,vecina
68013,10,209.31,0,vecina
68013,11,181.31,0,vecina
68013,12,95.49,0,vecina
68020,1,100.45,0,vecina
68020,2,92.55,0,vecina
68020,3,222.3,0,vecina
68020,4,214.4,0,vecina
68020,5,206.43,0,vecina
68020,6,111.52,0,vecina
68020,7,110.61,0,vecina
68020,8,113.05,0,vecina
68020,9,157.91,0,vecina
68020,10,284.21,0,vecina
68020,11,282.19,0,vecina
68020,12,117.86,0,vecina
68051,1,28.58,0,vecina
68051,2,49.1,0,vecina
68051,3,84.27,0,vecina
68051,4,88.52,0,vecina
68051,5,144.21,0,vecina
68051,6,138.41,0,vecina
68051,7,92.92,0,vecina
68051,8,133.48,0,vecina
68051,9,129.95,0,vecina
68051,10,124.74,0,vecina
68051,11,115.19,0,vecina
68051,12,32.88,0,vecina
68077,1,53.22,0,vecina
68077,2,107.56,0,vecina
68077,3,236.03,0,vecina
68077,4,262.9,0,vecina
68077,5,262.64,0,vecina
68077,6,196.37,0,vecina
68077,7,190.13,0,vecina
68077,8,186.98,0,vecina
68077,9,182.94,0,vecina
68077,10,223.5,0,vecina
68077,11,200.33,0,vecina
68077,12,109.07,0,vecina
68079,1,28.69,0,vecina
68079,2,44.51,0,vecina
68079,3,76.26,0,vecina
68079,4,115.52,0,vecina
68079,5,126.65,0,vecina
68079,6,101.51,0,vecina
68079,7,71.1,0,vecina
68079,8,111.6,0,vecina
68079,9,115.85,0,vecina
68079,10,101.44,0,vecina
68079,11,94.16,0,vecina
68079,12,30.17,0,vecina
68081,1,48.52,1,estacion
68081,2,68.21,1,estacion
68081,3,128.76,1,estacion
68081,4,39.71,1,estacion
68081,5,119.2,1,estacion
68081,6,158.29,1,estacion
68081,7,148.64,1,estacion
68081,8,130.94,1,estacion
68081,9,195.25,1,estacion
68081,10,296.15,1,estacion
68081,11,177.67,1,estacion
68081,12,17.59,1,estacion
68092,1,24.95,0,vecina
68092,2,70.67,0,vecina
68092,3,88.31,0,vecina
68092,4,121.09,0,vecina
68092,5,108.09,0,vecina
68092,6,70.32,0,vecina
68092,7,66.13,0,vecina
68092,8,107.99,0,vecina
68092,9,83.16,0,vecina
68092,10,110.97,0,vecina
68092,11,99.42,0,vecina
68092,12,80.0,0,vecina
68101,1,55.91,0,vecina
68101,2,102.29,0,vecina
68101,3,266.47,0,vecina
68101,4,278.51,0,vecina
68101,5,286.09,0,vecina
68101,6,205.15,0,vecina
68101,7,182.57,0,vecina
68101,8,186.86,0,vecina
68101,9,186.57,0,vecina
68101,10,228.31,0,vecina
68101,11,229.59,0,vecina
68101,12,132.92,0,vecina
68121,1,41.52,0,vecina
68121,2,38.13,0,vecina
68121,3,118.77,0,vecina
68121,4,164.09,0,vecina
68121,5,186.3,0,vecina
68121,6,138.08,0,vecina
68121,7,113.54,0,vecina
68121,8,137.36,0,vecina
68121,9,177.67,0,vecina
68121,10,124.41,0,vecina
68121,11,111.87,0,vecina
68121,12,38.66,0,vecina
68132,1,29.77,0,vecina
68132,2,33.0,0,vecina
68132,3,73.49,0,vecina
68132,4,133.64,0,vecina
68132,5,94.26,0,vecina
68132,6,71.6,0,vecina
68132,7,46.84,0,vecina
68132,8,69.43,0,vecina
68132,9,124.04,0,vecina
68132,10,158.9,0,vecina
68132,11,105.45,0,vecina
68132,12,24.99,0,vecina
68147,1,43.41,0,vecina
68147,2,58.79,0,vecina
68147,3,92.79,0,vecina
68147,4,98.5,0,vecina
68147,5,124.48,0,vecina
68147,6,160.61,0,vecina
68147,7,151.67,0,vecina
68147,8,119.37,0,vecina
68147,9,147.11,0,vecina
68147,10,149.6,0,vecina
68147,11,79.07,0,vecina
68147,12,27.35,0,vecina
68152,1,41.15,1,estacion
68152,2,50.0,1,estacion
68152,3,73.28,1,estacion
68152,4,94.36,1,estacion
68152,5,133.85,1,estacion
68152,6,220.12,1,estacion
68152,7,223.77,1,estacion
68152,8,168.82,1,estacion
68152,9,183.27,1,estacion
68152,10,144.61,1,estacion
68152,11,56.26,1,estacion
68152,12,24.77,1,estacion
68160,1,31.33,0,vecina
68160,2,53.74,0,vecina
68160,3,88.85,0,vecina
68160,4,77.18,0,vecina
68160,5,130.22,0,vecina
68160,6,124.23,0,vecina
68160,7,83.02,0,vecina
68160,8,118.9,0,vecina
68160,9,124.53,0,vecina
68160,10,124.45,0,vecina
68160,11,106.24,0,vecina
68160,12,29.49,0,vecina
68162,1,46.0,1,estacion
68162,2,41.23,1,estacion
68162,3,96.24,1,estacion
68162,4,133.84,1,estacion
68162,5,128.86,1,estacion
68162,6,238.68,1,estacion
68162,7,176.77,1,estacion
68162,8,160.21,1,estacion
68162,9,188.19,1,estacion
68162,10,145.06,1,estacion
68162,11,79.04,1,estacion
68162,12,30.68,1,estacion
68167,1,40.26,0,vecina
68167,2,29.63,0,vecina
68167,3,139.05,0,vecina
68167,4,203.08,0,vecina
68167,5,231.12,0,vecina
68167,6,159.72,0,vecina
68167,7,135.27,0,vecina
68167,8,160.49,0,vecina
68167,9,181.54,0,vecina
68167,10,154.74,0,vecina
68167,11,132.07,0,vecina
68167,12,49.57,0,vecina
68169,1,33.09,0,vecina
68169,2,48.96,0,vecina
68169,3,78.87,0,vecina
68169,4,121.21,0,vecina
68169,5,78.68,0,vecina
68169,6,80.89,0,vecina
68169,7,50.46,0,vecina
68169,8,71.75,0,vecina
68169,9,110.04,0,vecina
68169,10,136.36,0,vecina
68169,11,109.76,0,vecina
68169,12,26.18,0,vecina
68176,1,42.71,0,vecina
68176,2,38.91,0,vecina
68176,3,138.98,0,vecina
68176,4,214.24,0,vecina
68176,5,220.35,0,vecina
68176,6,152.57,0,vecina
68176,7,123.13,0,vecina
68176,8,156.66,0,vecina
68176,9,176.07,0,vecina
68176,10,149.52,0,vecina
68176,11,121.9,0,vecina
68176,12,48.46,0,vecina
68179,1,60.5,0,vecina
68179,2,101.71,0,vecina
68179,3,240.69,0,vecina
68179,4,262.18,0,vecina
68179,5,261.31,0,vecina
68179,6,194.3,0,vecina
68179,7,180.47,0,vecina
68179,8,183.7,0,vecina
68179,9,183.79,0,vecina
68179,10,224.1,0,vecina
68179,11,216.07,0,vecina
68179,12,116.78,0,vecina
68190,1,136.12,1,estacion
68190,2,41.82,1,estacion
68190,3,131.83,1,estacion
68190,4,138.42,1,estacion
68190,5,82.38,1,estacion
68190,6,93.27,1,estacion
68190,7,47.99,1,estacion
68190,8,101.86,1,estacion
68190,9,146.65,1,estacion
68190,10,180.15,1,estacion
68190,11,266.4,1,estacion
68190,12,96.99,1,estacion
68207,1,39.41,0,vecina
68207,2,53.26,0,vecina
68207,3,89.87,0,vecina
68207,4,84.22,0,vecina
68207,5,90.09,0,vecina
68207,6,144.42,0,vecina
68207,7,113.59,0,vecina
68207,8,104.12,0,vecina
68207,9,133.48,0,vecina
68207,10,129.75,0,vecina
68207,11,67.38,0,vecina
68207,12,22.51,0,vecina
68209,1,41.54,1,estacion
68209,2,44.15,1,estacion
68209,3,143.2,1,estacion
68209,4,241.32,1,estacion
68209,5,233.13,1,estacion
68209,6,158.09,1,estacion
68209,7,115.41,1,estacion
68209,8,170.78,1,estacion
68209,9,154.06,1,estacion
68209,10,164.1,1,estacion
68209,11,123.28,1,estacion
68209,12,53.86,1,estacion
68211,1,42.5,0,vecina
68211,2,37.03,0,vecina
68211,3,138.51,0,vecina
68211,4,209.61,0,vecina
68211,5,220.38,0,vecina
68211,6,152.93,0,vecina
68211,7,125.69,0,vecina
68211,8,155.59,0,vecina
68211,9,179.34,0,vecina
68211,10,148.58,0,vecina
68211,11,123.16,0,vecina
68211,12,48.0,0,vecina
68217,1,39.21,0,vecina
68217,2,39.34,0,vecina
68217,3,179.14,0,vecina
68217,4,213.04,0,vecina
68217,5,275.09,0,vecina
68217,6,219.35,0,vecina
68217,7,193.0,0,vecina
68217,8,188.21,0,vecina
68217,9,227.19,0,vecina
68217,10,214.05,0,vecina
68217,11,178.63,0,vecina
68217,12,63.3,0,vecina
68229,1,35.12,0,vecina
68229,2,48.33,0,vecina
68229,3,147.78,0,vecina
68229,4,150.89,0,vecina
68229,5,226.33,0,vecina
68229,6,203.57,0,vecina
68229,7,166.37,0,vecina
68229,8,171.75,0,vecina
68229,9,201.96,0,vecina
68229,10,189.79,0,vecina
68229,11,163.83,0,vecina
68229,12,52.31,0,vecina
68235,1,39.19,0,vecina
68235,2,101.34,0,vecina
68235,3,125.18,0,vecina
68235,4,172.74,0,vecina
68235,5,151.42,0,vecina
68235,6,99.38,0,vecina
68235,7,92.6,0,vecina
68235,8,144.31,0,vecina
68235,9,137.89,0,vecina
68235,10,125.94,0,vecina
68235,11,109.49,0,vecina
68235,12,41.54,0,vecina
68245,1,42.34,0,vecina
68245,2,36.4,0,vecina
68245,3,138.51,0,vecina
68245,4,208.86,0,vecina
68245,5,221.11,0,vecina
68245,6,153.41,0,vecina
68245,7,126.51,0,vecina
68245,8,155.84,0,vecina
68245,9,179.71,0,vecina
68245,10,148.93,0,vecina
68245,11,123.84,0,vecina
68245,12,48.07,0,vecina
68250,1,72.25,0,vecina
68250,2,90.82,0,vecina
68250,3,233.7,0,vecina
68250,4,247.52,0,vecina
68250,5,240.73,0,vecina
68250,6,181.05,0,vecina
68250,7,156.81,0,vecina
68250,8,170.05,0,vecina
68250,9,178.29,0,vecina
68250,10,218.07,0,vecina
68250,11,232.47,0,vecina
68250,12,121.44,0,vecina
68255,1,37.18,0,vecina
68255,2,42.55,0,vecina
68255,3,71.78,0,vecina
68255,4,177.06,0,vecina
68255,5,124.99,0,vecina
68255,6,126.3,0,vecina
68255,7,121.85,0,vecina
68255,8,130.14,0,vecina
68255,9,150.1,0,vecina
68255,10,240.01,0,vecina
68255,11,210.86,0,vecina
68255,12,92.83,0,vecina
68264,1,31.25,0,vecina
68264,2,33.89,0,vecina
68264,3,137.83,0,vecina
68264,4,184.52,0,vecina
68264,5,205.0,0,vecina
68264,6,150.14,0,vecina
68264,7,114.03,0,vecina
68264,8,134.05,0,vecina
68264,9,156.31,0,vecina
68264,10,146.75,0,vecina
68264,11,131.93,0,vecina
68264,12,50.4,0,vecina
68266,1,34.67,0,vecina
68266,2,61.9,0,vecina
68266,3,84.01,0,vecina
68266,4,48.32,0,vecina
68266,5,64.56,0,vecina
68266,6,80.22,0,vecina
68266,7,74.75,0,vecina
68266,8,67.3,0,vecina
68266,9,96.62,0,vecina
68266,10,119.5,0,vecina
68266,11,57.99,0,vecina
68266,12,16.65,0,vecina
68271,1,97.77,0,vecina
68271,2,90.25,0,vecina
68271,3,221.86,0,vecina
68271,4,212.89,0,vecina
68271,5,213.26,0,vecina
68271,6,115.29,0,vecina
68271,7,115.02,0,vecina
68271,8,118.36,0,vecina
68271,9,168.06,0,vecina
68271,10,289.34,0,vecina
68271,11,268.13,0,vecina
68271,12,112.57,0,vecina
68276,1,39.55,1,estacion
68276,2,88.78,1,estacion
68276,3,105.69,1,estacion
68276,4,98.62,1,estacion
68276,5,78.24,1,estacion
68276,6,49.21,1,estacion
68276,7,92.62,1,estacion
68276,8,106.86,1,estacion
68276,9,87.81,1,estacion
68276,10,85.42,1,estacion
68276,11,114.76,1,estacion
68276,12,63.49,1,estacion
68296,1,27.66,0,vecina
68296,2,44.16,0,vecina
68296,3,78.18,0,vecina
68296,4,123.69,0,vecina
68296,5,127.08,0,vecina
68296,6,98.49,0,vecina
68296,7,71.95,0,vecina
68296,8,109.09,0,vecina
68296,9,114.85,0,vecina
68296,10,103.53,0,vecina
68296,11,95.0,0,vecina
68296,12,31.45,0,vecina
68298,1,31.35,0,vecina
68298,2,87.25,0,vecina
68298,3,146.22,0,vecina
68298,4,136.8,0,vecina
68298,5,124.13,0,vecina
68298,6,84.81,0,vecina
68298,7,78.9,0,vecina
68298,8,106.14,0,vecina
68298,9,87.79,0,vecina
68298,10,165.15,0,vecina
68298,11,138.61,0,vecina
68298,12,68.21,0,vecina
68307,1,32.78,0,vecina
68307,2,41.99,0,vecina
68307,3,91.66,0,vecina
68307,4,74.46,0,vecina
68307,5,57.65,0,vecina
68307,6,33.7,0,vecina
68307,7,50.98,0,vecina
68307,8,67.48,0,vecina
68307,9,45.73,0,vecina
68307,10,69.5,0,vecina
68307,11,61.9,0,vecina
68307,12,174.09,0,vecina
68318,1,38.48,0,vecina
68318,2,49.8,0,vecina
68318,3,85.25,0,vecina
68318,4,85.91,0,vecina
68318,5,97.24,0,vecina
68318,6,148.46,0,vecina
68318,7,106.14,0,vecina
68318,8,111.65,0,vecina
68318,9,133.67,0,vecina
68318,10,123.07,0,vecina
68318,11,74.07,0,vecina
68318,12,23.48,0,vecina
68320,1,42.19,0,vecina
68320,2,36.75,0,vecina
68320,3,138.91,0,vecina
68320,4,211.23,0,vecina
68320,5,222.48,0,vecina
68320,6,154.04,0,vecina
68320,7,125.98,0,vecina
68320,8,157.23,0,vecina
68320,9,177.72,0,vecina
68320,10,150.39,0,vecina
68320,11,124.13,0,vecina
68320,12,48.6,0,vecina
68322,1,41.97,0,vecina
68322,2,38.93,0,vecina
68322,3,140.21,0,vecina
68322,4,220.3,0,vecina
68322,5,225.8,0,vecina
68322,6,155.33,0,vecina
68322,7,122.86,0,vecina
68322,8,161.38,0,vecina
68322,9,170.57,0,vecina
68322,10,154.6,0,vecina
68322,11,123.95,0,vecina
68322,12,50.21,0,vecina
68324,1,44.92,0,vecina
68324,2,107.68,0,vecina
68324,3,284.89,0,vecina
68324,4,292.39,0,vecina
68324,5,307.85,0,vecina
68324,6,215.57,0,vecina
68324,7,191.29,0,vecina
68324,8,190.97,0,vecina
68324,9,187.01,0,vecina
68324,10,230.39,0,vecina
68324,11,227.24,0,vecina
68324,12,140.56,0,vecina
68327,1,51.72,0,vecina
68327,2,106.23,0,vecina
68327,3,228.84,0,vecina
68327,4,253.72,0,vecina
68327,5,250.91,0,vecina
68327,6,189.27,0,vecina
68327,7,182.18,0,vecina
68327,8,179.05,0,vecina
68327,9,176.47,0,vecina
68327,10,217.37,0,vecina
68327,11,195.02,0,vecina
68327,12,105.97,0,vecina
68344,1,45.47,0,vecina
68344,2,42.78,0,vecina
68344,3,136.05,0,vecina
68344,4,204.74,0,vecina
68344,5,203.0,0,vecina
68344,6,143.07,0,vecina
68344,7,118.68,0,vecina
68344,8,143.98,0,vecina
68344,9,186.7,0,vecina
68344,10,135.41,0,vecina
68344,11,112.82,0,vecina
68344,12,43.89,0,vecina
68368,1,52.32,0,vecina
68368,2,107.58,0,vecina
68368,3,285.09,0,vecina
68368,4,291.66,0,vecina
68368,5,304.54,0,vecina
68368,6,208.67,0,vecina
68368,7,186.49,0,vecina
68368,8,186.33,0,vecina
68368,9,185.32,0,vecina
68368,10,239.05,0,vecina
68368,11,241.91,0,vecina
68368,12,143.05,0,vecina
68370,1,28.71,0,vecina
68370,2,44.45,0,vecina
68370,3,53.71,0,vecina
68370,4,53.57,0,vecina
68370,5,111.34,0,vecina
68370,6,109.88,0,vecina
68370,7,59.68,0,vecina
68370,8,118.81,0,vecina
68370,9,104.23,0,vecina
68370,10,87.11,0,vecina
68370,11,89.69,0,vecina
68370,12,21.7,0,vecina
68377,1,90.77,0,vecina
68377,2,91.63,0,vecina
68377,3,232.75,0,vecina
68377,4,224.09,0,vecina
68377,5,229.81,0,vecina
68377,6,129.33,0,vecina
68377,7,125.41,0,vecina
68377,8,128.81,0,vecina
68377,9,173.87,0,vecina
68377,10,285.38,0,vecina
68377,11,262.08,0,vecina
68377,12,116.65,0,vecina
68385,1,111.76,0,vecina
68385,2,60.89,0,vecina
68385,3,168.28,0,vecina
68385,4,178.92,0,vecina
68385,5,141.02,0,vecina
68385,6,126.15,0,vecina
68385,7,90.23,0,vecina
68385,8,128.09,0,vecina
68385,9,158.65,0,vecina
68385,10,194.42,0,vecina
68385,11,251.39,0,vecina
68385,12,104.44,0,vecina
68397,1,72.78,0,vecina
68397,2,92.49,0,vecina
68397,3,219.82,0,vecina
68397,4,240.62,0,vecina
68397,5,229.94,0,vecina
68397,6,177.1,0,vecina
68397,7,159.94,0,vecina
68397,8,170.71,0,vecina
68397,9,177.67,0,vecina
68397,10,216.7,0,vecina
68397,11,221.49,0,vecina
68397,12,111.07,0,vecina
68406,1,60.72,1,estacion
68406,2,38.0,1,estacion
68406,3,161.28,1,estacion
68406,4,88.28,1,estacion
68406,5,74.77,1,estacion
68406,6,29.13,1,estacion
68406,7,47.1,1,estacion
68406,8,71.48,1,estacion
68406,9,33.02,1,estacion
68406,10,115.76,1,estacion
68406,11,64.06,1,estacion
68406,12,513.22,1,estacion
68418,1,28.98,1,estacion
68418,2,44.35,1,estacion
68418,3,52.54,1,estacion
68418,4,51.69,1,estacion
68418,5,110.27,1,estacion
68418,6,109.23,1,estacion
68418,7,58.37,1,estacion
68418,8,118.64,1,estacion
68418,9,103.72,1,estacion
68418,10,85.38,1,estacion
68418,11,88.52,1,estacion
68418,12,21.13,1,estacion
68425,1,46.71,0,vecina
68425,2,56.58,0,vecina
68425,3,115.06,0,vecina
68425,4,156.43,0,vecina
68425,5,156.36,0,vecina
68425,6,160.43,0,vecina
68425,7,142.25,0,vecina
68425,8,125.74,0,vecina
68425,9,152.47,0,vecina
68425,10,178.89,0,vecina
68425,11,117.12,0,vecina
68425,12,42.13,0,vecina
68432,1,31.62,1,estacion
68432,2,67.5,1,estacion
68432,3,86.69,1,estacion
68432,4,26.27,1,estacion
68432,5,36.27,1,estacion
68432,6,20.92,1,estacion
68432,7,16.67,1,estacion
68432,8,25.95,1,estacion
68432,9,60.4,1,estacion
68432,10,109.08,1,estacion
68432,11,56.96,1,estacion
68432,12,12.84,1,estacion
68444,1,30.74,0,vecina
68444,2,35.35,0,vecina
68444,3,76.68,0,vecina
68444,4,136.91,0,vecina
68444,5,100.22,0,vecina
68444,6,65.75,0,vecina
68444,7,42.7,0,vecina
68444,8,65.55,0,vecina
68444,9,123.03,0,vecina
68444,10,157.81,0,vecina
68444,11,103.89,0,vecina
68444,12,24.91,0,vecina
68464,1,42.0,1,estacion
68464,2,80.16,1,estacion
68464,3,262.4,1,estacion
68464,4,262.77,1,estacion
68464,5,345.26,1,estacion
68464,6,328.04,1,estacion
68464,7,284.51,1,estacion
68464,8,239.99,1,estacion
68464,9,305.17,1,estacion
68464,10,328.03,1,estacion
68464,11,253.16,1,estacion
68464,12,90.27,1,estacion
68468,1,34.72,0,vecina
68468,2,61.82,0,vecina
68468,3,85.95,0,vecina
68468,4,49.01,0,vecina
68468,5,61.37,0,vecina
68468,6,75.66,0,vecina
68468,7,65.51,0,vecina
68468,8,62.54,0,vecina
68468,9,93.37,0,vecina
68468,10,118.49,0,vecina
68468,11,59.55,0,vecina
68468,12,16.7,0,vecina
68498,1,38.99,0,vecina
68498,2,21.87,0,vecina
68498,3,137.82,0,vecina
68498,4,187.46,0,vecina
68498,5,234.42,0,vecina
68498,6,162.8,0,vecina
68498,7,145.67,0,vecina
68498,8,158.77,0,vecina
68498,9,191.83,0,vecina
68498,10,153.79,0,vecina
68498,11,138.42,0,vecina
68498,12,48.68,0,vecina
68500,1,41.67,0,vecina
68500,2,37.65,0,vecina
68500,3,140.16,0,vecina
68500,4,218.44,0,vecina
68500,5,227.01,0,vecina
68500,6,156.18,0,vecina
68500,7,124.55,0,vecina
68500,8,161.67,0,vecina
68500,9,171.6,0,vecina
68500,10,155.06,0,vecina
68500,11,125.25,0,vecina
68500,12,50.27,0,vecina
68502,1,7.24,1,estacion
68502,2,62.67,1,estacion
68502,3,131.76,1,estacion
68502,4,132.64,1,estacion
68502,5,94.09,1,estacion
68502,6,103.03,1,estacion
68502,7,26.09,1,estacion
68502,8,34.53,1,estacion
68502,9,74.81,1,estacion
68502,10,104.15,1,estacion
68502,11,111.69,1,estacion
68502,12,48.42,1,estacion
68522,1,45.78,0,vecina
68522,2,43.55,0,vecina
68522,3,135.87,0,vecina
68522,4,204.81,0,vecina
68522,5,201.32,0,vecina
68522,6,142.07,0,vecina
68522,7,117.7,0,vecina
68522,8,142.99,0,vecina
68522,9,187.02,0,vecina
68522,10,134.25,0,vecina
68522,11,111.68,0,vecina
68522,12,43.55,0,vecina
68524,1,44.05,0,vecina
68524,2,42.31,0,vecina
68524,3,138.21,0,vecina
68524,4,214.7,0,vecina
68524,5,213.11,0,vecina
68524,6,148.28,0,vecina
68524,7,118.85,0,vecina
68524,8,152.42,0,vecina
68524,9,177.38,0,vecina
68524,10,144.55,0,vecina
68524,11,116.94,0,vecina
68524,12,47.0,0,vecina
68533,1,35.17,1,estacion
68533,2,1.68,1,estacion
68533,3,135.46,1,estacion
68533,4,150.89,1,estacion
68533,5,246.74,1,estacion
68533,6,172.73,1,estacion
68533,7,172.6,1,estacion
68533,8,157.49,1,estacion
68533,9,214.9,1,estacion
68533,10,154.8,1,estacion
68533,11,156.34,1,estacion
68533,12,47.54,1,estacion
68547,1,34.5,0,vecina
68547,2,63.98,0,vecina
68547,3,94.61,0,vecina
68547,4,85.0,0,vecina
68547,5,66.36,0,vecina
68547,6,41.16,0,vecina
68547,7,70.57,0,vecina
68547,8,85.61,0,vecina
68547,9,65.98,0,vecina
68547,10,74.53,0,vecina
68547,11,86.4,0,vecina
68547,12,105.16,0,vecina
68549,1,42.2,0,vecina
68549,2,30.71,0,vecina
68549,3,136.28,0,vecina
68549,4,190.91,0,vecina
68549,5,217.64,0,vecina
68549,6,152.68,0,vecina
68549,7,134.42,0,vecina
68549,8,149.5,0,vecina
68549,9,193.17,0,vecina
68549,10,142.77,0,vecina
68549,11,126.28,0,vecina
68549,12,45.54,0,vecina
68572,1,40.74,2,estacion
68572,2,108.85,2,estacion
68572,3,322.6,2,estacion
68572,4,319.12,2,estacion
68572,5,346.91,2,estacion
68572,6,233.89,2,estacion
68572,7,198.56,2,estacion
68572,8,200.07,2,estacion
68572,9,194.95,2,estacion
68572,10,239.9,2,estacion
68572,11,249.12,2,estacion
68572,12,163.62,2,estacion
68573,1,61.42,0,vecina
68573,2,50.82,0,vecina
68573,3,121.83,0,vecina
68573,4,195.32,0,vecina
68573,5,151.85,0,vecina
68573,6,122.16,0,vecina
68573,7,163.36,0,vecina
68573,8,98.71,0,vecina
68573,9,191.18,0,vecina
68573,10,177.29,0,vecina
68573,11,144.88,0,vecina
68573,12,87.52,0,vecina
68575,1,36.9,0,vecina
68575,2,73.57,0,vecina
68575,3,103.46,0,vecina
68575,4,207.6,0,vecina
68575,5,222.17,0,vecina
68575,6,213.27,0,vecina
68575,7,267.57,0,vecina
68575,8,175.05,0,vecina
68575,9,240.93,0,vecina
68575,10,336.14,0,vecina
68575,11,191.19,0,vecina
68575,12,108.16,0,vecina
68615,1,33.61,0,vecina
68615,2,35.6,0,vecina
68615,3,91.24,0,vecina
68615,4,79.64,0,vecina
68615,5,59.46,0,vecina
68615,6,37.23,0,vecina
68615,7,35.03,0,vecina
68615,8,53.66,0,vecina
68615,9,44.41,0,vecina
68615,10,76.8,0,vecina
68615,11,57.59,0,vecina
68615,12,183.26,0,vecina
68655,1,41.88,1,estacion
68655,2,82.6,1,estacion
68655,3,81.37,1,estacion
68655,4,279.54,1,estacion
68655,5,204.97,1,estacion
68655,6,237.17,1,estacion
68655,7,293.19,1,estacion
68655,8,284.23,1,estacion
68655,9,197.16,1,estacion
68655,10,439.19,1,estacion
68655,11,333.8,1,estacion
68655,12,242.65,1,estacion
68669,1,37.39,0,vecina
68669,2,52.58,0,vecina
68669,3,85.47,0,vecina
68669,4,76.53,0,vecina
68669,5,87.67,0,vecina
68669,6,128.42,0,vecina
68669,7,92.08,0,vecina
68669,8,98.2,0,vecina
68669,9,122.15,0,vecina
68669,10,120.86,0,vecina
68669,11,71.39,0,vecina
68669,12,21.81,0,vecina
68673,1,51.27,0,vecina
68673,2,93.23,0,vecina
68673,3,216.53,0,vecina
68673,4,261.36,0,vecina
68673,5,260.09,0,vecina
68673,6,190.16,0,vecina
68673,7,176.02,0,vecina
68673,8,186.58,0,vecina
68673,9,178.92,0,vecina
68673,10,212.1,0,vecina
68673,11,184.09,0,vecina
68673,12,96.92,0,vecina
68679,1,41.53,0,vecina
68679,2,38.36,0,vecina
68679,3,166.36,0,vecina
68679,4,198.58,0,vecina
68679,5,250.06,0,vecina
68679,6,197.12,0,vecina
68679,7,177.37,0,vecina
68679,8,170.0,0,vecina
68679,9,227.5,0,vecina
68679,10,186.95,0,vecina
68679,11,160.81,0,vecina
68679,12,55.74,0,vecina
68682,1,21.56,0,vecina
68682,2,67.14,0,vecina
68682,3,181.48,0,vecina
68682,4,183.12,0,vecina
68682,5,197.59,0,vecina
68682,6,194.28,0,vecina
68682,7,134.4,0,vecina
68682,8,120.01,0,vecina
68682,9,168.52,0,vecina
68682,10,195.9,0,vecina
68682,11,167.56,0,vecina
68682,12,64.06,0,vecina
68684,1,33.54,0,vecina
68684,2,63.96,0,vecina
68684,3,85.36,0,vecina
68684,4,40.27,0,vecina
68684,5,53.47,0,vecina
68684,6,57.37,0,vecina
68684,7,51.48,0,vecina
68684,8,51.07,0,vecina
68684,9,82.57,0,vecina
68684,10,115.44,0,vecina
68684,11,57.9,0,vecina
68684,12,15.24,0,vecina
68686,1,42.14,0,vecina
68686,2,53.73,0,vecina
68686,3,81.62,0,vecina
68686,4,96.26,0,vecina
68686,5,130.01,0,vecina
68686,6,194.98,0,vecina
68686,7,193.25,0,vecina
68686,8,147.89,0,vecina
68686,9,168.0,0,vecina
68686,10,146.81,0,vecina
68686,11,66.03,0,vecina
68686,12,25.9,0,vecina
68689,1,55.76,2,estacion
68689,2,158.08,2,estacion
68689,3,173.43,2,estacion
68689,4,211.79,2,estacion
68689,5,181.98,2,estacion
68689,6,112.52,2,estacion
68689,7,115.11,2,estacion
68689,8,187.84,2,estacion
68689,9,172.63,2,estacion
68689,10,145.18,2,estacion
68689,11,121.94,2,estacion
68689,12,49.34,2,estacion
68705,1,31.61,0,vecina
68705,2,63.4,0,vecina
68705,3,83.46,0,vecina
68705,4,93.67,0,vecina
68705,5,69.1,0,vecina
68705,6,49.48,0,vecina
68705,7,55.71,0,vecina
68705,8,71.91,0,vecina
68705,9,73.35,0,vecina
68705,10,78.84,0,vecina
68705,11,88.6,0,vecina
68705,12,37.34,0,vecina
68720,1,80.18,0,vecina
68720,2,45.85,0,vecina
68720,3,136.19,0,vecina
68720,4,192.09,0,vecina
68720,5,160.53,0,vecina
68720,6,125.28,0,vecina
68720,7,86.61,0,vecina
68720,8,133.2,0,vecina
68720,9,161.3,0,vecina
68720,10,158.06,0,vecina
68720,11,171.14,0,vecina
68720,12,66.44,0,vecina
68745,1,45.28,0,vecina
68745,2,43.65,0,vecina
68745,3,136.73,0,vecina
68745,4,209.17,0,vecina
68745,5,205.05,0,vecina
68745,6,143.95,0,vecina
68745,7,117.39,0,vecina
68745,8,146.26,0,vecina
68745,9,183.1,0,vecina
68745,10,137.76,0,vecina
68745,11,113.02,0,vecina
68745,12,44.77,0,vecina
68755,1,48.86,1,estacion
68755,2,52.58,1,estacion
68755,3,134.63,1,estacion
68755,4,209.99,1,estacion
68755,5,185.65,1,estacion
68755,6,132.48,1,estacion
68755,7,106.13,1,estacion
68755,8,134.8,1,estacion
68755,9,186.9,1,estacion
68755,10,124.36,1,estacion
68755,11,99.83,1,estacion
68755,12,40.81,1,estacion
68770,1,51.27,0,vecina
68770,2,90.29,0,vecina
68770,3,208.64,0,vecina
68770,4,257.98,0,vecina
68770,5,255.17,0,vecina
68770,6,186.82,0,vecina
68770,7,172.26,0,vecina
68770,8,185.27,0,vecina
68770,9,177.09,0,vecina
68770,10,208.7,0,vecina
68770,11,178.51,0,vecina
68770,12,92.1,0,vecina
68773,1,53.12,0,vecina
68773,2,107.52,0,vecina
68773,3,281.46,0,vecina
68773,4,289.25,0,vecina
68773,5,300.86,0,vecina
68773,6,206.82,0,vecina
68773,7,185.93,0,vecina
68773,8,185.58,0,vecina
68773,9,184.74,0,vecina
68773,10,238.68,0,vecina
68773,11,240.41,0,vecina
68773,12,140.86,0,vecina
68780,1,29.82,2,estacion
68780,2,28.88,2,estacion
68780,3,76.59,2,estacion
68780,4,146.41,2,estacion
68780,5,113.74,2,estacion
68780,6,55.69,2,estacion
68780,7,37.16,2,estacion
68780,8,60.93,2,estacion
68780,9,129.64,2,estacion
68780,10,168.91,2,estacion
68780,11,100.23,2,estacion
68780,12,24.21,2,estacion
68820,1,40.01,2,estacion
68820,2,73.22,2,estacion
68820,3,96.34,2,estacion
68820,4,122.06,2,estacion
68820,5,87.0,2,estacion
68820,6,67.06,2,estacion
68820,7,37.87,2,estacion
68820,8,58.95,2,estacion
68820,9,92.87,2,estacion
68820,10,110.78,2,estacion
68820,11,107.82,2,estacion
68820,12,26.99,2,estacion
68855,1,37.03,0,vecina
68855,2,10.07,0,vecina
68855,3,135.99,0,vecina
68855,4,163.87,0,vecina
68855,5,239.61,0,vecina
68855,6,167.58,0,vecina
68855,7,161.5,0,vecina
68855,8,156.29,0,vecina
68855,9,207.33,0,vecina
68855,10,152.52,0,vecina
68855,11,148.14,0,vecina
68855,12,47.37,0,vecina
68861,1,47.79,0,vecina
68861,2,106.85,0,vecina
68861,3,258.57,0,vecina
68861,4,273.67,0,vecina
68861,5,280.53,0,vecina
68861,6,202.73,0,vecina
68861,7,186.12,0,vecina
68861,8,184.53,0,vecina
68861,9,181.38,0,vecina
68861,10,223.68,0,vecina
68861,11,211.96,0,vecina
68861,12,124.49,0,vecina
68867,1,26.24,1,estacion
68867,2,36.66,1,estacion
68867,3,53.58,1,estacion
68867,4,85.81,1,estacion
68867,5,17.88,1,estacion
68867,6,137.37,1,estacion
68867,7,88.85,1,estacion
68867,8,107.14,1,estacion
68867,9,111.47,1,estacion
68867,10,133.97,1,estacion
68867,11,125.77,1,estacion
68867,12,27.54,1,estacion
68872,1,26.02,0,vecina
68872,2,43.36,0,vecina
68872,3,61.13,0,vecina
68872,4,83.34,0,vecina
68872,5,113.65,0,vecina
68872,6,99.62,0,vecina
68872,7,62.48,0,vecina
68872,8,110.57,0,vecina
68872,9,102.49,0,vecina
68872,10,93.46,0,vecina
68872,11,91.68,0,vecina
68872,12,25.98,0,vecina
68895,1,5.46,1,estacion
68895,2,35.55,1,estacion
68895,3,38.35,1,estacion
68895,4,84.49,1,estacion
68895,5,79.27,1,estacion
68895,6,57.2,1,estacion
68895,7,46.56,1,estacion
68895,8,76.92,1,estacion
68895,9,49.73,1,estacion
68895,10,94.58,1,estacion
68895,11,94.43,1,estacion
68895,12,28.87,1,estacion
70001,1,0.0,1,estacion
70001,2,22.59,1,estacion
70001,3,6.4,1,estacion
70001,4,71.1,1,estacion
70001,5,63.24,1,estacion
70001,6,14.54,1,estacion
70001,7,13.46,1,estacion
70001,8,3.9,1,estacion
70001,9,19.93,1,estacion
70001,10,38.23,1,estacion
70001,11,49.4,1,estacion
70001,12,39.1,1,estacion
70110,1,23.33,0,vecina
70110,2,9.11,0,vecina
70110,3,40.4,0,vecina
70110,4,52.27,0,vecina
70110,5,53.89,0,vecina
70110,6,106.43,0,vecina
70110,7,103.51,0,vecina
70110,8,29.43,0,vecina
70110,9,47.56,0,vecina
70110,10,47.59,0,vecina
70110,11,37.93,0,vecina
70110,12,17.44,0,vecina
70124,1,29.06,0,vecina
70124,2,14.75,0,vecina
70124,3,37.51,0,vecina
70124,4,80.39,0,vecina
70124,5,193.75,0,vecina
70124,6,231.05,0,vecina
70124,7,221.07,0,vecina
70124,8,346.58,0,vecina
70124,9,416.07,0,vecina
70124,10,156.71,0,vecina
70124,11,128.95,0,vecina
70124,12,29.82,0,vecina
70204,1,12.05,0,vecina
70204,2,10.08,0,vecina
70204,3,14.0,0,vecina
70204,4,48.37,0,vecina
70204,5,60.28,0,vecina
70204,6,52.01,0,vecina
70204,7,68.84,0,vecina
70204,8,53.72,0,vecina
70204,9,66.03,0,vecina
70204,10,78.28,0,vecina
70204,11,61.02,0,vecina
70204,12,18.62,0,vecina
70215,1,16.24,0,vecina
70215,2,1.84,0,vecina
70215,3,9.35,0,vecina
70215,4,31.85,0,vecina
70215,5,61.41,0,vecina
70215,6,58.1,0,vecina
70215,7,94.75,0,vecina
70215,8,97.9,0,vecina
70215,9,106.16,0,vecina
70215,10,118.04,0,vecina
70215,11,78.34,0,vecina
70215,12,4.97,0,vecina
70221,1,4.34,0,vecina
70221,2,7.22,0,vecina
70221,3,3.1,0,vecina
70221,4,54.89,0,vecina
70221,5,159.61,0,vecina
70221,6,105.41,0,vecina
70221,7,71.3,0,vecina
70221,8,73.12,0,vecina
70221,9,123.99,0,vecina
70221,10,87.73,0,vecina
70221,11,45.09,0,vecina
70221,12,20.08,0,vecina
70230,1,22.62,0,vecina
70230,2,11.34,0,vecina
70230,3,12.41,0,vecina
70230,4,60.68,0,vecina
70230,5,85.65,0,vecina
70230,6,64.36,0,vecina
70230,7,83.05,0,vecina
70230,8,83.88,0,vecina
70230,9,96.3,0,vecina
70230,10,109.03,0,vecina
70230,11,72.7,0,vecina
70230,12,13.77,0,vecina
70233,1,23.75,0,vecina
70233,2,15.31,0,vecina
70233,3,24.84,0,vecina
70233,4,111.09,0,vecina
70233,5,123.7,0,vecina
70233,6,121.44,0,vecina
70233,7,129.7,0,vecina
70233,8,87.49,0,vecina
70233,9,162.91,0,vecina
70233,10,104.76,0,vecina
70233,11,101.52,0,vecina
70233,12,27.15,0,vecina
70235,1,26.41,0,vecina
70235,2,9.25,0,vecina
70235,3,35.31,0,vecina
70235,4,74.96,0,vecina
70235,5,85.88,0,vecina
70235,6,122.84,0,vecina
70235,7,128.71,0,vecina
70235,8,67.16,0,vecina
70235,9,111.48,0,vecina
70235,10,82.61,0,vecina
70235,11,69.87,0,vecina
70235,12,17.47,0,vecina
70265,1,23.62,0,vecina
70265,2,88.66,0,vecina
70265,3,154.13,0,vecina
70265,4,760.4,0,vecina
70265,5,481.97,0,vecina
70265,6,553.08,0,vecina
70265,7,475.63,0,vecina
70265,8,601.94,0,vecina
70265,9,478.39,0,vecina
70265,10,784.67,0,vecina
70265,11,571.36,0,vecina
70265,12,173.56,0,vecina
70400,1,27.6,0,vecina
70400,2,7.67,0,vecina
70400,3,33.68,0,vecina
70400,4,93.89,0,vecina
70400,5,164.93,0,vecina
70400,6,194.75,0,vecina
70400,7,188.87,0,vecina
70400,8,226.33,0,vecina
70400,9,311.62,0,vecina
70400,10,124.51,0,vecina
70400,11,102.97,0,vecina
70400,12,19.05,0,vecina
70418,1,15.02,0,vecina
70418,2,4.6,0,vecina
70418,3,11.58,0,vecina
70418,4,37.14,0,vecina
70418,5,60.37,0,vecina
70418,6,56.96,0,vecina
70418,7,86.34,0,vecina
70418,8,81.84,0,vecina
70418,9,91.16,0,vecina
70418,10,103.37,0,vecina
70418,11,71.46,0,vecina
70418,12,9.56,0,vecina
70429,1,24.68,0,vecina
70429,2,87.14,0,vecina
70429,3,139.77,0,vecina
70429,4,677.23,0,vecina
70429,5,449.09,0,vecina
70429,6,518.7,0,vecina
70429,7,442.16,0,vecina
70429,8,577.42,0,vecina
70429,9,480.33,0,vecina
70429,10,714.5,0,vecina
70429,11,524.46,0,vecina
70429,12,164.38,0,vecina
70473,1,16.61,1,estacion
70473,2,1.1,1,estacion
70473,3,9.25,1,estacion
70473,4,29.8,1,estacion
70473,5,60.61,1,estacion
70473,6,58.55,1,estacion
70473,7,96.61,1,estacion
70473,8,100.66,1,estacion
70473,9,107.88,1,estacion
70473,10,120.43,1,estacion
70473,11,78.87,1,estacion
70473,12,3.75,1,estacion
70508,1,31.55,0,vecina
70508,2,8.13,0,vecina
70508,3,26.59,0,vecina
70508,4,58.34,0,vecina
70508,5,83.91,0,vecina
70508,6,99.74,0,vecina
70508,7,113.24,0,vecina
70508,8,85.97,0,vecina
70508,9,100.33,0,vecina
70508,10,105.9,0,vecina
70508,11,65.25,0,vecina
70508,12,8.18,0,vecina
70523,1,11.04,0,vecina
70523,2,17.13,0,vecina
70523,3,13.7,0,vecina
70523,4,80.93,0,vecina
70523,5,85.67,0,vecina
70523,6,60.35,0,vecina
70523,7,67.74,0,vecina
70523,8,47.62,0,vecina
70523,9,84.89,0,vecina
70523,10,73.68,0,vecina
70523,11,72.75,0,vecina
70523,12,30.13,0,vecina
70670,1,26.19,0,vecina
70670,2,18.26,0,vecina
70670,3,29.0,0,vecina
70670,4,130.79,0,vecina
70670,5,140.03,0,vecina
70670,6,139.34,0,vecina
70670,7,141.22,0,vecina
70670,8,87.46,0,vecina
70670,9,180.31,0,vecina
70670,10,103.56,0,vecina
70670,11,108.45,0,vecina
70670,12,32.0,0,vecina
70678,1,30.53,0,vecina
70678,2,7.53,0,vecina
70678,3,39.24,0,vecina
70678,4,87.13,0,vecina
70678,5,159.31,0,vecina
70678,6,196.56,0,vecina
70678,7,194.95,0,vecina
70678,8,224.84,0,vecina
70678,9,301.03,0,vecina
70678,10,113.12,0,vecina
70678,11,100.15,0,vecina
70678,12,19.59,0,vecina
70702,1,14.1,0,vecina
70702,2,6.47,0,vecina
70702,3,12.64,0,vecina
70702,4,41.02,0,vecina
70702,5,60.28,0,vecina
70702,6,55.73,0,vecina
70702,7,80.65,0,vecina
70702,8,72.01,0,vecina
70702,9,82.4,0,vecina
70702,10,94.52,0,vecina
70702,11,67.69,0,vecina
70702,12,12.65,0,vecina
70708,1,27.41,1,estacion
70708,2,0.48,1,estacion
70708,3,34.04,1,estacion
70708,4,52.42,1,estacion
70708,5,182.78,1,estacion
70708,6,216.79,1,estacion
70708,7,219.57,1,estacion
70708,8,353.29,1,estacion
70708,9,415.05,1,estacion
70708,10,133.24,1,estacion
70708,11,105.01,1,estacion
70708,12,12.38,1,estacion
70713,1,26.37,0,vecina
70713,2,13.09,0,vecina
70713,3,13.84,0,vecina
70713,4,68.16,0,vecina
70713,5,94.59,0,vecina
70713,6,70.57,0,vecina
70713,7,85.81,0,vecina
70713,8,86.72,0,vecina
70713,9,100.22,0,vecina
70713,10,112.49,0,vecina
70713,11,73.18,0,vecina
70713,12,14.16,0,vecina
70717,1,26.05,1,estacion
70717,2,9.06,1,estacion
70717,3,47.1,1,estacion
70717,4,53.65,1,estacion
70717,5,52.28,1,estacion
70717,6,119.89,1,estacion
70717,7,111.56,1,estacion
70717,8,22.33,1,estacion
70717,9,42.02,1,estacion
70717,10,38.99,1,estacion
70717,11,31.76,1,estacion
70717,12,17.47,1,estacion
70742,1,17.34,0,vecina
70742,2,8.64,0,vecina
70742,3,24.62,0,vecina
70742,4,47.89,0,vecina
70742,5,57.62,0,vecina
70742,6,75.76,0,vecina
70742,7,86.67,0,vecina
70742,8,48.83,0,vecina
70742,9,63.01,0,vecina
70742,10,70.13,0,vecina
70742,11,53.3,0,vecina
70742,12,16.42,0,vecina
70771,1,27.43,0,vecina
70771,2,68.74,0,vecina
70771,3,90.52,0,vecina
70771,4,389.88,0,vecina
70771,5,332.11,0,vecina
70771,6,392.31,0,vecina
70771,7,331.56,0,vecina
70771,8,485.73,0,vecina
70771,9,473.08,0,vecina
70771,10,462.62,0,vecina
70771,11,350.71,0,vecina
70771,12,118.16,0,vecina
70820,1,6.52,0,vecina
70820,2,10.88,0,vecina
70820,3,6.47,0,vecina
70820,4,58.7,0,vecina
70820,5,95.93,0,vecina
70820,6,64.1,0,vecina
70820,7,64.61,0,vecina
70820,8,58.92,0,vecina
70820,9,77.87,0,vecina
70820,10,71.42,0,vecina
70820,11,60.21,0,vecina
70820,12,23.38,0,vecina
70823,1,10.52,0,vecina
70823,2,14.06,0,vecina
70823,3,11.32,0,vecina
70823,4,66.39,0,vecina
70823,5,75.48,0,vecina
70823,6,51.94,0,vecina
70823,7,65.56,0,vecina
70823,8,53.33,0,vecina
70823,9,79.37,0,vecina
70823,10,79.25,0,vecina
70823,11,70.23,0,vecina
70823,12,25.07,0,vecina
73001,1,83.7,3,estacion
73001,2,109.2,3,estacion
73001,3,152.31,3,estacion
73001,4,243.82,3,estacion
73001,5,285.9,3,estacion
73001,6,214.82,3,estacion
73001,7,149.8,3,estacion
73001,8,139.31,3,estacion
73001,9,130.06,3,estacion
73001,10,175.38,3,estacion
73001,11,161.34,3,estacion
73001,12,121.58,3,estacion
73024,1,42.68,0,vecina
73024,2,126.41,0,vecina
73024,3,94.28,0,vecina
73024,4,94.22,0,vecina
73024,5,73.02,0,vecina
73024,6,75.09,0,vecina
73024,7,52.56,0,vecina
73024,8,30.42,0,vecina
73024,9,44.78,0,vecina
73024,10,121.2,0,vecina
73024,11,198.06,0,vecina
73024,12,97.22,0,vecina
73026,1,39.73,0,vecina
73026,2,56.98,0,vecina
73026,3,118.65,0,vecina
73026,4,143.52,0,vecina
73026,5,165.59,0,vecina
73026,6,105.89,0,vecina
73026,7,74.52,0,vecina
73026,8,85.75,0,vecina
73026,9,86.16,0,vecina
73026,10,171.03,0,vecina
73026,11,116.76,0,vecina
73026,12,62.98,0,vecina
73030,1,15.21,1,estacion
73030,2,38.55,1,estacion
73030,3,97.94,1,estacion
73030,4,100.46,1,estacion
73030,5,117.52,1,estacion
73030,6,53.83,1,estacion
73030,7,41.48,1,estacion
73030,8,101.37,1,estacion
73030,9,97.78,1,estacion
73030,10,136.38,1,estacion
73030,11,122.46,1,estacion
73030,12,39.58,1,estacion
73043,1,71.77,0,vecina
73043,2,102.68,0,vecina
73043,3,172.96,0,vecina
73043,4,211.48,0,vecina
73043,5,215.37,0,vecina
73043,6,178.03,0,vecina
73043,7,107.32,0,vecina
73043,8,166.01,0,vecina
73043,9,147.33,0,vecina
73043,10,189.94,0,vecina
73043,11,155.29,0,vecina
73043,12,88.22,0,vecina
73055,1,56.47,0,vecina
73055,2,111.95,0,vecina
73055,3,234.11,0,vecina
73055,4,190.34,0,vecina
73055,5,177.48,0,vecina
73055,6,124.95,0,vecina
73055,7,91.01,0,vecina
73055,8,171.16,0,vecina
73055,9,207.63,0,vecina
73055,10,243.72,0,vecina
73055,11,204.3,0,vecina
73055,12,95.53,0,vecina
73067,1,78.78,2,estacion
73067,2,113.73,2,estacion
73067,3,212.29,2,estacion
73067,4,276.14,2,estacion
73067,5,233.13,2,estacion
73067,6,121.77,2,estacion
73067,7,63.6,2,estacion
73067,8,90.52,2,estacion
73067,9,87.22,2,estacion
73067,10,179.18,2,estacion
73067,11,339.47,2,estacion
73067,12,241.42,2,estacion
73124,1,38.83,1,estacion
73124,2,70.62,1,estacion
73124,3,80.68,1,estacion
73124,4,145.55,1,estacion
73124,5,182.46,1,estacion
73124,6,168.19,1,estacion
73124,7,137.05,1,estacion
73124,8,52.16,1,estacion
73124,9,76.65,1,estacion
73124,10,142.79,1,estacion
73124,11,96.17,1,estacion
73124,12,66.54,1,estacion
73148,1,60.92,0,vecina
73148,2,106.62,0,vecina
73148,3,131.85,0,vecina
73148,4,107.88,0,vecina
73148,5,66.52,0,vecina
73148,6,69.89,0,vecina
73148,7,33.99,0,vecina
73148,8,24.77,0,vecina
73148,9,40.43,0,vecina
73148,10,125.73,0,vecina
73148,11,154.99,0,vecina
73148,12,53.77,0,vecina
73152,1,68.42,0,vecina
73152,2,186.71,0,vecina
73152,3,304.81,0,vecina
73152,4,224.72,0,vecina
73152,5,187.3,0,vecina
73152,6,152.49,0,vecina
73152,7,137.11,0,vecina
73152,8,191.27,0,vecina
73152,9,286.11,0,vecina
73152,10,336.91,0,vecina
73152,11,263.79,0,vecina
73152,12,172.15,0,vecina
73168,1,89.95,1,estacion
73168,2,262.88,1,estacion
73168,3,330.57,1,estacion
73168,4,365.26,1,estacion
73168,5,311.35,1,estacion
73168,6,191.65,1,estacion
73168,7,195.65,1,estacion
73168,8,104.97,1,estacion
73168,9,84.15,1,estacion
73168,10,175.21,1,estacion
73168,11,443.55,1,estacion
73168,12,499.69,1,estacion
73200,1,8.82,0,vecina
73200,2,33.95,0,vecina
73200,3,76.75,0,vecina
73200,4,72.01,0,vecina
73200,5,78.39,0,vecina
73200,6,67.41,0,vecina
73200,7,39.9,0,vecina
73200,8,32.73,0,vecina
73200,9,42.84,0,vecina
73200,10,137.42,0,vecina
73200,11,102.36,0,vecina
73200,12,36.73,0,vecina
73217,1,74.71,0,vecina
73217,2,152.92,0,vecina
73217,3,236.78,0,vecina
73217,4,168.17,0,vecina
73217,5,211.81,0,vecina
73217,6,62.44,0,vecina
73217,7,64.04,0,vecina
73217,8,56.44,0,vecina
73217,9,113.2,0,vecina
73217,10,179.16,0,vecina
73217,11,203.05,0,vecina
73217,12,108.03,0,vecina
73226,1,106.28,1,estacion
73226,2,152.3,1,estacion
73226,3,188.43,1,estacion
73226,4,138.98,1,estacion
73226,5,55.75,1,estacion
73226,6,49.45,1,estacion
73226,7,17.8,1,estacion
73226,8,2.17,1,estacion
73226,9,27.3,1,estacion
73226,10,154.04,1,estacion
73226,11,164.27,1,estacion
73226,12,58.5,1,estacion
73236,1,68.21,1,estacion
73236,2,190.41,1,estacion
73236,3,106.94,1,estacion
73236,4,155.85,1,estacion
73236,5,72.5,1,estacion
73236,6,82.16,1,estacion
73236,7,57.07,1,estacion
73236,8,37.77,1,estacion
73236,9,47.34,1,estacion
73236,10,195.42,1,estacion
73236,11,307.37,1,estacion
73236,12,154.89,1,estacion
73268,1,0.0,1,estacion
73268,2,33.17,1,estacion
73268,3,0.14,1,estacion
73268,4,99.2,1,estacion
73268,5,71.4,1,estacion
73268,6,65.61,1,estacion
73268,7,49.53,1,estacion
73268,8,64.91,1,estacion
73268,9,90.1,1,estacion
73268,10,10.34,1,estacion
73268,11,60.54,1,estacion
73268,12,80.45,1,estacion
73270,1,97.35,0,vecina
73270,2,186.68,0,vecina
73270,3,309.42,0,vecina
73270,4,221.23,0,vecina
73270,5,203.83,0,vecina
73270,6,104.57,0,vecina
73270,7,149.36,0,vecina
73270,8,174.17,0,vecina
73270,9,305.46,0,vecina
73270,10,372.01,0,vecina
73270,11,281.66,0,vecina
73270,12,185.81,0,vecina
73275,1,10.92,0,vecina
73275,2,36.3,0,vecina
73275,3,98.26,0,vecina
73275,4,63.23,0,vecina
73275,5,80.76,0,vecina
73275,6,71.76,0,vecina
73275,7,38.87,0,vecina
73275,8,25.56,0,vecina
73275,9,30.17,0,vecina
73275,10,170.22,0,vecina
73275,11,120.8,0,vecina
73275,12,24.76,0,vecina
73283,1,53.2,2,estacion
73283,2,167.49,2,estacion
73283,3,329.37,2,estacion
73283,4,210.96,2,estacion
73283,5,214.27,2,estacion
73283,6,102.75,2,estacion
73283,7,151.71,2,estacion
73283,8,158.89,2,estacion
73283,9,326.51,2,estacion
73283,10,374.36,2,estacion
73283,11,308.52,2,estacion
73283,12,179.15,2,estacion
73319,1,42.22,0,vecina
73319,2,122.2,0,vecina
73319,3,126.66,0,vecina
73319,4,175.27,0,vecina
73319,5,180.44,0,vecina
73319,6,31.44,0,vecina
73319,7,27.48,0,vecina
73319,8,49.17,0,vecina
73319,9,77.5,0,vecina
73319,10,132.66,0,vecina
73319,11,143.86,0,vecina
73319,12,79.65,0,vecina
73347,1,73.7,0,vecina
73347,2,198.92,0,vecina
73347,3,306.61,0,vecina
73347,4,233.37,0,vecina
73347,5,182.29,0,vecina
73347,6,168.16,0,vecina
73347,7,134.06,0,vecina
73347,8,198.94,0,vecina
73347,9,277.8,0,vecina
73347,10,326.05,0,vecina
73347,11,260.43,0,vecina
73347,12,179.96,0,vecina
73349,1,42.17,0,vecina
73349,2,122.27,0,vecina
73349,3,222.14,0,vecina
73349,4,197.71,0,vecina
73349,5,218.22,0,vecina
73349,6,103.31,0,vecina
73349,7,80.01,0,vecina
73349,8,99.71,0,vecina
73349,9,174.05,0,vecina
73349,10,237.64,0,vecina
73349,11,259.04,0,vecina
73349,12,167.28,0,vecina
73352,1,57.84,0,vecina
73352,2,119.16,0,vecina
73352,3,152.49,0,vecina
73352,4,155.41,0,vecina
73352,5,95.2,0,vecina
73352,6,77.86,0,vecina
73352,7,52.11,0,vecina
73352,8,38.58,0,vecina
73352,9,46.4,0,vecina
73352,10,100.17,0,vecina
73352,11,124.07,0,vecina
73352,12,56.18,0,vecina
73408,1,44.17,1,estacion
73408,2,44.79,1,estacion
73408,3,188.3,1,estacion
73408,4,169.37,1,estacion
73408,5,181.61,1,estacion
73408,6,91.56,1,estacion
73408,7,32.38,1,estacion
73408,8,130.53,1,estacion
73408,9,116.78,1,estacion
73408,10,110.43,1,estacion
73408,11,179.55,1,estacion
73408,12,46.41,1,estacion
73411,1,78.57,1,estacion
73411,2,148.22,1,estacion
73411,3,192.91,1,estacion
73411,4,197.91,1,estacion
73411,5,129.01,1,estacion
73411,6,200.25,1,estacion
73411,7,108.64,1,estacion
73411,8,245.85,1,estacion
73411,9,206.41,1,estacion
73411,10,292.25,1,estacion
73411,11,121.38,1,estacion
73411,12,72.63,1,estacion
73443,1,155.08,0,vecina
73443,2,234.74,0,vecina
73443,3,324.55,0,vecina
73443,4,250.82,0,vecina
73443,5,206.95,0,vecina
73443,6,102.41,0,vecina
73443,7,153.96,0,vecina
73443,8,180.71,0,vecina
73443,9,299.81,0,vecina
73443,10,376.19,0,vecina
73443,11,294.54,0,vecina
73443,12,235.76,0,vecina
73449,1,46.55,0,vecina
73449,2,84.62,0,vecina
73449,3,135.54,0,vecina
73449,4,88.33,0,vecina
73449,5,72.45,0,vecina
73449,6,71.41,0,vecina
73449,7,33.99,0,vecina
73449,8,19.24,0,vecina
73449,9,28.35,0,vecina
73449,10,163.43,0,vecina
73449,11,152.95,0,vecina
73449,12,36.32,0,vecina
73461,1,70.59,0,vecina
73461,2,134.47,0,vecina
73461,3,206.83,0,vecina
73461,4,194.95,0,vecina
73461,5,146.19,0,vecina
73461,6,173.18,0,vecina
73461,7,101.6,0,vecina
73461,8,218.9,0,vecina
73461,9,205.59,0,vecina
73461,10,273.25,0,vecina
73461,11,150.34,0,vecina
73461,12,80.04,0,vecina
73483,1,100.77,1,estacion
73483,2,108.2,1,estacion
73483,3,336.85,1,estacion
73483,4,122.02,1,estacion
73483,5,168.75,1,estacion
73483,6,126.83,1,estacion
73483,7,128.16,1,estacion
73483,8,86.25,1,estacion
73483,9,184.35,1,estacion
73483,10,185.87,1,estacion
73483,11,262.63,1,estacion
73483,12,162.62,1,estacion
73504,1,44.66,0,vecina
73504,2,156.7,0,vecina
73504,3,198.97,0,vecina
73504,4,195.66,0,vecina
73504,5,213.03,0,vecina
73504,6,36.22,0,vecina
73504,7,42.57,0,vecina
73504,8,51.9,0,vecina
73504,9,77.24,0,vecina
73504,10,177.11,0,vecina
73504,11,160.19,0,vecina
73504,12,92.23,0,vecina
73520,1,65.06,0,vecina
73520,2,176.57,0,vecina
73520,3,329.45,0,vecina
73520,4,216.53,0,vecina
73520,5,213.04,0,vecina
73520,6,104.52,0,vecina
73520,7,151.68,0,vecina
73520,8,162.07,0,vecina
73520,9,322.8,0,vecina
73520,10,373.35,0,vecina
73520,11,307.06,0,vecina
73520,12,186.72,0,vecina
73547,1,12.81,0,vecina
73547,2,36.38,0,vecina
73547,3,101.28,0,vecina
73547,4,74.71,0,vecina
73547,5,92.97,0,vecina
73547,6,64.7,0,vecina
73547,7,38.79,0,vecina
73547,8,48.51,0,vecina
73547,9,50.23,0,vecina
73547,10,165.24,0,vecina
73547,11,120.87,0,vecina
73547,12,27.74,0,vecina
73555,1,135.31,1,estacion
73555,2,210.84,1,estacion
73555,3,351.53,1,estacion
73555,4,150.72,1,estacion
73555,5,180.9,1,estacion
73555,6,114.36,1,estacion
73555,7,104.31,1,estacion
73555,8,68.72,1,estacion
73555,9,75.09,1,estacion
73555,10,210.16,1,estacion
73555,11,441.39,1,estacion
73555,12,332.06,1,estacion
73563,1,54.06,0,vecina
73563,2,234.29,0,vecina
73563,3,158.4,0,vecina
73563,4,171.74,0,vecina
73563,5,269.97,0,vecina
73563,6,34.26,0,vecina
73563,7,37.59,0,vecina
73563,8,25.59,0,vecina
73563,9,59.14,0,vecina
73563,10,151.62,0,vecina
73563,11,131.99,0,vecina
73563,12,59.64,0,vecina
73585,1,37.54,1,estacion
73585,2,305.21,1,estacion
73585,3,95.84,1,estacion
73585,4,170.38,1,estacion
73585,5,319.55,1,estacion
73585,6,14.64,1,estacion
73585,7,19.53,1,estacion
73585,8,0.0,1,estacion
73585,9,16.2,1,estacion
73585,10,126.77,1,estacion
73585,11,72.12,1,estacion
73585,12,20.29,1,estacion
73616,1,96.57,0,vecina
73616,2,196.96,0,vecina
73616,3,292.89,0,vecina
73616,4,282.84,0,vecina
73616,5,252.58,0,vecina
73616,6,148.35,0,vecina
73616,7,126.67,0,vecina
73616,8,91.26,0,vecina
73616,9,83.13,0,vecina
73616,10,184.84,0,vecina
73616,11,405.56,0,vecina
73616,12,367.36,0,vecina
73622,1,141.23,1,estacion
73622,2,133.6,1,estacion
73622,3,204.62,1,estacion
73622,4,241.36,1,estacion
73622,5,226.22,1,estacion
73622,6,178.9,1,estacion
73622,7,117.14,1,estacion
73622,8,74.76,1,estacion
73622,9,100.86,1,estacion
73622,10,169.05,1,estacion
73622,11,267.8,1,estacion
73622,12,157.24,1,estacion
73624,1,41.48,2,estacion
73624,2,103.79,2,estacion
73624,3,142.17,2,estacion
73624,4,192.45,2,estacion
73624,5,280.74,2,estacion
73624,6,127.02,2,estacion
73624,7,137.91,2,estacion
73624,8,95.22,2,estacion
73624,9,139.26,2,estacion
73624,10,177.02,2,estacion
73624,11,258.08,2,estacion
73624,12,132.63,2,estacion
73671,1,69.1,1,estacion
73671,2,101.11,1,estacion
73671,3,213.99,1,estacion
73671,4,222.28,1,estacion
73671,5,188.91,1,estacion
73671,6,17.99,1,estacion
73671,7,17.63,1,estacion
73671,8,59.69,1,estacion
73671,9,94.76,1,estacion
73671,10,207.45,1,estacion
73671,11,222.12,1,estacion
73671,12,103.12,1,estacion
73675,1,115.47,0,vecina
73675,2,178.0,0,vecina
73675,3,251.01,0,vecina
73675,4,290.15,0,vecina
73675,5,257.77,0,vecina
73675,6,176.9,0,vecina
73675,7,139.31,0,vecina
73675,8,87.5,0,vecina
73675,9,93.25,0,vecina
73675,10,172.45,0,vecina
73675,11,339.59,0,vecina
73675,12,290.7,0,vecina
73678,1,8.37,0,vecina
73678,2,116.9,0,vecina
73678,3,229.23,0,vecina
73678,4,165.17,0,vecina
73678,5,167.87,0,vecina
73678,6,92.72,0,vecina
73678,7,109.12,0,vecina
73678,8,84.06,0,vecina
73678,9,103.24,0,vecina
73678,10,154.0,0,vecina
73678,11,132.76,0,vecina
73678,12,132.0,0,vecina
73686,1,67.97,0,vecina
73686,2,104.4,0,vecina
73686,3,182.44,0,vecina
73686,4,198.25,0,vecina
73686,5,181.34,0,vecina
73686,6,166.39,0,vecina
73686,7,91.67,0,vecina
73686,8,183.18,0,vecina
73686,9,159.11,0,vecina
73686,10,204.64,0,vecina
73686,11,149.97,0,vecina
73686,12,74.42,0,vecina
73770,1,42.36,0,vecina
73770,2,113.58,0,vecina
73770,3,79.36,0,vecina
73770,4,123.23,0,vecina
73770,5,101.49,0,vecina
73770,6,52.69,0,vecina
73770,7,34.19,0,vecina
73770,8,33.78,0,vecina
73770,9,57.67,0,vecina
73770,10,77.02,0,vecina
73770,11,98.29,0,vecina
73770,12,64.2,0,vecina
73854,1,4.59,1,estacion
73854,2,127.15,1,estacion
73854,3,264.42,1,estacion
73854,4,167.99,1,estacion
73854,5,161.82,1,estacion
73854,6,90.66,1,estacion
73854,7,111.1,1,estacion
73854,8,84.42,1,estacion
73854,9,99.54,1,estacion
73854,10,165.23,1,estacion
73854,11,122.54,1,estacion
73854,12,137.1,1,estacion
73861,1,40.65,0,vecina
73861,2,61.05,0,vecina
73861,3,159.1,0,vecina
73861,4,151.54,0,vecina
73861,5,151.0,0,vecina
73861,6,98.29,0,vecina
73861,7,48.92,0,vecina
73861,8,141.28,0,vecina
73861,9,126.36,0,vecina
73861,10,151.27,0,vecina
73861,11,150.28,0,vecina
73861,12,48.79,0,vecina
73870,1,72.14,0,vecina
73870,2,174.21,0,vecina
73870,3,266.78,0,vecina
73870,4,216.02,0,vecina
73870,5,167.19,0,vecina
73870,6,169.55,0,vecina
73870,7,127.26,0,vecina
73870,8,210.25,0,vecina
73870,9,258.54,0,vecina
73870,10,321.15,0,vecina
73870,11,215.11,0,vecina
73870,12,138.64,0,vecina
73873,1,55.91,0,vecina
73873,2,106.95,0,vecina
73873,3,133.63,0,vecina
73873,4,134.78,0,vecina
73873,5,107.04,0,vecina
73873,6,65.36,0,vecina
73873,7,36.89,0,vecina
73873,8,25.81,0,vecina
73873,9,31.26,0,vecina
73873,10,99.12,0,vecina
73873,11,103.17,0,vecina
73873,12,38.72,0,vecina
76001,1,55.99,4,estacion
76001,2,92.19,4,estacion
76001,3,101.18,4,estacion
76001,4,166.89,4,estacion
76001,5,184.1,4,estacion
76001,6,88.11,4,estacion
76001,7,51.55,4,estacion
76001,8,41.45,4,estacion
76001,9,96.74,4,estacion
76001,10,146.88,4,estacion
76001,11,114.91,4,estacion
76001,12,77.81,4,estacion
76020,1,70.53,1,estacion
76020,2,145.95,1,estacion
76020,3,167.35,1,estacion
76020,4,206.49,1,estacion
76020,5,68.09,1,estacion
76020,6,108.34,1,estacion
76020,7,163.04,1,estacion
76020,8,130.56,1,estacion
76020,9,196.23,1,estacion
76020,10,153.12,1,estacion
76020,11,289.51,1,estacion
76020,12,121.29,1,estacion
76036,1,19.17,0,vecina
76036,2,433.27,0,vecina
76036,3,373.37,0,vecina
76036,4,553.41,0,vecina
76036,5,457.45,0,vecina
76036,6,288.17,0,vecina
76036,7,421.13,0,vecina
76036,8,555.5,0,vecina
76036,9,491.97,0,vecina
76036,10,588.75,0,vecina
76036,11,574.15,0,vecina
76036,12,80.6,0,vecina
76041,1,11.82,1,estacion
76041,2,43.51,1,estacion
76041,3,84.31,1,estacion
76041,4,82.4,1,estacion
76041,5,268.96,1,estacion
76041,6,42.7,1,estacion
76041,7,53.68,1,estacion
76041,8,41.0,1,estacion
76041,9,39.05,1,estacion
76041,10,251.08,1,estacion
76041,11,96.78,1,estacion
76041,12,117.02,1,estacion
76054,1,62.07,1,estacion
76054,2,69.33,1,estacion
76054,3,137.31,1,estacion
76054,4,176.13,1,estacion
76054,5,149.44,1,estacion
76054,6,107.73,1,estacion
76054,7,109.69,1,estacion
76054,8,87.56,1,estacion
76054,9,88.81,1,estacion
76054,10,123.82,1,estacion
76054,11,178.69,1,estacion
76054,12,89.59,1,estacion
76100,1,29.51,0,vecina
76100,2,301.49,0,vecina
76100,3,290.21,0,vecina
76100,4,409.13,0,vecina
76100,5,366.53,0,vecina
76100,6,204.89,0,vecina
76100,7,299.97,0,vecina
76100,8,349.41,0,vecina
76100,9,330.88,0,vecina
76100,10,408.67,0,vecina
76100,11,449.84,0,vecina
76100,12,90.67,0,vecina
76109,1,317.39,1,estacion
76109,2,233.85,1,estacion
76109,3,422.34,1,estacion
76109,4,179.08,1,estacion
76109,5,242.69,1,estacion
76109,6,0.04,1,estacion
76109,7,0.42,1,estacion
76109,8,19.05,1,estacion
76109,9,25.67,1,estacion
76109,10,267.41,1,estacion
76109,11,504.22,1,estacion
76109,12,679.96,1,estacion
76111,1,26.08,3,estacion
76111,2,31.3,3,estacion
76111,3,69.75,3,estacion
76111,4,78.2,3,estacion
76111,5,47.39,3,estacion
76111,6,25.04,3,estacion
76111,7,39.72,3,estacion
76111,8,38.56,3,estacion
76111,9,39.6,3,estacion
76111,10,89.5,3,estacion
76111,11,54.39,3,estacion
76111,12,63.3,3,estacion
76113,1,16.29,1,estacion
76113,2,483.84,1,estacion
76113,3,408.45,1,estacion
76113,4,613.98,1,estacion
76113,5,493.37,1,estacion
76113,6,322.03,1,estacion
76113,7,470.58,1,estacion
76113,8,638.73,1,estacion
76113,9,555.78,1,estacion
76113,10,657.83,1,estacion
76113,11,621.62,1,estacion
76113,12,77.38,1,estacion
76122,1,65.42,2,estacion
76122,2,60.46,2,estacion
76122,3,126.92,2,estacion
76122,4,151.16,2,estacion
76122,5,110.89,2,estacion
76122,6,121.47,2,estacion
76122,7,112.2,2,estacion
76122,8,160.1,2,estacion
76122,9,112.48,2,estacion
76122,10,175.77,2,estacion
76122,11,217.81,2,estacion
76122,12,143.72,2,estacion
76126,1,46.64,0,vecina
76126,2,65.04,0,vecina
76126,3,90.71,0,vecina
76126,4,129.37,0,vecina
76126,5,94.26,0,vecina
76126,6,53.63,0,vecina
76126,7,59.18,0,vecina
76126,8,20.56,0,vecina
76126,9,53.12,0,vecina
76126,10,101.13,0,vecina
76126,11,114.16,0,vecina
76126,12,70.51,0,vecina
76130,1,50.79,0,vecina
76130,2,102.42,0,vecina
76130,3,90.6,0,vecina
76130,4,150.05,0,vecina
76130,5,99.8,0,vecina
76130,6,70.26,0,vecina
76130,7,56.45,0,vecina
76130,8,35.3,0,vecina
76130,9,75.25,0,vecina
76130,10,129.86,0,vecina
76130,11,114.7,0,vecina
76130,12,79.54,0,vecina
76147,1,51.2,1,estacion
76147,2,81.09,1,estacion
76147,3,127.51,1,estacion
76147,4,125.35,1,estacion
76147,5,126.25,1,estacion
76147,6,62.5,1,estacion
76147,7,32.4,1,estacion
76147,8,23.87,1,estacion
76147,9,29.06,1,estacion
76147,10,113.73,1,estacion
76147,11,76.14,1,estacion
76147,12,19.7,1,estacion
76233,1,60.86,1,estacion
76233,2,58.92,1,estacion
76233,3,64.48,1,estacion
76233,4,96.55,1,estacion
76233,5,76.13,1,estacion
76233,6,108.47,1,estacion
76233,7,63.08,1,estacion
76233,8,49.42,1,estacion
76233,9,46.22,1,estacion
76233,10,74.2,1,estacion
76233,11,62.86,1,estacion
76233,12,51.05,1,estacion
76243,1,67.62,0,vecina
76243,2,141.4,0,vecina
76243,3,172.44,0,vecina
76243,4,209.69,0,vecina
76243,5,283.06,0,vecina
76243,6,197.33,0,vecina
76243,7,180.37,0,vecina
76243,8,117.53,0,vecina
76243,9,176.13,0,vecina
76243,10,288.0,0,vecina
76243,11,251.31,0,vecina
76243,12,166.16,0,vecina
76246,1,82.51,0,vecina
76246,2,144.69,0,vecina
76246,3,202.25,0,vecina
76246,4,230.36,0,vecina
76246,5,200.05,0,vecina
76246,6,161.05,0,vecina
76246,7,159.05,0,vecina
76246,8,96.02,0,vecina
76246,9,191.12,0,vecina
76246,10,213.64,0,vecina
76246,11,268.99,0,vecina
76246,12,105.75,0,vecina
76248,1,38.66,0,vecina
76248,2,42.33,0,vecina
76248,3,77.4,0,vecina
76248,4,119.76,0,vecina
76248,5,77.42,0,vecina
76248,6,42.21,0,vecina
76248,7,50.58,0,vecina
76248,8,27.75,0,vecina
76248,9,50.3,0,vecina
76248,10,102.63,0,vecina
76248,11,76.31,0,vecina
76248,12,67.75,0,vecina
76250,1,48.91,0,vecina
76250,2,181.88,0,vecina
76250,3,222.54,0,vecina
76250,4,305.1,0,vecina
76250,5,262.2,0,vecina
76250,6,157.71,0,vecina
76250,7,210.23,0,vecina
76250,8,221.27,0,vecina
76250,9,209.94,0,vecina
76250,10,259.55,0,vecina
76250,11,313.06,0,vecina
76250,12,93.61,0,vecina
76275,1,58.07,2,estacion
76275,2,178.06,2,estacion
76275,3,101.51,2,estacion
76275,4,159.58,2,estacion
76275,5,61.63,2,estacion
76275,6,89.42,2,estacion
76275,7,68.21,2,estacion
76275,8,40.38,2,estacion
76275,9,84.22,2,estacion
76275,10,135.88,2,estacion
76275,11,162.04,2,estacion
76275,12,93.98,2,estacion
76306,1,35.97,0,vecina
76306,2,40.46,0,vecina
76306,3,76.35,0,vecina
76306,4,110.4,0,vecina
76306,5,70.77,0,vecina
76306,6,38.94,0,vecina
76306,7,48.83,0,vecina
76306,8,29.8,0,vecina
76306,9,47.67,0,vecina
76306,10,98.5,0,vecina
76306,11,72.8,0,vecina
76306,12,66.94,0,vecina
76318,1,35.1,0,vecina
76318,2,41.02,0,vecina
76318,3,77.4,0,vecina
76318,4,106.23,0,vecina
76318,5,68.08,0,vecina
76318,6,38.82,0,vecina
76318,7,49.62,0,vecina
76318,8,29.86,0,vecina
76318,9,46.01,0,vecina
76318,10,94.03,0,vecina
76318,11,74.47,0,vecina
76318,12,67.0,0,vecina
76364,1,106.06,3,estacion
76364,2,285.58,3,estacion
76364,3,579.21,3,estacion
76364,4,430.55,3,estacion
76364,5,454.63,3,estacion
76364,6,382.58,3,estacion
76364,7,99.49,3,estacion
76364,8,53.36,3,estacion
76364,9,257.31,3,estacion
76364,10,250.04,3,estacion
76364,11,384.33,3,estacion
76364,12,232.2,3,estacion
76377,1,73.37,1,estacion
76377,2,57.97,1,estacion
76377,3,79.86,1,estacion
76377,4,175.84,1,estacion
76377,5,70.45,1,estacion
76377,6,129.44,1,estacion
76377,7,65.06,1,estacion
76377,8,45.51,1,estacion
76377,9,64.81,1,estacion
76377,10,153.55,1,estacion
76377,11,121.05,1,estacion
76377,12,152.57,1,estacion
76400,1,47.29,0,vecina
76400,2,66.19,0,vecina
76400,3,122.15,0,vecina
76400,4,140.72,0,vecina
76400,5,171.98,0,vecina
76400,6,80.59,0,vecina
76400,7,76.46,0,vecina
76400,8,60.08,0,vecina
76400,9,61.58,0,vecina
76400,10,151.58,0,vecina
76400,11,132.79,0,vecina
76400,12,78.16,0,vecina
76403,1,45.35,0,vecina
76403,2,66.43,0,vecina
76403,3,120.23,0,vecina
76403,4,134.94,0,vecina
76403,5,173.1,0,vecina
76403,6,75.87,0,vecina
76403,7,69.66,0,vecina
76403,8,54.47,0,vecina
76403,9,56.17,0,vecina
76403,10,153.81,0,vecina
76403,11,123.59,0,vecina
76403,12,73.82,0,vecina
76497,1,59.71,0,vecina
76497,2,95.31,0,vecina
76497,3,141.3,0,vecina
76497,4,162.58,0,vecina
76497,5,117.25,0,vecina
76497,6,88.44,0,vecina
76497,7,91.02,0,vecina
76497,8,71.91,0,vecina
76497,9,92.45,0,vecina
76497,10,127.48,0,vecina
76497,11,164.86,0,vecina
76497,12,68.19,0,vecina
76520,1,41.34,1,estacion
76520,2,41.2,1,estacion
76520,3,74.89,1,estacion
76520,4,131.97,1,estacion
76520,5,85.41,1,estacion
76520,6,43.06,1,estacion
76520,7,48.83,1,estacion
76520,8,27.27,1,estacion
76520,9,55.0,1,estacion
76520,10,114.79,1,estacion
76520,11,72.61,1,estacion
76520,12,67.72,1,estacion
76563,1,67.86,0,vecina
76563,2,131.74,0,vecina
76563,3,102.73,0,vecina
76563,4,153.14,0,vecina
76563,5,79.37,0,vecina
76563,6,73.62,0,vecina
76563,7,63.06,0,vecina
76563,8,40.25,0,vecina
76563,9,77.61,0,vecina
76563,10,136.02,0,vecina
76563,11,137.22,0,vecina
76563,12,105.37,0,vecina
76606,1,48.37,1,estacion
76606,2,60.22,1,estacion
76606,3,94.49,1,estacion
76606,4,142.73,1,estacion
76606,5,96.28,1,estacion
76606,6,63.05,1,estacion
76606,7,69.92,1,estacion
76606,8,14.5,1,estacion
76606,9,52.04,1,estacion
76606,10,87.5,1,estacion
76606,11,115.79,1,estacion
76606,12,73.83,1,estacion
76616,1,23.3,1,estacion
76616,2,150.88,1,estacion
76616,3,142.57,1,estacion
76616,4,157.74,1,estacion
76616,5,245.52,1,estacion
76616,6,78.11,1,estacion
76616,7,112.4,1,estacion
76616,8,44.93,1,estacion
76616,9,113.5,1,estacion
76616,10,203.17,1,estacion
76616,11,311.7,1,estacion
76616,12,91.47,1,estacion
76622,1,30.72,0,vecina
76622,2,282.75,0,vecina
76622,3,277.62,0,vecina
76622,4,387.36,0,vecina
76622,5,353.36,0,vecina
76622,6,192.59,0,vecina
76622,7,282.03,0,vecina
76622,8,319.11,0,vecina
76622,9,307.5,0,vecina
76622,10,383.07,0,vecina
76622,11,432.22,0,vecina
76622,12,91.94,0,vecina
76670,1,78.39,1,estacion
76670,2,154.33,1,estacion
76670,3,113.26,1,estacion
76670,4,164.32,1,estacion
76670,5,175.88,1,estacion
76670,6,63.67,1,estacion
76670,7,44.97,1,estacion
76670,8,14.86,1,estacion
76670,9,84.8,1,estacion
76670,10,190.03,1,estacion
76670,11,222.91,1,estacion
76670,12,68.48,1,estacion
76736,1,63.99,0,vecina
76736,2,158.95,0,vecina
76736,3,178.87,0,vecina
76736,4,262.98,0,vecina
76736,5,182.21,0,vecina
76736,6,158.35,0,vecina
76736,7,165.55,0,vecina
76736,8,240.31,0,vecina
76736,9,191.25,0,vecina
76736,10,265.08,0,vecina
76736,11,301.69,0,vecina
76736,12,136.38,0,vecina
76823,1,48.9,0,vecina
76823,2,66.37,0,vecina
76823,3,123.78,0,vecina
76823,4,144.86,0,vecina
76823,5,169.99,0,vecina
76823,6,83.83,0,vecina
76823,7,80.68,0,vecina
76823,8,63.57,0,vecina
76823,9,64.99,0,vecina
76823,10,148.91,0,vecina
76823,11,138.57,0,vecina
76823,12,80.11,0,vecina
76828,1,60.06,1,estacion
76828,2,64.01,1,estacion
76828,3,175.17,1,estacion
76828,4,206.42,1,estacion
76828,5,214.02,1,estacion
76828,6,75.75,1,estacion
76828,7,114.14,1,estacion
76828,8,23.69,1,estacion
76828,9,62.65,1,estacion
76828,10,83.96,1,estacion
76828,11,223.23,1,estacion
76828,12,115.89,1,estacion
76834,1,46.31,0,vecina
76834,2,233.52,0,vecina
76834,3,194.18,0,vecina
76834,4,271.81,0,vecina
76834,5,274.64,0,vecina
76834,6,131.04,0,vecina
76834,7,169.39,0,vecina
76834,8,176.06,0,vecina
76834,9,208.34,0,vecina
76834,10,308.0,0,vecina
76834,11,347.35,0,vecina
76834,12,77.73,0,vecina
76845,1,75.04,0,vecina
76845,2,142.4,0,vecina
76845,3,174.97,0,vecina
76845,4,213.43,0,vecina
76845,5,102.79,0,vecina
76845,6,123.09,0,vecina
76845,7,155.58,0,vecina
76845,8,126.95,0,vecina
76845,9,179.92,0,vecina
76845,10,171.37,0,vecina
76845,11,280.87,0,vecina
76845,12,121.86,0,vecina
76863,1,50.07,0,vecina
76863,2,66.24,0,vecina
76863,3,124.95,0,vecina
76863,4,148.34,0,vecina
76863,5,169.29,0,vecina
76863,6,86.68,0,vecina
76863,7,84.76,0,vecina
76863,8,66.94,0,vecina
76863,9,68.24,0,vecina
76863,10,147.55,0,vecina
76863,11,144.09,0,vecina
76863,12,82.7,0,vecina
76869,1,58.41,0,vecina
76869,2,55.97,0,vecina
76869,3,84.57,0,vecina
76869,4,155.78,0,vecina
76869,5,82.82,0,vecina
76869,6,89.48,0,vecina
76869,7,64.14,0,vecina
76869,8,30.62,0,vecina
76869,9,58.28,0,vecina
76869,10,121.84,0,vecina
76869,11,110.79,0,vecina
76869,12,108.18,0,vecina
76890,1,38.34,0,vecina
76890,2,54.26,0,vecina
76890,3,81.49,0,vecina
76890,4,105.33,0,vecina
76890,5,76.04,0,vecina
76890,6,39.47,0,vecina
76890,7,47.93,0,vecina
76890,8,29.52,0,vecina
76890,9,48.49,0,vecina
76890,10,101.87,0,vecina
76890,11,91.29,0,vecina
76890,12,66.59,0,vecina
76892,1,60.7,0,vecina
76892,2,69.38,0,vecina
76892,3,87.89,0,vecina
76892,4,164.67,0,vecina
76892,5,120.33,0,vecina
76892,6,97.56,0,vecina
76892,7,56.68,0,vecina
76892,8,40.72,0,vecina
76892,9,76.44,0,vecina
76892,10,144.2,0,vecina
76892,11,110.27,0,vecina
76892,12,107.03,0,vecina
76895,1,41.15,0,vecina
76895,2,260.78,0,vecina
76895,3,269.66,0,vecina
76895,4,380.81,0,vecina
76895,5,312.61,0,vecina
76895,6,206.52,0,vecina
76895,7,281.55,0,vecina
76895,8,357.4,0,vecina
76895,9,311.1,0,vecina
76895,10,383.95,0,vecina
76895,11,409.29,0,vecina
76895,12,106.67,0,vecina
81001,1,92.41,1,estacion
81001,2,154.66,1,estacion
81001,3,93.29,1,estacion
81001,4,122.11,1,estacion
81001,5,340.24,1,estacion
81001,6,371.22,1,estacion
81001,7,352.34,1,estacion
81001,8,370.47,1,estacion
81001,9,169.4,1,estacion
81001,10,614.25,1,estacion
81001,11,465.71,1,estacion
81001,12,130.17,1,estacion
81065,1,7.83,1,estacion
81065,2,1.41,1,estacion
81065,3,4.82,1,estacion
81065,4,75.08,1,estacion
81065,5,211.7,1,estacion
81065,6,429.88,1,estacion
81065,7,220.22,1,estacion
81065,8,285.2,1,estacion
81065,9,239.3,1,estacion
81065,10,176.53,1,estacion
81065,11,70.93,1,estacion
81065,12,31.9,1,estacion
81220,1,53.26,0,vecina
81220,2,89.53,0,vecina
81220,3,58.05,0,vecina
81220,4,129.98,0,vecina
81220,5,296.81,0,vecina
81220,6,374.69,0,vecina
81220,7,301.26,0,vecina
81220,8,310.19,0,vecina
81220,9,184.56,0,vecina
81220,10,417.71,0,vecina
81220,11,290.22,0,vecina
81220,12,86.56,0,vecina
81300,1,66.67,0,vecina
81300,2,49.0,0,vecina
81300,3,76.12,0,vecina
81300,4,215.15,0,vecina
81300,5,239.51,0,vecina
81300,6,354.61,0,vecina
81300,7,314.48,0,vecina
81300,8,440.39,0,vecina
81300,9,390.01,0,vecina
81300,10,253.02,0,vecina
81300,11,224.77,0,vecina
81300,12,141.93,0,vecina
81591,1,27.19,0,vecina
81591,2,49.02,0,vecina
81591,3,37.38,0,vecina
81591,4,149.82,0,vecina
81591,5,275.81,0,vecina
81591,6,365.32,0,vecina
81591,7,272.21,0,vecina
81591,8,259.78,0,vecina
81591,9,186.18,0,vecina
81591,10,289.79,0,vecina
81591,11,176.89,0,vecina
81591,12,58.44,0,vecina
81736,1,46.23,1,estacion
81736,2,59.26,1,estacion
81736,3,95.29,1,estacion
81736,4,260.62,1,estacion
81736,5,281.76,1,estacion
81736,6,445.84,1,estacion
81736,7,402.58,1,estacion
81736,8,557.96,1,estacion
81736,9,433.84,1,estacion
81736,10,258.75,1,estacion
81736,11,278.12,1,estacion
81736,12,125.85,1,estacion
81794,1,1.43,1,estacion
81794,2,18.38,1,estacion
81794,3,26.15,1,estacion
81794,4,217.19,1,estacion
81794,5,280.96,1,estacion
81794,6,317.88,1,estacion
81794,7,259.76,1,estacion
81794,8,176.44,1,estacion
81794,9,160.07,1,estacion
81794,10,173.22,1,estacion
81794,11,76.62,1,estacion
81794,12,33.68,1,estacion
85001,1,13.58,3,estacion
85001,2,55.35,3,estacion
85001,3,102.72,3,estacion
85001,4,391.65,3,estacion
85001,5,361.77,3,estacion
85001,6,450.91,3,estacion
85001,7,399.69,3,estacion
85001,8,324.3,3,estacion
85001,9,204.21,3,estacion
85001,10,254.1,3,estacion
85001,11,131.61,3,estacion
85001,12,34.94,3,estacion
85010,1,15.46,0,vecina
85010,2,39.87,0,vecina
85010,3,83.78,0,vecina
85010,4,335.02,0,vecina
85010,5,314.78,0,vecina
85010,6,404.06,0,vecina
85010,7,361.73,0,vecina
85010,8,288.75,0,vecina
85010,9,214.38,0,vecina
85010,10,242.56,0,vecina
85010,11,106.86,0,vecina
85010,12,33.17,0,vecina
85015,1,46.33,0,vecina
85015,2,9.8,0,vecina
85015,3,49.62,0,vecina
85015,4,133.72,0,vecina
85015,5,325.09,0,vecina
85015,6,185.25,0,vecina
85015,7,236.28,0,vecina
85015,8,217.2,0,vecina
85015,9,213.43,0,vecina
85015,10,191.07,0,vecina
85015,11,268.72,0,vecina
85015,12,86.28,0,vecina
85125,1,15.53,0,vecina
85125,2,11.53,0,vecina
85125,3,51.09,0,vecina
85125,4,192.18,0,vecina
85125,5,262.8,0,vecina
85125,6,298.45,0,vecina
85125,7,268.91,0,vecina
85125,8,203.77,0,vecina
85125,9,230.05,0,vecina
85125,10,206.78,0,vecina
85125,11,108.02,0,vecina
85125,12,40.54,0,vecina
85136,1,125.95,0,vecina
85136,2,117.04,0,vecina
85136,3,185.15,0,vecina
85136,4,212.51,0,vecina
85136,5,303.94,0,vecina
85136,6,316.69,0,vecina
85136,7,336.31,0,vecina
85136,8,283.45,0,vecina
85136,9,294.06,0,vecina
85136,10,279.56,0,vecina
85136,11,226.82,0,vecina
85136,12,149.93,0,vecina
85139,1,6.56,1,estacion
85139,2,2.86,1,estacion
85139,3,11.66,1,estacion
85139,4,203.61,1,estacion
85139,5,246.8,1,estacion
85139,6,408.8,1,estacion
85139,7,280.2,1,estacion
85139,8,178.39,1,estacion
85139,9,287.1,1,estacion
85139,10,249.07,1,estacion
85139,11,61.25,1,estacion
85139,12,42.42,1,estacion
85162,1,33.8,1,estacion
85162,2,0.23,1,estacion
85162,3,58.1,1,estacion
85162,4,263.38,1,estacion
85162,5,899.86,1,estacion
85162,6,415.34,1,estacion
85162,7,524.15,1,estacion
85162,8,398.15,1,estacion
85162,9,569.4,1,estacion
85162,10,442.46,1,estacion
85162,11,702.07,1,estacion
85162,12,174.44,1,estacion
85225,1,34.41,1,estacion
85225,2,28.94,1,estacion
85225,3,134.42,1,estacion
85225,4,273.11,1,estacion
85225,5,208.92,1,estacion
85225,6,176.63,1,estacion
85225,7,0.0,1,estacion
85225,8,352.6,1,estacion
85225,9,272.73,1,estacion
85225,10,297.52,1,estacion
85225,11,78.96,1,estacion
85225,12,33.37,1,estacion
85230,1,27.21,2,estacion
85230,2,14.74,2,estacion
85230,3,110.96,2,estacion
85230,4,275.19,2,estacion
85230,5,361.87,2,estacion
85230,6,419.4,2,estacion
85230,7,300.04,2,estacion
85230,8,261.35,2,estacion
85230,9,199.36,2,estacion
85230,10,237.19,2,estacion
85230,11,105.6,2,estacion
85230,12,59.31,2,estacion
85250,1,27.38,1,estacion
85250,2,2.63,1,estacion
85250,3,61.27,1,estacion
85250,4,140.26,1,estacion
85250,5,190.43,1,estacion
85250,6,238.91,1,estacion
85250,7,235.84,1,estacion
85250,8,147.51,1,estacion
85250,9,249.3,1,estacion
85250,10,187.99,1,estacion
85250,11,91.54,1,estacion
85250,12,31.26,1,estacion
85263,1,27.64,0,vecina
85263,2,14.61,0,vecina
85263,3,92.24,0,vecina
85263,4,219.56,0,vecina
85263,5,272.8,0,vecina
85263,6,281.43,0,vecina
85263,7,225.27,0,vecina
85263,8,303.89,0,vecina
85263,9,299.68,0,vecina
85263,10,275.48,0,vecina
85263,11,141.08,0,vecina
85263,12,50.88,0,vecina
85279,1,37.11,0,vecina
85279,2,23.64,0,vecina
85279,3,74.99,0,vecina
85279,4,233.01,0,vecina
85279,5,400.92,0,vecina
85279,6,293.8,0,vecina
85279,7,319.89,0,vecina
85279,8,275.81,0,vecina
85279,9,248.61,0,vecina
85279,10,232.82,0,vecina
85279,11,262.05,0,vecina
85279,12,84.54,0,vecina
85300,1,27.28,0,vecina
85300,2,5.69,0,vecina
85300,3,57.87,0,vecina
85300,4,240.28,0,vecina
85300,5,655.99,0,vecina
85300,6,329.7,0,vecina
85300,7,427.07,0,vecina
85300,8,355.13,0,vecina
85300,9,476.9,0,vecina
85300,10,387.07,0,vecina
85300,11,485.86,0,vecina
85300,12,123.71,0,vecina
85315,1,97.69,0,vecina
85315,2,89.6,0,vecina
85315,3,160.48,0,vecina
85315,4,229.55,0,vecina
85315,5,338.02,0,vecina
85315,6,346.05,0,vecina
85315,7,354.13,0,vecina
85315,8,331.42,0,vecina
85315,9,320.18,0,vecina
85315,10,303.55,0,vecina
85315,11,233.9,0,vecina
85315,12,133.31,0,vecina
85325,1,52.21,0,vecina
85325,2,61.82,0,vecina
85325,3,95.02,0,vecina
85325,4,210.03,0,vecina
85325,5,239.65,0,vecina
85325,6,349.2,0,vecina
85325,7,333.71,0,vecina
85325,8,323.51,0,vecina
85325,9,199.28,0,vecina
85325,10,212.13,0,vecina
85325,11,109.38,0,vecina
85325,12,55.48,0,vecina
85400,1,22.61,2,estacion
85400,2,17.1,2,estacion
85400,3,94.6,2,estacion
85400,4,268.53,2,estacion
85400,5,417.9,2,estacion
85400,6,412.96,2,estacion
85400,7,390.73,2,estacion
85400,8,445.33,2,estacion
85400,9,378.88,2,estacion
85400,10,358.73,2,estacion
85400,11,247.05,2,estacion
85400,12,87.24,2,estacion
85410,1,32.57,0,vecina
85410,2,9.17,0,vecina
85410,3,60.26,0,vecina
85410,4,256.42,0,vecina
85410,5,725.06,0,vecina
85410,6,379.34,0,vecina
85410,7,456.1,0,vecina
85410,8,354.56,0,vecina
85410,9,457.37,0,vecina
85410,10,374.2,0,vecina
85410,11,551.74,0,vecina
85410,12,138.6,0,vecina
85430,1,53.06,1,estacion
85430,2,63.67,1,estacion
85430,3,94.98,1,estacion
85430,4,210.29,1,estacion
85430,5,241.26,1,estacion
85430,6,354.76,1,estacion
85430,7,342.05,1,estacion
85430,8,326.63,1,estacion
85430,9,196.85,1,estacion
85430,10,211.02,1,estacion
85430,11,110.33,1,estacion
85430,12,56.4,1,estacion
85440,1,21.7,0,vecina
85440,2,23.42,0,vecina
85440,3,96.15,0,vecina
85440,4,349.03,0,vecina
85440,5,266.95,0,vecina
85440,6,209.31,0,vecina
85440,7,394.16,0,vecina
85440,8,325.51,0,vecina
85440,9,225.52,0,vecina
85440,10,310.16,0,vecina
85440,11,186.54,0,vecina
85440,12,44.73,0,vecina
86001,1,156.19,3,estacion
86001,2,170.96,3,estacion
86001,3,241.06,3,estacion
86001,4,221.29,3,estacion
86001,5,298.59,3,estacion
86001,6,301.68,3,estacion
86001,7,309.42,3,estacion
86001,8,283.7,3,estacion
86001,9,392.75,3,estacion
86001,10,239.45,3,estacion
86001,11,243.87,3,estacion
86001,12,212.86,3,estacion
86219,1,90.13,0,vecina
86219,2,121.93,0,vecina
86219,3,154.09,0,vecina
86219,4,217.67,0,vecina
86219,5,293.73,0,vecina
86219,6,353.04,0,vecina
86219,7,342.2,0,vecina
86219,8,259.4,0,vecina
86219,9,222.39,0,vecina
86219,10,145.1,0,vecina
86219,11,112.46,0,vecina
86219,12,194.39,0,vecina
86320,1,149.65,0,vecina
86320,2,138.04,0,vecina
86320,3,190.46,0,vecina
86320,4,222.67,0,vecina
86320,5,304.98,0,vecina
86320,6,330.72,0,vecina
86320,7,342.89,0,vecina
86320,8,293.35,0,vecina
86320,9,295.51,0,vecina
86320,10,183.83,0,vecina
86320,11,165.58,0,vecina
86320,12,220.98,0,vecina
86568,1,111.69,0,vecina
86568,2,132.47,0,vecina
86568,3,175.24,0,vecina
86568,4,196.69,0,vecina
86568,5,267.23,0,vecina
86568,6,278.91,0,vecina
86568,7,281.57,0,vecina
86568,8,232.1,0,vecina
86568,9,271.44,0,vecina
86568,10,181.68,0,vecina
86568,11,174.16,0,vecina
86568,12,181.33,0,vecina
86569,1,116.5,0,vecina
86569,2,137.08,0,vecina
86569,3,182.94,0,vecina
86569,4,201.15,0,vecina
86569,5,272.9,0,vecina
86569,6,286.03,0,vecina
86569,7,288.63,0,vecina
86569,8,240.54,0,vecina
86569,9,285.08,0,vecina
86569,10,187.45,0,vecina
86569,11,180.16,0,vecina
86569,12,186.29,0,vecina
86571,1,134.39,0,vecina
86571,2,150.4,0,vecina
86571,3,218.54,0,vecina
86571,4,215.05,0,vecina
86571,5,300.41,0,vecina
86571,6,318.56,0,vecina
86571,7,316.95,0,vecina
86571,8,268.67,0,vecina
86571,9,336.63,0,vecina
86571,10,215.27,0,vecina
86571,11,206.95,0,vecina
86571,12,194.35,0,vecina
86573,1,75.18,0,vecina
86573,2,124.81,0,vecina
86573,3,258.92,0,vecina
86573,4,359.97,0,vecina
86573,5,264.01,0,vecina
86573,6,363.96,0,vecina
86573,7,216.34,0,vecina
86573,8,217.56,0,vecina
86573,9,286.28,0,vecina
86573,10,253.5,0,vecina
86573,11,180.93,0,vecina
86573,12,146.7,0,vecina
86749,1,94.13,0,vecina
86749,2,123.73,0,vecina
86749,3,157.81,0,vecina
86749,4,213.17,0,vecina
86749,5,288.04,0,vecina
86749,6,337.71,0,vecina
86749,7,329.58,0,vecina
86749,8,253.37,0,vecina
86749,9,231.3,0,vecina
86749,10,152.05,0,vecina
86749,11,124.42,0,vecina
86749,12,191.44,0,vecina
86755,1,100.79,0,vecina
86755,2,128.37,0,vecina
86755,3,166.18,0,vecina
86755,4,212.29,0,vecina
86755,5,286.95,0,vecina
86755,6,329.3,0,vecina
86755,7,323.46,0,vecina
86755,8,253.84,0,vecina
86755,9,248.12,0,vecina
86755,10,161.89,0,vecina
86755,11,138.73,0,vecina
86755,12,192.23,0,vecina
86757,1,164.73,0,vecina
86757,2,134.66,0,vecina
86757,3,188.56,0,vecina
86757,4,223.4,0,vecina
86757,5,308.36,0,vecina
86757,6,328.69,0,vecina
86757,7,348.62,0,vecina
86757,8,303.48,0,vecina
86757,9,293.08,0,vecina
86757,10,181.99,0,vecina
86757,11,163.09,0,vecina
86757,12,229.43,0,vecina
86760,1,89.95,1,estacion
86760,2,122.66,1,estacion
86760,3,155.0,1,estacion
86760,4,221.2,1,estacion
86760,5,298.19,1,estacion
86760,6,362.33,1,estacion
86760,7,350.25,1,estacion
86760,8,264.95,1,estacion
86760,9,222.96,1,estacion
86760,10,143.92,1,estacion
86760,11,109.09,1,estacion
86760,12,197.38,1,estacion
86865,1,162.44,0,vecina
86865,2,135.1,0,vecina
86865,3,188.74,0,vecina
86865,4,223.29,0,vecina
86865,5,307.86,0,vecina
86865,6,329.05,0,vecina
86865,7,347.82,0,vecina
86865,8,301.97,0,vecina
86865,9,293.25,0,vecina
86865,10,182.16,0,vecina
86865,11,163.3,0,vecina
86865,12,228.17,0,vecina
86885,1,147.61,0,vecina
86885,2,163.46,0,vecina
86885,3,231.46,0,vecina
86885,4,219.62,0,vecina
86885,5,299.06,0,vecina
86885,6,308.72,0,vecina
86885,7,313.14,0,vecina
86885,8,278.9,0,vecina
86885,9,370.69,0,vecina
86885,10,229.02,0,vecina
86885,11,228.4,0,vecina
86885,12,207.28,0,vecina
88001,1,142.17,2,estacion
88001,2,133.65,2,estacion
88001,3,53.18,2,estacion
88001,4,20.94,2,estacion
88001,5,148.97,2,estacion
88001,6,253.23,2,estacion
88001,7,229.69,2,estacion
88001,8,267.08,2,estacion
88001,9,171.91,2,estacion
88001,10,114.44,2,estacion
88001,11,181.84,2,estacion
88001,12,311.86,2,estacion
88564,1,137.41,0,vecina
88564,2,129.15,0,vecina
88564,3,51.4,0,vecina
88564,4,20.69,0,vecina
88564,5,146.09,0,vecina
88564,6,247.48,0,vecina
88564,7,226.42,0,vecina
88564,8,261.09,0,vecina
88564,9,169.39,0,vecina
88564,10,117.08,0,vecina
88564,11,182.85,0,vecina
88564,12,301.79,0,vecina
91001,1,344.25,1,estacion
91001,2,234.13,1,estacion
91001,3,271.91,1,estacion
91001,4,360.44,1,estacion
91001,5,224.44,1,estacion
91001,6,268.26,1,estacion
91001,7,125.82,1,estacion
91001,8,111.02,1,estacion
91001,9,169.9,1,estacion
91001,10,221.96,1,estacion
91001,11,240.48,1,estacion
91001,12,295.49,1,estacion
91263,1,183.57,0,vecina
91263,2,198.32,0,vecina
91263,3,312.67,0,vecina
91263,4,419.91,0,vecina
91263,5,328.6,0,vecina
91263,6,439.49,0,vecina
91263,7,250.37,0,vecina
91263,8,198.96,0,vecina
91263,9,289.77,0,vecina
91263,10,297.2,0,vecina
91263,11,248.76,0,vecina
91263,12,220.43,0,vecina
91405,1,190.26,0,vecina
91405,2,158.33,0,vecina
91405,3,299.87,0,vecina
91405,4,418.96,0,vecina
91405,5,381.24,0,vecina
91405,6,484.81,0,vecina
91405,7,334.77,0,vecina
91405,8,247.94,0,vecina
91405,9,327.29,0,vecina
91405,10,317.7,0,vecina
91405,11,243.13,0,vecina
91405,12,211.36,0,vecina
91407,1,189.96,0,vecina
91407,2,142.45,0,vecina
91407,3,232.77,0,vecina
91407,4,369.92,0,vecina
91407,5,335.49,0,vecina
91407,6,372.52,0,vecina
91407,7,318.76,0,vecina
91407,8,217.78,0,vecina
91407,9,298.21,0,vecina
91407,10,270.24,0,vecina
91407,11,204.27,0,vecina
91407,12,235.2,0,vecina
91430,1,76.3,0,vecina
91430,2,82.25,0,vecina
91430,3,206.44,0,vecina
91430,4,414.92,0,vecina
91430,5,324.68,0,vecina
91430,6,377.52,0,vecina
91430,7,347.34,0,vecina
91430,8,213.4,0,vecina
91430,9,336.71,0,vecina
91430,10,251.97,0,vecina
91430,11,148.43,0,vecina
91430,12,190.83,0,vecina
91460,1,146.1,0,vecina
91460,2,109.43,0,vecina
91460,3,223.51,0,vecina
91460,4,409.32,0,vecina
91460,5,291.55,0,vecina
91460,6,338.28,0,vecina
91460,7,287.22,0,vecina
91460,8,185.14,0,vecina
91460,9,281.85,0,vecina
91460,10,234.72,0,vecina
91460,11,163.6,0,vecina
91460,12,210.46,0,vecina
91530,1,74.15,0,vecina
91530,2,124.57,0,vecina
91530,3,256.72,0,vecina
91530,4,358.51,0,vecina
91530,5,260.77,0,vecina
91530,6,359.31,0,vecina
91530,7,213.54,0,vecina
91530,8,215.32,0,vecina
91530,9,284.86,0,vecina
91530,10,251.23,0,vecina
91530,11,179.18,0,vecina
91530,12,147.12,0,vecina
91536,1,238.23,0,vecina
91536,2,178.8,0,vecina
91536,3,276.6,0,vecina
91536,4,393.02,0,vecina
91536,5,319.46,0,vecina
91536,6,393.76,0,vecina
91536,7,262.31,0,vecina
91536,8,194.83,0,vecina
91536,9,272.8,0,vecina
91536,10,276.56,0,vecina
91536,11,232.71,0,vecina
91536,12,243.32,0,vecina
91540,1,339.47,0,vecina
91540,2,231.61,0,vecina
91540,3,272.02,0,vecina
91540,4,361.86,0,vecina
91540,5,228.64,0,vecina
91540,6,273.76,0,vecina
91540,7,131.93,0,vecina
91540,8,114.73,0,vecina
91540,9,174.5,0,vecina
91540,10,224.34,0,vecina
91540,11,240.07,0,vecina
91540,12,293.18,0,vecina
91669,1,93.44,0,vecina
91669,2,82.81,0,vecina
91669,3,274.39,0,vecina
91669,4,470.75,0,vecina
91669,5,318.01,0,vecina
91669,6,402.35,0,vecina
91669,7,310.25,0,vecina
91669,8,217.34,0,vecina
91669,9,288.06,0,vecina
91669,10,251.5,0,vecina
91669,11,165.29,0,vecina
91669,12,154.5,0,vecina
91798,1,313.29,0,vecina
91798,2,215.68,0,vecina
91798,3,264.27,0,vecina
91798,4,361.44,0,vecina
91798,5,247.94,0,vecina
91798,6,289.25,0,vecina
91798,7,165.97,0,vecina
91798,8,133.94,0,vecina
91798,9,195.42,0,vecina
91798,10,232.16,0,vecina
91798,11,233.76,0,vecina
91798,12,283.12,0,vecina
94001,1,95.07,1,estacion
94001,2,81.62,1,estacion
94001,3,229.59,1,estacion
94001,4,289.89,1,estacion
94001,5,519.5,1,estacion
94001,6,442.88,1,estacion
94001,7,573.23,1,estacion
94001,8,425.62,1,estacion
94001,9,354.98,1,estacion
94001,10,348.46,1,estacion
94001,11,234.11,1,estacion
94001,12,171.74,1,estacion
94343,1,68.02,0,vecina
94343,2,57.69,0,vecina
94343,3,180.06,0,vecina
94343,4,313.62,0,vecina
94343,5,427.63,0,vecina
94343,6,434.67,0,vecina
94343,7,435.66,0,vecina
94343,8,322.47,0,vecina
94343,9,310.26,0,vecina
94343,10,294.07,0,vecina
94343,11,170.72,0,vecina
94343,12,139.76,0,vecina
94883,1,84.64,0,vecina
94883,2,74.08,0,vecina
94883,3,209.11,0,vecina
94883,4,317.27,0,vecina
94883,5,466.19,0,vecina
94883,6,440.43,0,vecina
94883,7,502.53,0,vecina
94883,8,362.64,0,vecina
94883,9,348.41,0,vecina
94883,10,321.31,0,vecina
94883,11,202.18,0,vecina
94883,12,167.32,0,vecina
94884,1,89.35,0,vecina
94884,2,77.24,0,vecina
94884,3,218.55,0,vecina
94884,4,302.32,0,vecina
94884,5,492.79,0,vecina
94884,6,441.43,0,vecina
94884,7,536.94,0,vecina
94884,8,394.36,0,vecina
94884,9,349.84,0,vecina
94884,10,334.44,0,vecina
94884,11,217.65,0,vecina
94884,12,168.18,0,vecina
94885,1,83.52,0,vecina
94885,2,73.39,0,vecina
94885,3,206.82,0,vecina
94885,4,321.54,0,vecina
94885,5,459.17,0,vecina
94885,6,440.21,0,vecina
94885,7,493.65,0,vecina
94885,8,354.2,0,vecina
94885,9,348.48,0,vecina
94885,10,317.95,0,vecina
94885,11,198.21,0,vecina
94885,12,167.42,0,vecina
94886,1,93.34,0,vecina
94886,2,80.19,0,vecina
94886,3,226.34,0,vecina
94886,4,292.47,0,vecina
94886,5,512.59,0,vecina
94886,6,442.39,0,vecina
94886,7,563.41,0,vecina
94886,8,417.68,0,vecina
94886,9,352.73,0,vecina
94886,10,344.62,0,vecina
94886,11,229.63,0,vecina
94886,12,170.15,0,vecina
94887,1,81.13,0,vecina
94887,2,74.64,0,vecina
94887,3,199.66,0,vecina
94887,4,360.16,0,vecina
94887,5,415.19,0,vecina
94887,6,440.91,0,vecina
94887,7,446.08,0,vecina
94887,8,298.57,0,vecina
94887,9,365.9,0,vecina
94887,10,300.76,0,vecina
94887,11,177.58,0,vecina
94887,12,180.43,0,vecina
94888,1,79.11,0,vecina
94888,2,73.63,0,vecina
94888,3,195.34,0,vecina
94888,4,370.33,0,vecina
94888,5,400.1,0,vecina
94888,6,440.63,0,vecina
94888,7,427.69,0,vecina
94888,8,280.18,0,vecina
94888,9,367.49,0,vecina
94888,10,293.86,0,vecina
94888,11,169.41,0,vecina
94888,12,181.7,0,vecina
95001,1,49.89,0,vecina
95001,2,44.21,0,vecina
95001,3,184.62,0,vecina
95001,4,343.32,0,vecina
95001,5,636.94,0,vecina
95001,6,441.01,0,vecina
95001,7,457.17,0,vecina
95001,8,343.37,0,vecina
95001,9,288.83,0,vecina
95001,10,406.14,0,vecina
95001,11,263.96,0,vecina
95001,12,121.36,0,vecina
95015,1,39.75,0,vecina
95015,2,34.63,0,vecina
95015,3,171.74,0,vecina
95015,4,343.31,0,vecina
95015,5,348.55,0,vecina
95015,6,223.63,0,vecina
95015,7,256.19,0,vecina
95015,8,156.68,0,vecina
95015,9,158.0,0,vecina
95015,10,183.81,0,vecina
95015,11,119.56,0,vecina
95015,12,75.16,0,vecina
95025,1,49.9,0,vecina
95025,2,45.86,0,vecina
95025,3,188.77,0,vecina
95025,4,348.45,0,vecina
95025,5,650.69,0,vecina
95025,6,448.61,0,vecina
95025,7,465.16,0,vecina
95025,8,347.14,0,vecina
95025,9,291.71,0,vecina
95025,10,410.55,0,vecina
95025,11,268.85,0,vecina
95025,12,124.08,0,vecina
95200,1,67.52,0,vecina
95200,2,48.09,0,vecina
95200,3,176.37,0,vecina
95200,4,379.71,0,vecina
95200,5,268.62,0,vecina
95200,6,298.62,0,vecina
95200,7,289.26,0,vecina
95200,8,190.25,0,vecina
95200,9,269.4,0,vecina
95200,10,217.51,0,vecina
95200,11,116.46,0,vecina
95200,12,141.33,0,vecina
97001,1,83.33,1,estacion
97001,2,80.15,1,estacion
97001,3,200.77,1,estacion
97001,4,396.84,1,estacion
97001,5,384.78,1,estacion
97001,6,443.09,1,estacion
97001,7,419.87,1,estacion
97001,8,257.82,1,estacion
97001,9,392.14,1,estacion
97001,10,292.1,1,estacion
97001,11,166.87,1,estacion
97001,12,199.79,1,estacion
97161,1,77.16,0,vecina
97161,2,67.67,0,vecina
97161,3,190.63,0,vecina
97161,4,388.73,0,vecina
97161,5,340.22,0,vecina
97161,6,387.43,0,vecina
97161,7,369.68,0,vecina
97161,8,232.14,0,vecina
97161,9,344.96,0,vecina
97161,10,263.81,0,vecina
97161,11,147.53,0,vecina
97161,12,176.75,0,vecina
97511,1,103.67,0,vecina
97511,2,86.77,0,vecina
97511,3,210.21,0,vecina
97511,4,408.72,0,vecina
97511,5,334.41,0,vecina
97511,6,385.98,0,vecina
97511,7,354.05,0,vecina
97511,8,220.49,0,vecina
97511,9,335.44,0,vecina
97511,10,258.56,0,vecina
97511,11,158.07,0,vecina
97511,12,198.68,0,vecina
97666,1,134.63,0,vecina
97666,2,109.81,0,vecina
97666,3,217.65,0,vecina
97666,4,377.8,0,vecina
97666,5,369.26,0,vecina
97666,6,409.58,0,vecina
97666,7,380.84,0,vecina
97666,8,248.63,0,vecina
97666,9,345.37,0,vecina
97666,10,285.02,0,vecina
97666,11,188.56,0,vecina
97666,12,214.96,0,vecina
97777,1,76.76,0,vecina
97777,2,70.57,0,vecina
97777,3,184.69,0,vecina
97777,4,372.3,0,vecina
97777,5,371.42,0,vecina
97777,6,424.53,0,vecina
97777,7,397.36,0,vecina
97777,8,253.42,0,vecina
97777,9,365.14,0,vecina
97777,10,283.57,0,vecina
97777,11,157.43,0,vecina
97777,12,178.26,0,vecina
97889,1,81.35,0,vecina
97889,2,76.61,0,vecina
97889,3,198.63,0,vecina
97889,4,379.15,0,vecina
97889,5,397.13,0,vecina
97889,6,441.73,0,vecina
97889,7,428.65,0,vecina
97889,8,275.01,0,vecina
97889,9,377.51,0,vecina
97889,10,294.71,0,vecina
97889,11,170.23,0,vecina
97889,12,189.03,0,vecina
99001,1,77.9,0,vecina
99001,2,86.07,0,vecina
99001,3,150.62,0,vecina
99001,4,204.36,0,vecina
99001,5,413.34,0,vecina
99001,6,421.21,0,vecina
99001,7,447.37,0,vecina
99001,8,384.33,0,vecina
99001,9,283.38,0,vecina
99001,10,387.3,0,vecina
99001,11,265.43,0,vecina
99001,12,134.21,0,vecina
99524,1,36.36,0,vecina
99524,2,29.13,0,vecina
99524,3,93.57,0,vecina
99524,4,220.37,0,vecina
99524,5,278.77,0,vecina
99524,6,353.89,0,vecina
99524,7,299.65,0,vecina
99524,8,257.42,0,vecina
99524,9,210.3,0,vecina
99524,10,216.32,0,vecina
99524,11,103.94,0,vecina
99524,12,51.65,0,vecina
99624,1,34.6,0,vecina
99624,2,27.16,0,vecina
99624,3,100.08,0,vecina
99624,4,239.52,0,vecina
99624,5,305.66,0,vecina
99624,6,378.0,0,vecina
99624,7,303.85,0,vecina
99624,8,265.49,0,vecina
99624,9,205.0,0,vecina
99624,10,223.46,0,vecina
99624,11,105.16,0,vecina
99624,12,54.91,0,vecina
99773,1,53.66,0,vecina
99773,2,46.8,0,vecina
99773,3,141.56,0,vecina
99773,4,262.9,0,vecina
99773,5,377.14,0,vecina
99773,6,409.75,0,vecina
99773,7,390.65,0,vecina
99773,8,326.06,0,vecina
99773,9,244.22,0,vecina
99773,10,263.03,0,vecina
99773,11,144.38,0,vecina
99773,12,91.44,0,vecina
