DIVIPOLA,mes,hist14_tasa_mes
05001,1,1.0
05001,2,0.5
05001,3,1.0
05001,4,1.0
05001,5,1.0
05001,6,0.5
05001,7,1.0
05001,8,0.5
05001,9,1.0
05001,10,1.0
05001,11,0.5
05001,12,1.0
05002,1,0.0
05002,2,0.0
05002,3,0.5
05002,4,0.0
05002,5,0.0
05002,6,0.0
05002,7,0.0
05002,8,0.0
05002,9,0.0
05002,10,0.0
05002,11,0.0
05002,12,0.0
05004,1,0.0
05004,2,0.0
05004,3,0.0
05004,4,0.0
05004,5,0.0
05004,6,0.0
05004,7,0.0
05004,8,0.0
05004,9,0.0
05004,10,0.0
05004,11,0.0
05004,12,0.0
05021,1,0.0
05021,2,0.0
05021,3,0.0
05021,4,0.0
05021,5,0.0
05021,6,0.0
05021,7,0.0
05021,8,0.0
05021,9,0.0
05021,10,0.0
05021,11,0.0
05021,12,0.0
05030,1,0.5
05030,2,0.0
05030,3,0.0
05030,4,0.0
05030,5,0.0
05030,6,0.0
05030,7,0.0
05030,8,0.0
05030,9,0.0
05030,10,0.0
05030,11,0.5
05030,12,0.0
05031,1,0.5
05031,2,0.0
05031,3,0.5
05031,4,0.0
05031,5,0.0
05031,6,0.0
05031,7,0.5
05031,8,0.5
05031,9,0.0
05031,10,0.0
05031,11,0.0
05031,12,0.0
05034,1,0.5
05034,2,0.0
05034,3,0.0
05034,4,0.5
05034,5,0.0
05034,6,0.0
05034,7,0.5
05034,8,0.0
05034,9,0.0
05034,10,0.0
05034,11,0.0
05034,12,0.0
05036,1,0.0
05036,2,0.0
05036,3,0.0
05036,4,0.5
05036,5,0.5
05036,6,0.0
05036,7,0.0
05036,8,0.0
05036,9,0.0
05036,10,0.0
05036,11,0.0
05036,12,0.0
05038,1,0.0
05038,2,0.5
05038,3,0.0
05038,4,0.0
05038,5,0.0
05038,6,0.0
05038,7,0.0
05038,8,0.0
05038,9,0.5
05038,10,0.0
05038,11,0.0
05038,12,0.0
05040,1,0.0
05040,2,0.0
05040,3,0.0
05040,4,0.5
05040,5,0.5
05040,6,0.0
05040,7,0.0
05040,8,1.0
05040,9,0.0
05040,10,0.0
05040,11,0.0
05040,12,0.0
05042,1,0.0
05042,2,0.0
05042,3,0.0
05042,4,0.5
05042,5,0.0
05042,6,0.0
05042,7,0.0
05042,8,0.0
05042,9,0.0
05042,10,0.0
05042,11,0.0
05042,12,0.5
05044,1,0.0
05044,2,0.0
05044,3,0.5
05044,4,0.0
05044,5,0.0
05044,6,0.0
05044,7,0.0
05044,8,0.0
05044,9,0.0
05044,10,0.0
05044,11,0.0
05044,12,0.0
05045,1,0.0
05045,2,0.0
05045,3,0.5
05045,4,0.5
05045,5,0.0
05045,6,0.0
05045,7,0.5
05045,8,0.0
05045,9,1.0
05045,10,0.0
05045,11,0.0
05045,12,0.0
05051,1,0.0
05051,2,0.0
05051,3,1.0
05051,4,0.0
05051,5,0.0
05051,6,0.5
05051,7,0.0
05051,8,0.0
05051,9,0.0
05051,10,0.0
05051,11,0.0
05051,12,0.0
05055,1,0.0
05055,2,0.0
05055,3,0.0
05055,4,0.0
05055,5,0.0
05055,6,0.0
05055,7,0.0
05055,8,0.0
05055,9,0.0
05055,10,0.0
05055,11,0.0
05055,12,0.0
05059,1,0.0
05059,2,0.0
05059,3,0.0
05059,4,0.0
05059,5,0.0
05059,6,0.0
05059,7,0.0
05059,8,0.0
05059,9,0.0
05059,10,0.0
05059,11,0.0
05059,12,0.0
05079,1,0.5
05079,2,0.5
05079,3,0.0
05079,4,0.5
05079,5,0.5
05079,6,0.0
05079,7,0.5
05079,8,0.0
05079,9,0.5
05079,10,0.0
05079,11,0.0
05079,12,0.0
05086,1,0.0
05086,2,0.0
05086,3,0.0
05086,4,0.5
05086,5,0.0
05086,6,0.0
05086,7,0.0
05086,8,0.0
05086,9,0.0
05086,10,0.0
05086,11,0.0
05086,12,0.0
05088,1,1.0
05088,2,0.5
05088,3,0.0
05088,4,1.0
05088,5,0.0
05088,6,0.5
05088,7,0.0
05088,8,0.0
05088,9,0.0
05088,10,0.5
05088,11,0.0
05088,12,1.0
05091,1,0.0
05091,2,0.0
05091,3,0.0
05091,4,0.5
05091,5,0.0
05091,6,0.0
05091,7,0.0
05091,8,0.0
05091,9,0.0
05091,10,0.0
05091,11,0.0
05091,12,0.0
05093,1,0.5
05093,2,0.0
05093,3,0.0
05093,4,0.5
05093,5,0.5
05093,6,0.0
05093,7,0.0
05093,8,0.5
05093,9,0.0
05093,10,0.5
05093,11,0.0
05093,12,0.0
05101,1,0.0
05101,2,0.0
05101,3,0.0
05101,4,0.0
05101,5,0.0
05101,6,0.0
05101,7,0.0
05101,8,0.0
05101,9,0.0
05101,10,0.0
05101,11,0.0
05101,12,0.0
05107,1,0.0
05107,2,0.0
05107,3,0.0
05107,4,0.0
05107,5,0.0
05107,6,0.0
05107,7,0.0
05107,8,0.0
05107,9,0.5
05107,10,0.0
05107,11,0.0
05107,12,0.0
05113,1,0.0
05113,2,0.0
05113,3,0.0
05113,4,0.0
05113,5,0.0
05113,6,0.0
05113,7,0.0
05113,8,0.0
05113,9,0.0
05113,10,0.0
05113,11,0.0
05113,12,0.5
05120,1,0.0
05120,2,0.0
05120,3,0.0
05120,4,0.0
05120,5,0.0
05120,6,0.0
05120,7,0.0
05120,8,0.0
05120,9,0.0
05120,10,0.0
05120,11,0.0
05120,12,0.0
05125,1,0.0
05125,2,0.0
05125,3,0.5
05125,4,0.0
05125,5,0.0
05125,6,0.0
05125,7,0.0
05125,8,0.0
05125,9,0.5
05125,10,0.0
05125,11,0.0
05125,12,0.0
05129,1,0.5
05129,2,0.0
05129,3,0.0
05129,4,0.0
05129,5,0.0
05129,6,0.0
05129,7,0.0
05129,8,0.0
05129,9,0.5
05129,10,0.0
05129,11,0.5
05129,12,0.0
05134,1,0.0
05134,2,0.0
05134,3,0.0
05134,4,0.0
05134,5,0.0
05134,6,0.0
05134,7,0.0
05134,8,0.0
05134,9,0.0
05134,10,0.0
05134,11,0.0
05134,12,0.0
05138,1,0.0
05138,2,0.0
05138,3,1.0
05138,4,0.0
05138,5,0.0
05138,6,0.5
05138,7,0.0
05138,8,0.0
05138,9,0.0
05138,10,0.0
05138,11,0.5
05138,12,0.0
05142,1,0.0
05142,2,0.0
05142,3,0.0
05142,4,0.0
05142,5,0.0
05142,6,0.0
05142,7,0.0
05142,8,0.5
05142,9,0.5
05142,10,0.0
05142,11,0.0
05142,12,0.0
05145,1,0.0
05145,2,0.0
05145,3,0.0
05145,4,0.0
05145,5,0.0
05145,6,0.0
05145,7,0.0
05145,8,0.0
05145,9,0.0
05145,10,0.0
05145,11,0.0
05145,12,0.0
05147,1,0.0
05147,2,0.0
05147,3,0.0
05147,4,0.5
05147,5,0.0
05147,6,0.0
05147,7,0.5
05147,8,0.5
05147,9,0.0
05147,10,0.0
05147,11,0.0
05147,12,0.0
05148,1,0.0
05148,2,0.0
05148,3,0.0
05148,4,0.0
05148,5,0.0
05148,6,0.0
05148,7,0.0
05148,8,0.5
05148,9,0.0
05148,10,0.0
05148,11,0.0
05148,12,0.0
05150,1,0.0
05150,2,0.0
05150,3,0.5
05150,4,0.0
05150,5,0.0
05150,6,0.0
05150,7,0.0
05150,8,0.5
05150,9,0.0
05150,10,0.0
05150,11,0.0
05150,12,0.0
05154,1,0.5
05154,2,0.5
05154,3,0.0
05154,4,0.0
05154,5,0.0
05154,6,0.0
05154,7,0.5
05154,8,0.5
05154,9,0.0
05154,10,0.0
05154,11,0.5
05154,12,0.0
05172,1,0.5
05172,2,0.0
05172,3,0.0
05172,4,0.0
05172,5,1.0
05172,6,0.5
05172,7,1.0
05172,8,0.0
05172,9,0.5
05172,10,0.0
05172,11,0.5
05172,12,0.5
05190,1,0.0
05190,2,0.0
05190,3,0.0
05190,4,0.0
05190,5,0.0
05190,6,0.0
05190,7,0.5
05190,8,0.0
05190,9,0.0
05190,10,0.0
05190,11,0.0
05190,12,0.0
05197,1,0.0
05197,2,0.0
05197,3,0.0
05197,4,0.5
05197,5,0.0
05197,6,0.5
05197,7,0.5
05197,8,0.0
05197,9,0.5
05197,10,0.0
05197,11,0.0
05197,12,0.0
05206,1,0.0
05206,2,0.0
05206,3,0.0
05206,4,0.0
05206,5,0.5
05206,6,0.0
05206,7,0.0
05206,8,0.0
05206,9,0.0
05206,10,0.0
05206,11,0.0
05206,12,0.0
05209,1,0.5
05209,2,0.5
05209,3,0.5
05209,4,0.0
05209,5,0.0
05209,6,0.0
05209,7,0.0
05209,8,0.5
05209,9,0.0
05209,10,0.0
05209,11,0.0
05209,12,0.0
05212,1,1.0
05212,2,0.0
05212,3,0.5
05212,4,0.0
05212,5,0.0
05212,6,0.0
05212,7,0.0
05212,8,0.0
05212,9,0.0
05212,10,0.0
05212,11,0.0
05212,12,0.0
05234,1,0.0
05234,2,0.5
05234,3,0.0
05234,4,0.0
05234,5,0.5
05234,6,0.0
05234,7,0.0
05234,8,0.0
05234,9,0.0
05234,10,0.0
05234,11,0.0
05234,12,0.0
05237,1,0.0
05237,2,0.0
05237,3,0.0
05237,4,0.0
05237,5,0.0
05237,6,0.5
05237,7,0.0
05237,8,0.0
05237,9,0.0
05237,10,0.0
05237,11,0.5
05237,12,0.0
05240,1,0.0
05240,2,0.0
05240,3,0.0
05240,4,0.0
05240,5,0.0
05240,6,0.0
05240,7,0.0
05240,8,0.0
05240,9,0.0
05240,10,0.0
05240,11,0.0
05240,12,0.0
05250,1,0.0
05250,2,0.0
05250,3,0.0
05250,4,0.0
05250,5,0.0
05250,6,0.0
05250,7,0.5
05250,8,0.0
05250,9,0.0
05250,10,0.0
05250,11,0.5
05250,12,0.0
05264,1,0.0
05264,2,0.0
05264,3,0.0
05264,4,0.0
05264,5,0.0
05264,6,0.0
05264,7,0.0
05264,8,0.0
05264,9,0.0
05264,10,0.0
05264,11,0.0
05264,12,0.0
05266,1,0.0
05266,2,0.5
05266,3,0.0
05266,4,0.0
05266,5,0.0
05266,6,0.0
05266,7,0.0
05266,8,0.0
05266,9,0.0
05266,10,0.5
05266,11,0.0
05266,12,0.5
05282,1,0.5
05282,2,0.0
05282,3,0.5
05282,4,0.0
05282,5,0.0
05282,6,0.0
05282,7,0.0
05282,8,0.5
05282,9,0.0
05282,10,0.5
05282,11,0.0
05282,12,0.0
05284,1,0.5
05284,2,0.0
05284,3,0.0
05284,4,0.5
05284,5,0.5
05284,6,0.0
05284,7,0.0
05284,8,0.0
05284,9,0.0
05284,10,0.0
05284,11,0.5
05284,12,0.0
05306,1,0.0
05306,2,0.0
05306,3,0.0
05306,4,0.0
05306,5,0.0
05306,6,0.0
05306,7,0.0
05306,8,0.0
05306,9,0.0
05306,10,0.0
05306,11,0.0
05306,12,0.0
05308,1,0.5
05308,2,0.0
05308,3,0.0
05308,4,0.0
05308,5,0.0
05308,6,0.5
05308,7,0.0
05308,8,0.0
05308,9,0.0
05308,10,0.0
05308,11,0.0
05308,12,0.5
05310,1,0.0
05310,2,0.0
05310,3,0.0
05310,4,0.0
05310,5,0.0
05310,6,0.0
05310,7,1.0
05310,8,0.5
05310,9,0.0
05310,10,0.0
05310,11,0.0
05310,12,0.0
05313,1,0.0
05313,2,0.0
05313,3,0.5
05313,4,0.0
05313,5,0.0
05313,6,0.0
05313,7,0.0
05313,8,0.0
05313,9,0.0
05313,10,0.0
05313,11,0.0
05313,12,0.0
05315,1,0.0
05315,2,0.0
05315,3,0.0
05315,4,0.0
05315,5,0.0
05315,6,0.0
05315,7,0.0
05315,8,0.5
05315,9,0.0
05315,10,0.0
05315,11,0.0
05315,12,0.0
05318,1,0.0
05318,2,0.0
05318,3,0.0
05318,4,0.0
05318,5,0.0
05318,6,0.0
05318,7,0.0
05318,8,0.5
05318,9,0.0
05318,10,0.0
05318,11,0.0
05318,12,0.5
05321,1,0.0
05321,2,0.0
05321,3,0.0
05321,4,0.0
05321,5,0.0
05321,6,0.0
05321,7,0.5
05321,8,0.0
05321,9,0.0
05321,10,0.0
05321,11,0.0
05321,12,0.0
05347,1,0.0
05347,2,0.0
05347,3,0.0
05347,4,0.0
05347,5,0.5
05347,6,0.0
05347,7,0.0
05347,8,0.0
05347,9,0.0
05347,10,0.0
05347,11,0.0
05347,12,0.0
05353,1,0.0
05353,2,0.0
05353,3,0.0
05353,4,0.0
05353,5,0.0
05353,6,0.0
05353,7,0.0
05353,8,0.0
05353,9,0.0
05353,10,0.0
05353,11,0.0
05353,12,0.0
05360,1,0.0
05360,2,0.0
05360,3,0.5
05360,4,0.0
05360,5,0.5
05360,6,0.0
05360,7,0.0
05360,8,0.5
05360,9,0.0
05360,10,0.0
05360,11,0.0
05360,12,0.0
05361,1,0.0
05361,2,0.0
05361,3,0.5
05361,4,0.0
05361,5,0.0
05361,6,0.0
05361,7,0.0
05361,8,0.0
05361,9,0.5
05361,10,0.0
05361,11,0.0
05361,12,0.0
05364,1,0.5
05364,2,0.0
05364,3,0.5
05364,4,0.0
05364,5,0.0
05364,6,0.0
05364,7,0.0
05364,8,0.0
05364,9,0.0
05364,10,0.0
05364,11,0.0
05364,12,0.0
05368,1,0.0
05368,2,0.0
05368,3,0.0
05368,4,0.0
05368,5,0.0
05368,6,0.0
05368,7,0.0
05368,8,0.0
05368,9,0.0
05368,10,0.0
05368,11,0.0
05368,12,0.0
05376,1,0.5
05376,2,0.0
05376,3,0.0
05376,4,0.0
05376,5,0.5
05376,6,0.0
05376,7,0.5
05376,8,0.5
05376,9,0.0
05376,10,0.0
05376,11,0.0
05376,12,0.0
05380,1,0.5
05380,2,0.5
05380,3,0.0
05380,4,0.0
05380,5,1.0
05380,6,0.0
05380,7,0.0
05380,8,0.0
05380,9,0.0
05380,10,0.0
05380,11,0.5
05380,12,0.5
05390,1,1.0
05390,2,0.0
05390,3,0.0
05390,4,0.0
05390,5,0.0
05390,6,0.0
05390,7,0.0
05390,8,0.0
05390,9,0.0
05390,10,0.0
05390,11,0.0
05390,12,0.0
05400,1,0.0
05400,2,0.0
05400,3,0.0
05400,4,0.0
05400,5,0.0
05400,6,0.0
05400,7,0.0
05400,8,0.0
05400,9,0.0
05400,10,0.0
05400,11,0.0
05400,12,0.0
05411,1,0.0
05411,2,0.0
05411,3,0.5
05411,4,0.0
05411,5,0.0
05411,6,0.0
05411,7,0.0
05411,8,0.0
05411,9,0.0
05411,10,0.0
05411,11,0.5
05411,12,0.0
05425,1,0.0
05425,2,0.0
05425,3,0.0
05425,4,0.0
05425,5,0.0
05425,6,0.0
05425,7,0.0
05425,8,0.0
05425,9,0.0
05425,10,0.0
05425,11,0.0
05425,12,0.0
05440,1,0.5
05440,2,0.5
05440,3,0.0
05440,4,0.0
05440,5,0.0
05440,6,0.5
05440,7,0.0
05440,8,0.0
05440,9,0.0
05440,10,0.0
05440,11,0.0
05440,12,0.0
05467,1,0.0
05467,2,0.0
05467,3,0.0
05467,4,0.0
05467,5,0.0
05467,6,0.0
05467,7,0.0
05467,8,0.0
05467,9,0.0
05467,10,0.0
05467,11,0.0
05467,12,0.0
05475,1,0.0
05475,2,0.0
05475,3,0.0
05475,4,0.0
05475,5,0.0
05475,6,0.5
05475,7,0.5
05475,8,0.0
05475,9,0.0
05475,10,0.0
05475,11,0.0
05475,12,0.0
05480,1,0.0
05480,2,0.0
05480,3,0.0
05480,4,0.0
05480,5,0.0
05480,6,0.0
05480,7,0.0
05480,8,0.0
05480,9,0.5
05480,10,0.0
05480,11,0.0
05480,12,0.0
05483,1,0.0
05483,2,0.0
05483,3,0.0
05483,4,0.0
05483,5,0.0
05483,6,0.0
05483,7,0.5
05483,8,0.0
05483,9,0.0
05483,10,0.0
05483,11,0.0
05483,12,0.0
05490,1,0.0
05490,2,0.0
05490,3,0.5
05490,4,0.5
05490,5,0.0
05490,6,0.5
05490,7,0.5
05490,8,0.5
05490,9,0.0
05490,10,0.0
05490,11,0.0
05490,12,0.0
05495,1,0.0
05495,2,0.0
05495,3,0.0
05495,4,0.0
05495,5,0.0
05495,6,0.5
05495,7,0.0
05495,8,0.5
05495,9,0.0
05495,10,0.0
05495,11,0.5
05495,12,0.0
05501,1,0.0
05501,2,0.0
05501,3,0.0
05501,4,0.5
05501,5,0.0
05501,6,0.0
05501,7,0.0
05501,8,0.0
05501,9,0.0
05501,10,0.0
05501,11,0.0
05501,12,0.0
05541,1,0.0
05541,2,0.0
05541,3,0.0
05541,4,0.0
05541,5,0.0
05541,6,0.0
05541,7,0.5
05541,8,0.0
05541,9,0.0
05541,10,0.0
05541,11,0.0
05541,12,0.0
05543,1,0.0
05543,2,0.0
05543,3,0.0
05543,4,0.0
05543,5,0.0
05543,6,0.0
05543,7,0.0
05543,8,0.0
05543,9,0.0
05543,10,0.0
05543,11,0.0
05543,12,0.0
05576,1,0.0
05576,2,0.0
05576,3,0.0
05576,4,0.0
05576,5,0.0
05576,6,0.0
05576,7,0.0
05576,8,0.0
05576,9,0.5
05576,10,0.0
05576,11,0.0
05576,12,0.0
05579,1,0.0
05579,2,0.0
05579,3,0.0
05579,4,0.0
05579,5,0.0
05579,6,0.0
05579,7,0.0
05579,8,0.0
05579,9,0.5
05579,10,0.5
05579,11,0.0
05579,12,0.0
05585,1,0.0
05585,2,0.0
05585,3,0.0
05585,4,0.0
05585,5,0.0
05585,6,0.0
05585,7,0.0
05585,8,0.0
05585,9,0.0
05585,10,0.0
05585,11,0.0
05585,12,0.0
05591,1,0.0
05591,2,0.0
05591,3,0.0
05591,4,0.0
05591,5,0.0
05591,6,0.0
05591,7,0.0
05591,8,0.0
05591,9,1.0
05591,10,0.0
05591,11,1.0
05591,12,0.0
05604,1,0.5
05604,2,0.0
05604,3,0.5
05604,4,0.0
05604,5,1.0
05604,6,0.0
05604,7,0.0
05604,8,0.5
05604,9,0.0
05604,10,0.0
05604,11,0.0
05604,12,0.0
05607,1,0.5
05607,2,0.0
05607,3,0.5
05607,4,0.0
05607,5,0.5
05607,6,0.0
05607,7,0.5
05607,8,0.0
05607,9,0.0
05607,10,0.0
05607,11,0.0
05607,12,0.5
05615,1,0.5
05615,2,0.0
05615,3,0.0
05615,4,0.0
05615,5,0.0
05615,6,0.0
05615,7,0.0
05615,8,0.0
05615,9,0.5
05615,10,0.0
05615,11,0.0
05615,12,0.5
05628,1,0.0
05628,2,0.0
05628,3,0.0
05628,4,0.0
05628,5,0.0
05628,6,0.0
05628,7,0.0
05628,8,0.0
05628,9,0.0
05628,10,0.0
05628,11,0.0
05628,12,0.0
05631,1,0.0
05631,2,0.0
05631,3,0.0
05631,4,0.0
05631,5,0.0
05631,6,0.5
05631,7,0.5
05631,8,0.0
05631,9,0.0
05631,10,0.0
05631,11,0.0
05631,12,0.0
05642,1,0.5
05642,2,0.5
05642,3,0.5
05642,4,0.5
05642,5,0.5
05642,6,0.0
05642,7,0.0
05642,8,0.5
05642,9,0.0
05642,10,0.0
05642,11,0.0
05642,12,0.0
05647,1,0.0
05647,2,0.0
05647,3,0.0
05647,4,0.0
05647,5,0.0
05647,6,0.0
05647,7,0.0
05647,8,0.0
05647,9,0.0
05647,10,0.0
05647,11,0.0
05647,12,0.0
05649,1,0.5
05649,2,0.0
05649,3,0.0
05649,4,0.0
05649,5,0.0
05649,6,0.0
05649,7,0.5
05649,8,0.0
05649,9,0.0
05649,10,0.0
05649,11,0.0
05649,12,0.0
05652,1,0.0
05652,2,0.0
05652,3,0.5
05652,4,0.5
05652,5,0.5
05652,6,0.0
05652,7,0.5
05652,8,0.5
05652,9,0.5
05652,10,0.5
05652,11,0.0
05652,12,0.0
05656,1,0.0
05656,2,0.0
05656,3,0.0
05656,4,0.0
05656,5,0.0
05656,6,0.0
05656,7,0.0
05656,8,0.5
05656,9,0.0
05656,10,0.0
05656,11,0.0
05656,12,0.5
05658,1,0.0
05658,2,0.0
05658,3,0.0
05658,4,0.0
05658,5,0.0
05658,6,0.0
05658,7,0.0
05658,8,0.0
05658,9,0.0
05658,10,0.0
05658,11,0.0
05658,12,0.0
05659,1,0.0
05659,2,0.0
05659,3,0.0
05659,4,0.0
05659,5,0.5
05659,6,0.0
05659,7,0.0
05659,8,0.0
05659,9,0.0
05659,10,0.0
05659,11,0.0
05659,12,0.0
05660,1,0.0
05660,2,0.0
05660,3,0.0
05660,4,0.5
05660,5,0.0
05660,6,0.0
05660,7,1.0
05660,8,0.0
05660,9,0.0
05660,10,0.0
05660,11,0.0
05660,12,0.0
05664,1,0.0
05664,2,0.0
05664,3,0.0
05664,4,0.0
05664,5,0.0
05664,6,0.0
05664,7,0.5
05664,8,0.0
05664,9,0.0
05664,10,0.0
05664,11,0.5
05664,12,0.5
05665,1,0.0
05665,2,0.0
05665,3,0.0
05665,4,0.0
05665,5,0.0
05665,6,0.0
05665,7,0.0
05665,8,0.0
05665,9,0.0
05665,10,0.5
05665,11,0.0
05665,12,0.0
05667,1,0.0
05667,2,0.0
05667,3,0.0
05667,4,0.0
05667,5,0.0
05667,6,0.0
05667,7,0.5
05667,8,0.0
05667,9,0.0
05667,10,0.5
05667,11,0.0
05667,12,0.0
05670,1,0.0
05670,2,0.0
05670,3,0.0
05670,4,0.0
05670,5,0.0
05670,6,0.0
05670,7,1.0
05670,8,0.5
05670,9,0.0
05670,10,0.0
05670,11,0.0
05670,12,0.0
05674,1,0.0
05674,2,0.0
05674,3,0.0
05674,4,0.0
05674,5,0.0
05674,6,0.0
05674,7,0.5
05674,8,0.0
05674,9,0.0
05674,10,0.0
05674,11,0.0
05674,12,0.0
05679,1,1.0
05679,2,0.0
05679,3,0.5
05679,4,0.5
05679,5,0.0
05679,6,0.0
05679,7,0.0
05679,8,0.0
05679,9,0.0
05679,10,0.0
05679,11,0.0
05679,12,0.5
05686,1,0.5
05686,2,0.0
05686,3,0.0
05686,4,0.5
05686,5,0.5
05686,6,0.0
05686,7,0.0
05686,8,0.0
05686,9,0.0
05686,10,0.0
05686,11,0.0
05686,12,0.0
05690,1,0.0
05690,2,0.0
05690,3,0.0
05690,4,0.0
05690,5,0.0
05690,6,0.0
05690,7,0.0
05690,8,0.0
05690,9,0.0
05690,10,0.0
05690,11,0.0
05690,12,0.0
05697,1,0.0
05697,2,0.0
05697,3,0.0
05697,4,0.0
05697,5,0.0
05697,6,0.5
05697,7,0.0
05697,8,0.5
05697,9,0.0
05697,10,0.0
05697,11,0.0
05697,12,0.0
05736,1,0.5
05736,2,0.0
05736,3,0.0
05736,4,0.5
05736,5,0.5
05736,6,0.5
05736,7,0.0
05736,8,0.0
05736,9,0.0
05736,10,0.0
05736,11,0.0
05736,12,0.0
05756,1,0.0
05756,2,0.0
05756,3,0.0
05756,4,0.0
05756,5,0.0
05756,6,0.0
05756,7,0.5
05756,8,0.0
05756,9,0.0
05756,10,0.0
05756,11,0.0
05756,12,0.0
05761,1,0.0
05761,2,0.0
05761,3,0.0
05761,4,0.0
05761,5,0.0
05761,6,0.0
05761,7,0.0
05761,8,0.0
05761,9,0.0
05761,10,0.0
05761,11,0.0
05761,12,0.0
05789,1,0.0
05789,2,0.0
05789,3,0.0
05789,4,0.0
05789,5,0.0
05789,6,0.0
05789,7,0.0
05789,8,0.0
05789,9,0.5
05789,10,0.0
05789,11,0.0
05789,12,0.0
05790,1,0.0
05790,2,0.5
05790,3,0.0
05790,4,0.0
05790,5,0.0
05790,6,0.0
05790,7,0.0
05790,8,0.0
05790,9,0.0
05790,10,0.0
05790,11,0.0
05790,12,0.0
05792,1,0.0
05792,2,0.0
05792,3,0.0
05792,4,0.0
05792,5,0.0
05792,6,0.0
05792,7,0.0
05792,8,0.0
05792,9,0.0
05792,10,0.0
05792,11,0.0
05792,12,0.0
05809,1,0.5
05809,2,0.0
05809,3,0.0
05809,4,0.0
05809,5,0.0
05809,6,0.0
05809,7,0.0
05809,8,0.0
05809,9,0.0
05809,10,0.0
05809,11,0.5
05809,12,0.0
05819,1,0.0
05819,2,0.0
05819,3,0.5
05819,4,0.5
05819,5,0.0
05819,6,0.0
05819,7,0.5
05819,8,0.0
05819,9,0.0
05819,10,0.0
05819,11,0.0
05819,12,0.0
05837,1,0.0
05837,2,0.5
05837,3,1.0
05837,4,0.0
05837,5,0.5
05837,6,0.0
05837,7,0.5
05837,8,0.0
05837,9,0.0
05837,10,0.0
05837,11,0.0
05837,12,0.0
05842,1,0.0
05842,2,0.0
05842,3,0.0
05842,4,1.0
05842,5,0.0
05842,6,0.0
05842,7,0.0
05842,8,0.0
05842,9,0.0
05842,10,1.0
05842,11,0.5
05842,12,0.5
05847,1,0.0
05847,2,0.0
05847,3,0.5
05847,4,0.0
05847,5,0.5
05847,6,0.5
05847,7,0.5
05847,8,0.0
05847,9,0.0
05847,10,0.0
05847,11,0.5
05847,12,0.0
05854,1,0.0
05854,2,0.0
05854,3,0.0
05854,4,0.5
05854,5,0.5
05854,6,0.0
05854,7,0.0
05854,8,0.0
05854,9,0.0
05854,10,0.0
05854,11,0.0
05854,12,0.0
05856,1,0.0
05856,2,0.0
05856,3,0.0
05856,4,0.0
05856,5,0.0
05856,6,0.0
05856,7,0.0
05856,8,0.0
05856,9,0.0
05856,10,0.0
05856,11,0.0
05856,12,0.0
05858,1,0.0
05858,2,0.0
05858,3,0.0
05858,4,0.0
05858,5,0.5
05858,6,0.0
05858,7,0.5
05858,8,0.0
05858,9,0.0
05858,10,0.0
05858,11,0.5
05858,12,0.0
05861,1,0.0
05861,2,0.0
05861,3,0.0
05861,4,0.0
05861,5,0.0
05861,6,0.0
05861,7,0.0
05861,8,0.0
05861,9,0.5
05861,10,0.0
05861,11,0.0
05861,12,0.0
05873,1,0.0
05873,2,0.0
05873,3,0.0
05873,4,0.0
05873,5,0.0
05873,6,0.0
05873,7,0.0
05873,8,0.0
05873,9,0.0
05873,10,0.0
05873,11,0.0
05873,12,0.0
05885,1,0.0
05885,2,1.0
05885,3,0.0
05885,4,0.0
05885,5,0.0
05885,6,0.0
05885,7,0.0
05885,8,0.0
05885,9,0.0
05885,10,0.0
05885,11,0.0
05885,12,0.0
05887,1,0.0
05887,2,0.0
05887,3,0.5
05887,4,0.0
05887,5,0.0
05887,6,0.5
05887,7,0.5
05887,8,0.5
05887,9,0.0
05887,10,0.0
05887,11,0.0
05887,12,0.0
05890,1,0.5
05890,2,0.0
05890,3,0.0
05890,4,0.0
05890,5,0.0
05890,6,0.0
05890,7,0.5
05890,8,0.5
05890,9,0.0
05890,10,0.0
05890,11,0.0
05890,12,0.0
05893,1,0.0
05893,2,0.0
05893,3,0.0
05893,4,0.0
05893,5,0.0
05893,6,0.0
05893,7,0.0
05893,8,0.0
05893,9,0.0
05893,10,0.0
05893,11,0.0
05893,12,0.0
05895,1,0.0
05895,2,0.0
05895,3,0.0
05895,4,0.0
05895,5,0.5
05895,6,0.0
05895,7,0.5
05895,8,0.0
05895,9,0.0
05895,10,0.0
05895,11,0.0
05895,12,0.0
08001,1,0.0
08001,2,1.0
08001,3,0.0
08001,4,0.5
08001,5,0.5
08001,6,0.5
08001,7,0.5
08001,8,0.5
08001,9,1.0
08001,10,1.0
08001,11,0.0
08001,12,0.0
08078,1,0.0
08078,2,0.5
08078,3,0.0
08078,4,0.5
08078,5,0.0
08078,6,0.0
08078,7,0.0
08078,8,0.0
08078,9,0.0
08078,10,0.0
08078,11,0.0
08078,12,0.0
08137,1,0.0
08137,2,0.0
08137,3,1.0
08137,4,0.0
08137,5,0.0
08137,6,0.0
08137,7,1.0
08137,8,0.5
08137,9,0.0
08137,10,0.0
08137,11,0.0
08137,12,0.0
08141,1,0.0
08141,2,0.0
08141,3,0.5
08141,4,0.0
08141,5,0.0
08141,6,0.0
08141,7,0.5
08141,8,0.0
08141,9,0.5
08141,10,0.0
08141,11,0.0
08141,12,0.0
08296,1,0.0
08296,2,0.0
08296,3,0.0
08296,4,0.0
08296,5,0.0
08296,6,0.0
08296,7,0.0
08296,8,0.0
08296,9,0.0
08296,10,0.0
08296,11,0.0
08296,12,0.0
08372,1,0.0
08372,2,0.0
08372,3,0.0
08372,4,0.0
08372,5,1.0
08372,6,0.0
08372,7,0.5
08372,8,0.0
08372,9,0.5
08372,10,0.0
08372,11,0.0
08372,12,0.0
08421,1,0.5
08421,2,0.5
08421,3,0.0
08421,4,0.0
08421,5,0.5
08421,6,0.0
08421,7,1.0
08421,8,0.5
08421,9,0.0
08421,10,0.0
08421,11,0.0
08421,12,0.0
08433,1,1.0
08433,2,0.0
08433,3,0.0
08433,4,0.0
08433,5,0.5
08433,6,0.0
08433,7,0.0
08433,8,0.0
08433,9,0.0
08433,10,0.0
08433,11,0.0
08433,12,0.0
08436,1,0.5
08436,2,0.5
08436,3,1.0
08436,4,0.5
08436,5,0.0
08436,6,0.0
08436,7,0.5
08436,8,0.0
08436,9,0.5
08436,10,0.0
08436,11,0.0
08436,12,0.0
08520,1,0.0
08520,2,0.0
08520,3,0.0
08520,4,0.0
08520,5,0.5
08520,6,0.0
08520,7,0.0
08520,8,0.5
08520,9,0.0
08520,10,0.0
08520,11,0.0
08520,12,0.0
08549,1,0.0
08549,2,0.0
08549,3,0.0
08549,4,0.0
08549,5,0.0
08549,6,0.0
08549,7,0.5
08549,8,0.0
08549,9,0.0
08549,10,0.0
08549,11,0.0
08549,12,0.0
08558,1,0.0
08558,2,0.0
08558,3,0.0
08558,4,0.0
08558,5,0.0
08558,6,0.0
08558,7,0.0
08558,8,0.0
08558,9,0.0
08558,10,0.0
08558,11,0.0
08558,12,0.0
08560,1,0.0
08560,2,0.0
08560,3,0.0
08560,4,0.0
08560,5,0.0
08560,6,0.0
08560,7,0.0
08560,8,0.5
08560,9,0.5
08560,10,0.0
08560,11,0.0
08560,12,0.0
08573,1,0.0
08573,2,0.0
08573,3,0.0
08573,4,0.0
08573,5,0.0
08573,6,0.0
08573,7,0.0
08573,8,0.0
08573,9,0.0
08573,10,0.0
08573,11,0.0
08573,12,0.0
08606,1,0.0
08606,2,0.0
08606,3,1.0
08606,4,0.0
08606,5,0.0
08606,6,0.0
08606,7,0.5
08606,8,0.0
08606,9,0.0
08606,10,0.0
08606,11,0.0
08606,12,0.0
08634,1,0.0
08634,2,0.0
08634,3,0.0
08634,4,0.0
08634,5,0.0
08634,6,0.0
08634,7,0.0
08634,8,0.0
08634,9,0.5
08634,10,0.0
08634,11,0.0
08634,12,0.0
08638,1,0.0
08638,2,0.5
08638,3,0.5
08638,4,0.5
08638,5,0.0
08638,6,0.0
08638,7,0.5
08638,8,1.0
08638,9,0.5
08638,10,0.0
08638,11,0.0
08638,12,0.0
08675,1,0.0
08675,2,0.0
08675,3,0.5
08675,4,0.0
08675,5,0.0
08675,6,0.0
08675,7,0.0
08675,8,0.5
08675,9,0.0
08675,10,0.0
08675,11,0.0
08675,12,0.0
08685,1,0.0
08685,2,0.5
08685,3,0.0
08685,4,0.0
08685,5,0.5
08685,6,0.0
08685,7,0.5
08685,8,0.5
08685,9,0.0
08685,10,0.0
08685,11,0.0
08685,12,0.0
08758,1,0.0
08758,2,0.0
08758,3,0.0
08758,4,0.0
08758,5,0.0
08758,6,0.0
08758,7,0.0
08758,8,0.5
08758,9,0.5
08758,10,0.5
08758,11,0.5
08758,12,0.0
08770,1,0.5
08770,2,0.0
08770,3,1.0
08770,4,0.0
08770,5,0.0
08770,6,0.0
08770,7,0.0
08770,8,0.0
08770,9,0.0
08770,10,0.0
08770,11,0.0
08770,12,0.0
08832,1,0.0
08832,2,0.5
08832,3,0.0
08832,4,0.0
08832,5,0.0
08832,6,0.0
08832,7,0.5
08832,8,0.0
08832,9,0.0
08832,10,0.0
08832,11,0.0
08832,12,0.0
08849,1,0.0
08849,2,0.0
08849,3,0.5
08849,4,0.0
08849,5,0.0
08849,6,0.0
08849,7,0.5
08849,8,0.0
08849,9,0.0
08849,10,0.0
08849,11,0.0
08849,12,0.0
11001,1,0.0
11001,2,1.0
11001,3,1.0
11001,4,0.5
11001,5,0.5
11001,6,0.5
11001,7,0.0
11001,8,1.0
11001,9,0.5
11001,10,0.5
11001,11,1.0
11001,12,1.0
13001,1,0.5
13001,2,0.0
13001,3,0.5
13001,4,1.0
13001,5,0.5
13001,6,1.0
13001,7,0.5
13001,8,0.0
13001,9,0.5
13001,10,0.5
13001,11,0.0
13001,12,0.5
13006,1,0.0
13006,2,0.0
13006,3,0.0
13006,4,0.0
13006,5,0.0
13006,6,0.0
13006,7,0.5
13006,8,0.0
13006,9,0.0
13006,10,0.0
13006,11,0.5
13006,12,0.0
13030,1,0.0
13030,2,0.0
13030,3,0.0
13030,4,0.0
13030,5,0.0
13030,6,0.0
13030,7,0.0
13030,8,0.0
13030,9,0.0
13030,10,0.0
13030,11,0.5
13030,12,0.0
13042,1,0.0
13042,2,0.0
13042,3,0.0
13042,4,0.0
13042,5,0.0
13042,6,0.0
13042,7,0.0
13042,8,0.0
13042,9,0.0
13042,10,0.0
13042,11,0.0
13042,12,0.0
13052,1,0.0
13052,2,0.0
13052,3,0.0
13052,4,0.0
13052,5,0.0
13052,6,0.0
13052,7,0.0
13052,8,0.5
13052,9,0.5
13052,10,0.0
13052,11,0.0
13052,12,0.0
13062,1,0.0
13062,2,0.0
13062,3,0.0
13062,4,0.0
13062,5,0.0
13062,6,0.0
13062,7,0.0
13062,8,0.0
13062,9,0.0
13062,10,0.0
13062,11,0.0
13062,12,0.0
13074,1,0.0
13074,2,0.0
13074,3,0.0
13074,4,0.0
13074,5,0.0
13074,6,0.0
13074,7,0.0
13074,8,0.5
13074,9,0.0
13074,10,0.0
13074,11,0.0
13074,12,0.0
13140,1,0.0
13140,2,0.0
13140,3,0.0
13140,4,0.0
13140,5,0.0
13140,6,0.0
13140,7,0.0
13140,8,0.0
13140,9,0.0
13140,10,0.0
13140,11,0.0
13140,12,0.0
13160,1,0.0
13160,2,0.0
13160,3,0.0
13160,4,0.0
13160,5,0.0
13160,6,0.0
13160,7,0.0
13160,8,0.0
13160,9,0.0
13160,10,0.0
13160,11,0.0
13160,12,0.0
13188,1,0.0
13188,2,0.5
13188,3,0.0
13188,4,0.0
13188,5,0.0
13188,6,0.5
13188,7,0.0
13188,8,0.0
13188,9,0.0
13188,10,0.0
13188,11,0.0
13188,12,0.0
13212,1,0.0
13212,2,0.0
13212,3,0.0
13212,4,0.0
13212,5,0.0
13212,6,0.0
13212,7,1.0
13212,8,0.0
13212,9,0.0
13212,10,0.5
13212,11,0.0
13212,12,0.0
13222,1,0.0
13222,2,0.0
13222,3,0.0
13222,4,0.0
13222,5,0.0
13222,6,0.0
13222,7,0.0
13222,8,0.5
13222,9,0.0
13222,10,0.0
13222,11,0.0
13222,12,0.0
13244,1,0.0
13244,2,0.0
13244,3,0.0
13244,4,0.0
13244,5,0.5
13244,6,0.5
13244,7,0.0
13244,8,0.0
13244,9,0.0
13244,10,0.0
13244,11,0.0
13244,12,0.0
13248,1,0.0
13248,2,0.0
13248,3,0.0
13248,4,0.0
13248,5,0.0
13248,6,0.5
13248,7,0.0
13248,8,0.0
13248,9,0.5
13248,10,0.0
13248,11,0.0
13248,12,0.0
13268,1,0.0
13268,2,0.0
13268,3,0.0
13268,4,0.5
13268,5,0.0
13268,6,0.0
13268,7,0.5
13268,8,0.5
13268,9,0.0
13268,10,0.5
13268,11,0.0
13268,12,0.0
13300,1,0.0
13300,2,0.0
13300,3,0.0
13300,4,0.0
13300,5,0.0
13300,6,0.0
13300,7,0.0
13300,8,0.0
13300,9,0.0
13300,10,0.0
13300,11,0.0
13300,12,0.0
13430,1,0.0
13430,2,0.0
13430,3,0.0
13430,4,0.0
13430,5,0.0
13430,6,0.0
13430,7,0.5
13430,8,0.0
13430,9,0.0
13430,10,0.0
13430,11,0.0
13430,12,0.0
13433,1,0.0
13433,2,0.0
13433,3,0.0
13433,4,0.0
13433,5,0.0
13433,6,0.0
13433,7,0.5
13433,8,0.0
13433,9,0.0
13433,10,0.0
13433,11,0.5
13433,12,0.5
13440,1,0.0
13440,2,0.0
13440,3,0.0
13440,4,0.0
13440,5,0.0
13440,6,0.0
13440,7,0.0
13440,8,0.0
13440,9,0.0
13440,10,0.0
13440,11,0.0
13440,12,0.0
13442,1,0.5
13442,2,0.0
13442,3,0.0
13442,4,0.0
13442,5,0.0
13442,6,0.0
13442,7,0.5
13442,8,0.0
13442,9,0.0
13442,10,0.0
13442,11,0.0
13442,12,0.0
13458,1,0.0
13458,2,0.0
13458,3,0.0
13458,4,0.0
13458,5,0.0
13458,6,0.0
13458,7,0.0
13458,8,0.0
13458,9,0.0
13458,10,0.0
13458,11,0.5
13458,12,0.0
13468,1,0.0
13468,2,0.0
13468,3,0.0
13468,4,0.0
13468,5,0.0
13468,6,0.0
13468,7,0.0
13468,8,0.0
13468,9,0.0
13468,10,0.0
13468,11,0.0
13468,12,0.0
13473,1,0.0
13473,2,0.0
13473,3,0.0
13473,4,0.0
13473,5,0.0
13473,6,0.0
13473,7,0.5
13473,8,0.0
13473,9,0.0
13473,10,0.0
13473,11,0.0
13473,12,0.0
13490,1,0.0
13490,2,0.0
13490,3,0.5
13490,4,0.0
13490,5,0.0
13490,6,0.0
13490,7,0.5
13490,8,0.0
13490,9,0.0
13490,10,0.5
13490,11,0.0
13490,12,0.0
13549,1,0.0
13549,2,0.0
13549,3,0.0
13549,4,0.0
13549,5,0.0
13549,6,0.0
13549,7,0.0
13549,8,0.0
13549,9,0.0
13549,10,0.0
13549,11,0.0
13549,12,0.0
13580,1,0.0
13580,2,0.5
13580,3,0.0
13580,4,0.0
13580,5,0.0
13580,6,0.0
13580,7,0.5
13580,8,0.0
13580,9,0.0
13580,10,0.0
13580,11,0.0
13580,12,0.0
13600,1,0.0
13600,2,0.0
13600,3,0.5
13600,4,0.0
13600,5,0.0
13600,6,0.0
13600,7,0.0
13600,8,0.0
13600,9,0.0
13600,10,0.0
13600,11,0.0
13600,12,0.0
13620,1,0.0
13620,2,0.0
13620,3,0.0
13620,4,0.0
13620,5,0.0
13620,6,0.0
13620,7,0.0
13620,8,0.0
13620,9,0.0
13620,10,0.0
13620,11,0.0
13620,12,0.0
13647,1,0.0
13647,2,0.0
13647,3,0.0
13647,4,0.0
13647,5,0.0
13647,6,0.0
13647,7,0.5
13647,8,0.0
13647,9,0.0
13647,10,0.0
13647,11,0.0
13647,12,0.0
13650,1,0.0
13650,2,0.0
13650,3,0.0
13650,4,0.0
13650,5,0.0
13650,6,0.0
13650,7,0.0
13650,8,0.0
13650,9,0.0
13650,10,0.5
13650,11,0.0
13650,12,0.0
13654,1,0.0
13654,2,0.0
13654,3,0.0
13654,4,0.0
13654,5,0.0
13654,6,0.0
13654,7,1.0
13654,8,0.0
13654,9,0.0
13654,10,0.0
13654,11,0.0
13654,12,0.0
13655,1,0.0
13655,2,0.0
13655,3,0.0
13655,4,0.0
13655,5,0.5
13655,6,0.0
13655,7,0.5
13655,8,0.0
13655,9,0.0
13655,10,0.0
13655,11,0.5
13655,12,0.0
13657,1,0.0
13657,2,0.0
13657,3,0.5
13657,4,0.0
13657,5,0.5
13657,6,0.0
13657,7,0.5
13657,8,0.5
13657,9,0.0
13657,10,0.0
13657,11,0.0
13657,12,0.0
13667,1,0.0
13667,2,0.0
13667,3,0.0
13667,4,0.0
13667,5,0.0
13667,6,0.0
13667,7,0.5
13667,8,0.0
13667,9,0.0
13667,10,0.5
13667,11,0.0
13667,12,0.0
13670,1,0.5
13670,2,0.0
13670,3,0.0
13670,4,0.0
13670,5,0.0
13670,6,0.0
13670,7,0.0
13670,8,0.0
13670,9,0.0
13670,10,0.0
13670,11,0.0
13670,12,0.0
13673,1,0.0
13673,2,0.5
13673,3,0.0
13673,4,0.0
13673,5,0.0
13673,6,0.0
13673,7,0.5
13673,8,0.0
13673,9,0.0
13673,10,0.0
13673,11,0.0
13673,12,0.0
13683,1,0.0
13683,2,0.0
13683,3,0.0
13683,4,0.0
13683,5,0.0
13683,6,0.0
13683,7,0.5
13683,8,0.0
13683,9,0.0
13683,10,0.0
13683,11,0.0
13683,12,0.0
13688,1,0.5
13688,2,0.0
13688,3,0.0
13688,4,0.0
13688,5,0.0
13688,6,0.0
13688,7,0.0
13688,8,0.5
13688,9,0.0
13688,10,0.0
13688,11,0.0
13688,12,0.0
13744,1,0.0
13744,2,0.0
13744,3,0.0
13744,4,0.0
13744,5,0.0
13744,6,0.0
13744,7,0.0
13744,8,0.0
13744,9,0.0
13744,10,0.0
13744,11,0.0
13744,12,0.0
13760,1,0.0
13760,2,0.0
13760,3,0.0
13760,4,0.0
13760,5,0.0
13760,6,0.0
13760,7,0.0
13760,8,0.0
13760,9,0.0
13760,10,0.0
13760,11,0.0
13760,12,0.0
13780,1,0.0
13780,2,0.0
13780,3,0.0
13780,4,0.0
13780,5,0.0
13780,6,0.5
13780,7,0.0
13780,8,0.0
13780,9,0.0
13780,10,0.0
13780,11,0.0
13780,12,0.0
13810,1,0.0
13810,2,0.0
13810,3,0.0
13810,4,0.0
13810,5,0.0
13810,6,0.0
13810,7,0.0
13810,8,0.0
13810,9,0.0
13810,10,0.0
13810,11,0.0
13810,12,0.0
13836,1,0.0
13836,2,0.0
13836,3,0.0
13836,4,0.0
13836,5,1.0
13836,6,0.0
13836,7,0.5
13836,8,0.0
13836,9,0.0
13836,10,0.0
13836,11,0.0
13836,12,0.0
13838,1,0.0
13838,2,0.0
13838,3,0.0
13838,4,0.0
13838,5,0.0
13838,6,0.0
13838,7,0.0
13838,8,0.0
13838,9,0.0
13838,10,0.0
13838,11,0.0
13838,12,0.0
13873,1,0.0
13873,2,0.0
13873,3,0.5
13873,4,0.5
13873,5,0.0
13873,6,0.0
13873,7,0.0
13873,8,0.5
13873,9,0.0
13873,10,0.0
13873,11,0.0
13873,12,0.0
13894,1,0.0
13894,2,0.5
13894,3,0.0
13894,4,0.0
13894,5,0.0
13894,6,0.0
13894,7,0.5
13894,8,0.0
13894,9,0.0
13894,10,0.0
13894,11,0.0
13894,12,0.0
15001,1,0.0
15001,2,1.0
15001,3,1.0
15001,4,0.0
15001,5,0.5
15001,6,0.0
15001,7,0.0
15001,8,0.0
15001,9,0.5
15001,10,0.0
15001,11,0.0
15001,12,0.0
15022,1,0.0
15022,2,0.5
15022,3,0.5
15022,4,0.0
15022,5,0.0
15022,6,0.0
15022,7,0.0
15022,8,0.0
15022,9,0.0
15022,10,0.0
15022,11,0.0
15022,12,0.0
15047,1,1.0
15047,2,1.0
15047,3,1.0
15047,4,1.0
15047,5,0.5
15047,6,0.5
15047,7,0.5
15047,8,0.0
15047,9,0.0
15047,10,0.0
15047,11,0.0
15047,12,0.0
15051,1,0.5
15051,2,0.0
15051,3,0.0
15051,4,0.0
15051,5,0.0
15051,6,0.0
15051,7,0.0
15051,8,0.0
15051,9,0.0
15051,10,0.0
15051,11,0.0
15051,12,0.0
15087,1,0.0
15087,2,0.0
15087,3,0.0
15087,4,0.0
15087,5,0.5
15087,6,0.0
15087,7,0.0
15087,8,0.0
15087,9,0.0
15087,10,0.5
15087,11,0.5
15087,12,0.0
15090,1,0.0
15090,2,0.0
15090,3,0.5
15090,4,0.0
15090,5,0.0
15090,6,0.0
15090,7,0.0
15090,8,0.0
15090,9,0.0
15090,10,0.0
15090,11,0.0
15090,12,0.0
15092,1,0.0
15092,2,0.0
15092,3,0.0
15092,4,0.0
15092,5,0.0
15092,6,0.0
15092,7,0.0
15092,8,0.0
15092,9,0.0
15092,10,0.0
15092,11,0.0
15092,12,0.0
15097,1,0.0
15097,2,1.0
15097,3,0.0
15097,4,0.0
15097,5,0.0
15097,6,0.0
15097,7,0.0
15097,8,0.5
15097,9,0.5
15097,10,0.5
15097,11,0.0
15097,12,0.0
15104,1,0.0
15104,2,0.5
15104,3,0.0
15104,4,0.0
15104,5,0.0
15104,6,0.0
15104,7,0.0
15104,8,0.0
15104,9,0.0
15104,10,0.0
15104,11,0.0
15104,12,0.0
15106,1,0.0
15106,2,0.0
15106,3,0.0
15106,4,0.0
15106,5,0.0
15106,6,0.0
15106,7,0.0
15106,8,0.0
15106,9,0.0
15106,10,0.0
15106,11,0.0
15106,12,0.0
15109,1,0.0
15109,2,0.0
15109,3,0.0
15109,4,0.5
15109,5,0.0
15109,6,0.0
15109,7,0.0
15109,8,0.5
15109,9,0.5
15109,10,0.0
15109,11,0.0
15109,12,0.0
15114,1,0.0
15114,2,0.5
15114,3,0.0
15114,4,0.0
15114,5,0.0
15114,6,0.0
15114,7,0.0
15114,8,0.0
15114,9,0.0
15114,10,0.0
15114,11,0.0
15114,12,0.0
15131,1,0.0
15131,2,0.0
15131,3,0.0
15131,4,0.0
15131,5,0.0
15131,6,0.0
15131,7,0.5
15131,8,0.0
15131,9,0.0
15131,10,0.0
15131,11,0.0
15131,12,0.0
15135,1,0.0
15135,2,0.0
15135,3,0.0
15135,4,0.0
15135,5,0.0
15135,6,0.0
15135,7,0.0
15135,8,0.0
15135,9,0.0
15135,10,0.0
15135,11,0.0
15135,12,0.0
15162,1,0.5
15162,2,0.0
15162,3,0.0
15162,4,0.0
15162,5,0.0
15162,6,0.0
15162,7,0.0
15162,8,0.0
15162,9,0.0
15162,10,0.0
15162,11,0.0
15162,12,0.5
15172,1,0.5
15172,2,1.0
15172,3,0.0
15172,4,0.0
15172,5,0.0
15172,6,0.0
15172,7,0.0
15172,8,0.0
15172,9,0.0
15172,10,0.0
15172,11,0.0
15172,12,0.0
15176,1,0.5
15176,2,0.0
15176,3,0.5
15176,4,0.0
15176,5,0.0
15176,6,0.0
15176,7,0.0
15176,8,0.5
15176,9,1.0
15176,10,0.0
15176,11,0.5
15176,12,0.0
15180,1,0.0
15180,2,0.0
15180,3,0.0
15180,4,0.0
15180,5,0.0
15180,6,0.0
15180,7,0.0
15180,8,0.0
15180,9,0.0
15180,10,0.0
15180,11,0.0
15180,12,0.0
15183,1,0.5
15183,2,0.0
15183,3,0.0
15183,4,0.0
15183,5,0.5
15183,6,0.0
15183,7,0.0
15183,8,0.0
15183,9,0.0
15183,10,0.0
15183,11,0.0
15183,12,0.0
15185,1,0.0
15185,2,0.0
15185,3,0.0
15185,4,0.0
15185,5,0.0
15185,6,0.0
15185,7,0.0
15185,8,0.0
15185,9,0.0
15185,10,0.0
15185,11,0.0
15185,12,0.0
15187,1,0.0
15187,2,0.0
15187,3,0.0
15187,4,0.0
15187,5,0.5
15187,6,0.0
15187,7,0.0
15187,8,0.0
15187,9,0.0
15187,10,0.0
15187,11,0.0
15187,12,0.0
15189,1,0.0
15189,2,0.0
15189,3,0.0
15189,4,0.0
15189,5,0.0
15189,6,0.0
15189,7,0.0
15189,8,0.0
15189,9,0.0
15189,10,0.0
15189,11,0.0
15189,12,0.0
15204,1,0.0
15204,2,0.5
15204,3,0.5
15204,4,0.0
15204,5,0.0
15204,6,0.0
15204,7,0.0
15204,8,0.0
15204,9,0.5
15204,10,0.0
15204,11,0.0
15204,12,0.0
15212,1,0.5
15212,2,0.0
15212,3,0.0
15212,4,0.5
15212,5,0.0
15212,6,0.0
15212,7,0.5
15212,8,0.5
15212,9,0.5
15212,10,0.5
15212,11,0.0
15212,12,0.0
15215,1,0.5
15215,2,0.0
15215,3,0.5
15215,4,0.0
15215,5,0.0
15215,6,0.5
15215,7,0.0
15215,8,0.0
15215,9,0.5
15215,10,0.0
15215,11,0.0
15215,12,0.0
15218,1,0.5
15218,2,0.0
15218,3,0.5
15218,4,0.0
15218,5,0.0
15218,6,0.0
15218,7,0.0
15218,8,0.0
15218,9,0.5
15218,10,0.0
15218,11,0.0
15218,12,0.0
15223,1,0.0
15223,2,0.0
15223,3,0.0
15223,4,0.0
15223,5,0.5
15223,6,0.0
15223,7,0.0
15223,8,0.0
15223,9,0.0
15223,10,0.0
15223,11,0.0
15223,12,0.0
15224,1,0.0
15224,2,0.0
15224,3,0.0
15224,4,0.5
15224,5,0.0
15224,6,0.0
15224,7,0.0
15224,8,0.0
15224,9,0.0
15224,10,0.0
15224,11,0.0
15224,12,0.0
15226,1,0.0
15226,2,0.5
15226,3,0.5
15226,4,0.0
15226,5,0.0
15226,6,0.0
15226,7,0.0
15226,8,0.0
15226,9,0.0
15226,10,0.0
15226,11,0.0
15226,12,0.5
15232,1,0.0
15232,2,0.5
15232,3,0.5
15232,4,0.0
15232,5,0.0
15232,6,0.0
15232,7,0.0
15232,8,0.0
15232,9,0.0
15232,10,0.0
15232,11,0.0
15232,12,0.0
15236,1,0.0
15236,2,1.0
15236,3,0.0
15236,4,0.0
15236,5,0.0
15236,6,0.0
15236,7,0.0
15236,8,0.0
15236,9,0.0
15236,10,0.0
15236,11,0.0
15236,12,0.0
15238,1,0.5
15238,2,1.0
15238,3,0.5
15238,4,1.0
15238,5,0.0
15238,6,0.0
15238,7,0.0
15238,8,0.0
15238,9,0.5
15238,10,0.0
15238,11,0.0
15238,12,0.5
15244,1,0.0
15244,2,0.0
15244,3,0.0
15244,4,0.0
15244,5,0.0
15244,6,0.0
15244,7,0.0
15244,8,0.0
15244,9,0.0
15244,10,0.0
15244,11,0.0
15244,12,0.0
15248,1,0.0
15248,2,0.0
15248,3,0.0
15248,4,0.0
15248,5,0.0
15248,6,0.0
15248,7,0.0
15248,8,0.0
15248,9,0.0
15248,10,0.0
15248,11,0.0
15248,12,0.0
15272,1,0.0
15272,2,0.5
15272,3,0.0
15272,4,0.0
15272,5,0.0
15272,6,0.0
15272,7,0.5
15272,8,0.0
15272,9,0.5
15272,10,0.0
15272,11,0.0
15272,12,0.0
15276,1,0.0
15276,2,0.5
15276,3,0.0
15276,4,0.0
15276,5,0.0
15276,6,0.0
15276,7,0.0
15276,8,0.5
15276,9,0.5
15276,10,0.0
15276,11,0.0
15276,12,0.0
15293,1,0.0
15293,2,0.0
15293,3,0.0
15293,4,0.0
15293,5,0.0
15293,6,0.0
15293,7,0.0
15293,8,0.5
15293,9,1.0
15293,10,0.0
15293,11,0.0
15293,12,0.0
15296,1,1.0
15296,2,0.0
15296,3,0.5
15296,4,0.0
15296,5,0.0
15296,6,0.5
15296,7,1.0
15296,8,0.0
15296,9,0.0
15296,10,0.0
15296,11,0.0
15296,12,0.0
15299,1,0.0
15299,2,1.0
15299,3,0.5
15299,4,0.0
15299,5,0.0
15299,6,0.5
15299,7,0.0
15299,8,0.0
15299,9,0.0
15299,10,0.0
15299,11,0.0
15299,12,0.0
15317,1,0.0
15317,2,0.0
15317,3,0.5
15317,4,0.0
15317,5,0.0
15317,6,0.0
15317,7,0.5
15317,8,0.0
15317,9,0.0
15317,10,0.0
15317,11,0.0
15317,12,0.0
15322,1,0.5
15322,2,0.5
15322,3,0.0
15322,4,0.0
15322,5,0.0
15322,6,0.0
15322,7,0.0
15322,8,0.0
15322,9,0.0
15322,10,0.0
15322,11,0.5
15322,12,0.5
15325,1,0.0
15325,2,0.0
15325,3,0.0
15325,4,0.0
15325,5,0.0
15325,6,0.0
15325,7,0.0
15325,8,0.0
15325,9,0.0
15325,10,0.0
15325,11,0.0
15325,12,0.0
15332,1,0.0
15332,2,0.0
15332,3,0.0
15332,4,0.5
15332,5,0.0
15332,6,0.0
15332,7,0.0
15332,8,0.0
15332,9,0.0
15332,10,0.0
15332,11,0.0
15332,12,0.0
15362,1,0.0
15362,2,0.0
15362,3,0.0
15362,4,0.0
15362,5,0.0
15362,6,0.0
15362,7,0.0
15362,8,0.0
15362,9,0.0
15362,10,0.0
15362,11,0.0
15362,12,0.0
15367,1,0.0
15367,2,0.0
15367,3,0.0
15367,4,0.0
15367,5,0.0
15367,6,0.0
15367,7,0.0
15367,8,0.0
15367,9,0.0
15367,10,0.0
15367,11,0.0
15367,12,0.0
15368,1,0.0
15368,2,0.0
15368,3,0.0
15368,4,0.0
15368,5,0.0
15368,6,0.0
15368,7,0.0
15368,8,0.0
15368,9,0.0
15368,10,0.0
15368,11,0.0
15368,12,0.0
15377,1,0.0
15377,2,0.0
15377,3,0.5
15377,4,0.0
15377,5,0.0
15377,6,0.0
15377,7,0.5
15377,8,0.0
15377,9,0.0
15377,10,0.0
15377,11,0.0
15377,12,0.0
15380,1,0.0
15380,2,0.5
15380,3,0.0
15380,4,0.0
15380,5,0.0
15380,6,0.0
15380,7,0.0
15380,8,0.0
15380,9,0.0
15380,10,0.0
15380,11,0.0
15380,12,0.0
15401,1,0.0
15401,2,0.0
15401,3,0.0
15401,4,0.0
15401,5,0.0
15401,6,0.0
15401,7,0.0
15401,8,0.0
15401,9,0.0
15401,10,0.0
15401,11,0.0
15401,12,0.0
15403,1,0.0
15403,2,0.0
15403,3,0.0
15403,4,0.0
15403,5,0.0
15403,6,0.5
15403,7,0.5
15403,8,0.0
15403,9,0.0
15403,10,0.0
15403,11,0.0
15403,12,0.0
15407,1,0.0
15407,2,0.0
15407,3,0.0
15407,4,0.0
15407,5,0.0
15407,6,0.0
15407,7,0.0
15407,8,1.0
15407,9,1.0
15407,10,0.0
15407,11,0.0
15407,12,0.0
15425,1,0.0
15425,2,0.0
15425,3,0.0
15425,4,0.0
15425,5,0.0
15425,6,0.0
15425,7,0.5
15425,8,0.0
15425,9,0.0
15425,10,0.0
15425,11,0.0
15425,12,0.0
15442,1,0.0
15442,2,0.0
15442,3,0.0
15442,4,0.0
15442,5,0.0
15442,6,0.0
15442,7,0.0
15442,8,0.5
15442,9,0.5
15442,10,0.0
15442,11,0.0
15442,12,0.0
15455,1,0.0
15455,2,0.5
15455,3,0.0
15455,4,0.0
15455,5,0.0
15455,6,0.5
15455,7,0.0
15455,8,0.0
15455,9,0.0
15455,10,0.0
15455,11,0.0
15455,12,0.0
15464,1,0.0
15464,2,0.5
15464,3,0.0
15464,4,0.0
15464,5,0.5
15464,6,0.0
15464,7,0.0
15464,8,0.0
15464,9,0.0
15464,10,0.0
15464,11,0.0
15464,12,0.0
15466,1,0.0
15466,2,0.5
15466,3,0.0
15466,4,0.0
15466,5,0.0
15466,6,0.5
15466,7,0.0
15466,8,0.0
15466,9,0.0
15466,10,0.0
15466,11,0.0
15466,12,0.0
15469,1,0.0
15469,2,0.0
15469,3,0.0
15469,4,0.0
15469,5,0.0
15469,6,0.0
15469,7,0.0
15469,8,0.0
15469,9,0.5
15469,10,0.0
15469,11,0.0
15469,12,0.5
15476,1,0.0
15476,2,0.0
15476,3,0.0
15476,4,0.0
15476,5,0.0
15476,6,0.0
15476,7,0.0
15476,8,0.0
15476,9,0.5
15476,10,0.5
15476,11,0.0
15476,12,0.0
15480,1,0.0
15480,2,0.0
15480,3,0.0
15480,4,0.0
15480,5,0.0
15480,6,0.0
15480,7,0.5
15480,8,0.0
15480,9,0.0
15480,10,0.0
15480,11,0.0
15480,12,0.0
15491,1,0.5
15491,2,0.5
15491,3,0.5
15491,4,0.5
15491,5,0.5
15491,6,0.0
15491,7,0.0
15491,8,0.5
15491,9,0.5
15491,10,0.5
15491,11,0.0
15491,12,0.0
15494,1,0.0
15494,2,0.0
15494,3,0.0
15494,4,0.0
15494,5,0.0
15494,6,0.0
15494,7,0.0
15494,8,0.0
15494,9,0.0
15494,10,0.0
15494,11,0.0
15494,12,0.0
15500,1,0.0
15500,2,0.0
15500,3,0.0
15500,4,0.0
15500,5,0.0
15500,6,0.0
15500,7,0.0
15500,8,0.5
15500,9,0.0
15500,10,0.0
15500,11,0.0
15500,12,0.0
15507,1,0.0
15507,2,0.0
15507,3,0.0
15507,4,0.0
15507,5,0.5
15507,6,0.0
15507,7,0.0
15507,8,0.0
15507,9,0.5
15507,10,0.0
15507,11,0.0
15507,12,0.0
15511,1,0.0
15511,2,0.5
15511,3,0.0
15511,4,0.0
15511,5,0.0
15511,6,0.0
15511,7,0.0
15511,8,0.0
15511,9,0.0
15511,10,0.0
15511,11,0.0
15511,12,0.0
15514,1,0.0
15514,2,0.0
15514,3,0.0
15514,4,0.0
15514,5,0.0
15514,6,0.0
15514,7,0.0
15514,8,0.0
15514,9,0.0
15514,10,0.0
15514,11,0.0
15514,12,0.5
15516,1,0.0
15516,2,1.0
15516,3,0.0
15516,4,0.5
15516,5,0.0
15516,6,0.0
15516,7,1.0
15516,8,0.0
15516,9,0.5
15516,10,1.0
15516,11,0.0
15516,12,1.0
15518,1,0.0
15518,2,0.0
15518,3,0.0
15518,4,0.0
15518,5,0.0
15518,6,0.0
15518,7,0.5
15518,8,0.0
15518,9,0.0
15518,10,0.0
15518,11,0.0
15518,12,0.0
15522,1,0.0
15522,2,0.0
15522,3,0.0
15522,4,0.0
15522,5,0.0
15522,6,0.0
15522,7,0.0
15522,8,0.0
15522,9,0.0
15522,10,0.0
15522,11,0.0
15522,12,0.0
15531,1,0.0
15531,2,0.0
15531,3,0.0
15531,4,0.5
15531,5,0.0
15531,6,0.0
15531,7,0.5
15531,8,0.0
15531,9,0.0
15531,10,0.0
15531,11,0.0
15531,12,0.0
15533,1,0.0
15533,2,0.0
15533,3,0.0
15533,4,0.0
15533,5,0.0
15533,6,0.0
15533,7,0.0
15533,8,0.5
15533,9,0.0
15533,10,0.0
15533,11,0.0
15533,12,0.0
15537,1,0.0
15537,2,0.0
15537,3,0.0
15537,4,0.0
15537,5,1.0
15537,6,0.0
15537,7,0.5
15537,8,0.0
15537,9,0.0
15537,10,0.0
15537,11,0.0
15537,12,0.0
15542,1,0.0
15542,2,0.0
15542,3,0.0
15542,4,0.5
15542,5,0.0
15542,6,0.0
15542,7,0.0
15542,8,0.0
15542,9,0.5
15542,10,0.5
15542,11,0.0
15542,12,0.0
15550,1,0.0
15550,2,0.0
15550,3,0.0
15550,4,0.0
15550,5,0.0
15550,6,0.0
15550,7,0.0
15550,8,0.0
15550,9,0.0
15550,10,0.0
15550,11,0.0
15550,12,0.0
15572,1,0.0
15572,2,0.0
15572,3,0.5
15572,4,0.5
15572,5,0.5
15572,6,0.0
15572,7,1.0
15572,8,0.5
15572,9,0.5
15572,10,0.0
15572,11,0.0
15572,12,0.0
15580,1,0.0
15580,2,0.5
15580,3,0.5
15580,4,0.5
15580,5,0.5
15580,6,0.0
15580,7,0.0
15580,8,0.0
15580,9,0.5
15580,10,0.0
15580,11,0.0
15580,12,0.0
15599,1,0.0
15599,2,0.5
15599,3,0.0
15599,4,0.0
15599,5,0.0
15599,6,0.5
15599,7,0.0
15599,8,0.0
15599,9,0.0
15599,10,0.5
15599,11,0.0
15599,12,0.0
15600,1,0.0
15600,2,0.0
15600,3,0.0
15600,4,0.0
15600,5,0.5
15600,6,0.0
15600,7,0.5
15600,8,1.0
15600,9,1.0
15600,10,0.0
15600,11,0.0
15600,12,0.5
15621,1,0.0
15621,2,0.0
15621,3,0.0
15621,4,0.0
15621,5,0.0
15621,6,0.0
15621,7,0.0
15621,8,0.0
15621,9,0.0
15621,10,0.0
15621,11,0.0
15621,12,0.0
15632,1,0.0
15632,2,0.0
15632,3,0.0
15632,4,0.0
15632,5,0.0
15632,6,0.0
15632,7,0.0
15632,8,0.0
15632,9,0.0
15632,10,0.5
15632,11,0.0
15632,12,0.0
15638,1,0.0
15638,2,0.5
15638,3,0.0
15638,4,0.0
15638,5,0.0
15638,6,0.5
15638,7,0.5
15638,8,0.0
15638,9,1.0
15638,10,0.5
15638,11,0.0
15638,12,0.5
15646,1,0.0
15646,2,0.5
15646,3,0.0
15646,4,1.0
15646,5,0.5
15646,6,0.5
15646,7,0.5
15646,8,1.0
15646,9,1.0
15646,10,0.0
15646,11,0.5
15646,12,0.5
15660,1,0.0
15660,2,0.0
15660,3,0.5
15660,4,0.5
15660,5,0.0
15660,6,0.0
15660,7,0.0
15660,8,0.0
15660,9,0.0
15660,10,0.0
15660,11,0.0
15660,12,0.0
15664,1,0.0
15664,2,0.5
15664,3,0.0
15664,4,0.0
15664,5,0.0
15664,6,0.0
15664,7,0.0
15664,8,0.0
15664,9,0.0
15664,10,0.0
15664,11,0.0
15664,12,0.0
15667,1,0.0
15667,2,0.0
15667,3,0.0
15667,4,0.5
15667,5,0.0
15667,6,0.5
15667,7,0.0
15667,8,0.0
15667,9,0.0
15667,10,0.0
15667,11,0.0
15667,12,0.0
15673,1,0.5
15673,2,0.0
15673,3,0.5
15673,4,0.0
15673,5,0.0
15673,6,0.0
15673,7,0.0
15673,8,0.0
15673,9,0.5
15673,10,0.0
15673,11,0.0
15673,12,0.0
15676,1,0.0
15676,2,0.5
15676,3,0.0
15676,4,0.0
15676,5,0.0
15676,6,0.0
15676,7,0.0
15676,8,0.5
15676,9,0.5
15676,10,0.0
15676,11,0.0
15676,12,0.0
15681,1,0.0
15681,2,0.0
15681,3,0.0
15681,4,0.0
15681,5,0.0
15681,6,0.0
15681,7,0.0
15681,8,0.0
15681,9,0.0
15681,10,0.0
15681,11,0.0
15681,12,0.0
15686,1,0.0
15686,2,0.0
15686,3,0.0
15686,4,0.0
15686,5,0.0
15686,6,0.0
15686,7,0.0
15686,8,0.5
15686,9,0.0
15686,10,0.0
15686,11,0.0
15686,12,0.0
15690,1,0.0
15690,2,0.0
15690,3,0.0
15690,4,0.0
15690,5,0.0
15690,6,0.5
15690,7,0.0
15690,8,0.0
15690,9,0.0
15690,10,0.0
15690,11,0.0
15690,12,0.0
15693,1,0.5
15693,2,0.5
15693,3,0.5
15693,4,0.0
15693,5,0.0
15693,6,0.0
15693,7,0.0
15693,8,0.0
15693,9,0.0
15693,10,0.0
15693,11,0.0
15693,12,0.0
15696,1,0.0
15696,2,0.5
15696,3,0.0
15696,4,0.0
15696,5,0.0
15696,6,0.0
15696,7,0.0
15696,8,0.0
15696,9,1.0
15696,10,0.0
15696,11,0.0
15696,12,0.0
15720,1,0.0
15720,2,0.5
15720,3,0.0
15720,4,0.0
15720,5,0.5
15720,6,0.0
15720,7,0.0
15720,8,0.0
15720,9,0.5
15720,10,0.0
15720,11,0.0
15720,12,0.0
15723,1,0.0
15723,2,0.0
15723,3,0.0
15723,4,0.0
15723,5,0.0
15723,6,0.0
15723,7,0.0
15723,8,0.0
15723,9,0.0
15723,10,0.0
15723,11,0.0
15723,12,0.0
15740,1,0.0
15740,2,0.5
15740,3,0.0
15740,4,0.0
15740,5,0.0
15740,6,0.0
15740,7,0.0
15740,8,0.0
15740,9,0.0
15740,10,0.0
15740,11,0.0
15740,12,0.0
15753,1,0.5
15753,2,0.0
15753,3,0.0
15753,4,0.5
15753,5,0.5
15753,6,0.0
15753,7,0.5
15753,8,0.0
15753,9,1.0
15753,10,0.0
15753,11,0.0
15753,12,0.0
15755,1,0.0
15755,2,0.5
15755,3,0.0
15755,4,0.0
15755,5,0.5
15755,6,0.5
15755,7,0.0
15755,8,0.0
15755,9,0.0
15755,10,0.0
15755,11,0.0
15755,12,0.0
15757,1,0.0
15757,2,0.0
15757,3,0.0
15757,4,0.0
15757,5,0.0
15757,6,0.5
15757,7,0.0
15757,8,0.0
15757,9,0.0
15757,10,0.0
15757,11,0.0
15757,12,0.5
15759,1,1.0
15759,2,1.0
15759,3,0.5
15759,4,0.0
15759,5,0.0
15759,6,0.5
15759,7,0.0
15759,8,0.5
15759,9,0.5
15759,10,0.5
15759,11,0.5
15759,12,0.5
15761,1,0.5
15761,2,1.0
15761,3,0.5
15761,4,0.0
15761,5,0.0
15761,6,0.0
15761,7,0.0
15761,8,0.0
15761,9,0.0
15761,10,0.0
15761,11,0.0
15761,12,0.0
15762,1,0.0
15762,2,0.0
15762,3,0.0
15762,4,0.0
15762,5,0.0
15762,6,0.0
15762,7,0.0
15762,8,0.0
15762,9,0.0
15762,10,0.0
15762,11,0.0
15762,12,0.0
15763,1,0.5
15763,2,1.0
15763,3,0.0
15763,4,0.0
15763,5,0.0
15763,6,0.0
15763,7,0.0
15763,8,0.0
15763,9,1.0
15763,10,0.0
15763,11,0.0
15763,12,0.0
15764,1,0.0
15764,2,0.5
15764,3,0.0
15764,4,0.0
15764,5,0.0
15764,6,0.0
15764,7,0.0
15764,8,0.0
15764,9,0.0
15764,10,0.0
15764,11,0.0
15764,12,0.0
15774,1,0.0
15774,2,0.0
15774,3,0.0
15774,4,0.0
15774,5,0.0
15774,6,0.0
15774,7,0.5
15774,8,0.0
15774,9,1.0
15774,10,0.5
15774,11,0.0
15774,12,0.5
15776,1,0.0
15776,2,0.0
15776,3,0.0
15776,4,0.0
15776,5,0.0
15776,6,0.0
15776,7,0.0
15776,8,0.0
15776,9,1.0
15776,10,0.0
15776,11,0.0
15776,12,0.0
15778,1,0.0
15778,2,0.5
15778,3,0.5
15778,4,0.5
15778,5,0.0
15778,6,0.0
15778,7,0.0
15778,8,0.0
15778,9,0.0
15778,10,0.0
15778,11,0.0
15778,12,0.0
15790,1,0.5
15790,2,0.0
15790,3,0.0
15790,4,0.0
15790,5,0.0
15790,6,0.0
15790,7,0.0
15790,8,0.0
15790,9,0.0
15790,10,0.0
15790,11,0.0
15790,12,0.0
15798,1,0.0
15798,2,0.0
15798,3,0.5
15798,4,0.0
15798,5,0.0
15798,6,0.0
15798,7,0.0
15798,8,0.0
15798,9,0.0
15798,10,0.0
15798,11,0.0
15798,12,0.0
15804,1,0.5
15804,2,1.0
15804,3,0.5
15804,4,0.0
15804,5,0.5
15804,6,0.0
15804,7,0.0
15804,8,0.0
15804,9,0.0
15804,10,0.0
15804,11,0.0
15804,12,0.0
15806,1,1.0
15806,2,0.0
15806,3,1.0
15806,4,0.0
15806,5,0.5
15806,6,0.0
15806,7,0.5
15806,8,0.5
15806,9,0.5
15806,10,0.0
15806,11,0.0
15806,12,0.5
15808,1,0.0
15808,2,0.5
15808,3,0.0
15808,4,0.0
15808,5,0.0
15808,6,0.5
15808,7,0.0
15808,8,1.0
15808,9,0.0
15808,10,0.0
15808,11,0.0
15808,12,0.5
15810,1,0.0
15810,2,0.0
15810,3,0.0
15810,4,0.0
15810,5,0.0
15810,6,0.0
15810,7,0.0
15810,8,0.0
15810,9,0.0
15810,10,0.0
15810,11,0.0
15810,12,0.0
15814,1,0.0
15814,2,0.0
15814,3,0.0
15814,4,0.0
15814,5,0.0
15814,6,0.0
15814,7,0.0
15814,8,0.0
15814,9,0.0
15814,10,0.0
15814,11,0.0
15814,12,0.0
15816,1,0.0
15816,2,0.0
15816,3,0.0
15816,4,0.0
15816,5,0.0
15816,6,0.0
15816,7,0.5
15816,8,0.0
15816,9,0.0
15816,10,0.0
15816,11,0.0
15816,12,0.0
15820,1,0.0
15820,2,0.0
15820,3,0.0
15820,4,0.0
15820,5,0.0
15820,6,0.0
15820,7,0.0
15820,8,0.0
15820,9,1.0
15820,10,0.0
15820,11,0.0
15820,12,0.0
15822,1,0.5
15822,2,0.0
15822,3,0.0
15822,4,0.0
15822,5,0.0
15822,6,0.0
15822,7,0.0
15822,8,0.0
15822,9,0.0
15822,10,0.0
15822,11,0.0
15822,12,0.0
15832,1,0.0
15832,2,0.0
15832,3,0.0
15832,4,0.0
15832,5,0.0
15832,6,0.0
15832,7,0.0
15832,8,0.0
15832,9,0.0
15832,10,0.0
15832,11,0.0
15832,12,0.0
15835,1,0.0
15835,2,0.5
15835,3,0.0
15835,4,0.0
15835,5,0.0
15835,6,0.0
15835,7,0.0
15835,8,0.0
15835,9,0.0
15835,10,0.0
15835,11,0.0
15835,12,0.0
15837,1,0.0
15837,2,0.5
15837,3,0.0
15837,4,0.0
15837,5,0.0
15837,6,0.0
15837,7,0.0
15837,8,0.0
15837,9,0.5
15837,10,0.0
15837,11,0.0
15837,12,0.0
15839,1,0.0
15839,2,0.0
15839,3,0.0
15839,4,0.0
15839,5,0.0
15839,6,0.0
15839,7,0.0
15839,8,0.0
15839,9,0.0
15839,10,0.0
15839,11,0.0
15839,12,0.0
15842,1,0.0
15842,2,0.5
15842,3,0.0
15842,4,0.0
15842,5,0.0
15842,6,0.5
15842,7,0.0
15842,8,0.0
15842,9,0.0
15842,10,0.0
15842,11,0.0
15842,12,0.0
15861,1,0.5
15861,2,0.0
15861,3,0.0
15861,4,0.0
15861,5,0.0
15861,6,0.0
15861,7,0.0
15861,8,0.0
15861,9,0.5
15861,10,0.0
15861,11,0.0
15861,12,0.0
15879,1,0.0
15879,2,0.5
15879,3,0.0
15879,4,0.0
15879,5,0.0
15879,6,0.0
15879,7,0.0
15879,8,0.0
15879,9,0.0
15879,10,0.0
15879,11,0.0
15879,12,0.0
15897,1,0.0
15897,2,0.5
15897,3,0.0
15897,4,0.0
15897,5,0.0
15897,6,0.0
15897,7,0.0
15897,8,0.0
15897,9,0.0
15897,10,0.0
15897,11,0.0
15897,12,0.0
17001,1,0.0
17001,2,0.5
17001,3,0.5
17001,4,0.5
17001,5,0.0
17001,6,0.0
17001,7,0.5
17001,8,0.5
17001,9,0.0
17001,10,0.5
17001,11,0.5
17001,12,0.0
17013,1,0.0
17013,2,0.5
17013,3,0.0
17013,4,0.0
17013,5,0.5
17013,6,0.0
17013,7,0.0
17013,8,0.5
17013,9,0.0
17013,10,0.0
17013,11,0.0
17013,12,0.0
17042,1,0.5
17042,2,0.5
17042,3,0.5
17042,4,0.0
17042,5,0.0
17042,6,0.5
17042,7,0.5
17042,8,0.5
17042,9,0.5
17042,10,0.0
17042,11,0.0
17042,12,0.0
17050,1,0.0
17050,2,0.0
17050,3,0.0
17050,4,0.0
17050,5,0.5
17050,6,0.0
17050,7,0.5
17050,8,0.0
17050,9,0.0
17050,10,0.0
17050,11,0.0
17050,12,0.0
17088,1,0.0
17088,2,0.0
17088,3,0.5
17088,4,0.0
17088,5,0.0
17088,6,0.0
17088,7,0.0
17088,8,0.0
17088,9,0.0
17088,10,0.0
17088,11,0.0
17088,12,0.0
17174,1,0.0
17174,2,0.5
17174,3,0.5
17174,4,0.0
17174,5,0.5
17174,6,0.0
17174,7,0.0
17174,8,0.0
17174,9,0.0
17174,10,0.0
17174,11,0.0
17174,12,0.0
17272,1,0.0
17272,2,0.0
17272,3,0.0
17272,4,0.5
17272,5,0.0
17272,6,0.0
17272,7,0.0
17272,8,1.0
17272,9,0.5
17272,10,0.0
17272,11,0.0
17272,12,0.5
17380,1,0.0
17380,2,0.0
17380,3,0.5
17380,4,0.0
17380,5,0.0
17380,6,0.0
17380,7,0.0
17380,8,1.0
17380,9,0.5
17380,10,0.0
17380,11,0.0
17380,12,0.0
17388,1,0.0
17388,2,0.5
17388,3,0.0
17388,4,1.0
17388,5,0.0
17388,6,0.0
17388,7,0.5
17388,8,0.5
17388,9,0.0
17388,10,0.0
17388,11,0.0
17388,12,0.0
17433,1,0.0
17433,2,0.0
17433,3,0.5
17433,4,0.5
17433,5,0.0
17433,6,0.0
17433,7,0.0
17433,8,0.0
17433,9,1.0
17433,10,0.0
17433,11,0.0
17433,12,0.5
17442,1,0.0
17442,2,0.0
17442,3,0.0
17442,4,0.0
17442,5,0.0
17442,6,0.0
17442,7,0.0
17442,8,0.5
17442,9,0.0
17442,10,0.0
17442,11,0.0
17442,12,0.0
17444,1,0.5
17444,2,0.0
17444,3,0.0
17444,4,0.0
17444,5,0.5
17444,6,0.0
17444,7,0.5
17444,8,0.5
17444,9,0.5
17444,10,0.0
17444,11,0.0
17444,12,0.0
17446,1,0.0
17446,2,0.0
17446,3,0.0
17446,4,0.0
17446,5,0.0
17446,6,0.0
17446,7,0.0
17446,8,0.5
17446,9,0.5
17446,10,0.0
17446,11,0.0
17446,12,0.0
17486,1,0.5
17486,2,0.0
17486,3,0.0
17486,4,0.0
17486,5,0.0
17486,6,0.0
17486,7,0.5
17486,8,0.5
17486,9,0.5
17486,10,0.0
17486,11,0.0
17486,12,0.0
17495,1,0.0
17495,2,0.0
17495,3,0.0
17495,4,0.0
17495,5,0.0
17495,6,0.0
17495,7,0.0
17495,8,0.0
17495,9,0.0
17495,10,0.0
17495,11,0.0
17495,12,0.0
17513,1,0.5
17513,2,0.0
17513,3,0.0
17513,4,0.0
17513,5,0.0
17513,6,0.0
17513,7,0.0
17513,8,0.0
17513,9,0.0
17513,10,0.0
17513,11,0.0
17513,12,0.0
17524,1,0.0
17524,2,0.0
17524,3,0.0
17524,4,0.0
17524,5,0.0
17524,6,0.0
17524,7,0.0
17524,8,0.5
17524,9,0.0
17524,10,0.0
17524,11,0.0
17524,12,0.0
17541,1,0.0
17541,2,0.0
17541,3,1.0
17541,4,0.0
17541,5,0.5
17541,6,0.5
17541,7,0.5
17541,8,0.0
17541,9,1.0
17541,10,0.0
17541,11,0.0
17541,12,0.5
17614,1,0.0
17614,2,0.5
17614,3,0.0
17614,4,0.0
17614,5,0.0
17614,6,0.0
17614,7,0.0
17614,8,0.5
17614,9,0.5
17614,10,0.0
17614,11,0.5
17614,12,0.5
17616,1,0.0
17616,2,0.5
17616,3,0.5
17616,4,0.0
17616,5,0.0
17616,6,0.0
17616,7,0.0
17616,8,0.0
17616,9,0.5
17616,10,0.0
17616,11,0.0
17616,12,0.0
17653,1,0.0
17653,2,0.0
17653,3,0.5
17653,4,0.0
17653,5,0.0
17653,6,0.0
17653,7,0.5
17653,8,0.5
17653,9,0.0
17653,10,0.0
17653,11,0.0
17653,12,0.0
17662,1,0.5
17662,2,0.0
17662,3,0.5
17662,4,0.0
17662,5,0.0
17662,6,0.5
17662,7,0.5
17662,8,0.5
17662,9,0.0
17662,10,0.0
17662,11,0.5
17662,12,0.0
17665,1,0.0
17665,2,0.0
17665,3,0.0
17665,4,0.0
17665,5,0.0
17665,6,0.0
17665,7,0.0
17665,8,0.0
17665,9,0.0
17665,10,0.0
17665,11,0.0
17665,12,0.0
17777,1,0.0
17777,2,0.0
17777,3,0.0
17777,4,0.0
17777,5,0.0
17777,6,0.0
17777,7,0.0
17777,8,0.0
17777,9,0.0
17777,10,0.0
17777,11,0.0
17777,12,0.0
17867,1,0.0
17867,2,0.0
17867,3,0.0
17867,4,0.0
17867,5,0.0
17867,6,0.0
17867,7,0.0
17867,8,0.0
17867,9,0.5
17867,10,0.0
17867,11,0.0
17867,12,0.0
17873,1,0.0
17873,2,0.5
17873,3,0.0
17873,4,0.5
17873,5,0.0
17873,6,0.0
17873,7,0.0
17873,8,0.0
17873,9,0.0
17873,10,0.0
17873,11,0.0
17873,12,1.0
17877,1,0.0
17877,2,0.0
17877,3,0.5
17877,4,0.0
17877,5,0.0
17877,6,0.0
17877,7,0.0
17877,8,0.0
17877,9,0.0
17877,10,0.0
17877,11,0.0
17877,12,0.0
18001,1,0.5
18001,2,1.0
18001,3,0.5
18001,4,1.0
18001,5,1.0
18001,6,1.0
18001,7,1.0
18001,8,0.5
18001,9,0.0
18001,10,0.0
18001,11,0.0
18001,12,0.0
18029,1,0.0
18029,2,0.0
18029,3,0.0
18029,4,0.0
18029,5,0.0
18029,6,0.0
18029,7,0.0
18029,8,0.0
18029,9,0.0
18029,10,0.0
18029,11,0.0
18029,12,0.0
18094,1,0.0
18094,2,0.5
18094,3,0.0
18094,4,0.5
18094,5,0.5
18094,6,0.0
18094,7,0.0
18094,8,0.0
18094,9,0.0
18094,10,0.0
18094,11,0.0
18094,12,0.0
18150,1,0.0
18150,2,0.0
18150,3,0.0
18150,4,0.0
18150,5,0.0
18150,6,0.5
18150,7,0.0
18150,8,0.0
18150,9,0.0
18150,10,0.0
18150,11,0.0
18150,12,0.0
18205,1,0.0
18205,2,0.0
18205,3,0.0
18205,4,0.0
18205,5,0.0
18205,6,0.0
18205,7,0.5
18205,8,0.0
18205,9,0.0
18205,10,0.0
18205,11,0.0
18205,12,0.0
18247,1,0.0
18247,2,0.0
18247,3,0.5
18247,4,0.5
18247,5,0.0
18247,6,0.0
18247,7,0.0
18247,8,0.0
18247,9,0.0
18247,10,0.0
18247,11,0.0
18247,12,0.0
18256,1,0.0
18256,2,0.5
18256,3,0.5
18256,4,0.0
18256,5,0.0
18256,6,0.0
18256,7,0.0
18256,8,0.0
18256,9,0.0
18256,10,0.0
18256,11,0.0
18256,12,0.0
18410,1,0.0
18410,2,0.0
18410,3,0.0
18410,4,0.5
18410,5,0.0
18410,6,0.0
18410,7,0.0
18410,8,0.0
18410,9,0.0
18410,10,0.0
18410,11,0.0
18410,12,0.0
18460,1,0.0
18460,2,0.0
18460,3,0.0
18460,4,0.0
18460,5,0.0
18460,6,0.0
18460,7,0.0
18460,8,0.0
18460,9,0.0
18460,10,0.0
18460,11,0.0
18460,12,0.0
18479,1,0.0
18479,2,0.0
18479,3,0.0
18479,4,0.0
18479,5,0.5
18479,6,0.0
18479,7,0.0
18479,8,0.0
18479,9,0.0
18479,10,0.0
18479,11,0.0
18479,12,0.0
18592,1,0.0
18592,2,0.0
18592,3,0.0
18592,4,0.5
18592,5,0.0
18592,6,0.5
18592,7,0.0
18592,8,0.0
18592,9,0.0
18592,10,0.0
18592,11,0.0
18592,12,0.0
18610,1,0.0
18610,2,0.5
18610,3,0.0
18610,4,1.0
18610,5,0.0
18610,6,0.0
18610,7,0.0
18610,8,0.0
18610,9,0.5
18610,10,0.0
18610,11,0.0
18610,12,0.0
18753,1,0.0
18753,2,0.5
18753,3,0.0
18753,4,0.5
18753,5,0.0
18753,6,0.5
18753,7,0.0
18753,8,0.0
18753,9,0.0
18753,10,0.0
18753,11,0.0
18753,12,0.0
18756,1,0.0
18756,2,0.0
18756,3,0.0
18756,4,0.5
18756,5,0.0
18756,6,0.5
18756,7,0.5
18756,8,0.0
18756,9,0.0
18756,10,0.0
18756,11,0.0
18756,12,0.0
18785,1,0.0
18785,2,0.0
18785,3,0.0
18785,4,0.0
18785,5,0.0
18785,6,0.5
18785,7,0.5
18785,8,0.0
18785,9,0.5
18785,10,0.0
18785,11,0.0
18785,12,0.0
18860,1,0.0
18860,2,0.0
18860,3,0.0
18860,4,0.0
18860,5,0.0
18860,6,0.0
18860,7,0.5
18860,8,0.0
18860,9,0.0
18860,10,0.0
18860,11,0.0
18860,12,0.0
19001,1,1.0
19001,2,0.5
19001,3,1.0
19001,4,0.0
19001,5,0.0
19001,6,0.0
19001,7,0.5
19001,8,0.5
19001,9,0.5
19001,10,0.5
19001,11,0.5
19001,12,0.5
19022,1,0.0
19022,2,0.0
19022,3,0.5
19022,4,0.0
19022,5,0.0
19022,6,0.0
19022,7,0.5
19022,8,0.5
19022,9,0.0
19022,10,0.5
19022,11,0.5
19022,12,0.0
19050,1,0.0
19050,2,0.0
19050,3,0.0
19050,4,0.0
19050,5,0.5
19050,6,0.0
19050,7,0.0
19050,8,1.0
19050,9,0.5
19050,10,0.5
19050,11,0.0
19050,12,0.0
19075,1,0.0
19075,2,0.5
19075,3,0.0
19075,4,0.0
19075,5,0.5
19075,6,0.5
19075,7,0.0
19075,8,0.5
19075,9,0.5
19075,10,0.5
19075,11,0.0
19075,12,0.0
19100,1,0.5
19100,2,0.0
19100,3,0.0
19100,4,0.0
19100,5,0.5
19100,6,0.5
19100,7,0.0
19100,8,0.5
19100,9,0.0
19100,10,0.0
19100,11,0.0
19100,12,0.5
19110,1,0.0
19110,2,0.0
19110,3,0.5
19110,4,0.5
19110,5,0.0
19110,6,0.0
19110,7,0.5
19110,8,0.5
19110,9,0.5
19110,10,0.5
19110,11,0.0
19110,12,0.0
19130,1,1.0
19130,2,0.0
19130,3,0.5
19130,4,1.0
19130,5,0.5
19130,6,0.5
19130,7,0.0
19130,8,0.0
19130,9,0.5
19130,10,0.5
19130,11,1.0
19130,12,0.0
19137,1,0.0
19137,2,1.0
19137,3,0.5
19137,4,0.5
19137,5,0.0
19137,6,0.5
19137,7,0.0
19137,8,0.0
19137,9,0.5
19137,10,0.5
19137,11,0.5
19137,12,0.0
19142,1,0.5
19142,2,0.5
19142,3,0.5
19142,4,0.0
19142,5,0.0
19142,6,0.5
19142,7,0.0
19142,8,0.0
19142,9,0.0
19142,10,0.0
19142,11,0.0
19142,12,0.0
19212,1,0.0
19212,2,0.0
19212,3,1.0
19212,4,0.0
19212,5,0.0
19212,6,0.0
19212,7,0.0
19212,8,0.0
19212,9,0.5
19212,10,0.0
19212,11,0.0
19212,12,0.5
19256,1,1.0
19256,2,0.0
19256,3,0.5
19256,4,0.0
19256,5,1.0
19256,6,0.0
19256,7,1.0
19256,8,0.0
19256,9,1.0
19256,10,0.5
19256,11,0.5
19256,12,0.0
19290,1,0.0
19290,2,0.0
19290,3,0.5
19290,4,0.0
19290,5,0.0
19290,6,0.0
19290,7,0.0
19290,8,0.0
19290,9,0.0
19290,10,0.0
19290,11,0.0
19290,12,0.0
19300,1,0.0
19300,2,0.0
19300,3,0.0
19300,4,0.5
19300,5,0.0
19300,6,0.0
19300,7,0.0
19300,8,0.0
19300,9,0.0
19300,10,0.5
19300,11,0.0
19300,12,0.0
19318,1,0.0
19318,2,0.5
19318,3,0.0
19318,4,0.0
19318,5,0.0
19318,6,0.0
19318,7,0.0
19318,8,0.0
19318,9,0.5
19318,10,0.0
19318,11,0.5
19318,12,0.0
19355,1,0.0
19355,2,0.5
19355,3,0.0
19355,4,0.0
19355,5,0.0
19355,6,0.5
19355,7,0.0
19355,8,0.0
19355,9,0.0
19355,10,0.5
19355,11,0.5
19355,12,0.0
19364,1,0.0
19364,2,0.0
19364,3,0.0
19364,4,0.5
19364,5,0.0
19364,6,0.0
19364,7,0.0
19364,8,0.0
19364,9,0.0
19364,10,0.0
19364,11,0.0
19364,12,0.5
19392,1,0.0
19392,2,0.5
19392,3,1.0
19392,4,0.0
19392,5,0.5
19392,6,0.0
19392,7,0.0
19392,8,0.5
19392,9,1.0
19392,10,1.0
19392,11,0.0
19392,12,0.5
19397,1,0.0
19397,2,0.0
19397,3,0.5
19397,4,0.0
19397,5,0.0
19397,6,0.0
19397,7,0.0
19397,8,0.0
19397,9,0.5
19397,10,0.0
19397,11,0.0
19397,12,0.0
19418,1,0.0
19418,2,0.0
19418,3,0.0
19418,4,0.5
19418,5,1.0
19418,6,0.0
19418,7,0.0
19418,8,0.5
19418,9,0.0
19418,10,0.5
19418,11,0.0
19418,12,0.0
19450,1,0.0
19450,2,0.0
19450,3,1.0
19450,4,0.5
19450,5,0.5
19450,6,1.0
19450,7,0.0
19450,8,0.0
19450,9,0.0
19450,10,0.0
19450,11,0.0
19450,12,0.5
19455,1,0.5
19455,2,0.5
19455,3,0.5
19455,4,0.0
19455,5,0.0
19455,6,0.0
19455,7,0.5
19455,8,0.5
19455,9,0.5
19455,10,0.5
19455,11,0.0
19455,12,0.0
19473,1,0.0
19473,2,0.5
19473,3,0.5
19473,4,0.0
19473,5,1.0
19473,6,0.5
19473,7,0.0
19473,8,1.0
19473,9,0.5
19473,10,0.5
19473,11,0.5
19473,12,0.0
19513,1,0.0
19513,2,0.0
19513,3,0.0
19513,4,0.0
19513,5,0.0
19513,6,0.0
19513,7,0.0
19513,8,0.0
19513,9,0.0
19513,10,0.0
19513,11,0.0
19513,12,0.0
19517,1,0.0
19517,2,0.0
19517,3,0.0
19517,4,0.0
19517,5,0.5
19517,6,0.0
19517,7,0.0
19517,8,0.0
19517,9,0.0
19517,10,0.0
19517,11,0.0
19517,12,0.0
19532,1,0.0
19532,2,0.0
19532,3,0.0
19532,4,0.5
19532,5,0.0
19532,6,0.5
19532,7,0.5
19532,8,0.5
19532,9,0.0
19532,10,0.0
19532,11,0.0
19532,12,0.0
19533,1,0.0
19533,2,0.0
19533,3,0.5
19533,4,0.0
19533,5,0.5
19533,6,0.5
19533,7,0.5
19533,8,0.0
19533,9,0.0
19533,10,0.0
19533,11,0.5
19533,12,0.0
19548,1,0.0
19548,2,0.0
19548,3,0.0
19548,4,0.0
19548,5,1.0
19548,6,0.0
19548,7,0.0
19548,8,0.5
19548,9,0.0
19548,10,1.0
19548,11,0.5
19548,12,0.0
19573,1,0.0
19573,2,0.0
19573,3,0.0
19573,4,0.0
19573,5,0.0
19573,6,0.0
19573,7,0.0
19573,8,0.0
19573,9,0.0
19573,10,0.0
19573,11,0.0
19573,12,0.0
19585,1,0.0
19585,2,0.0
19585,3,0.0
19585,4,0.0
19585,5,0.0
19585,6,0.5
19585,7,0.0
19585,8,0.0
19585,9,0.5
19585,10,0.0
19585,11,0.5
19585,12,0.5
19622,1,0.5
19622,2,0.0
19622,3,0.5
19622,4,0.0
19622,5,0.0
19622,6,0.0
19622,7,0.5
19622,8,0.5
19622,9,0.5
19622,10,0.0
19622,11,0.0
19622,12,0.0
19693,1,0.0
19693,2,0.0
19693,3,0.5
19693,4,0.0
19693,5,0.0
19693,6,0.0
19693,7,0.0
19693,8,0.0
19693,9,0.5
19693,10,0.0
19693,11,0.5
19693,12,0.0
19698,1,0.5
19698,2,0.0
19698,3,0.0
19698,4,0.5
19698,5,0.0
19698,6,0.5
19698,7,0.0
19698,8,0.5
19698,9,1.0
19698,10,0.0
19698,11,0.5
19698,12,0.0
19701,1,0.5
19701,2,0.5
19701,3,0.5
19701,4,0.0
19701,5,1.0
19701,6,0.0
19701,7,1.0
19701,8,0.0
19701,9,0.0
19701,10,1.0
19701,11,0.0
19701,12,0.0
19743,1,0.0
19743,2,0.5
19743,3,0.5
19743,4,0.5
19743,5,1.0
19743,6,0.0
19743,7,1.0
19743,8,0.0
19743,9,0.0
19743,10,0.0
19743,11,0.0
19743,12,0.0
19760,1,0.0
19760,2,0.5
19760,3,0.5
19760,4,0.0
19760,5,0.0
19760,6,0.0
19760,7,0.0
19760,8,0.0
19760,9,0.5
19760,10,0.0
19760,11,0.0
19760,12,0.5
19780,1,0.5
19780,2,0.0
19780,3,0.0
19780,4,0.0
19780,5,0.0
19780,6,0.0
19780,7,0.0
19780,8,0.5
19780,9,0.5
19780,10,1.0
19780,11,0.0
19780,12,0.0
19785,1,0.0
19785,2,0.0
19785,3,0.5
19785,4,0.0
19785,5,0.5
19785,6,0.0
19785,7,0.0
19785,8,0.0
19785,9,0.5
19785,10,0.5
19785,11,0.0
19785,12,0.0
19807,1,0.5
19807,2,1.0
19807,3,0.5
19807,4,0.0
19807,5,0.0
19807,6,0.5
19807,7,1.0
19807,8,0.5
19807,9,1.0
19807,10,0.0
19807,11,0.0
19807,12,0.5
19809,1,0.0
19809,2,0.5
19809,3,0.0
19809,4,0.0
19809,5,0.0
19809,6,0.0
19809,7,0.0
19809,8,0.0
19809,9,0.5
19809,10,1.0
19809,11,1.0
19809,12,0.0
19821,1,0.0
19821,2,0.5
19821,3,0.0
19821,4,0.0
19821,5,0.0
19821,6,0.0
19821,7,0.5
19821,8,0.0
19821,9,0.5
19821,10,0.0
19821,11,0.0
19821,12,0.0
19824,1,0.0
19824,2,0.0
19824,3,0.0
19824,4,0.0
19824,5,0.0
19824,6,0.5
19824,7,0.0
19824,8,0.0
19824,9,0.0
19824,10,0.0
19824,11,0.5
19824,12,0.0
19845,1,0.0
19845,2,0.0
19845,3,0.0
19845,4,0.5
19845,5,0.0
19845,6,0.0
19845,7,0.0
19845,8,0.0
19845,9,0.0
19845,10,0.0
19845,11,0.0
19845,12,0.0
20001,1,1.0
20001,2,1.0
20001,3,1.0
20001,4,0.5
20001,5,1.0
20001,6,0.5
20001,7,1.0
20001,8,0.5
20001,9,0.0
20001,10,0.5
20001,11,0.0
20001,12,0.0
20011,1,1.0
20011,2,0.0
20011,3,0.5
20011,4,0.0
20011,5,0.0
20011,6,0.5
20011,7,0.0
20011,8,1.0
20011,9,0.0
20011,10,0.5
20011,11,0.5
20011,12,0.0
20013,1,0.0
20013,2,0.0
20013,3,0.5
20013,4,0.5
20013,5,0.0
20013,6,0.0
20013,7,0.5
20013,8,0.0
20013,9,0.0
20013,10,0.0
20013,11,0.0
20013,12,0.0
20032,1,0.0
20032,2,0.0
20032,3,0.0
20032,4,0.5
20032,5,0.5
20032,6,0.0
20032,7,0.5
20032,8,0.0
20032,9,0.0
20032,10,0.5
20032,11,0.0
20032,12,0.0
20045,1,0.0
20045,2,0.0
20045,3,0.5
20045,4,0.0
20045,5,0.0
20045,6,0.0
20045,7,0.0
20045,8,0.0
20045,9,0.0
20045,10,0.0
20045,11,0.0
20045,12,0.0
20060,1,0.0
20060,2,0.5
20060,3,0.5
20060,4,0.0
20060,5,0.0
20060,6,0.0
20060,7,0.0
20060,8,0.0
20060,9,0.0
20060,10,0.5
20060,11,0.5
20060,12,0.0
20175,1,0.0
20175,2,0.5
20175,3,0.5
20175,4,0.0
20175,5,0.0
20175,6,0.0
20175,7,0.5
20175,8,0.0
20175,9,0.0
20175,10,0.5
20175,11,0.0
20175,12,0.0
20178,1,0.0
20178,2,0.0
20178,3,0.0
20178,4,0.0
20178,5,0.0
20178,6,0.0
20178,7,0.5
20178,8,0.5
20178,9,0.0
20178,10,0.5
20178,11,0.0
20178,12,0.0
20228,1,0.0
20228,2,0.0
20228,3,0.5
20228,4,0.0
20228,5,0.0
20228,6,1.0
20228,7,0.0
20228,8,0.5
20228,9,0.0
20228,10,0.0
20228,11,0.0
20228,12,0.0
20238,1,1.0
20238,2,0.0
20238,3,0.5
20238,4,0.0
20238,5,0.0
20238,6,0.0
20238,7,0.5
20238,8,0.0
20238,9,0.0
20238,10,0.0
20238,11,0.0
20238,12,0.0
20250,1,0.0
20250,2,0.0
20250,3,0.0
20250,4,0.0
20250,5,0.0
20250,6,0.0
20250,7,0.0
20250,8,0.0
20250,9,0.0
20250,10,0.0
20250,11,0.5
20250,12,0.0
20295,1,0.0
20295,2,0.0
20295,3,0.0
20295,4,0.0
20295,5,0.0
20295,6,0.0
20295,7,0.5
20295,8,0.5
20295,9,0.0
20295,10,0.0
20295,11,0.0
20295,12,0.0
20310,1,0.0
20310,2,0.0
20310,3,0.0
20310,4,0.0
20310,5,0.5
20310,6,0.0
20310,7,0.0
20310,8,0.0
20310,9,0.0
20310,10,0.0
20310,11,0.0
20310,12,0.0
20383,1,0.0
20383,2,0.5
20383,3,0.5
20383,4,0.0
20383,5,0.0
20383,6,0.0
20383,7,0.0
20383,8,0.0
20383,9,0.0
20383,10,0.5
20383,11,0.5
20383,12,0.0
20400,1,0.0
20400,2,1.0
20400,3,0.5
20400,4,0.5
20400,5,0.5
20400,6,0.0
20400,7,0.0
20400,8,0.0
20400,9,0.0
20400,10,0.0
20400,11,0.0
20400,12,0.0
20443,1,0.0
20443,2,0.0
20443,3,0.0
20443,4,0.0
20443,5,0.0
20443,6,0.0
20443,7,0.0
20443,8,0.0
20443,9,0.0
20443,10,0.0
20443,11,0.0
20443,12,0.0
20517,1,0.0
20517,2,0.5
20517,3,0.5
20517,4,0.0
20517,5,0.0
20517,6,0.0
20517,7,0.0
20517,8,0.5
20517,9,0.0
20517,10,0.0
20517,11,0.0
20517,12,0.0
20550,1,0.0
20550,2,0.0
20550,3,0.0
20550,4,0.5
20550,5,0.0
20550,6,0.0
20550,7,0.0
20550,8,0.0
20550,9,0.0
20550,10,0.0
20550,11,0.0
20550,12,0.0
20570,1,1.0
20570,2,0.5
20570,3,0.5
20570,4,0.0
20570,5,0.5
20570,6,0.5
20570,7,0.0
20570,8,0.0
20570,9,0.0
20570,10,0.0
20570,11,0.0
20570,12,0.0
20614,1,0.0
20614,2,0.0
20614,3,0.0
20614,4,0.5
20614,5,0.5
20614,6,0.0
20614,7,0.5
20614,8,0.0
20614,9,0.0
20614,10,0.0
20614,11,0.0
20614,12,0.0
20621,1,0.5
20621,2,0.0
20621,3,0.5
20621,4,0.5
20621,5,0.0
20621,6,0.0
20621,7,0.0
20621,8,0.0
20621,9,0.0
20621,10,0.0
20621,11,0.0
20621,12,0.0
20710,1,0.0
20710,2,0.5
20710,3,0.0
20710,4,0.0
20710,5,0.5
20710,6,0.0
20710,7,1.0
20710,8,0.5
20710,9,0.0
20710,10,0.5
20710,11,0.5
20710,12,0.0
20750,1,0.0
20750,2,0.5
20750,3,0.0
20750,4,0.0
20750,5,0.0
20750,6,0.0
20750,7,0.5
20750,8,0.0
20750,9,0.0
20750,10,0.0
20750,11,0.0
20750,12,0.0
20770,1,0.5
20770,2,0.5
20770,3,0.0
20770,4,0.5
20770,5,0.0
20770,6,0.0
20770,7,0.0
20770,8,0.5
20770,9,0.0
20770,10,0.0
20770,11,0.0
20770,12,0.0
20787,1,0.0
20787,2,0.5
20787,3,0.0
20787,4,0.0
20787,5,0.0
20787,6,0.0
20787,7,0.5
20787,8,0.5
20787,9,0.5
20787,10,0.5
20787,11,0.5
20787,12,0.0
23001,1,0.0
23001,2,1.0
23001,3,0.5
23001,4,0.0
23001,5,0.0
23001,6,0.0
23001,7,0.5
23001,8,1.0
23001,9,0.5
23001,10,0.0
23001,11,1.0
23001,12,0.0
23068,1,0.0
23068,2,0.0
23068,3,0.0
23068,4,0.0
23068,5,0.0
23068,6,0.5
23068,7,0.0
23068,8,0.0
23068,9,0.5
23068,10,0.0
23068,11,0.0
23068,12,0.0
23079,1,0.0
23079,2,0.0
23079,3,0.0
23079,4,0.0
23079,5,0.0
23079,6,0.5
23079,7,0.0
23079,8,0.5
23079,9,0.5
23079,10,0.0
23079,11,0.0
23079,12,0.0
23090,1,0.0
23090,2,0.0
23090,3,0.0
23090,4,0.0
23090,5,0.0
23090,6,0.0
23090,7,0.0
23090,8,0.0
23090,9,0.0
23090,10,0.0
23090,11,0.0
23090,12,0.0
23162,1,0.0
23162,2,0.0
23162,3,0.0
23162,4,0.5
23162,5,0.0
23162,6,0.5
23162,7,0.5
23162,8,0.0
23162,9,0.0
23162,10,0.0
23162,11,0.0
23162,12,0.0
23168,1,0.0
23168,2,0.0
23168,3,0.0
23168,4,0.0
23168,5,0.0
23168,6,0.0
23168,7,0.0
23168,8,0.5
23168,9,0.0
23168,10,0.0
23168,11,0.0
23168,12,0.0
23182,1,0.0
23182,2,0.0
23182,3,0.0
23182,4,0.0
23182,5,0.0
23182,6,0.0
23182,7,0.0
23182,8,0.0
23182,9,0.0
23182,10,0.0
23182,11,0.0
23182,12,0.0
23189,1,0.0
23189,2,0.5
23189,3,0.0
23189,4,0.0
23189,5,0.0
23189,6,0.0
23189,7,0.0
23189,8,0.0
23189,9,0.0
23189,10,0.0
23189,11,0.0
23189,12,0.0
23300,1,0.0
23300,2,0.0
23300,3,0.5
23300,4,0.0
23300,5,0.0
23300,6,0.0
23300,7,0.0
23300,8,0.0
23300,9,0.5
23300,10,0.0
23300,11,0.0
23300,12,0.0
23350,1,0.0
23350,2,0.0
23350,3,0.0
23350,4,0.0
23350,5,0.0
23350,6,0.0
23350,7,0.0
23350,8,0.5
23350,9,0.0
23350,10,0.5
23350,11,0.0
23350,12,0.0
23417,1,0.0
23417,2,0.5
23417,3,0.5
23417,4,0.0
23417,5,0.0
23417,6,0.5
23417,7,0.0
23417,8,0.0
23417,9,0.0
23417,10,0.0
23417,11,0.0
23417,12,0.0
23419,1,0.0
23419,2,0.0
23419,3,0.0
23419,4,1.0
23419,5,0.0
23419,6,0.5
23419,7,0.5
23419,8,0.5
23419,9,0.0
23419,10,0.0
23419,11,0.0
23419,12,0.0
23464,1,0.0
23464,2,0.0
23464,3,0.0
23464,4,0.0
23464,5,0.0
23464,6,0.0
23464,7,0.0
23464,8,0.0
23464,9,0.0
23464,10,0.0
23464,11,0.0
23464,12,0.0
23466,1,0.0
23466,2,0.0
23466,3,0.0
23466,4,0.0
23466,5,0.0
23466,6,0.5
23466,7,0.0
23466,8,0.5
23466,9,0.0
23466,10,0.0
23466,11,0.0
23466,12,0.0
23500,1,0.0
23500,2,0.0
23500,3,0.0
23500,4,0.5
23500,5,0.0
23500,6,0.0
23500,7,0.5
23500,8,0.0
23500,9,0.0
23500,10,0.0
23500,11,0.0
23500,12,0.0
23555,1,0.0
23555,2,0.5
23555,3,0.5
23555,4,0.0
23555,5,0.0
23555,6,0.5
23555,7,0.0
23555,8,0.0
23555,9,0.0
23555,10,0.0
23555,11,0.0
23555,12,0.0
23570,1,0.0
23570,2,0.0
23570,3,0.0
23570,4,0.0
23570,5,0.0
23570,6,0.0
23570,7,0.0
23570,8,0.0
23570,9,0.5
23570,10,0.0
23570,11,0.0
23570,12,0.0
23574,1,0.0
23574,2,0.0
23574,3,0.0
23574,4,1.0
23574,5,0.0
23574,6,0.0
23574,7,1.0
23574,8,0.0
23574,9,0.0
23574,10,0.0
23574,11,0.5
23574,12,0.0
23580,1,0.0
23580,2,0.0
23580,3,0.0
23580,4,0.5
23580,5,0.0
23580,6,1.0
23580,7,0.0
23580,8,0.5
23580,9,0.5
23580,10,0.0
23580,11,0.0
23580,12,0.0
23586,1,0.0
23586,2,0.0
23586,3,0.0
23586,4,0.0
23586,5,0.0
23586,6,0.0
23586,7,0.0
23586,8,0.0
23586,9,0.0
23586,10,0.0
23586,11,0.0
23586,12,0.0
23660,1,0.5
23660,2,0.5
23660,3,1.0
23660,4,0.0
23660,5,0.0
23660,6,0.5
23660,7,0.0
23660,8,0.5
23660,9,0.0
23660,10,0.0
23660,11,0.0
23660,12,0.0
23670,1,0.0
23670,2,0.0
23670,3,0.0
23670,4,0.0
23670,5,0.0
23670,6,0.0
23670,7,0.0
23670,8,0.0
23670,9,0.0
23670,10,0.0
23670,11,0.0
23670,12,0.0
23672,1,0.0
23672,2,0.0
23672,3,0.0
23672,4,0.0
23672,5,0.0
23672,6,0.0
23672,7,0.5
23672,8,0.0
23672,9,0.0
23672,10,0.0
23672,11,0.0
23672,12,0.0
23675,1,0.0
23675,2,0.0
23675,3,0.0
23675,4,0.5
23675,5,0.0
23675,6,0.0
23675,7,0.5
23675,8,0.0
23675,9,0.0
23675,10,0.0
23675,11,0.0
23675,12,0.5
23678,1,0.0
23678,2,0.0
23678,3,0.0
23678,4,0.0
23678,5,0.0
23678,6,0.0
23678,7,0.0
23678,8,0.0
23678,9,0.0
23678,10,0.0
23678,11,0.0
23678,12,0.0
23682,1,0.0
23682,2,0.0
23682,3,0.0
23682,4,0.0
23682,5,0.0
23682,6,0.0
23682,7,0.0
23682,8,0.0
23682,9,0.0
23682,10,0.0
23682,11,0.0
23682,12,0.0
23686,1,0.0
23686,2,0.0
23686,3,0.0
23686,4,0.5
23686,5,0.0
23686,6,0.0
23686,7,0.0
23686,8,0.0
23686,9,0.0
23686,10,0.0
23686,11,0.0
23686,12,0.0
23807,1,0.0
23807,2,1.0
23807,3,1.0
23807,4,0.0
23807,5,0.5
23807,6,0.5
23807,7,0.0
23807,8,0.0
23807,9,0.5
23807,10,0.5
23807,11,0.5
23807,12,0.0
23815,1,0.0
23815,2,0.0
23815,3,0.0
23815,4,0.0
23815,5,0.0
23815,6,0.0
23815,7,0.0
23815,8,0.0
23815,9,0.0
23815,10,0.0
23815,11,0.0
23815,12,0.0
23855,1,0.0
23855,2,0.0
23855,3,0.0
23855,4,0.5
23855,5,0.0
23855,6,0.0
23855,7,0.0
23855,8,0.0
23855,9,0.0
23855,10,0.0
23855,11,0.0
23855,12,0.0
25001,1,0.0
25001,2,0.5
25001,3,1.0
25001,4,0.0
25001,5,0.0
25001,6,0.0
25001,7,0.0
25001,8,0.5
25001,9,0.0
25001,10,0.0
25001,11,0.0
25001,12,0.0
25019,1,0.0
25019,2,0.0
25019,3,0.0
25019,4,0.0
25019,5,0.0
25019,6,0.0
25019,7,0.0
25019,8,0.5
25019,9,0.5
25019,10,0.5
25019,11,0.0
25019,12,0.5
25035,1,0.0
25035,2,0.5
25035,3,0.5
25035,4,0.0
25035,5,0.5
25035,6,0.5
25035,7,1.0
25035,8,0.0
25035,9,0.5
25035,10,0.5
25035,11,0.0
25035,12,0.0
25040,1,0.0
25040,2,0.0
25040,3,0.0
25040,4,0.0
25040,5,0.5
25040,6,0.0
25040,7,0.0
25040,8,0.5
25040,9,0.0
25040,10,0.5
25040,11,0.0
25040,12,0.0
25053,1,0.0
25053,2,0.0
25053,3,0.0
25053,4,0.0
25053,5,0.0
25053,6,0.0
25053,7,0.0
25053,8,0.5
25053,9,0.5
25053,10,0.0
25053,11,0.0
25053,12,0.0
25086,1,0.0
25086,2,0.0
25086,3,0.0
25086,4,0.0
25086,5,0.0
25086,6,0.0
25086,7,0.5
25086,8,0.5
25086,9,0.0
25086,10,0.0
25086,11,0.0
25086,12,0.0
25095,1,0.0
25095,2,0.0
25095,3,0.5
25095,4,0.0
25095,5,0.0
25095,6,0.0
25095,7,0.0
25095,8,0.5
25095,9,0.0
25095,10,0.0
25095,11,0.0
25095,12,0.5
25099,1,0.0
25099,2,0.0
25099,3,0.5
25099,4,0.0
25099,5,0.0
25099,6,0.0
25099,7,0.0
25099,8,0.5
25099,9,0.5
25099,10,0.0
25099,11,0.0
25099,12,0.0
25120,1,0.0
25120,2,0.0
25120,3,0.0
25120,4,0.0
25120,5,0.0
25120,6,0.0
25120,7,0.5
25120,8,0.0
25120,9,0.0
25120,10,0.0
25120,11,0.0
25120,12,0.0
25123,1,0.0
25123,2,0.0
25123,3,0.0
25123,4,0.0
25123,5,0.5
25123,6,0.0
25123,7,0.0
25123,8,0.5
25123,9,0.0
25123,10,0.0
25123,11,0.0
25123,12,0.0
25126,1,0.0
25126,2,0.0
25126,3,0.5
25126,4,0.0
25126,5,0.0
25126,6,0.0
25126,7,0.0
25126,8,0.0
25126,9,0.0
25126,10,0.0
25126,11,0.0
25126,12,0.5
25148,1,0.0
25148,2,0.5
25148,3,1.0
25148,4,0.5
25148,5,0.0
25148,6,0.5
25148,7,0.5
25148,8,0.5
25148,9,1.0
25148,10,1.0
25148,11,1.0
25148,12,0.0
25151,1,0.0
25151,2,0.5
25151,3,1.0
25151,4,0.0
25151,5,0.5
25151,6,0.0
25151,7,0.0
25151,8,0.0
25151,9,0.0
25151,10,0.0
25151,11,0.0
25151,12,0.0
25154,1,0.0
25154,2,0.5
25154,3,0.0
25154,4,0.0
25154,5,0.0
25154,6,0.0
25154,7,0.0
25154,8,0.5
25154,9,0.5
25154,10,0.0
25154,11,0.0
25154,12,0.0
25168,1,0.0
25168,2,0.0
25168,3,0.0
25168,4,0.0
25168,5,0.0
25168,6,0.0
25168,7,0.0
25168,8,0.5
25168,9,0.5
25168,10,0.0
25168,11,0.0
25168,12,0.0
25175,1,0.5
25175,2,0.0
25175,3,0.5
25175,4,0.0
25175,5,0.0
25175,6,0.0
25175,7,0.0
25175,8,0.5
25175,9,0.0
25175,10,0.0
25175,11,0.0
25175,12,0.0
25178,1,0.5
25178,2,0.0
25178,3,0.0
25178,4,0.0
25178,5,0.0
25178,6,0.0
25178,7,0.0
25178,8,0.0
25178,9,0.0
25178,10,0.0
25178,11,0.0
25178,12,0.0
25181,1,0.5
25181,2,0.5
25181,3,0.0
25181,4,0.0
25181,5,0.5
25181,6,0.5
25181,7,0.0
25181,8,0.0
25181,9,0.0
25181,10,0.0
25181,11,0.0
25181,12,0.0
25183,1,0.5
25183,2,1.0
25183,3,0.0
25183,4,0.0
25183,5,0.0
25183,6,0.5
25183,7,0.5
25183,8,0.0
25183,9,0.0
25183,10,0.0
25183,11,0.0
25183,12,0.5
25200,1,1.0
25200,2,0.5
25200,3,0.0
25200,4,0.0
25200,5,0.0
25200,6,0.0
25200,7,0.0
25200,8,0.0
25200,9,0.0
25200,10,0.5
25200,11,0.0
25200,12,0.0
25214,1,0.5
25214,2,0.0
25214,3,0.5
25214,4,0.0
25214,5,0.0
25214,6,0.0
25214,7,0.0
25214,8,0.0
25214,9,0.0
25214,10,0.0
25214,11,0.5
25214,12,0.0
25224,1,0.0
25224,2,1.0
25224,3,0.0
25224,4,0.0
25224,5,0.5
25224,6,0.0
25224,7,0.0
25224,8,0.0
25224,9,1.0
25224,10,0.5
25224,11,0.0
25224,12,0.5
25245,1,0.0
25245,2,0.0
25245,3,0.0
25245,4,0.0
25245,5,0.0
25245,6,0.0
25245,7,0.5
25245,8,0.5
25245,9,0.5
25245,10,0.5
25245,11,0.0
25245,12,0.0
25258,1,0.0
25258,2,0.0
25258,3,0.0
25258,4,0.5
25258,5,0.0
25258,6,0.0
25258,7,0.0
25258,8,0.5
25258,9,0.5
25258,10,0.0
25258,11,0.5
25258,12,0.0
25260,1,0.0
25260,2,0.0
25260,3,0.0
25260,4,0.0
25260,5,0.0
25260,6,0.0
25260,7,0.0
25260,8,0.0
25260,9,0.0
25260,10,0.0
25260,11,0.0
25260,12,0.0
25269,1,0.5
25269,2,0.0
25269,3,0.5
25269,4,0.5
25269,5,0.0
25269,6,0.0
25269,7,0.0
25269,8,0.0
25269,9,1.0
25269,10,0.0
25269,11,0.0
25269,12,0.5
25279,1,0.0
25279,2,0.5
25279,3,0.0
25279,4,0.0
25279,5,0.0
25279,6,0.0
25279,7,0.0
25279,8,0.0
25279,9,0.0
25279,10,0.0
25279,11,0.0
25279,12,0.5
25281,1,0.5
25281,2,0.5
25281,3,0.0
25281,4,0.0
25281,5,0.0
25281,6,0.5
25281,7,0.0
25281,8,0.0
25281,9,0.0
25281,10,0.0
25281,11,0.0
25281,12,0.0
25286,1,0.0
25286,2,0.5
25286,3,0.0
25286,4,0.0
25286,5,0.0
25286,6,0.0
25286,7,0.0
25286,8,0.0
25286,9,0.0
25286,10,0.5
25286,11,0.0
25286,12,0.0
25288,1,0.5
25288,2,1.0
25288,3,0.5
25288,4,0.0
25288,5,0.0
25288,6,0.0
25288,7,0.5
25288,8,0.0
25288,9,0.5
25288,10,1.0
25288,11,0.0
25288,12,0.5
25290,1,0.0
25290,2,0.0
25290,3,0.5
25290,4,0.5
25290,5,1.0
25290,6,0.0
25290,7,0.5
25290,8,1.0
25290,9,0.5
25290,10,0.5
25290,11,0.0
25290,12,0.5
25293,1,0.0
25293,2,0.5
25293,3,0.0
25293,4,0.0
25293,5,0.0
25293,6,0.5
25293,7,0.0
25293,8,0.0
25293,9,0.0
25293,10,0.0
25293,11,0.0
25293,12,0.0
25295,1,0.0
25295,2,0.0
25295,3,0.0
25295,4,0.5
25295,5,0.0
25295,6,0.0
25295,7,0.0
25295,8,0.5
25295,9,0.5
25295,10,0.0
25295,11,0.0
25295,12,0.0
25297,1,0.5
25297,2,1.0
25297,3,1.0
25297,4,0.0
25297,5,0.0
25297,6,0.0
25297,7,0.5
25297,8,0.0
25297,9,0.0
25297,10,0.5
25297,11,0.0
25297,12,0.0
25299,1,1.0
25299,2,0.5
25299,3,0.0
25299,4,0.0
25299,5,0.0
25299,6,0.0
25299,7,0.0
25299,8,0.0
25299,9,0.0
25299,10,0.0
25299,11,0.0
25299,12,0.5
25307,1,0.0
25307,2,0.0
25307,3,0.5
25307,4,0.5
25307,5,0.5
25307,6,0.0
25307,7,1.0
25307,8,1.0
25307,9,0.5
25307,10,0.0
25307,11,0.0
25307,12,0.0
25312,1,0.5
25312,2,0.0
25312,3,0.0
25312,4,0.0
25312,5,0.0
25312,6,0.0
25312,7,0.0
25312,8,0.0
25312,9,0.0
25312,10,0.0
25312,11,0.0
25312,12,0.0
25317,1,0.5
25317,2,1.0
25317,3,0.5
25317,4,0.0
25317,5,0.5
25317,6,0.0
25317,7,0.5
25317,8,1.0
25317,9,1.0
25317,10,1.0
25317,11,0.5
25317,12,0.0
25320,1,0.0
25320,2,0.5
25320,3,0.5
25320,4,0.0
25320,5,0.0
25320,6,0.5
25320,7,1.0
25320,8,1.0
25320,9,1.0
25320,10,0.0
25320,11,0.0
25320,12,1.0
25322,1,0.0
25322,2,0.0
25322,3,0.5
25322,4,0.0
25322,5,0.5
25322,6,0.5
25322,7,0.0
25322,8,0.0
25322,9,0.0
25322,10,0.0
25322,11,0.0
25322,12,0.0
25324,1,0.0
25324,2,0.0
25324,3,0.0
25324,4,0.0
25324,5,0.0
25324,6,0.0
25324,7,0.0
25324,8,1.0
25324,9,0.0
25324,10,0.0
25324,11,0.0
25324,12,0.0
25326,1,0.5
25326,2,0.5
25326,3,0.5
25326,4,0.0
25326,5,0.0
25326,6,0.5
25326,7,0.0
25326,8,0.0
25326,9,0.5
25326,10,0.0
25326,11,0.0
25326,12,0.5
25328,1,0.0
25328,2,0.0
25328,3,0.0
25328,4,0.0
25328,5,0.0
25328,6,0.0
25328,7,0.0
25328,8,0.5
25328,9,0.5
25328,10,0.5
25328,11,0.0
25328,12,0.0
25335,1,0.5
25335,2,0.5
25335,3,0.5
25335,4,0.5
25335,5,0.0
25335,6,1.0
25335,7,0.5
25335,8,0.5
25335,9,0.5
25335,10,0.0
25335,11,0.0
25335,12,0.0
25339,1,0.5
25339,2,0.5
25339,3,0.0
25339,4,0.0
25339,5,0.0
25339,6,0.0
25339,7,0.0
25339,8,0.5
25339,9,0.0
25339,10,0.0
25339,11,0.0
25339,12,0.0
25368,1,0.0
25368,2,0.0
25368,3,0.0
25368,4,0.0
25368,5,0.5
25368,6,0.0
25368,7,0.0
25368,8,0.0
25368,9,0.5
25368,10,0.0
25368,11,0.0
25368,12,0.0
25372,1,0.5
25372,2,1.0
25372,3,0.5
25372,4,0.0
25372,5,0.0
25372,6,0.0
25372,7,0.5
25372,8,0.0
25372,9,0.5
25372,10,0.5
25372,11,0.0
25372,12,0.5
25377,1,1.0
25377,2,0.5
25377,3,0.5
25377,4,0.0
25377,5,0.0
25377,6,0.0
25377,7,0.0
25377,8,0.0
25377,9,0.0
25377,10,0.0
25377,11,0.5
25377,12,0.0
25386,1,1.0
25386,2,0.5
25386,3,0.5
25386,4,0.0
25386,5,0.5
25386,6,0.5
25386,7,1.0
25386,8,1.0
25386,9,1.0
25386,10,0.5
25386,11,0.0
25386,12,0.5
25394,1,0.5
25394,2,0.0
25394,3,0.5
25394,4,0.5
25394,5,0.0
25394,6,0.5
25394,7,0.5
25394,8,0.0
25394,9,0.5
25394,10,0.0
25394,11,0.5
25394,12,0.5
25398,1,0.0
25398,2,0.0
25398,3,0.0
25398,4,1.0
25398,5,0.0
25398,6,0.5
25398,7,1.0
25398,8,1.0
25398,9,0.5
25398,10,0.0
25398,11,0.0
25398,12,0.0
25402,1,0.5
25402,2,0.0
25402,3,0.0
25402,4,0.5
25402,5,0.0
25402,6,0.0
25402,7,1.0
25402,8,0.5
25402,9,1.0
25402,10,0.0
25402,11,0.0
25402,12,0.0
25407,1,0.0
25407,2,0.5
25407,3,0.0
25407,4,0.0
25407,5,0.0
25407,6,0.0
25407,7,0.0
25407,8,0.5
25407,9,0.5
25407,10,0.0
25407,11,0.0
25407,12,0.0
25426,1,1.0
25426,2,0.0
25426,3,0.0
25426,4,0.0
25426,5,0.0
25426,6,0.0
25426,7,0.0
25426,8,0.5
25426,9,0.0
25426,10,0.0
25426,11,0.0
25426,12,0.0
25430,1,0.0
25430,2,0.5
25430,3,0.0
25430,4,0.5
25430,5,0.0
25430,6,0.0
25430,7,0.0
25430,8,0.0
25430,9,0.0
25430,10,0.0
25430,11,0.0
25430,12,0.5
25436,1,1.0
25436,2,1.0
25436,3,1.0
25436,4,0.5
25436,5,0.0
25436,6,0.0
25436,7,0.0
25436,8,0.0
25436,9,0.0
25436,10,0.0
25436,11,0.5
25436,12,0.0
25438,1,0.0
25438,2,0.5
25438,3,0.0
25438,4,0.5
25438,5,0.0
25438,6,0.0
25438,7,0.0
25438,8,0.0
25438,9,0.0
25438,10,0.0
25438,11,0.0
25438,12,0.0
25473,1,1.0
25473,2,0.0
25473,3,0.0
25473,4,0.0
25473,5,0.5
25473,6,0.0
25473,7,0.0
25473,8,0.0
25473,9,0.0
25473,10,0.0
25473,11,0.0
25473,12,0.0
25483,1,0.0
25483,2,0.0
25483,3,0.0
25483,4,0.0
25483,5,0.0
25483,6,0.0
25483,7,0.0
25483,8,0.0
25483,9,0.5
25483,10,0.0
25483,11,0.0
25483,12,0.0
25486,1,0.0
25486,2,0.0
25486,3,0.0
25486,4,0.0
25486,5,0.5
25486,6,0.0
25486,7,0.0
25486,8,0.0
25486,9,0.5
25486,10,0.5
25486,11,0.0
25486,12,0.5
25488,1,0.5
25488,2,0.5
25488,3,0.0
25488,4,0.0
25488,5,0.5
25488,6,0.0
25488,7,0.5
25488,8,1.0
25488,9,1.0
25488,10,0.0
25488,11,0.0
25488,12,0.0
25489,1,0.0
25489,2,0.0
25489,3,0.0
25489,4,0.0
25489,5,0.0
25489,6,0.0
25489,7,0.0
25489,8,1.0
25489,9,0.5
25489,10,0.0
25489,11,0.0
25489,12,0.0
25491,1,0.5
25491,2,0.0
25491,3,0.5
25491,4,0.0
25491,5,0.5
25491,6,0.0
25491,7,0.0
25491,8,1.0
25491,9,0.5
25491,10,0.0
25491,11,0.0
25491,12,0.0
25506,1,0.0
25506,2,0.0
25506,3,0.5
25506,4,0.0
25506,5,0.0
25506,6,0.0
25506,7,0.0
25506,8,0.0
25506,9,0.5
25506,10,0.0
25506,11,0.0
25506,12,0.0
25513,1,0.5
25513,2,0.0
25513,3,0.5
25513,4,0.5
25513,5,1.0
25513,6,1.0
25513,7,1.0
25513,8,1.0
25513,9,1.0
25513,10,0.5
25513,11,0.5
25513,12,0.5
25518,1,0.0
25518,2,0.0
25518,3,0.0
25518,4,0.5
25518,5,0.0
25518,6,0.0
25518,7,0.0
25518,8,0.0
25518,9,0.5
25518,10,0.0
25518,11,0.0
25518,12,0.0
25524,1,0.0
25524,2,0.0
25524,3,0.5
25524,4,0.0
25524,5,0.0
25524,6,0.0
25524,7,0.0
25524,8,0.5
25524,9,0.5
25524,10,0.0
25524,11,0.0
25524,12,0.0
25530,1,0.0
25530,2,0.0
25530,3,0.0
25530,4,0.5
25530,5,0.0
25530,6,0.0
25530,7,0.0
25530,8,0.0
25530,9,0.0
25530,10,0.0
25530,11,0.5
25530,12,0.0
25535,1,0.5
25535,2,0.0
25535,3,0.0
25535,4,0.0
25535,5,0.0
25535,6,0.0
25535,7,0.0
25535,8,0.0
25535,9,0.0
25535,10,0.5
25535,11,0.0
25535,12,0.5
25572,1,0.0
25572,2,0.0
25572,3,0.0
25572,4,0.0
25572,5,0.5
25572,6,0.5
25572,7,1.0
25572,8,0.5
25572,9,0.5
25572,10,0.0
25572,11,0.5
25572,12,0.5
25580,1,0.0
25580,2,0.0
25580,3,0.0
25580,4,0.0
25580,5,0.0
25580,6,0.0
25580,7,0.0
25580,8,0.0
25580,9,0.5
25580,10,0.0
25580,11,0.0
25580,12,0.0
25592,1,0.0
25592,2,0.0
25592,3,0.0
25592,4,1.0
25592,5,0.0
25592,6,0.5
25592,7,0.5
25592,8,1.0
25592,9,0.5
25592,10,0.5
25592,11,0.0
25592,12,0.0
25594,1,0.0
25594,2,0.5
25594,3,0.5
25594,4,0.0
25594,5,0.0
25594,6,0.5
25594,7,0.0
25594,8,0.5
25594,9,0.5
25594,10,0.0
25594,11,0.0
25594,12,0.0
25596,1,0.0
25596,2,0.0
25596,3,0.0
25596,4,0.0
25596,5,0.0
25596,6,0.5
25596,7,0.0
25596,8,0.5
25596,9,1.0
25596,10,0.0
25596,11,0.0
25596,12,0.0
25599,1,0.0
25599,2,0.0
25599,3,0.0
25599,4,0.5
25599,5,0.5
25599,6,0.0
25599,7,0.5
25599,8,1.0
25599,9,0.0
25599,10,0.5
25599,11,0.0
25599,12,0.0
25612,1,0.0
25612,2,0.5
25612,3,0.0
25612,4,0.5
25612,5,0.5
25612,6,0.0
25612,7,1.0
25612,8,1.0
25612,9,1.0
25612,10,0.5
25612,11,0.0
25612,12,0.0
25645,1,0.0
25645,2,0.0
25645,3,0.0
25645,4,0.0
25645,5,0.0
25645,6,0.0
25645,7,0.5
25645,8,0.0
25645,9,0.0
25645,10,0.5
25645,11,0.0
25645,12,1.0
25649,1,0.0
25649,2,0.0
25649,3,0.0
25649,4,0.0
25649,5,0.0
25649,6,0.0
25649,7,0.0
25649,8,0.0
25649,9,0.0
25649,10,0.0
25649,11,0.0
25649,12,0.0
25653,1,0.0
25653,2,0.0
25653,3,0.0
25653,4,0.0
25653,5,0.0
25653,6,0.0
25653,7,0.0
25653,8,1.0
25653,9,0.5
25653,10,0.0
25653,11,0.0
25653,12,0.0
25658,1,0.0
25658,2,0.0
25658,3,0.0
25658,4,0.0
25658,5,0.0
25658,6,0.0
25658,7,0.5
25658,8,0.5
25658,9,1.0
25658,10,0.0
25658,11,0.0
25658,12,0.0
25662,1,0.0
25662,2,0.0
25662,3,0.0
25662,4,0.0
25662,5,0.0
25662,6,0.0
25662,7,0.5
25662,8,1.0
25662,9,1.0
25662,10,0.0
25662,11,0.0
25662,12,0.0
25718,1,0.0
25718,2,0.0
25718,3,0.0
25718,4,0.0
25718,5,0.0
25718,6,0.0
25718,7,0.0
25718,8,0.5
25718,9,0.5
25718,10,0.5
25718,11,0.0
25718,12,0.0
25736,1,0.5
25736,2,0.0
25736,3,0.0
25736,4,0.0
25736,5,0.0
25736,6,0.5
25736,7,0.0
25736,8,0.0
25736,9,0.0
25736,10,0.0
25736,11,0.0
25736,12,0.0
25740,1,0.5
25740,2,0.0
25740,3,0.0
25740,4,0.0
25740,5,0.5
25740,6,0.0
25740,7,1.0
25740,8,1.0
25740,9,1.0
25740,10,0.5
25740,11,0.0
25740,12,0.0
25743,1,0.0
25743,2,0.0
25743,3,1.0
25743,4,0.0
25743,5,1.0
25743,6,0.0
25743,7,0.0
25743,8,0.0
25743,9,0.5
25743,10,0.0
25743,11,0.0
25743,12,0.0
25745,1,0.0
25745,2,0.0
25745,3,0.0
25745,4,0.5
25745,5,0.0
25745,6,0.0
25745,7,0.0
25745,8,0.0
25745,9,0.0
25745,10,0.0
25745,11,0.0
25745,12,0.5
25754,1,0.5
25754,2,1.0
25754,3,1.0
25754,4,0.5
25754,5,1.0
25754,6,0.0
25754,7,0.5
25754,8,1.0
25754,9,1.0
25754,10,0.0
25754,11,1.0
25754,12,0.5
25758,1,0.5
25758,2,0.0
25758,3,0.0
25758,4,0.0
25758,5,0.0
25758,6,0.0
25758,7,0.5
25758,8,0.0
25758,9,0.0
25758,10,0.0
25758,11,0.0
25758,12,0.0
25769,1,0.5
25769,2,0.0
25769,3,0.0
25769,4,0.0
25769,5,0.0
25769,6,0.0
25769,7,0.0
25769,8,0.0
25769,9,0.0
25769,10,0.0
25769,11,0.0
25769,12,0.0
25772,1,0.5
25772,2,0.5
25772,3,0.0
25772,4,0.0
25772,5,0.0
25772,6,0.5
25772,7,0.0
25772,8,0.0
25772,9,0.0
25772,10,0.0
25772,11,0.0
25772,12,0.0
25777,1,0.5
25777,2,0.0
25777,3,0.0
25777,4,0.0
25777,5,0.0
25777,6,0.0
25777,7,0.0
25777,8,0.5
25777,9,0.5
25777,10,0.0
25777,11,0.0
25777,12,0.0
25779,1,0.0
25779,2,0.5
25779,3,0.0
25779,4,0.0
25779,5,0.0
25779,6,0.0
25779,7,0.0
25779,8,0.5
25779,9,1.0
25779,10,0.0
25779,11,0.0
25779,12,0.0
25781,1,0.0
25781,2,0.0
25781,3,0.5
25781,4,0.0
25781,5,0.5
25781,6,0.0
25781,7,0.5
25781,8,0.5
25781,9,0.5
25781,10,0.0
25781,11,0.0
25781,12,0.0
25785,1,0.0
25785,2,0.0
25785,3,0.5
25785,4,0.0
25785,5,0.0
25785,6,0.0
25785,7,0.0
25785,8,0.0
25785,9,0.0
25785,10,0.0
25785,11,0.0
25785,12,0.0
25793,1,0.5
25793,2,0.5
25793,3,0.0
25793,4,0.0
25793,5,0.5
25793,6,0.0
25793,7,0.0
25793,8,0.0
25793,9,0.0
25793,10,0.0
25793,11,0.0
25793,12,0.0
25797,1,0.5
25797,2,0.0
25797,3,0.0
25797,4,0.0
25797,5,0.0
25797,6,0.0
25797,7,0.5
25797,8,0.5
25797,9,0.5
25797,10,0.0
25797,11,0.0
25797,12,0.0
25799,1,0.0
25799,2,0.0
25799,3,0.5
25799,4,0.0
25799,5,0.0
25799,6,0.0
25799,7,0.0
25799,8,0.0
25799,9,0.0
25799,10,0.5
25799,11,0.0
25799,12,0.5
25805,1,0.0
25805,2,0.0
25805,3,0.5
25805,4,0.0
25805,5,0.0
25805,6,0.0
25805,7,0.5
25805,8,0.5
25805,9,0.5
25805,10,0.0
25805,11,0.0
25805,12,0.0
25807,1,0.5
25807,2,0.5
25807,3,0.5
25807,4,0.0
25807,5,0.5
25807,6,0.0
25807,7,0.0
25807,8,0.0
25807,9,0.5
25807,10,0.0
25807,11,0.5
25807,12,0.0
25815,1,0.0
25815,2,0.0
25815,3,0.5
25815,4,0.5
25815,5,0.0
25815,6,0.0
25815,7,0.5
25815,8,1.0
25815,9,1.0
25815,10,0.0
25815,11,0.5
25815,12,0.0
25817,1,0.0
25817,2,0.5
25817,3,0.0
25817,4,0.0
25817,5,0.5
25817,6,0.0
25817,7,0.0
25817,8,0.0
25817,9,0.0
25817,10,0.0
25817,11,0.0
25817,12,0.5
25823,1,0.0
25823,2,0.5
25823,3,0.0
25823,4,0.0
25823,5,0.0
25823,6,0.0
25823,7,0.5
25823,8,0.5
25823,9,0.0
25823,10,0.0
25823,11,0.0
25823,12,0.0
25839,1,0.5
25839,2,0.5
25839,3,0.5
25839,4,0.5
25839,5,0.5
25839,6,0.0
25839,7,0.5
25839,8,0.0
25839,9,0.0
25839,10,0.0
25839,11,0.0
25839,12,0.0
25841,1,0.0
25841,2,0.5
25841,3,0.0
25841,4,0.0
25841,5,0.0
25841,6,0.0
25841,7,0.0
25841,8,0.0
25841,9,0.0
25841,10,0.0
25841,11,0.0
25841,12,0.0
25843,1,1.0
25843,2,0.5
25843,3,0.5
25843,4,0.0
25843,5,0.5
25843,6,0.0
25843,7,0.5
25843,8,1.0
25843,9,0.5
25843,10,1.0
25843,11,0.0
25843,12,0.0
25845,1,0.0
25845,2,0.5
25845,3,0.0
25845,4,0.0
25845,5,0.0
25845,6,0.0
25845,7,0.0
25845,8,0.0
25845,9,0.0
25845,10,0.0
25845,11,0.0
25845,12,0.0
25851,1,0.0
25851,2,0.0
25851,3,0.0
25851,4,0.5
25851,5,0.0
25851,6,0.0
25851,7,0.5
25851,8,1.0
25851,9,0.5
25851,10,0.0
25851,11,0.0
25851,12,0.5
25862,1,0.5
25862,2,0.0
25862,3,0.5
25862,4,0.0
25862,5,0.0
25862,6,0.0
25862,7,0.5
25862,8,0.5
25862,9,0.5
25862,10,0.0
25862,11,0.0
25862,12,0.0
25867,1,0.0
25867,2,0.0
25867,3,0.0
25867,4,0.5
25867,5,0.0
25867,6,0.0
25867,7,0.0
25867,8,0.0
25867,9,1.0
25867,10,0.0
25867,11,0.0
25867,12,0.0
25871,1,0.0
25871,2,0.5
25871,3,0.5
25871,4,0.5
25871,5,0.0
25871,6,0.5
25871,7,0.0
25871,8,0.5
25871,9,0.5
25871,10,0.5
25871,11,0.0
25871,12,0.5
25873,1,0.5
25873,2,1.0
25873,3,0.0
25873,4,0.0
25873,5,0.0
25873,6,0.5
25873,7,0.0
25873,8,0.0
25873,9,0.5
25873,10,0.0
25873,11,0.0
25873,12,0.0
25875,1,0.5
25875,2,0.0
25875,3,0.5
25875,4,0.5
25875,5,0.0
25875,6,1.0
25875,7,0.5
25875,8,1.0
25875,9,0.5
25875,10,1.0
25875,11,0.5
25875,12,0.5
25878,1,0.0
25878,2,0.0
25878,3,0.5
25878,4,0.5
25878,5,0.0
25878,6,0.0
25878,7,0.0
25878,8,0.5
25878,9,0.5
25878,10,0.0
25878,11,1.0
25878,12,0.0
25885,1,0.0
25885,2,0.5
25885,3,0.0
25885,4,0.0
25885,5,0.5
25885,6,0.0
25885,7,0.0
25885,8,0.0
25885,9,1.0
25885,10,0.0
25885,11,0.0
25885,12,0.0
25898,1,0.5
25898,2,0.0
25898,3,0.0
25898,4,0.0
25898,5,0.0
25898,6,0.0
25898,7,0.0
25898,8,0.0
25898,9,0.0
25898,10,0.0
25898,11,0.0
25898,12,0.5
25899,1,0.0
25899,2,0.5
25899,3,0.0
25899,4,0.0
25899,5,0.0
25899,6,0.0
25899,7,0.0
25899,8,0.0
25899,9,0.0
25899,10,0.0
25899,11,0.5
25899,12,0.5
27001,1,0.5
27001,2,0.5
27001,3,0.5
27001,4,0.5
27001,5,1.0
27001,6,0.5
27001,7,1.0
27001,8,0.5
27001,9,1.0
27001,10,0.5
27001,11,0.5
27001,12,0.0
27006,1,0.0
27006,2,0.0
27006,3,0.0
27006,4,0.0
27006,5,0.0
27006,6,0.5
27006,7,0.0
27006,8,0.5
27006,9,0.5
27006,10,0.0
27006,11,0.5
27006,12,0.0
27025,1,0.5
27025,2,1.0
27025,3,0.5
27025,4,0.0
27025,5,0.5
27025,6,0.5
27025,7,0.5
27025,8,0.0
27025,9,0.0
27025,10,0.0
27025,11,0.0
27025,12,0.0
27050,1,0.0
27050,2,0.0
27050,3,0.0
27050,4,0.0
27050,5,0.5
27050,6,0.0
27050,7,0.5
27050,8,0.0
27050,9,0.5
27050,10,0.0
27050,11,0.0
27050,12,0.0
27073,1,0.0
27073,2,0.0
27073,3,0.0
27073,4,0.0
27073,5,0.0
27073,6,0.0
27073,7,0.0
27073,8,0.0
27073,9,0.0
27073,10,0.0
27073,11,0.0
27073,12,0.0
27075,1,0.0
27075,2,0.0
27075,3,0.5
27075,4,0.0
27075,5,0.0
27075,6,0.0
27075,7,0.0
27075,8,0.0
27075,9,0.5
27075,10,0.0
27075,11,0.0
27075,12,0.0
27077,1,0.0
27077,2,0.0
27077,3,0.0
27077,4,0.0
27077,5,0.5
27077,6,0.0
27077,7,0.5
27077,8,0.0
27077,9,0.0
27077,10,0.5
27077,11,0.5
27077,12,0.0
27099,1,0.5
27099,2,0.0
27099,3,0.0
27099,4,0.0
27099,5,0.0
27099,6,0.5
27099,7,0.0
27099,8,0.0
27099,9,0.0
27099,10,0.0
27099,11,0.0
27099,12,0.0
27135,1,0.0
27135,2,0.0
27135,3,0.0
27135,4,0.5
27135,5,0.0
27135,6,0.0
27135,7,0.5
27135,8,0.0
27135,9,0.0
27135,10,0.5
27135,11,0.0
27135,12,0.0
27150,1,0.0
27150,2,0.0
27150,3,0.0
27150,4,0.0
27150,5,0.5
27150,6,0.5
27150,7,0.5
27150,8,0.0
27150,9,0.0
27150,10,0.5
27150,11,0.0
27150,12,0.0
27160,1,0.0
27160,2,0.0
27160,3,0.0
27160,4,0.5
27160,5,0.0
27160,6,0.0
27160,7,0.0
27160,8,0.0
27160,9,0.0
27160,10,0.0
27160,11,0.0
27160,12,0.0
27205,1,0.0
27205,2,0.0
27205,3,0.0
27205,4,0.0
27205,5,0.5
27205,6,0.0
27205,7,0.0
27205,8,0.0
27205,9,0.0
27205,10,0.0
27205,11,0.0
27205,12,0.0
27245,1,0.0
27245,2,0.0
27245,3,0.0
27245,4,0.0
27245,5,0.0
27245,6,0.0
27245,7,0.0
27245,8,0.0
27245,9,0.0
27245,10,0.0
27245,11,0.0
27245,12,0.0
27250,1,0.0
27250,2,0.0
27250,3,0.0
27250,4,0.0
27250,5,0.0
27250,6,0.5
27250,7,0.0
27250,8,0.5
27250,9,0.0
27250,10,0.0
27250,11,0.0
27250,12,0.0
27361,1,0.5
27361,2,0.0
27361,3,0.5
27361,4,1.0
27361,5,0.0
27361,6,0.5
27361,7,0.0
27361,8,0.0
27361,9,0.5
27361,10,0.5
27361,11,0.0
27361,12,0.0
27372,1,0.0
27372,2,0.0
27372,3,0.0
27372,4,0.0
27372,5,0.5
27372,6,0.5
27372,7,0.0
27372,8,0.0
27372,9,0.0
27372,10,0.0
27372,11,0.0
27372,12,0.0
27413,1,0.0
27413,2,0.0
27413,3,0.0
27413,4,0.5
27413,5,0.5
27413,6,0.0
27413,7,0.0
27413,8,0.0
27413,9,0.0
27413,10,0.0
27413,11,0.0
27413,12,0.0
27425,1,0.0
27425,2,0.0
27425,3,0.5
27425,4,0.0
27425,5,0.5
27425,6,0.0
27425,7,0.5
27425,8,0.0
27425,9,0.0
27425,10,0.5
27425,11,0.0
27425,12,0.5
27430,1,0.5
27430,2,1.0
27430,3,0.5
27430,4,0.0
27430,5,0.5
27430,6,0.5
27430,7,1.0
27430,8,0.0
27430,9,0.0
27430,10,0.0
27430,11,0.0
27430,12,0.5
27450,1,0.0
27450,2,0.0
27450,3,0.5
27450,4,0.5
27450,5,0.5
27450,6,0.0
27450,7,0.0
27450,8,0.0
27450,9,0.0
27450,10,0.0
27450,11,0.0
27450,12,0.0
27491,1,0.0
27491,2,0.0
27491,3,0.0
27491,4,0.0
27491,5,0.0
27491,6,0.0
27491,7,0.0
27491,8,0.0
27491,9,0.0
27491,10,0.0
27491,11,0.0
27491,12,0.0
27493,1,0.0
27493,2,0.0
27493,3,0.0
27493,4,0.0
27493,5,0.0
27493,6,0.0
27493,7,0.0
27493,8,0.0
27493,9,0.0
27493,10,0.0
27493,11,0.0
27493,12,0.0
27495,1,0.0
27495,2,0.0
27495,3,0.0
27495,4,0.0
27495,5,0.0
27495,6,0.0
27495,7,0.0
27495,8,0.0
27495,9,0.0
27495,10,0.0
27495,11,0.0
27495,12,0.0
27580,1,0.0
27580,2,0.0
27580,3,0.0
27580,4,0.0
27580,5,0.0
27580,6,0.5
27580,7,0.0
27580,8,0.0
27580,9,0.0
27580,10,0.0
27580,11,0.0
27580,12,0.0
27600,1,0.0
27600,2,0.5
27600,3,0.0
27600,4,0.0
27600,5,0.0
27600,6,0.0
27600,7,0.5
27600,8,0.0
27600,9,0.0
27600,10,0.0
27600,11,0.0
27600,12,0.0
27615,1,0.0
27615,2,0.0
27615,3,1.0
27615,4,0.0
27615,5,0.5
27615,6,0.5
27615,7,1.0
27615,8,0.5
27615,9,0.0
27615,10,0.5
27615,11,0.0
27615,12,0.0
27660,1,0.0
27660,2,0.0
27660,3,0.0
27660,4,0.0
27660,5,0.0
27660,6,0.0
27660,7,0.0
27660,8,0.0
27660,9,0.0
27660,10,0.0
27660,11,0.0
27660,12,0.0
27745,1,0.5
27745,2,0.0
27745,3,0.0
27745,4,0.0
27745,5,0.0
27745,6,0.0
27745,7,0.0
27745,8,0.5
27745,9,0.0
27745,10,0.0
27745,11,0.0
27745,12,0.0
27787,1,0.0
27787,2,0.0
27787,3,0.0
27787,4,0.0
27787,5,0.0
27787,6,0.5
27787,7,0.0
27787,8,0.0
27787,9,0.0
27787,10,0.0
27787,11,0.0
27787,12,0.0
27800,1,0.0
27800,2,0.0
27800,3,0.5
27800,4,0.0
27800,5,0.0
27800,6,1.0
27800,7,0.0
27800,8,1.0
27800,9,0.0
27800,10,0.5
27800,11,0.0
27800,12,0.0
27810,1,0.0
27810,2,0.0
27810,3,0.0
27810,4,0.0
27810,5,0.0
27810,6,0.0
27810,7,0.0
27810,8,0.0
27810,9,0.0
27810,10,0.0
27810,11,0.0
27810,12,0.0
41001,1,0.0
41001,2,0.5
41001,3,0.0
41001,4,1.0
41001,5,0.5
41001,6,0.5
41001,7,1.0
41001,8,1.0
41001,9,1.0
41001,10,1.0
41001,11,0.0
41001,12,0.5
41006,1,0.0
41006,2,0.5
41006,3,0.0
41006,4,0.0
41006,5,0.0
41006,6,0.5
41006,7,1.0
41006,8,0.0
41006,9,0.0
41006,10,0.5
41006,11,0.0
41006,12,0.0
41013,1,0.0
41013,2,0.0
41013,3,0.5
41013,4,0.0
41013,5,1.0
41013,6,0.0
41013,7,0.5
41013,8,1.0
41013,9,1.0
41013,10,0.5
41013,11,0.0
41013,12,0.5
41016,1,0.5
41016,2,0.5
41016,3,0.0
41016,4,0.0
41016,5,0.5
41016,6,0.0
41016,7,1.0
41016,8,1.0
41016,9,1.0
41016,10,0.5
41016,11,0.0
41016,12,0.0
41020,1,0.0
41020,2,0.0
41020,3,0.0
41020,4,0.0
41020,5,0.0
41020,6,0.0
41020,7,0.0
41020,8,0.5
41020,9,0.5
41020,10,0.0
41020,11,0.5
41020,12,0.0
41026,1,0.0
41026,2,0.0
41026,3,0.5
41026,4,0.0
41026,5,0.0
41026,6,0.0
41026,7,0.0
41026,8,0.5
41026,9,0.0
41026,10,0.5
41026,11,0.0
41026,12,0.0
41078,1,0.0
41078,2,0.0
41078,3,0.0
41078,4,0.0
41078,5,0.0
41078,6,0.0
41078,7,0.5
41078,8,0.5
41078,9,0.5
41078,10,0.0
41078,11,0.0
41078,12,0.5
41132,1,0.0
41132,2,0.0
41132,3,0.5
41132,4,0.0
41132,5,0.0
41132,6,0.0
41132,7,0.5
41132,8,1.0
41132,9,1.0
41132,10,0.0
41132,11,0.0
41132,12,0.5
41206,1,0.5
41206,2,0.5
41206,3,0.0
41206,4,0.0
41206,5,0.0
41206,6,0.0
41206,7,0.0
41206,8,0.0
41206,9,0.5
41206,10,0.5
41206,11,0.0
41206,12,0.0
41244,1,0.0
41244,2,0.0
41244,3,0.0
41244,4,0.0
41244,5,0.0
41244,6,0.0
41244,7,0.0
41244,8,0.0
41244,9,0.0
41244,10,0.5
41244,11,0.0
41244,12,0.0
41298,1,0.0
41298,2,0.5
41298,3,0.0
41298,4,0.0
41298,5,0.5
41298,6,0.0
41298,7,0.5
41298,8,0.5
41298,9,1.0
41298,10,0.0
41298,11,0.0
41298,12,0.5
41306,1,0.0
41306,2,0.0
41306,3,1.0
41306,4,0.0
41306,5,0.0
41306,6,0.0
41306,7,1.0
41306,8,0.5
41306,9,1.0
41306,10,0.5
41306,11,0.0
41306,12,0.0
41319,1,0.0
41319,2,0.5
41319,3,0.0
41319,4,0.0
41319,5,0.5
41319,6,0.0
41319,7,0.0
41319,8,0.0
41319,9,0.5
41319,10,1.0
41319,11,0.5
41319,12,0.0
41349,1,0.0
41349,2,0.0
41349,3,0.0
41349,4,0.0
41349,5,0.0
41349,6,0.0
41349,7,1.0
41349,8,1.0
41349,9,0.5
41349,10,0.5
41349,11,0.0
41349,12,0.0
41357,1,0.0
41357,2,0.0
41357,3,1.0
41357,4,0.0
41357,5,0.5
41357,6,0.0
41357,7,0.5
41357,8,0.5
41357,9,0.5
41357,10,0.0
41357,11,0.0
41357,12,0.5
41359,1,0.0
41359,2,0.5
41359,3,0.5
41359,4,0.0
41359,5,0.5
41359,6,0.0
41359,7,0.0
41359,8,0.0
41359,9,0.0
41359,10,1.0
41359,11,0.5
41359,12,0.0
41378,1,0.0
41378,2,0.0
41378,3,0.5
41378,4,0.0
41378,5,0.0
41378,6,0.5
41378,7,0.0
41378,8,0.0
41378,9,0.0
41378,10,0.0
41378,11,0.0
41378,12,0.5
41396,1,0.0
41396,2,0.5
41396,3,0.5
41396,4,0.0
41396,5,0.5
41396,6,0.0
41396,7,0.0
41396,8,0.0
41396,9,1.0
41396,10,0.5
41396,11,0.0
41396,12,0.5
41483,1,0.0
41483,2,0.0
41483,3,0.5
41483,4,0.0
41483,5,0.5
41483,6,0.0
41483,7,0.0
41483,8,0.0
41483,9,0.5
41483,10,0.5
41483,11,0.5
41483,12,0.5
41503,1,0.0
41503,2,0.0
41503,3,0.0
41503,4,0.0
41503,5,0.0
41503,6,0.0
41503,7,0.0
41503,8,0.0
41503,9,0.0
41503,10,0.5
41503,11,0.0
41503,12,0.5
41518,1,0.0
41518,2,0.5
41518,3,0.5
41518,4,0.0
41518,5,0.5
41518,6,0.5
41518,7,0.0
41518,8,1.0
41518,9,1.0
41518,10,1.0
41518,11,0.0
41518,12,1.0
41524,1,0.0
41524,2,0.0
41524,3,0.5
41524,4,0.0
41524,5,0.5
41524,6,0.5
41524,7,1.0
41524,8,1.0
41524,9,1.0
41524,10,1.0
41524,11,0.5
41524,12,0.5
41530,1,0.0
41530,2,0.0
41530,3,0.0
41530,4,0.0
41530,5,0.0
41530,6,0.0
41530,7,0.0
41530,8,0.0
41530,9,0.0
41530,10,0.5
41530,11,0.0
41530,12,0.0
41548,1,0.0
41548,2,0.0
41548,3,0.5
41548,4,0.0
41548,5,0.0
41548,6,0.0
41548,7,0.0
41548,8,0.5
41548,9,0.5
41548,10,0.0
41548,11,0.5
41548,12,0.5
41551,1,0.0
41551,2,0.5
41551,3,1.0
41551,4,0.0
41551,5,0.0
41551,6,0.5
41551,7,0.0
41551,8,0.0
41551,9,0.5
41551,10,0.5
41551,11,0.5
41551,12,0.0
41615,1,0.0
41615,2,0.5
41615,3,0.0
41615,4,0.0
41615,5,0.5
41615,6,0.5
41615,7,1.0
41615,8,1.0
41615,9,1.0
41615,10,1.0
41615,11,0.5
41615,12,0.5
41660,1,0.0
41660,2,0.0
41660,3,0.0
41660,4,0.0
41660,5,0.0
41660,6,0.0
41660,7,0.0
41660,8,0.0
41660,9,0.0
41660,10,0.5
41660,11,0.5
41660,12,0.0
41668,1,0.5
41668,2,0.5
41668,3,0.5
41668,4,0.0
41668,5,0.0
41668,6,0.0
41668,7,0.0
41668,8,0.0
41668,9,0.0
41668,10,1.0
41668,11,0.5
41668,12,0.5
41676,1,0.0
41676,2,0.5
41676,3,0.5
41676,4,0.0
41676,5,0.0
41676,6,0.0
41676,7,0.5
41676,8,0.5
41676,9,1.0
41676,10,0.5
41676,11,0.0
41676,12,0.0
41770,1,0.0
41770,2,1.0
41770,3,0.5
41770,4,0.5
41770,5,0.5
41770,6,0.0
41770,7,0.0
41770,8,0.0
41770,9,1.0
41770,10,0.5
41770,11,0.0
41770,12,0.5
41791,1,0.0
41791,2,0.0
41791,3,0.5
41791,4,0.0
41791,5,0.0
41791,6,0.0
41791,7,0.0
41791,8,0.5
41791,9,1.0
41791,10,0.5
41791,11,0.0
41791,12,0.0
41797,1,0.0
41797,2,0.0
41797,3,0.5
41797,4,0.5
41797,5,0.0
41797,6,0.5
41797,7,0.0
41797,8,0.5
41797,9,1.0
41797,10,0.0
41797,11,0.5
41797,12,0.5
41799,1,0.0
41799,2,0.0
41799,3,0.0
41799,4,0.0
41799,5,0.0
41799,6,0.5
41799,7,0.5
41799,8,0.5
41799,9,1.0
41799,10,0.0
41799,11,0.0
41799,12,0.5
41801,1,0.0
41801,2,0.0
41801,3,0.5
41801,4,0.0
41801,5,0.5
41801,6,0.0
41801,7,0.0
41801,8,0.0
41801,9,1.0
41801,10,1.0
41801,11,0.0
41801,12,0.0
41807,1,0.5
41807,2,1.0
41807,3,0.0
41807,4,0.5
41807,5,1.0
41807,6,0.5
41807,7,0.0
41807,8,0.5
41807,9,0.5
41807,10,0.5
41807,11,0.5
41807,12,0.0
41872,1,0.0
41872,2,0.0
41872,3,0.0
41872,4,0.0
41872,5,0.0
41872,6,0.0
41872,7,0.0
41872,8,0.5
41872,9,1.0
41872,10,0.0
41872,11,0.0
41872,12,0.0
41885,1,0.0
41885,2,0.5
41885,3,1.0
41885,4,0.0
41885,5,0.5
41885,6,0.0
41885,7,0.5
41885,8,1.0
41885,9,1.0
41885,10,1.0
41885,11,1.0
41885,12,0.0
44001,1,0.0
44001,2,0.0
44001,3,0.0
44001,4,0.5
44001,5,0.0
44001,6,0.5
44001,7,0.5
44001,8,0.5
44001,9,0.5
44001,10,0.5
44001,11,0.5
44001,12,0.0
44035,1,0.5
44035,2,0.5
44035,3,0.5
44035,4,0.0
44035,5,0.0
44035,6,0.0
44035,7,0.0
44035,8,0.0
44035,9,0.0
44035,10,0.0
44035,11,0.0
44035,12,0.0
44078,1,0.0
44078,2,0.0
44078,3,0.5
44078,4,0.5
44078,5,0.0
44078,6,0.0
44078,7,0.0
44078,8,0.0
44078,9,0.0
44078,10,0.0
44078,11,0.0
44078,12,0.0
44090,1,0.0
44090,2,0.0
44090,3,0.5
44090,4,0.5
44090,5,0.0
44090,6,0.5
44090,7,1.0
44090,8,0.5
44090,9,0.5
44090,10,0.5
44090,11,0.0
44090,12,0.0
44098,1,0.0
44098,2,0.0
44098,3,0.0
44098,4,0.0
44098,5,0.0
44098,6,0.0
44098,7,0.0
44098,8,0.5
44098,9,0.0
44098,10,0.0
44098,11,0.0
44098,12,0.0
44110,1,0.0
44110,2,0.0
44110,3,0.0
44110,4,0.0
44110,5,0.0
44110,6,0.0
44110,7,0.0
44110,8,0.0
44110,9,0.0
44110,10,0.0
44110,11,0.0
44110,12,0.0
44279,1,0.0
44279,2,0.5
44279,3,0.5
44279,4,1.0
44279,5,0.0
44279,6,0.0
44279,7,0.0
44279,8,0.5
44279,9,0.0
44279,10,0.0
44279,11,0.0
44279,12,0.0
44378,1,0.0
44378,2,0.0
44378,3,0.5
44378,4,0.0
44378,5,0.0
44378,6,0.0
44378,7,0.0
44378,8,0.0
44378,9,0.0
44378,10,0.0
44378,11,0.0
44378,12,0.0
44420,1,0.0
44420,2,0.0
44420,3,0.0
44420,4,0.0
44420,5,0.0
44420,6,0.0
44420,7,0.0
44420,8,0.0
44420,9,0.0
44420,10,0.0
44420,11,0.0
44420,12,0.0
44430,1,0.0
44430,2,0.0
44430,3,0.5
44430,4,0.0
44430,5,0.0
44430,6,0.0
44430,7,0.0
44430,8,0.0
44430,9,0.5
44430,10,0.0
44430,11,0.0
44430,12,0.0
44560,1,0.5
44560,2,0.5
44560,3,0.0
44560,4,0.0
44560,5,0.0
44560,6,0.0
44560,7,0.0
44560,8,0.0
44560,9,0.0
44560,10,0.0
44560,11,0.0
44560,12,0.0
44650,1,0.0
44650,2,0.5
44650,3,0.5
44650,4,0.0
44650,5,0.0
44650,6,0.0
44650,7,0.0
44650,8,0.0
44650,9,0.0
44650,10,0.0
44650,11,0.0
44650,12,0.0
44847,1,0.0
44847,2,0.5
44847,3,0.0
44847,4,0.0
44847,5,0.0
44847,6,0.0
44847,7,0.0
44847,8,0.0
44847,9,0.0
44847,10,0.0
44847,11,0.0
44847,12,0.0
44855,1,0.0
44855,2,0.0
44855,3,0.0
44855,4,0.0
44855,5,0.0
44855,6,0.0
44855,7,0.0
44855,8,0.0
44855,9,0.0
44855,10,0.0
44855,11,0.0
44855,12,0.0
44874,1,0.0
44874,2,0.0
44874,3,0.5
44874,4,0.0
44874,5,0.0
44874,6,0.0
44874,7,0.0
44874,8,0.0
44874,9,0.0
44874,10,0.0
44874,11,0.0
44874,12,0.0
47001,1,1.0
47001,2,0.5
47001,3,1.0
47001,4,0.5
47001,5,1.0
47001,6,0.5
47001,7,1.0
47001,8,0.5
47001,9,0.5
47001,10,1.0
47001,11,0.5
47001,12,0.0
47030,1,0.0
47030,2,0.5
47030,3,0.0
47030,4,0.0
47030,5,0.0
47030,6,0.0
47030,7,0.0
47030,8,0.0
47030,9,0.0
47030,10,0.5
47030,11,0.5
47030,12,0.0
47053,1,0.5
47053,2,0.5
47053,3,0.0
47053,4,0.0
47053,5,0.0
47053,6,0.0
47053,7,0.0
47053,8,0.0
47053,9,0.0
47053,10,0.5
47053,11,0.5
47053,12,0.0
47058,1,0.0
47058,2,0.0
47058,3,0.0
47058,4,0.0
47058,5,0.0
47058,6,0.0
47058,7,0.0
47058,8,0.0
47058,9,0.0
47058,10,0.0
47058,11,0.5
47058,12,0.0
47161,1,0.0
47161,2,0.0
47161,3,0.0
47161,4,0.0
47161,5,0.0
47161,6,0.0
47161,7,0.5
47161,8,0.5
47161,9,0.0
47161,10,0.0
47161,11,0.0
47161,12,0.0
47170,1,0.0
47170,2,0.0
47170,3,0.0
47170,4,0.0
47170,5,0.0
47170,6,0.0
47170,7,0.0
47170,8,0.0
47170,9,0.0
47170,10,0.5
47170,11,0.0
47170,12,0.0
47189,1,1.0
47189,2,1.0
47189,3,1.0
47189,4,1.0
47189,5,1.0
47189,6,0.5
47189,7,0.5
47189,8,0.5
47189,9,0.0
47189,10,0.0
47189,11,0.0
47189,12,0.0
47205,1,0.0
47205,2,0.0
47205,3,0.0
47205,4,0.5
47205,5,0.0
47205,6,0.0
47205,7,0.0
47205,8,0.5
47205,9,0.5
47205,10,0.5
47205,11,0.5
47205,12,0.0
47245,1,0.5
47245,2,0.0
47245,3,0.0
47245,4,0.0
47245,5,0.0
47245,6,0.0
47245,7,0.0
47245,8,0.0
47245,9,0.0
47245,10,0.0
47245,11,0.5
47245,12,0.0
47258,1,0.0
47258,2,0.0
47258,3,0.0
47258,4,0.0
47258,5,0.0
47258,6,0.5
47258,7,0.0
47258,8,0.5
47258,9,0.5
47258,10,0.0
47258,11,0.0
47258,12,0.0
47268,1,0.0
47268,2,0.0
47268,3,0.0
47268,4,0.0
47268,5,0.0
47268,6,0.0
47268,7,0.5
47268,8,0.0
47268,9,0.0
47268,10,0.0
47268,11,0.5
47268,12,0.0
47288,1,0.5
47288,2,0.0
47288,3,0.5
47288,4,0.5
47288,5,0.0
47288,6,0.0
47288,7,0.0
47288,8,0.5
47288,9,0.5
47288,10,0.5
47288,11,0.5
47288,12,0.0
47318,1,0.0
47318,2,0.0
47318,3,0.0
47318,4,0.0
47318,5,0.0
47318,6,0.0
47318,7,0.0
47318,8,0.0
47318,9,0.0
47318,10,0.0
47318,11,0.0
47318,12,0.0
47460,1,0.0
47460,2,0.0
47460,3,0.0
47460,4,0.5
47460,5,0.0
47460,6,0.0
47460,7,0.0
47460,8,0.0
47460,9,0.0
47460,10,0.0
47460,11,0.0
47460,12,0.0
47541,1,0.0
47541,2,0.0
47541,3,0.5
47541,4,0.0
47541,5,0.0
47541,6,0.0
47541,7,0.5
47541,8,0.0
47541,9,0.0
47541,10,0.0
47541,11,0.0
47541,12,0.0
47545,1,0.0
47545,2,0.0
47545,3,0.0
47545,4,0.0
47545,5,0.0
47545,6,0.0
47545,7,0.0
47545,8,0.0
47545,9,0.0
47545,10,0.0
47545,11,0.0
47545,12,0.0
47551,1,0.0
47551,2,0.0
47551,3,0.5
47551,4,0.0
47551,5,0.0
47551,6,0.0
47551,7,0.0
47551,8,0.5
47551,9,0.5
47551,10,0.0
47551,11,0.0
47551,12,0.0
47555,1,0.0
47555,2,0.0
47555,3,0.0
47555,4,0.0
47555,5,0.0
47555,6,0.0
47555,7,0.0
47555,8,0.5
47555,9,0.0
47555,10,0.0
47555,11,0.5
47555,12,0.0
47570,1,0.5
47570,2,0.0
47570,3,0.0
47570,4,0.0
47570,5,0.5
47570,6,0.0
47570,7,0.5
47570,8,1.0
47570,9,0.0
47570,10,0.0
47570,11,0.0
47570,12,0.0
47605,1,0.0
47605,2,0.0
47605,3,0.0
47605,4,0.0
47605,5,0.5
47605,6,0.0
47605,7,0.0
47605,8,0.5
47605,9,0.5
47605,10,0.0
47605,11,0.0
47605,12,0.0
47660,1,0.0
47660,2,0.0
47660,3,0.0
47660,4,0.0
47660,5,0.0
47660,6,0.0
47660,7,0.0
47660,8,0.0
47660,9,0.0
47660,10,0.0
47660,11,0.0
47660,12,0.0
47675,1,0.0
47675,2,0.0
47675,3,0.0
47675,4,0.5
47675,5,0.0
47675,6,0.0
47675,7,0.5
47675,8,0.5
47675,9,0.0
47675,10,0.0
47675,11,0.0
47675,12,0.0
47692,1,0.0
47692,2,0.0
47692,3,0.0
47692,4,0.0
47692,5,0.0
47692,6,0.0
47692,7,0.0
47692,8,0.0
47692,9,0.0
47692,10,0.5
47692,11,0.0
47692,12,0.0
47703,1,0.0
47703,2,0.0
47703,3,0.0
47703,4,0.0
47703,5,0.0
47703,6,0.0
47703,7,0.0
47703,8,0.0
47703,9,0.0
47703,10,0.0
47703,11,0.0
47703,12,0.0
47707,1,0.0
47707,2,0.0
47707,3,0.0
47707,4,0.0
47707,5,0.0
47707,6,0.5
47707,7,0.0
47707,8,0.0
47707,9,0.0
47707,10,0.0
47707,11,0.0
47707,12,0.0
47720,1,0.0
47720,2,0.0
47720,3,0.5
47720,4,0.0
47720,5,0.0
47720,6,0.0
47720,7,0.0
47720,8,0.0
47720,9,0.0
47720,10,0.0
47720,11,0.0
47720,12,0.0
47745,1,0.0
47745,2,0.0
47745,3,0.0
47745,4,0.5
47745,5,0.5
47745,6,0.5
47745,7,1.0
47745,8,0.5
47745,9,0.0
47745,10,0.0
47745,11,0.0
47745,12,0.0
47798,1,0.0
47798,2,0.0
47798,3,0.0
47798,4,0.0
47798,5,0.0
47798,6,0.5
47798,7,0.0
47798,8,0.5
47798,9,0.0
47798,10,0.0
47798,11,0.0
47798,12,0.0
47960,1,0.0
47960,2,0.0
47960,3,0.0
47960,4,0.5
47960,5,0.0
47960,6,0.0
47960,7,0.0
47960,8,0.0
47960,9,0.0
47960,10,0.0
47960,11,0.0
47960,12,0.0
47980,1,1.0
47980,2,1.0
47980,3,1.0
47980,4,0.5
47980,5,0.5
47980,6,0.5
47980,7,0.0
47980,8,0.0
47980,9,0.5
47980,10,0.5
47980,11,0.5
47980,12,0.0
50001,1,1.0
50001,2,1.0
50001,3,0.0
50001,4,1.0
50001,5,1.0
50001,6,1.0
50001,7,0.5
50001,8,1.0
50001,9,0.5
50001,10,0.5
50001,11,0.0
50001,12,0.0
50006,1,0.0
50006,2,0.0
50006,3,0.0
50006,4,0.5
50006,5,0.0
50006,6,0.0
50006,7,0.0
50006,8,0.0
50006,9,0.0
50006,10,0.5
50006,11,0.0
50006,12,0.0
50110,1,0.0
50110,2,0.0
50110,3,0.5
50110,4,0.0
50110,5,0.0
50110,6,0.0
50110,7,0.0
50110,8,0.0
50110,9,0.0
50110,10,0.0
50110,11,0.0
50110,12,0.0
50124,1,0.0
50124,2,0.5
50124,3,0.5
50124,4,0.0
50124,5,0.0
50124,6,0.5
50124,7,0.0
50124,8,0.0
50124,9,0.0
50124,10,0.0
50124,11,0.0
50124,12,0.0
50150,1,0.5
50150,2,0.0
50150,3,0.0
50150,4,0.0
50150,5,0.0
50150,6,0.0
50150,7,0.0
50150,8,0.0
50150,9,0.0
50150,10,0.0
50150,11,0.0
50150,12,0.0
50223,1,0.0
50223,2,0.0
50223,3,0.0
50223,4,0.0
50223,5,0.0
50223,6,1.0
50223,7,0.0
50223,8,0.0
50223,9,0.0
50223,10,0.0
50223,11,0.0
50223,12,0.0
50226,1,0.0
50226,2,0.0
50226,3,0.0
50226,4,0.5
50226,5,0.0
50226,6,0.5
50226,7,0.0
50226,8,0.0
50226,9,0.0
50226,10,0.0
50226,11,0.0
50226,12,0.0
50245,1,0.0
50245,2,0.0
50245,3,0.0
50245,4,0.0
50245,5,0.0
50245,6,0.0
50245,7,0.0
50245,8,0.0
50245,9,0.0
50245,10,0.0
50245,11,0.0
50245,12,0.0
50251,1,0.0
50251,2,0.0
50251,3,0.0
50251,4,0.5
50251,5,0.0
50251,6,0.5
50251,7,1.0
50251,8,0.0
50251,9,0.0
50251,10,0.0
50251,11,0.5
50251,12,0.0
50270,1,0.0
50270,2,0.0
50270,3,0.0
50270,4,0.0
50270,5,0.0
50270,6,0.5
50270,7,0.0
50270,8,0.0
50270,9,0.0
50270,10,0.0
50270,11,0.5
50270,12,0.0
50287,1,0.5
50287,2,0.0
50287,3,0.5
50287,4,0.0
50287,5,0.0
50287,6,0.0
50287,7,0.0
50287,8,0.0
50287,9,0.0
50287,10,0.0
50287,11,0.5
50287,12,0.0
50313,1,0.0
50313,2,0.5
50313,3,0.0
50313,4,0.0
50313,5,0.5
50313,6,0.5
50313,7,0.5
50313,8,0.0
50313,9,0.0
50313,10,0.0
50313,11,0.5
50313,12,0.0
50318,1,0.0
50318,2,0.5
50318,3,0.0
50318,4,0.0
50318,5,0.0
50318,6,0.0
50318,7,0.5
50318,8,0.0
50318,9,0.0
50318,10,0.0
50318,11,0.5
50318,12,0.0
50325,1,0.0
50325,2,0.0
50325,3,0.5
50325,4,0.0
50325,5,0.0
50325,6,0.0
50325,7,0.0
50325,8,0.0
50325,9,0.0
50325,10,0.0
50325,11,0.0
50325,12,0.0
50330,1,0.0
50330,2,0.0
50330,3,0.0
50330,4,0.0
50330,5,0.0
50330,6,0.0
50330,7,0.0
50330,8,0.0
50330,9,0.0
50330,10,0.0
50330,11,0.0
50330,12,0.0
50350,1,1.0
50350,2,0.5
50350,3,0.0
50350,4,0.0
50350,5,0.0
50350,6,0.0
50350,7,0.0
50350,8,0.0
50350,9,0.5
50350,10,0.0
50350,11,0.0
50350,12,0.0
50370,1,0.0
50370,2,0.0
50370,3,0.0
50370,4,0.0
50370,5,0.0
50370,6,0.0
50370,7,0.0
50370,8,0.0
50370,9,0.0
50370,10,0.0
50370,11,0.0
50370,12,0.0
50400,1,0.0
50400,2,0.5
50400,3,0.0
50400,4,0.5
50400,5,0.0
50400,6,0.0
50400,7,0.5
50400,8,0.0
50400,9,0.0
50400,10,0.0
50400,11,0.0
50400,12,0.0
50450,1,0.0
50450,2,0.0
50450,3,0.0
50450,4,0.0
50450,5,0.0
50450,6,0.0
50450,7,0.0
50450,8,0.0
50450,9,0.0
50450,10,0.0
50450,11,0.0
50450,12,0.0
50568,1,0.5
50568,2,0.5
50568,3,1.0
50568,4,0.0
50568,5,0.0
50568,6,0.5
50568,7,0.5
50568,8,0.0
50568,9,0.0
50568,10,0.0
50568,11,0.0
50568,12,0.0
50573,1,0.5
50573,2,1.0
50573,3,1.0
50573,4,1.0
50573,5,0.0
50573,6,1.0
50573,7,0.0
50573,8,0.0
50573,9,0.5
50573,10,0.0
50573,11,0.5
50573,12,0.0
50577,1,0.0
50577,2,0.5
50577,3,0.0
50577,4,0.0
50577,5,0.0
50577,6,1.0
50577,7,0.0
50577,8,0.0
50577,9,0.0
50577,10,0.0
50577,11,0.0
50577,12,0.0
50590,1,0.5
50590,2,0.5
50590,3,0.0
50590,4,0.0
50590,5,0.0
50590,6,0.5
50590,7,0.0
50590,8,0.0
50590,9,0.0
50590,10,0.0
50590,11,0.0
50590,12,0.5
50606,1,0.5
50606,2,0.0
50606,3,0.0
50606,4,0.0
50606,5,0.0
50606,6,0.0
50606,7,0.0
50606,8,0.0
50606,9,0.0
50606,10,0.0
50606,11,0.0
50606,12,0.0
50680,1,0.0
50680,2,0.0
50680,3,0.0
50680,4,0.0
50680,5,0.0
50680,6,0.0
50680,7,0.0
50680,8,0.0
50680,9,0.0
50680,10,0.0
50680,11,0.0
50680,12,0.0
50683,1,0.0
50683,2,0.0
50683,3,0.0
50683,4,0.0
50683,5,0.5
50683,6,0.0
50683,7,0.0
50683,8,0.0
50683,9,0.0
50683,10,0.0
50683,11,0.0
50683,12,0.0
50686,1,0.5
50686,2,0.0
50686,3,0.0
50686,4,0.0
50686,5,0.0
50686,6,0.0
50686,7,0.0
50686,8,0.0
50686,9,0.0
50686,10,0.0
50686,11,0.0
50686,12,0.0
50689,1,0.5
50689,2,0.0
50689,3,0.0
50689,4,0.0
50689,5,0.0
50689,6,0.0
50689,7,0.0
50689,8,0.0
50689,9,0.0
50689,10,0.0
50689,11,0.0
50689,12,0.0
50711,1,0.0
50711,2,0.0
50711,3,0.0
50711,4,0.0
50711,5,0.0
50711,6,0.0
50711,7,0.5
50711,8,0.0
50711,9,0.0
50711,10,0.0
50711,11,0.0
50711,12,0.0
52001,1,0.5
52001,2,0.0
52001,3,0.0
52001,4,0.0
52001,5,0.5
52001,6,1.0
52001,7,0.0
52001,8,1.0
52001,9,0.5
52001,10,0.5
52001,11,0.5
52001,12,1.0
52019,1,0.0
52019,2,0.0
52019,3,0.0
52019,4,0.5
52019,5,0.0
52019,6,0.0
52019,7,0.0
52019,8,0.0
52019,9,0.0
52019,10,0.0
52019,11,0.0
52019,12,0.0
52022,1,0.0
52022,2,0.0
52022,3,0.0
52022,4,0.0
52022,5,0.0
52022,6,0.0
52022,7,0.0
52022,8,0.0
52022,9,0.0
52022,10,0.0
52022,11,0.0
52022,12,0.0
52036,1,0.0
52036,2,0.0
52036,3,0.0
52036,4,0.0
52036,5,0.5
52036,6,0.0
52036,7,0.0
52036,8,0.5
52036,9,0.5
52036,10,0.5
52036,11,0.0
52036,12,0.5
52051,1,0.5
52051,2,0.0
52051,3,0.0
52051,4,0.0
52051,5,0.0
52051,6,0.0
52051,7,0.0
52051,8,0.0
52051,9,0.5
52051,10,0.0
52051,11,0.0
52051,12,0.0
52079,1,0.5
52079,2,1.0
52079,3,0.5
52079,4,0.0
52079,5,0.0
52079,6,0.0
52079,7,0.0
52079,8,0.0
52079,9,0.0
52079,10,0.5
52079,11,1.0
52079,12,0.5
52083,1,0.0
52083,2,0.0
52083,3,0.0
52083,4,0.0
52083,5,0.0
52083,6,0.0
52083,7,0.0
52083,8,0.0
52083,9,0.0
52083,10,0.0
52083,11,0.0
52083,12,0.0
52110,1,0.5
52110,2,0.0
52110,3,0.0
52110,4,0.0
52110,5,0.0
52110,6,0.0
52110,7,0.0
52110,8,0.0
52110,9,0.5
52110,10,0.0
52110,11,0.0
52110,12,0.0
52203,1,0.0
52203,2,0.0
52203,3,0.0
52203,4,0.0
52203,5,0.0
52203,6,0.0
52203,7,0.0
52203,8,0.0
52203,9,0.0
52203,10,0.0
52203,11,0.0
52203,12,0.0
52207,1,0.5
52207,2,0.0
52207,3,0.0
52207,4,0.0
52207,5,0.5
52207,6,0.0
52207,7,0.0
52207,8,1.0
52207,9,0.5
52207,10,0.5
52207,11,0.0
52207,12,0.0
52210,1,0.0
52210,2,0.0
52210,3,0.0
52210,4,0.0
52210,5,0.0
52210,6,0.5
52210,7,0.0
52210,8,0.0
52210,9,0.0
52210,10,0.0
52210,11,0.0
52210,12,0.0
52215,1,0.0
52215,2,0.0
52215,3,0.0
52215,4,0.0
52215,5,0.0
52215,6,0.5
52215,7,0.0
52215,8,0.0
52215,9,0.0
52215,10,0.5
52215,11,0.0
52215,12,0.0
52224,1,0.0
52224,2,0.0
52224,3,0.0
52224,4,0.0
52224,5,0.0
52224,6,0.0
52224,7,0.0
52224,8,0.0
52224,9,0.0
52224,10,0.0
52224,11,0.0
52224,12,0.0
52227,1,0.0
52227,2,0.0
52227,3,0.0
52227,4,0.0
52227,5,0.0
52227,6,0.0
52227,7,0.0
52227,8,0.5
52227,9,0.5
52227,10,0.0
52227,11,0.0
52227,12,0.0
52233,1,0.5
52233,2,0.0
52233,3,0.5
52233,4,0.0
52233,5,0.0
52233,6,0.5
52233,7,0.0
52233,8,0.5
52233,9,0.5
52233,10,0.0
52233,11,0.0
52233,12,0.0
52240,1,0.0
52240,2,0.0
52240,3,0.0
52240,4,0.5
52240,5,0.0
52240,6,0.0
52240,7,0.0
52240,8,0.5
52240,9,0.5
52240,10,0.0
52240,11,0.0
52240,12,0.0
52250,1,0.5
52250,2,0.0
52250,3,0.0
52250,4,0.0
52250,5,0.0
52250,6,0.0
52250,7,0.0
52250,8,0.0
52250,9,0.0
52250,10,0.0
52250,11,0.0
52250,12,0.5
52254,1,0.0
52254,2,0.0
52254,3,0.0
52254,4,0.0
52254,5,0.0
52254,6,0.0
52254,7,0.0
52254,8,0.0
52254,9,0.0
52254,10,0.0
52254,11,0.0
52254,12,0.0
52256,1,0.0
52256,2,0.0
52256,3,0.0
52256,4,0.0
52256,5,0.0
52256,6,0.0
52256,7,0.5
52256,8,1.0
52256,9,0.5
52256,10,0.0
52256,11,0.0
52256,12,0.0
52258,1,0.0
52258,2,0.0
52258,3,0.0
52258,4,0.0
52258,5,0.0
52258,6,0.0
52258,7,0.0
52258,8,0.5
52258,9,0.0
52258,10,0.0
52258,11,0.0
52258,12,0.0
52260,1,0.0
52260,2,0.0
52260,3,0.0
52260,4,0.0
52260,5,0.0
52260,6,0.0
52260,7,0.0
52260,8,0.5
52260,9,0.5
52260,10,0.0
52260,11,0.5
52260,12,0.5
52287,1,0.0
52287,2,0.0
52287,3,0.0
52287,4,0.0
52287,5,0.5
52287,6,0.0
52287,7,0.0
52287,8,0.0
52287,9,0.5
52287,10,0.0
52287,11,0.0
52287,12,0.0
52317,1,0.0
52317,2,0.0
52317,3,0.0
52317,4,0.0
52317,5,0.0
52317,6,0.0
52317,7,0.0
52317,8,0.0
52317,9,0.0
52317,10,0.0
52317,11,0.0
52317,12,0.0
52320,1,0.0
52320,2,0.0
52320,3,0.0
52320,4,0.5
52320,5,0.0
52320,6,0.0
52320,7,0.0
52320,8,0.0
52320,9,0.0
52320,10,0.0
52320,11,0.0
52320,12,0.0
52323,1,0.0
52323,2,0.0
52323,3,0.0
52323,4,0.0
52323,5,0.0
52323,6,0.0
52323,7,0.0
52323,8,0.0
52323,9,0.0
52323,10,0.5
52323,11,0.0
52323,12,0.5
52352,1,0.0
52352,2,0.5
52352,3,0.0
52352,4,0.0
52352,5,0.5
52352,6,0.0
52352,7,0.0
52352,8,0.0
52352,9,0.5
52352,10,0.0
52352,11,0.0
52352,12,0.0
52354,1,0.0
52354,2,0.0
52354,3,0.0
52354,4,0.0
52354,5,0.0
52354,6,0.0
52354,7,0.0
52354,8,0.0
52354,9,0.0
52354,10,0.0
52354,11,0.0
52354,12,0.0
52356,1,0.0
52356,2,0.0
52356,3,0.5
52356,4,0.0
52356,5,0.5
52356,6,0.0
52356,7,0.0
52356,8,0.0
52356,9,0.5
52356,10,1.0
52356,11,0.0
52356,12,0.0
52378,1,0.0
52378,2,0.0
52378,3,0.0
52378,4,0.0
52378,5,0.0
52378,6,0.0
52378,7,0.0
52378,8,0.0
52378,9,0.0
52378,10,0.5
52378,11,0.0
52378,12,0.5
52381,1,0.0
52381,2,0.0
52381,3,0.0
52381,4,0.0
52381,5,0.0
52381,6,0.0
52381,7,0.0
52381,8,0.5
52381,9,0.5
52381,10,0.0
52381,11,0.0
52381,12,0.0
52385,1,0.0
52385,2,0.0
52385,3,0.0
52385,4,0.0
52385,5,0.0
52385,6,0.0
52385,7,0.5
52385,8,0.5
52385,9,0.5
52385,10,0.0
52385,11,0.0
52385,12,0.0
52390,1,0.0
52390,2,0.0
52390,3,0.0
52390,4,0.0
52390,5,0.0
52390,6,0.0
52390,7,0.0
52390,8,0.0
52390,9,0.0
52390,10,0.0
52390,11,0.0
52390,12,0.0
52399,1,0.0
52399,2,0.5
52399,3,0.0
52399,4,0.5
52399,5,0.5
52399,6,0.0
52399,7,0.0
52399,8,0.0
52399,9,0.0
52399,10,0.0
52399,11,0.0
52399,12,0.0
52405,1,0.0
52405,2,0.0
52405,3,0.0
52405,4,0.5
52405,5,0.0
52405,6,0.0
52405,7,0.5
52405,8,0.5
52405,9,0.5
52405,10,0.0
52405,11,0.0
52405,12,0.0
52411,1,0.0
52411,2,0.0
52411,3,0.0
52411,4,0.0
52411,5,0.0
52411,6,0.0
52411,7,0.0
52411,8,0.0
52411,9,0.0
52411,10,0.0
52411,11,0.0
52411,12,0.0
52418,1,0.5
52418,2,0.0
52418,3,0.0
52418,4,0.5
52418,5,0.0
52418,6,0.5
52418,7,1.0
52418,8,0.0
52418,9,0.5
52418,10,0.0
52418,11,0.0
52418,12,0.0
52427,1,0.0
52427,2,0.0
52427,3,0.0
52427,4,0.5
52427,5,1.0
52427,6,0.0
52427,7,0.0
52427,8,0.0
52427,9,0.0
52427,10,1.0
52427,11,0.0
52427,12,0.5
52435,1,0.0
52435,2,0.0
52435,3,0.5
52435,4,0.0
52435,5,0.0
52435,6,0.5
52435,7,0.0
52435,8,0.0
52435,9,0.5
52435,10,0.5
52435,11,0.0
52435,12,0.0
52473,1,0.0
52473,2,0.0
52473,3,0.0
52473,4,0.0
52473,5,0.0
52473,6,0.0
52473,7,0.0
52473,8,0.5
52473,9,0.0
52473,10,0.0
52473,11,0.0
52473,12,0.0
52480,1,0.0
52480,2,0.0
52480,3,0.0
52480,4,0.0
52480,5,0.0
52480,6,0.5
52480,7,0.0
52480,8,1.0
52480,9,0.0
52480,10,0.0
52480,11,0.0
52480,12,0.5
52490,1,0.0
52490,2,0.0
52490,3,0.0
52490,4,0.0
52490,5,0.0
52490,6,0.5
52490,7,0.0
52490,8,0.0
52490,9,0.0
52490,10,0.0
52490,11,0.0
52490,12,0.0
52506,1,0.0
52506,2,0.0
52506,3,0.0
52506,4,0.0
52506,5,0.0
52506,6,0.0
52506,7,0.0
52506,8,0.0
52506,9,0.0
52506,10,0.0
52506,11,0.0
52506,12,0.0
52520,1,0.0
52520,2,0.0
52520,3,0.0
52520,4,0.0
52520,5,0.0
52520,6,0.0
52520,7,0.0
52520,8,0.0
52520,9,0.0
52520,10,0.0
52520,11,0.0
52520,12,0.0
52540,1,0.0
52540,2,0.0
52540,3,0.0
52540,4,0.0
52540,5,0.0
52540,6,0.5
52540,7,0.0
52540,8,0.0
52540,9,0.0
52540,10,0.0
52540,11,0.0
52540,12,0.0
52560,1,0.0
52560,2,0.0
52560,3,0.0
52560,4,0.0
52560,5,0.0
52560,6,0.0
52560,7,0.0
52560,8,0.0
52560,9,0.0
52560,10,0.5
52560,11,0.0
52560,12,0.0
52565,1,0.5
52565,2,0.0
52565,3,0.0
52565,4,0.0
52565,5,0.0
52565,6,0.0
52565,7,0.0
52565,8,0.0
52565,9,0.0
52565,10,0.0
52565,11,0.0
52565,12,0.0
52573,1,0.0
52573,2,0.0
52573,3,0.0
52573,4,0.0
52573,5,0.5
52573,6,1.0
52573,7,0.0
52573,8,0.0
52573,9,0.0
52573,10,0.5
52573,11,0.0
52573,12,0.0
52585,1,0.0
52585,2,0.0
52585,3,0.0
52585,4,0.0
52585,5,0.0
52585,6,0.0
52585,7,0.0
52585,8,0.0
52585,9,0.0
52585,10,0.0
52585,11,0.0
52585,12,0.0
52612,1,0.5
52612,2,0.0
52612,3,0.5
52612,4,0.0
52612,5,0.0
52612,6,0.0
52612,7,0.0
52612,8,0.0
52612,9,0.0
52612,10,0.0
52612,11,0.0
52612,12,0.0
52621,1,0.5
52621,2,0.5
52621,3,0.5
52621,4,0.0
52621,5,0.5
52621,6,0.0
52621,7,0.0
52621,8,0.0
52621,9,0.0
52621,10,0.5
52621,11,0.0
52621,12,0.0
52678,1,0.0
52678,2,0.5
52678,3,0.0
52678,4,0.0
52678,5,0.0
52678,6,0.0
52678,7,0.0
52678,8,0.5
52678,9,0.0
52678,10,0.0
52678,11,0.0
52678,12,0.0
52683,1,0.0
52683,2,0.0
52683,3,0.0
52683,4,0.5
52683,5,0.5
52683,6,0.0
52683,7,0.0
52683,8,0.0
52683,9,0.5
52683,10,0.0
52683,11,0.0
52683,12,0.0
52685,1,0.0
52685,2,0.0
52685,3,0.0
52685,4,0.0
52685,5,0.0
52685,6,0.0
52685,7,0.0
52685,8,0.0
52685,9,0.0
52685,10,0.0
52685,11,0.0
52685,12,0.5
52687,1,0.0
52687,2,0.0
52687,3,0.0
52687,4,0.0
52687,5,0.5
52687,6,0.0
52687,7,0.0
52687,8,0.0
52687,9,0.0
52687,10,0.0
52687,11,0.0
52687,12,0.0
52693,1,0.5
52693,2,0.0
52693,3,0.0
52693,4,0.0
52693,5,0.5
52693,6,0.0
52693,7,0.0
52693,8,0.0
52693,9,0.0
52693,10,0.0
52693,11,0.5
52693,12,0.0
52694,1,0.0
52694,2,0.0
52694,3,0.0
52694,4,0.0
52694,5,0.0
52694,6,0.0
52694,7,0.0
52694,8,0.5
52694,9,0.0
52694,10,0.0
52694,11,0.0
52694,12,0.0
52696,1,0.5
52696,2,0.0
52696,3,0.0
52696,4,0.0
52696,5,0.0
52696,6,0.0
52696,7,0.0
52696,8,0.0
52696,9,0.0
52696,10,0.0
52696,11,0.0
52696,12,0.0
52699,1,0.0
52699,2,0.0
52699,3,0.0
52699,4,0.0
52699,5,0.0
52699,6,0.0
52699,7,0.0
52699,8,0.0
52699,9,0.0
52699,10,0.0
52699,11,0.0
52699,12,0.0
52720,1,0.0
52720,2,0.0
52720,3,0.0
52720,4,0.0
52720,5,0.0
52720,6,0.0
52720,7,0.0
52720,8,0.0
52720,9,0.0
52720,10,0.0
52720,11,0.0
52720,12,0.0
52786,1,0.0
52786,2,0.0
52786,3,0.0
52786,4,0.0
52786,5,0.0
52786,6,0.0
52786,7,0.0
52786,8,0.5
52786,9,0.5
52786,10,0.5
52786,11,0.0
52786,12,0.0
52788,1,0.0
52788,2,0.0
52788,3,0.0
52788,4,0.0
52788,5,0.5
52788,6,0.0
52788,7,0.0
52788,8,0.0
52788,9,0.0
52788,10,0.0
52788,11,0.0
52788,12,0.0
52835,1,0.5
52835,2,0.5
52835,3,0.5
52835,4,0.0
52835,5,0.5
52835,6,0.0
52835,7,0.0
52835,8,0.0
52835,9,0.0
52835,10,0.0
52835,11,0.0
52835,12,0.0
52838,1,0.0
52838,2,0.0
52838,3,0.0
52838,4,0.5
52838,5,0.0
52838,6,0.0
52838,7,0.0
52838,8,0.5
52838,9,0.5
52838,10,0.0
52838,11,0.0
52838,12,0.0
52885,1,0.0
52885,2,0.0
52885,3,0.0
52885,4,0.0
52885,5,0.0
52885,6,0.0
52885,7,0.0
52885,8,0.5
52885,9,0.0
52885,10,0.5
52885,11,0.0
52885,12,0.0
54001,1,0.5
54001,2,0.5
54001,3,0.0
54001,4,0.0
54001,5,0.0
54001,6,0.5
54001,7,0.5
54001,8,0.5
54001,9,1.0
54001,10,1.0
54001,11,0.0
54001,12,0.0
54003,1,0.5
54003,2,1.0
54003,3,0.5
54003,4,0.0
54003,5,0.5
54003,6,0.0
54003,7,0.5
54003,8,1.0
54003,9,0.0
54003,10,0.0
54003,11,0.0
54003,12,0.0
54051,1,0.0
54051,2,0.0
54051,3,0.0
54051,4,0.0
54051,5,0.0
54051,6,0.0
54051,7,0.0
54051,8,0.0
54051,9,0.5
54051,10,0.0
54051,11,0.0
54051,12,0.0
54099,1,0.0
54099,2,0.5
54099,3,0.0
54099,4,0.0
54099,5,0.0
54099,6,0.5
54099,7,0.5
54099,8,0.0
54099,9,0.0
54099,10,0.0
54099,11,0.0
54099,12,0.0
54109,1,0.0
54109,2,0.0
54109,3,0.0
54109,4,0.0
54109,5,0.0
54109,6,0.5
54109,7,0.5
54109,8,0.5
54109,9,0.0
54109,10,0.0
54109,11,0.5
54109,12,0.0
54125,1,0.0
54125,2,0.5
54125,3,0.0
54125,4,0.0
54125,5,0.0
54125,6,0.5
54125,7,0.5
54125,8,0.0
54125,9,0.0
54125,10,0.0
54125,11,0.0
54125,12,0.0
54128,1,0.0
54128,2,0.0
54128,3,0.0
54128,4,0.0
54128,5,0.5
54128,6,0.0
54128,7,0.0
54128,8,0.0
54128,9,0.0
54128,10,0.0
54128,11,0.0
54128,12,0.0
54172,1,1.0
54172,2,1.0
54172,3,0.0
54172,4,0.0
54172,5,0.0
54172,6,0.0
54172,7,0.0
54172,8,0.0
54172,9,0.5
54172,10,0.5
54172,11,0.0
54172,12,0.0
54174,1,0.0
54174,2,0.0
54174,3,0.5
54174,4,0.0
54174,5,0.0
54174,6,0.5
54174,7,0.5
54174,8,0.0
54174,9,0.5
54174,10,0.0
54174,11,0.0
54174,12,0.0
54206,1,0.0
54206,2,0.0
54206,3,0.0
54206,4,0.0
54206,5,0.0
54206,6,0.0
54206,7,0.0
54206,8,0.5
54206,9,0.0
54206,10,0.0
54206,11,0.0
54206,12,0.0
54223,1,0.0
54223,2,0.0
54223,3,0.0
54223,4,0.0
54223,5,0.5
54223,6,0.0
54223,7,0.0
54223,8,0.5
54223,9,0.0
54223,10,0.0
54223,11,0.0
54223,12,0.0
54239,1,0.5
54239,2,0.5
54239,3,0.0
54239,4,0.0
54239,5,0.0
54239,6,0.0
54239,7,0.5
54239,8,0.5
54239,9,0.5
54239,10,0.5
54239,11,0.0
54239,12,0.0
54245,1,0.0
54245,2,0.5
54245,3,0.5
54245,4,0.0
54245,5,0.0
54245,6,0.0
54245,7,0.0
54245,8,0.5
54245,9,0.0
54245,10,0.0
54245,11,0.0
54245,12,0.0
54250,1,0.0
54250,2,0.0
54250,3,0.0
54250,4,0.0
54250,5,0.0
54250,6,0.0
54250,7,0.0
54250,8,0.0
54250,9,0.0
54250,10,0.0
54250,11,0.0
54250,12,0.0
54261,1,0.0
54261,2,0.0
54261,3,0.5
54261,4,0.0
54261,5,0.5
54261,6,0.5
54261,7,1.0
54261,8,0.5
54261,9,0.5
54261,10,0.5
54261,11,0.0
54261,12,0.5
54313,1,0.5
54313,2,0.5
54313,3,0.5
54313,4,0.5
54313,5,0.5
54313,6,0.5
54313,7,0.5
54313,8,1.0
54313,9,0.5
54313,10,0.5
54313,11,0.5
54313,12,0.5
54344,1,0.0
54344,2,0.0
54344,3,0.0
54344,4,0.0
54344,5,0.0
54344,6,0.0
54344,7,0.5
54344,8,1.0
54344,9,0.0
54344,10,0.0
54344,11,0.0
54344,12,0.0
54347,1,0.0
54347,2,0.0
54347,3,0.0
54347,4,0.0
54347,5,0.5
54347,6,0.0
54347,7,0.0
54347,8,0.0
54347,9,0.0
54347,10,0.0
54347,11,0.0
54347,12,0.0
54377,1,0.0
54377,2,0.0
54377,3,0.0
54377,4,0.0
54377,5,0.0
54377,6,0.5
54377,7,0.5
54377,8,0.5
54377,9,0.5
54377,10,0.0
54377,11,0.0
54377,12,0.5
54385,1,0.0
54385,2,0.0
54385,3,0.0
54385,4,0.0
54385,5,0.0
54385,6,0.0
54385,7,0.5
54385,8,0.0
54385,9,0.0
54385,10,0.0
54385,11,0.0
54385,12,0.0
54398,1,0.5
54398,2,0.5
54398,3,0.0
54398,4,0.0
54398,5,0.0
54398,6,1.0
54398,7,0.5
54398,8,0.5
54398,9,0.0
54398,10,0.0
54398,11,0.0
54398,12,0.0
54405,1,0.0
54405,2,0.0
54405,3,0.0
54405,4,0.0
54405,5,0.0
54405,6,0.0
54405,7,0.5
54405,8,0.0
54405,9,0.0
54405,10,0.0
54405,11,0.0
54405,12,0.0
54418,1,0.0
54418,2,0.0
54418,3,0.0
54418,4,0.0
54418,5,0.0
54418,6,0.0
54418,7,0.0
54418,8,0.0
54418,9,0.0
54418,10,0.5
54418,11,0.0
54418,12,0.0
54480,1,0.0
54480,2,0.0
54480,3,0.0
54480,4,0.0
54480,5,0.0
54480,6,0.0
54480,7,0.0
54480,8,0.0
54480,9,0.0
54480,10,0.0
54480,11,0.0
54480,12,0.0
54498,1,0.0
54498,2,0.0
54498,3,0.5
54498,4,0.5
54498,5,0.0
54498,6,0.5
54498,7,0.0
54498,8,0.0
54498,9,0.0
54498,10,0.0
54498,11,0.5
54498,12,0.0
54518,1,1.0
54518,2,0.5
54518,3,0.5
54518,4,0.0
54518,5,0.5
54518,6,0.0
54518,7,0.5
54518,8,0.0
54518,9,0.0
54518,10,0.5
54518,11,0.0
54518,12,0.5
54520,1,0.0
54520,2,0.0
54520,3,0.0
54520,4,0.0
54520,5,0.0
54520,6,0.0
54520,7,0.0
54520,8,0.0
54520,9,0.0
54520,10,0.5
54520,11,0.0
54520,12,0.0
54553,1,0.0
54553,2,0.0
54553,3,0.0
54553,4,0.0
54553,5,0.0
54553,6,0.0
54553,7,0.0
54553,8,0.0
54553,9,0.0
54553,10,0.0
54553,11,0.0
54553,12,0.0
54599,1,0.5
54599,2,0.0
54599,3,0.0
54599,4,0.0
54599,5,0.0
54599,6,0.0
54599,7,0.0
54599,8,0.0
54599,9,0.0
54599,10,0.5
54599,11,0.0
54599,12,0.5
54660,1,0.0
54660,2,0.0
54660,3,0.5
54660,4,0.0
54660,5,0.0
54660,6,0.0
54660,7,0.0
54660,8,0.5
54660,9,0.0
54660,10,0.0
54660,11,0.0
54660,12,0.0
54670,1,0.0
54670,2,0.0
54670,3,0.0
54670,4,0.0
54670,5,0.5
54670,6,0.0
54670,7,0.0
54670,8,0.5
54670,9,0.0
54670,10,0.0
54670,11,0.5
54670,12,0.0
54673,1,0.0
54673,2,0.0
54673,3,0.0
54673,4,0.5
54673,5,0.0
54673,6,0.0
54673,7,0.5
54673,8,1.0
54673,9,0.5
54673,10,0.0
54673,11,0.0
54673,12,0.0
54680,1,0.0
54680,2,0.0
54680,3,0.0
54680,4,0.0
54680,5,0.0
54680,6,0.0
54680,7,0.0
54680,8,1.0
54680,9,0.0
54680,10,0.5
54680,11,0.0
54680,12,0.0
54720,1,0.0
54720,2,0.0
54720,3,0.0
54720,4,0.0
54720,5,0.0
54720,6,0.5
54720,7,0.5
54720,8,1.0
54720,9,0.0
54720,10,0.0
54720,11,0.0
54720,12,0.0
54743,1,0.0
54743,2,0.0
54743,3,0.0
54743,4,0.0
54743,5,0.0
54743,6,0.0
54743,7,0.0
54743,8,0.0
54743,9,0.0
54743,10,0.5
54743,11,0.0
54743,12,0.0
54800,1,0.0
54800,2,0.0
54800,3,0.0
54800,4,0.0
54800,5,0.0
54800,6,0.0
54800,7,0.5
54800,8,0.5
54800,9,0.0
54800,10,0.0
54800,11,0.0
54800,12,0.0
54810,1,0.0
54810,2,0.0
54810,3,0.0
54810,4,0.5
54810,5,0.5
54810,6,0.0
54810,7,0.5
54810,8,0.0
54810,9,0.0
54810,10,0.0
54810,11,0.5
54810,12,0.0
54820,1,0.0
54820,2,0.0
54820,3,0.5
54820,4,0.5
54820,5,0.5
54820,6,0.0
54820,7,0.5
54820,8,0.0
54820,9,0.5
54820,10,0.0
54820,11,0.0
54820,12,0.0
54871,1,0.0
54871,2,0.5
54871,3,0.0
54871,4,0.0
54871,5,0.0
54871,6,0.5
54871,7,0.0
54871,8,0.5
54871,9,0.0
54871,10,0.0
54871,11,0.0
54871,12,0.0
54874,1,0.0
54874,2,0.5
54874,3,0.0
54874,4,0.0
54874,5,0.0
54874,6,0.0
54874,7,0.0
54874,8,0.0
54874,9,0.0
54874,10,0.0
54874,11,0.0
54874,12,0.0
63001,1,1.0
63001,2,1.0
63001,3,1.0
63001,4,1.0
63001,5,1.0
63001,6,0.5
63001,7,1.0
63001,8,1.0
63001,9,1.0
63001,10,1.0
63001,11,1.0
63001,12,1.0
63111,1,0.5
63111,2,0.0
63111,3,0.0
63111,4,0.0
63111,5,0.0
63111,6,0.0
63111,7,0.0
63111,8,0.0
63111,9,0.0
63111,10,0.0
63111,11,0.0
63111,12,0.0
63130,1,0.0
63130,2,0.5
63130,3,0.5
63130,4,0.0
63130,5,1.0
63130,6,0.5
63130,7,1.0
63130,8,1.0
63130,9,0.0
63130,10,0.5
63130,11,0.5
63130,12,0.0
63190,1,0.0
63190,2,0.5
63190,3,0.5
63190,4,0.5
63190,5,0.5
63190,6,0.0
63190,7,0.0
63190,8,0.5
63190,9,0.0
63190,10,0.0
63190,11,0.0
63190,12,0.0
63212,1,0.0
63212,2,0.0
63212,3,0.5
63212,4,0.0
63212,5,0.0
63212,6,0.0
63212,7,0.0
63212,8,0.0
63212,9,0.0
63212,10,0.5
63212,11,0.0
63212,12,0.0
63272,1,0.0
63272,2,0.0
63272,3,0.0
63272,4,0.0
63272,5,0.0
63272,6,0.0
63272,7,0.0
63272,8,0.0
63272,9,0.5
63272,10,0.0
63272,11,0.5
63272,12,0.0
63302,1,0.0
63302,2,0.0
63302,3,0.5
63302,4,0.0
63302,5,0.5
63302,6,0.0
63302,7,0.0
63302,8,0.5
63302,9,1.0
63302,10,0.0
63302,11,0.0
63302,12,0.0
63401,1,0.0
63401,2,0.5
63401,3,0.5
63401,4,0.0
63401,5,0.0
63401,6,0.0
63401,7,0.0
63401,8,0.5
63401,9,0.0
63401,10,0.0
63401,11,0.0
63401,12,0.0
63470,1,0.0
63470,2,0.5
63470,3,0.5
63470,4,0.5
63470,5,0.5
63470,6,0.0
63470,7,0.5
63470,8,0.5
63470,9,0.0
63470,10,0.0
63470,11,0.0
63470,12,0.0
63548,1,0.0
63548,2,0.0
63548,3,0.5
63548,4,0.0
63548,5,0.5
63548,6,0.0
63548,7,0.0
63548,8,0.5
63548,9,0.0
63548,10,0.0
63548,11,0.5
63548,12,0.0
63594,1,0.0
63594,2,0.0
63594,3,0.0
63594,4,1.0
63594,5,0.5
63594,6,0.0
63594,7,0.0
63594,8,0.0
63594,9,0.0
63594,10,0.0
63594,11,0.5
63594,12,0.5
63690,1,0.0
63690,2,0.0
63690,3,0.5
63690,4,0.0
63690,5,1.0
63690,6,0.0
63690,7,0.0
63690,8,0.0
63690,9,0.0
63690,10,0.0
63690,11,1.0
63690,12,0.0
66001,1,1.0
66001,2,0.5
66001,3,1.0
66001,4,1.0
66001,5,1.0
66001,6,0.5
66001,7,0.0
66001,8,1.0
66001,9,0.5
66001,10,1.0
66001,11,1.0
66001,12,0.5
66045,1,1.0
66045,2,0.5
66045,3,1.0
66045,4,0.0
66045,5,0.5
66045,6,0.0
66045,7,0.5
66045,8,0.5
66045,9,0.0
66045,10,0.5
66045,11,0.5
66045,12,0.5
66075,1,0.5
66075,2,0.5
66075,3,0.5
66075,4,0.5
66075,5,0.5
66075,6,0.5
66075,7,0.5
66075,8,1.0
66075,9,1.0
66075,10,0.5
66075,11,0.0
66075,12,0.0
66088,1,0.5
66088,2,0.5
66088,3,0.5
66088,4,0.5
66088,5,0.0
66088,6,0.0
66088,7,0.5
66088,8,0.5
66088,9,0.0
66088,10,0.5
66088,11,0.0
66088,12,0.0
66170,1,0.5
66170,2,0.5
66170,3,1.0
66170,4,1.0
66170,5,0.5
66170,6,0.0
66170,7,0.5
66170,8,0.5
66170,9,0.5
66170,10,1.0
66170,11,1.0
66170,12,0.5
66318,1,0.5
66318,2,0.5
66318,3,0.5
66318,4,0.5
66318,5,0.0
66318,6,0.5
66318,7,0.5
66318,8,1.0
66318,9,0.0
66318,10,0.0
66318,11,0.0
66318,12,0.5
66383,1,0.0
66383,2,0.5
66383,3,0.5
66383,4,0.5
66383,5,0.0
66383,6,0.5
66383,7,0.5
66383,8,0.5
66383,9,0.5
66383,10,0.5
66383,11,0.5
66383,12,0.5
66400,1,0.5
66400,2,0.0
66400,3,0.0
66400,4,0.0
66400,5,0.5
66400,6,0.0
66400,7,1.0
66400,8,1.0
66400,9,0.5
66400,10,0.5
66400,11,0.5
66400,12,0.0
66440,1,1.0
66440,2,0.5
66440,3,1.0
66440,4,0.5
66440,5,0.5
66440,6,1.0
66440,7,0.5
66440,8,0.5
66440,9,0.5
66440,10,0.5
66440,11,0.0
66440,12,0.5
66456,1,0.5
66456,2,0.0
66456,3,0.5
66456,4,0.0
66456,5,0.5
66456,6,0.5
66456,7,0.5
66456,8,0.5
66456,9,0.5
66456,10,0.0
66456,11,0.5
66456,12,0.0
66572,1,0.0
66572,2,0.0
66572,3,0.0
66572,4,0.5
66572,5,0.5
66572,6,0.5
66572,7,0.0
66572,8,0.0
66572,9,0.0
66572,10,0.0
66572,11,0.0
66572,12,0.0
66594,1,0.5
66594,2,0.0
66594,3,0.0
66594,4,0.5
66594,5,1.0
66594,6,0.5
66594,7,0.5
66594,8,1.0
66594,9,1.0
66594,10,0.0
66594,11,0.0
66594,12,0.5
66682,1,0.5
66682,2,1.0
66682,3,0.0
66682,4,1.0
66682,5,0.5
66682,6,0.0
66682,7,0.5
66682,8,0.0
66682,9,0.0
66682,10,0.0
66682,11,1.0
66682,12,0.0
66687,1,0.0
66687,2,0.5
66687,3,0.0
66687,4,1.0
66687,5,0.5
66687,6,1.0
66687,7,0.5
66687,8,0.5
66687,9,0.5
66687,10,0.0
66687,11,0.0
66687,12,0.0
68001,1,1.0
68001,2,0.5
68001,3,0.5
68001,4,1.0
68001,5,0.5
68001,6,0.5
68001,7,0.5
68001,8,1.0
68001,9,0.5
68001,10,0.5
68001,11,0.5
68001,12,0.5
68013,1,0.0
68013,2,0.0
68013,3,0.0
68013,4,0.0
68013,5,0.0
68013,6,0.0
68013,7,0.0
68013,8,0.0
68013,9,0.0
68013,10,0.0
68013,11,0.0
68013,12,0.0
68020,1,0.0
68020,2,0.0
68020,3,0.0
68020,4,0.0
68020,5,0.0
68020,6,0.0
68020,7,0.5
68020,8,0.0
68020,9,0.5
68020,10,0.0
68020,11,0.0
68020,12,0.0
68051,1,0.5
68051,2,0.5
68051,3,1.0
68051,4,0.5
68051,5,0.5
68051,6,0.5
68051,7,0.5
68051,8,0.0
68051,9,0.0
68051,10,0.0
68051,11,0.0
68051,12,0.0
68077,1,0.5
68077,2,0.5
68077,3,0.0
68077,4,0.5
68077,5,0.0
68077,6,0.0
68077,7,0.0
68077,8,0.0
68077,9,0.0
68077,10,0.0
68077,11,0.0
68077,12,0.0
68079,1,0.0
68079,2,0.0
68079,3,0.0
68079,4,0.5
68079,5,0.0
68079,6,0.0
68079,7,0.0
68079,8,0.0
68079,9,0.0
68079,10,0.0
68079,11,0.0
68079,12,0.0
68081,1,0.5
68081,2,0.0
68081,3,0.0
68081,4,0.0
68081,5,0.5
68081,6,0.0
68081,7,0.5
68081,8,0.5
68081,9,0.0
68081,10,0.0
68081,11,0.5
68081,12,0.0
68092,1,0.5
68092,2,0.5
68092,3,0.5
68092,4,0.0
68092,5,0.0
68092,6,0.0
68092,7,0.5
68092,8,0.0
68092,9,0.5
68092,10,0.0
68092,11,0.0
68092,12,0.0
68101,1,0.5
68101,2,0.0
68101,3,0.0
68101,4,0.0
68101,5,0.0
68101,6,0.0
68101,7,0.0
68101,8,0.0
68101,9,0.0
68101,10,0.0
68101,11,0.0
68101,12,0.0
68121,1,0.0
68121,2,0.0
68121,3,0.0
68121,4,0.5
68121,5,0.0
68121,6,0.0
68121,7,0.0
68121,8,0.0
68121,9,0.0
68121,10,0.0
68121,11,0.0
68121,12,0.0
68132,1,0.0
68132,2,0.0
68132,3,0.0
68132,4,0.0
68132,5,0.0
68132,6,0.0
68132,7,0.0
68132,8,0.0
68132,9,0.0
68132,10,0.0
68132,11,0.0
68132,12,0.0
68147,1,0.5
68147,2,0.0
68147,3,0.0
68147,4,0.0
68147,5,0.0
68147,6,0.0
68147,7,0.5
68147,8,0.0
68147,9,0.0
68147,10,0.0
68147,11,0.0
68147,12,0.0
68152,1,0.0
68152,2,0.0
68152,3,0.0
68152,4,0.0
68152,5,0.0
68152,6,0.0
68152,7,0.0
68152,8,0.0
68152,9,0.0
68152,10,0.0
68152,11,0.0
68152,12,0.0
68160,1,0.0
68160,2,0.5
68160,3,0.0
68160,4,0.0
68160,5,0.0
68160,6,0.0
68160,7,0.0
68160,8,0.0
68160,9,0.0
68160,10,0.5
68160,11,0.5
68160,12,0.0
68162,1,0.0
68162,2,0.0
68162,3,0.0
68162,4,0.0
68162,5,0.0
68162,6,0.5
68162,7,0.5
68162,8,0.0
68162,9,0.0
68162,10,0.0
68162,11,0.0
68162,12,0.0
68167,1,0.5
68167,2,0.5
68167,3,0.0
68167,4,0.5
68167,5,0.0
68167,6,0.0
68167,7,0.5
68167,8,0.5
68167,9,0.5
68167,10,0.0
68167,11,0.5
68167,12,0.0
68169,1,0.5
68169,2,0.0
68169,3,0.0
68169,4,0.0
68169,5,0.0
68169,6,0.0
68169,7,0.5
68169,8,0.0
68169,9,0.0
68169,10,0.0
68169,11,0.0
68169,12,0.0
68176,1,0.0
68176,2,0.0
68176,3,0.0
68176,4,0.0
68176,5,0.0
68176,6,0.5
68176,7,1.0
68176,8,0.0
68176,9,0.0
68176,10,0.0
68176,11,0.5
68176,12,0.0
68179,1,0.0
68179,2,0.5
68179,3,0.0
68179,4,0.5
68179,5,0.0
68179,6,0.0
68179,7,0.0
68179,8,0.0
68179,9,0.0
68179,10,0.0
68179,11,0.0
68179,12,0.0
68190,1,0.5
68190,2,0.0
68190,3,0.0
68190,4,0.0
68190,5,0.0
68190,6,0.0
68190,7,0.5
68190,8,0.0
68190,9,0.0
68190,10,0.0
68190,11,0.0
68190,12,0.0
68207,1,0.0
68207,2,0.0
68207,3,0.0
68207,4,0.0
68207,5,0.0
68207,6,0.0
68207,7,0.0
68207,8,0.0
68207,9,0.0
68207,10,0.0
68207,11,0.0
68207,12,0.0
68209,1,0.0
68209,2,0.0
68209,3,0.0
68209,4,0.0
68209,5,0.0
68209,6,0.0
68209,7,0.0
68209,8,0.0
68209,9,0.0
68209,10,0.0
68209,11,0.0
68209,12,0.0
68211,1,0.0
68211,2,0.0
68211,3,0.5
68211,4,0.0
68211,5,0.0
68211,6,0.0
68211,7,0.0
68211,8,0.0
68211,9,0.0
68211,10,0.0
68211,11,0.0
68211,12,0.0
68217,1,0.5
68217,2,0.0
68217,3,0.0
68217,4,0.5
68217,5,0.0
68217,6,0.0
68217,7,0.5
68217,8,0.0
68217,9,1.0
68217,10,0.0
68217,11,0.5
68217,12,0.5
68229,1,0.0
68229,2,0.0
68229,3,0.5
68229,4,0.5
68229,5,0.5
68229,6,0.5
68229,7,0.0
68229,8,1.0
68229,9,0.0
68229,10,0.0
68229,11,0.0
68229,12,0.0
68235,1,0.0
68235,2,0.0
68235,3,0.0
68235,4,0.0
68235,5,0.0
68235,6,0.0
68235,7,0.0
68235,8,0.5
68235,9,0.0
68235,10,0.0
68235,11,0.0
68235,12,0.0
68245,1,0.0
68245,2,0.5
68245,3,0.0
68245,4,0.5
68245,5,0.0
68245,6,0.0
68245,7,0.5
68245,8,0.0
68245,9,0.0
68245,10,0.5
68245,11,0.5
68245,12,0.0
68250,1,0.0
68250,2,0.0
68250,3,0.0
68250,4,0.0
68250,5,0.0
68250,6,0.5
68250,7,0.0
68250,8,0.0
68250,9,0.0
68250,10,0.0
68250,11,0.0
68250,12,0.0
68255,1,0.5
68255,2,0.0
68255,3,0.0
68255,4,0.5
68255,5,0.0
68255,6,0.5
68255,7,0.5
68255,8,0.5
68255,9,0.0
68255,10,0.0
68255,11,0.0
68255,12,0.0
68264,1,0.0
68264,2,0.0
68264,3,0.0
68264,4,0.0
68264,5,0.0
68264,6,0.0
68264,7,0.0
68264,8,0.0
68264,9,0.5
68264,10,0.5
68264,11,0.5
68264,12,0.0
68266,1,0.0
68266,2,0.0
68266,3,0.5
68266,4,0.0
68266,5,0.0
68266,6,0.0
68266,7,0.5
68266,8,0.0
68266,9,0.0
68266,10,0.0
68266,11,0.0
68266,12,0.0
68271,1,0.0
68271,2,0.0
68271,3,0.0
68271,4,0.0
68271,5,0.0
68271,6,0.0
68271,7,0.0
68271,8,0.0
68271,9,0.0
68271,10,0.0
68271,11,0.0
68271,12,0.0
68276,1,0.5
68276,2,0.0
68276,3,0.5
68276,4,0.5
68276,5,0.0
68276,6,0.0
68276,7,1.0
68276,8,0.0
68276,9,0.5
68276,10,0.5
68276,11,0.0
68276,12,0.0
68296,1,0.0
68296,2,0.0
68296,3,0.5
68296,4,0.0
68296,5,0.0
68296,6,0.0
68296,7,0.5
68296,8,0.0
68296,9,0.0
68296,10,0.0
68296,11,0.5
68296,12,0.0
68298,1,0.0
68298,2,0.5
68298,3,0.0
68298,4,0.0
68298,5,0.0
68298,6,0.5
68298,7,0.0
68298,8,0.5
68298,9,1.0
68298,10,0.0
68298,11,0.0
68298,12,0.0
68307,1,0.5
68307,2,0.5
68307,3,1.0
68307,4,0.0
68307,5,0.0
68307,6,0.0
68307,7,0.5
68307,8,1.0
68307,9,0.0
68307,10,0.5
68307,11,0.5
68307,12,0.5
68318,1,0.5
68318,2,0.0
68318,3,0.0
68318,4,0.0
68318,5,0.0
68318,6,0.0
68318,7,0.0
68318,8,0.0
68318,9,0.0
68318,10,0.0
68318,11,0.0
68318,12,0.0
68320,1,0.0
68320,2,0.0
68320,3,0.0
68320,4,0.0
68320,5,0.0
68320,6,0.0
68320,7,0.0
68320,8,0.0
68320,9,0.0
68320,10,0.5
68320,11,0.0
68320,12,0.0
68322,1,0.0
68322,2,0.0
68322,3,0.0
68322,4,0.0
68322,5,0.0
68322,6,0.0
68322,7,0.0
68322,8,0.0
68322,9,0.0
68322,10,0.0
68322,11,0.0
68322,12,0.0
68324,1,0.0
68324,2,0.5
68324,3,0.0
68324,4,0.0
68324,5,0.0
68324,6,0.0
68324,7,0.0
68324,8,0.0
68324,9,0.0
68324,10,0.5
68324,11,0.0
68324,12,0.0
68327,1,0.0
68327,2,0.0
68327,3,0.0
68327,4,0.0
68327,5,0.0
68327,6,0.0
68327,7,0.0
68327,8,0.0
68327,9,0.0
68327,10,0.0
68327,11,0.0
68327,12,0.0
68344,1,0.0
68344,2,0.5
68344,3,0.0
68344,4,0.0
68344,5,0.0
68344,6,0.0
68344,7,0.0
68344,8,0.0
68344,9,0.0
68344,10,0.0
68344,11,0.0
68344,12,0.0
68368,1,0.0
68368,2,0.0
68368,3,0.0
68368,4,0.0
68368,5,0.0
68368,6,0.0
68368,7,0.0
68368,8,0.0
68368,9,0.0
68368,10,0.0
68368,11,0.0
68368,12,0.0
68370,1,0.0
68370,2,0.0
68370,3,0.0
68370,4,0.0
68370,5,0.0
68370,6,0.0
68370,7,0.5
68370,8,0.0
68370,9,0.0
68370,10,0.0
68370,11,0.0
68370,12,0.0
68377,1,0.0
68377,2,0.0
68377,3,0.0
68377,4,0.0
68377,5,0.0
68377,6,0.0
68377,7,0.0
68377,8,0.5
68377,9,0.0
68377,10,0.0
68377,11,0.0
68377,12,0.0
68385,1,0.0
68385,2,0.0
68385,3,0.0
68385,4,0.5
68385,5,0.0
68385,6,0.0
68385,7,0.0
68385,8,0.0
68385,9,0.0
68385,10,0.0
68385,11,0.0
68385,12,0.0
68397,1,0.0
68397,2,0.0
68397,3,0.0
68397,4,0.0
68397,5,0.0
68397,6,0.0
68397,7,0.0
68397,8,0.0
68397,9,0.0
68397,10,0.0
68397,11,0.0
68397,12,0.0
68406,1,0.0
68406,2,0.0
68406,3,0.0
68406,4,0.5
68406,5,0.5
68406,6,0.0
68406,7,0.0
68406,8,0.5
68406,9,0.0
68406,10,0.0
68406,11,0.0
68406,12,0.5
68418,1,1.0
68418,2,0.5
68418,3,0.5
68418,4,0.5
68418,5,0.0
68418,6,0.0
68418,7,0.5
68418,8,0.5
68418,9,0.0
68418,10,0.0
68418,11,0.0
68418,12,0.0
68425,1,0.5
68425,2,0.0
68425,3,0.0
68425,4,0.0
68425,5,0.0
68425,6,0.0
68425,7,0.5
68425,8,0.0
68425,9,0.0
68425,10,0.0
68425,11,0.0
68425,12,0.0
68432,1,0.0
68432,2,0.5
68432,3,0.0
68432,4,0.0
68432,5,0.0
68432,6,0.0
68432,7,0.0
68432,8,0.0
68432,9,0.0
68432,10,0.5
68432,11,0.0
68432,12,0.0
68444,1,0.0
68444,2,0.0
68444,3,0.0
68444,4,0.0
68444,5,0.0
68444,6,0.0
68444,7,0.5
68444,8,0.0
68444,9,0.0
68444,10,0.0
68444,11,0.0
68444,12,0.5
68464,1,0.0
68464,2,0.5
68464,3,0.5
68464,4,0.0
68464,5,0.0
68464,6,0.5
68464,7,0.0
68464,8,0.0
68464,9,0.0
68464,10,0.0
68464,11,0.0
68464,12,0.0
68468,1,0.0
68468,2,0.5
68468,3,0.0
68468,4,0.0
68468,5,0.0
68468,6,0.5
68468,7,0.0
68468,8,0.0
68468,9,0.0
68468,10,0.0
68468,11,0.5
68468,12,0.0
68498,1,0.0
68498,2,0.0
68498,3,0.5
68498,4,0.5
68498,5,0.0
68498,6,0.0
68498,7,0.0
68498,8,0.0
68498,9,0.0
68498,10,0.0
68498,11,0.0
68498,12,0.0
68500,1,0.0
68500,2,0.0
68500,3,0.5
68500,4,0.5
68500,5,0.0
68500,6,0.0
68500,7,0.0
68500,8,0.0
68500,9,0.0
68500,10,0.0
68500,11,0.0
68500,12,0.0
68502,1,0.0
68502,2,0.0
68502,3,0.5
68502,4,0.5
68502,5,0.0
68502,6,0.0
68502,7,0.5
68502,8,0.0
68502,9,0.5
68502,10,0.5
68502,11,0.5
68502,12,0.0
68522,1,0.0
68522,2,0.5
68522,3,0.0
68522,4,0.5
68522,5,0.0
68522,6,0.0
68522,7,0.0
68522,8,0.0
68522,9,0.0
68522,10,0.0
68522,11,0.0
68522,12,0.0
68524,1,0.0
68524,2,0.0
68524,3,0.0
68524,4,0.5
68524,5,0.0
68524,6,0.0
68524,7,0.0
68524,8,0.0
68524,9,0.0
68524,10,0.0
68524,11,0.0
68524,12,0.0
68533,1,0.0
68533,2,0.5
68533,3,0.0
68533,4,0.5
68533,5,0.5
68533,6,0.0
68533,7,0.0
68533,8,0.0
68533,9,0.0
68533,10,0.0
68533,11,0.0
68533,12,0.0
68547,1,0.5
68547,2,1.0
68547,3,0.0
68547,4,0.5
68547,5,1.0
68547,6,0.5
68547,7,0.5
68547,8,1.0
68547,9,0.5
68547,10,0.5
68547,11,0.0
68547,12,0.0
68549,1,0.0
68549,2,0.0
68549,3,0.5
68549,4,0.0
68549,5,0.0
68549,6,0.0
68549,7,0.0
68549,8,0.0
68549,9,0.0
68549,10,0.0
68549,11,0.0
68549,12,0.0
68572,1,0.0
68572,2,0.0
68572,3,0.0
68572,4,0.5
68572,5,0.5
68572,6,0.0
68572,7,0.0
68572,8,0.0
68572,9,0.0
68572,10,0.0
68572,11,0.0
68572,12,0.0
68573,1,0.0
68573,2,0.5
68573,3,0.5
68573,4,0.0
68573,5,0.0
68573,6,0.0
68573,7,0.0
68573,8,0.0
68573,9,0.0
68573,10,0.0
68573,11,0.0
68573,12,0.0
68575,1,1.0
68575,2,0.5
68575,3,0.5
68575,4,0.0
68575,5,0.0
68575,6,0.5
68575,7,0.5
68575,8,0.0
68575,9,0.5
68575,10,0.0
68575,11,0.0
68575,12,0.0
68615,1,1.0
68615,2,0.0
68615,3,0.0
68615,4,0.0
68615,5,0.0
68615,6,0.0
68615,7,0.0
68615,8,0.0
68615,9,0.0
68615,10,0.5
68615,11,0.0
68615,12,0.0
68655,1,0.5
68655,2,0.5
68655,3,0.5
68655,4,0.5
68655,5,0.0
68655,6,0.0
68655,7,0.5
68655,8,1.0
68655,9,0.0
68655,10,0.5
68655,11,0.0
68655,12,0.0
68669,1,0.0
68669,2,0.0
68669,3,0.0
68669,4,0.0
68669,5,0.0
68669,6,0.0
68669,7,0.5
68669,8,0.5
68669,9,0.0
68669,10,0.0
68669,11,0.0
68669,12,0.0
68673,1,0.0
68673,2,0.0
68673,3,0.0
68673,4,0.0
68673,5,0.0
68673,6,0.0
68673,7,0.0
68673,8,0.0
68673,9,0.0
68673,10,0.0
68673,11,0.0
68673,12,0.0
68679,1,0.0
68679,2,0.5
68679,3,0.0
68679,4,0.0
68679,5,0.5
68679,6,0.5
68679,7,0.0
68679,8,0.0
68679,9,0.0
68679,10,0.0
68679,11,0.0
68679,12,0.0
68682,1,0.5
68682,2,0.0
68682,3,0.0
68682,4,0.0
68682,5,0.0
68682,6,0.0
68682,7,0.0
68682,8,0.0
68682,9,0.5
68682,10,0.0
68682,11,0.0
68682,12,0.0
68684,1,0.5
68684,2,0.0
68684,3,0.0
68684,4,0.0
68684,5,0.5
68684,6,0.0
68684,7,0.0
68684,8,0.0
68684,9,0.0
68684,10,0.0
68684,11,0.0
68684,12,0.0
68686,1,0.0
68686,2,0.0
68686,3,0.0
68686,4,0.0
68686,5,0.0
68686,6,0.0
68686,7,0.0
68686,8,0.0
68686,9,0.0
68686,10,0.0
68686,11,0.0
68686,12,0.0
68689,1,0.5
68689,2,0.5
68689,3,0.5
68689,4,1.0
68689,5,0.0
68689,6,0.0
68689,7,0.5
68689,8,0.0
68689,9,0.5
68689,10,0.0
68689,11,1.0
68689,12,0.0
68705,1,0.0
68705,2,0.0
68705,3,0.0
68705,4,0.0
68705,5,0.0
68705,6,0.0
68705,7,0.0
68705,8,0.0
68705,9,0.0
68705,10,0.5
68705,11,0.0
68705,12,0.0
68720,1,0.0
68720,2,0.0
68720,3,0.0
68720,4,0.0
68720,5,0.0
68720,6,0.0
68720,7,0.0
68720,8,0.0
68720,9,0.0
68720,10,0.0
68720,11,0.0
68720,12,0.0
68745,1,0.0
68745,2,0.0
68745,3,0.0
68745,4,0.0
68745,5,0.0
68745,6,0.0
68745,7,0.5
68745,8,0.0
68745,9,0.0
68745,10,0.0
68745,11,0.0
68745,12,0.0
68755,1,0.0
68755,2,0.0
68755,3,0.0
68755,4,0.5
68755,5,0.0
68755,6,0.0
68755,7,0.0
68755,8,0.0
68755,9,0.0
68755,10,0.0
68755,11,0.0
68755,12,0.0
68770,1,0.5
68770,2,0.0
68770,3,0.5
68770,4,0.0
68770,5,0.0
68770,6,0.0
68770,7,0.0
68770,8,0.0
68770,9,0.0
68770,10,0.0
68770,11,0.5
68770,12,0.0
68773,1,0.0
68773,2,0.0
68773,3,0.0
68773,4,0.0
68773,5,0.0
68773,6,0.0
68773,7,0.0
68773,8,0.0
68773,9,0.0
68773,10,0.0
68773,11,0.0
68773,12,0.0
68780,1,0.0
68780,2,0.0
68780,3,0.0
68780,4,0.0
68780,5,0.0
68780,6,0.0
68780,7,1.0
68780,8,0.5
68780,9,0.5
68780,10,0.0
68780,11,0.0
68780,12,0.0
68820,1,0.5
68820,2,0.0
68820,3,0.0
68820,4,0.0
68820,5,0.0
68820,6,0.0
68820,7,0.5
68820,8,0.0
68820,9,0.5
68820,10,0.0
68820,11,0.0
68820,12,0.0
68855,1,0.5
68855,2,0.5
68855,3,0.5
68855,4,0.0
68855,5,0.5
68855,6,0.0
68855,7,0.0
68855,8,0.0
68855,9,0.0
68855,10,0.0
68855,11,0.0
68855,12,0.0
68861,1,0.5
68861,2,0.5
68861,3,0.5
68861,4,0.5
68861,5,0.0
68861,6,0.0
68861,7,0.0
68861,8,0.0
68861,9,0.5
68861,10,0.0
68861,11,0.0
68861,12,0.0
68867,1,0.0
68867,2,0.0
68867,3,0.0
68867,4,0.0
68867,5,0.0
68867,6,0.0
68867,7,0.5
68867,8,0.0
68867,9,0.0
68867,10,0.0
68867,11,0.5
68867,12,0.0
68872,1,0.5
68872,2,0.0
68872,3,0.0
68872,4,0.0
68872,5,0.0
68872,6,0.0
68872,7,0.0
68872,8,0.5
68872,9,0.0
68872,10,0.0
68872,11,0.0
68872,12,0.0
68895,1,0.0
68895,2,0.0
68895,3,0.0
68895,4,0.0
68895,5,0.0
68895,6,0.0
68895,7,0.0
68895,8,0.0
68895,9,0.5
68895,10,0.0
68895,11,0.0
68895,12,0.0
70001,1,0.0
70001,2,0.0
70001,3,0.5
70001,4,1.0
70001,5,0.0
70001,6,0.0
70001,7,0.5
70001,8,0.5
70001,9,1.0
70001,10,0.5
70001,11,0.5
70001,12,0.0
70110,1,0.0
70110,2,0.0
70110,3,0.5
70110,4,0.0
70110,5,0.0
70110,6,0.0
70110,7,0.0
70110,8,0.0
70110,9,0.0
70110,10,0.0
70110,11,0.0
70110,12,0.0
70124,1,0.0
70124,2,0.0
70124,3,0.0
70124,4,0.5
70124,5,0.0
70124,6,0.0
70124,7,0.5
70124,8,0.0
70124,9,0.0
70124,10,0.0
70124,11,0.0
70124,12,0.0
70204,1,0.0
70204,2,0.0
70204,3,0.0
70204,4,0.0
70204,5,0.0
70204,6,0.0
70204,7,0.0
70204,8,0.0
70204,9,0.0
70204,10,0.0
70204,11,0.0
70204,12,0.0
70215,1,0.0
70215,2,0.0
70215,3,0.5
70215,4,0.0
70215,5,0.0
70215,6,0.0
70215,7,0.5
70215,8,0.0
70215,9,0.0
70215,10,0.0
70215,11,0.5
70215,12,0.0
70221,1,0.0
70221,2,0.5
70221,3,0.5
70221,4,0.0
70221,5,0.0
70221,6,0.0
70221,7,0.0
70221,8,0.0
70221,9,0.0
70221,10,0.0
70221,11,0.0
70221,12,0.0
70230,1,0.0
70230,2,0.0
70230,3,0.0
70230,4,0.0
70230,5,0.0
70230,6,0.5
70230,7,0.0
70230,8,0.0
70230,9,0.0
70230,10,0.0
70230,11,0.0
70230,12,0.0
70233,1,0.0
70233,2,0.0
70233,3,0.0
70233,4,0.0
70233,5,0.0
70233,6,0.0
70233,7,0.0
70233,8,0.0
70233,9,0.0
70233,10,0.0
70233,11,0.0
70233,12,0.0
70235,1,0.0
70235,2,0.5
70235,3,0.5
70235,4,0.5
70235,5,0.5
70235,6,0.0
70235,7,0.0
70235,8,0.5
70235,9,0.0
70235,10,0.0
70235,11,0.0
70235,12,0.0
70265,1,0.0
70265,2,0.0
70265,3,0.0
70265,4,0.0
70265,5,0.5
70265,6,0.5
70265,7,0.5
70265,8,0.5
70265,9,0.0
70265,10,0.0
70265,11,0.5
70265,12,0.5
70400,1,0.0
70400,2,0.0
70400,3,0.0
70400,4,0.0
70400,5,0.0
70400,6,0.5
70400,7,0.0
70400,8,0.0
70400,9,0.5
70400,10,0.0
70400,11,0.0
70400,12,0.0
70418,1,0.0
70418,2,0.0
70418,3,0.0
70418,4,0.0
70418,5,0.0
70418,6,0.0
70418,7,0.0
70418,8,0.5
70418,9,0.0
70418,10,0.0
70418,11,0.0
70418,12,0.0
70429,1,0.0
70429,2,0.0
70429,3,0.0
70429,4,0.0
70429,5,0.0
70429,6,0.0
70429,7,0.5
70429,8,0.0
70429,9,0.0
70429,10,0.0
70429,11,0.0
70429,12,0.5
70473,1,0.0
70473,2,0.0
70473,3,0.5
70473,4,0.0
70473,5,0.0
70473,6,0.0
70473,7,0.0
70473,8,0.0
70473,9,0.0
70473,10,0.0
70473,11,0.0
70473,12,0.0
70508,1,0.5
70508,2,0.5
70508,3,0.0
70508,4,0.0
70508,5,0.0
70508,6,0.5
70508,7,0.5
70508,8,0.0
70508,9,0.0
70508,10,0.0
70508,11,0.0
70508,12,0.0
70523,1,0.0
70523,2,0.0
70523,3,0.0
70523,4,0.0
70523,5,0.0
70523,6,0.0
70523,7,0.0
70523,8,0.0
70523,9,0.0
70523,10,0.0
70523,11,0.0
70523,12,0.0
70670,1,0.0
70670,2,0.0
70670,3,1.0
70670,4,0.0
70670,5,0.0
70670,6,0.0
70670,7,1.0
70670,8,0.5
70670,9,0.0
70670,10,0.0
70670,11,0.0
70670,12,0.0
70678,1,0.0
70678,2,0.0
70678,3,0.0
70678,4,0.0
70678,5,0.0
70678,6,0.5
70678,7,0.5
70678,8,0.5
70678,9,0.0
70678,10,0.0
70678,11,0.0
70678,12,0.0
70702,1,0.0
70702,2,0.0
70702,3,0.0
70702,4,0.0
70702,5,0.0
70702,6,0.0
70702,7,0.0
70702,8,0.5
70702,9,0.0
70702,10,0.0
70702,11,0.0
70702,12,0.0
70708,1,0.0
70708,2,0.0
70708,3,0.0
70708,4,0.0
70708,5,0.0
70708,6,0.5
70708,7,0.0
70708,8,0.0
70708,9,0.5
70708,10,0.0
70708,11,0.0
70708,12,0.0
70713,1,0.0
70713,2,0.0
70713,3,0.0
70713,4,0.0
70713,5,0.0
70713,6,0.0
70713,7,0.0
70713,8,0.0
70713,9,0.0
70713,10,0.0
70713,11,0.0
70713,12,0.0
70717,1,0.0
70717,2,0.5
70717,3,0.0
70717,4,0.0
70717,5,0.0
70717,6,0.0
70717,7,0.0
70717,8,0.0
70717,9,0.0
70717,10,0.0
70717,11,0.0
70717,12,0.0
70742,1,0.0
70742,2,0.5
70742,3,0.0
70742,4,0.0
70742,5,0.5
70742,6,0.0
70742,7,0.0
70742,8,0.0
70742,9,0.0
70742,10,0.0
70742,11,0.0
70742,12,0.0
70771,1,0.0
70771,2,0.0
70771,3,0.0
70771,4,0.5
70771,5,0.0
70771,6,0.0
70771,7,0.5
70771,8,1.0
70771,9,0.0
70771,10,0.0
70771,11,0.0
70771,12,0.0
70820,1,0.0
70820,2,0.0
70820,3,0.5
70820,4,0.0
70820,5,0.0
70820,6,0.0
70820,7,0.5
70820,8,0.5
70820,9,0.0
70820,10,0.5
70820,11,0.5
70820,12,0.0
70823,1,0.0
70823,2,0.0
70823,3,0.0
70823,4,0.0
70823,5,0.0
70823,6,0.0
70823,7,0.0
70823,8,0.5
70823,9,0.0
70823,10,0.5
70823,11,0.0
70823,12,0.0
73001,1,0.5
73001,2,0.5
73001,3,1.0
73001,4,1.0
73001,5,1.0
73001,6,1.0
73001,7,1.0
73001,8,1.0
73001,9,1.0
73001,10,1.0
73001,11,0.0
73001,12,0.0
73024,1,0.0
73024,2,0.0
73024,3,0.0
73024,4,0.0
73024,5,0.0
73024,6,0.0
73024,7,0.0
73024,8,0.5
73024,9,0.0
73024,10,0.0
73024,11,0.0
73024,12,0.5
73026,1,1.0
73026,2,0.0
73026,3,0.0
73026,4,1.0
73026,5,0.0
73026,6,0.0
73026,7,0.5
73026,8,0.5
73026,9,0.5
73026,10,0.0
73026,11,0.0
73026,12,0.0
73030,1,0.0
73030,2,0.0
73030,3,0.0
73030,4,0.0
73030,5,0.0
73030,6,0.0
73030,7,0.5
73030,8,0.5
73030,9,0.5
73030,10,0.0
73030,11,0.0
73030,12,0.0
73043,1,0.0
73043,2,0.0
73043,3,0.0
73043,4,0.0
73043,5,0.5
73043,6,0.5
73043,7,0.0
73043,8,0.5
73043,9,0.5
73043,10,0.0
73043,11,0.0
73043,12,0.0
73055,1,0.5
73055,2,0.0
73055,3,0.5
73055,4,0.0
73055,5,0.0
73055,6,0.5
73055,7,1.0
73055,8,1.0
73055,9,1.0
73055,10,0.5
73055,11,0.0
73055,12,0.0
73067,1,0.5
73067,2,0.5
73067,3,0.5
73067,4,0.5
73067,5,0.5
73067,6,0.0
73067,7,0.5
73067,8,1.0
73067,9,0.5
73067,10,0.5
73067,11,0.0
73067,12,0.5
73124,1,1.0
73124,2,1.0
73124,3,0.0
73124,4,1.0
73124,5,1.0
73124,6,0.5
73124,7,0.5
73124,8,0.0
73124,9,1.0
73124,10,1.0
73124,11,0.0
73124,12,0.0
73148,1,0.5
73148,2,0.0
73148,3,0.0
73148,4,1.0
73148,5,1.0
73148,6,1.0
73148,7,1.0
73148,8,1.0
73148,9,1.0
73148,10,0.5
73148,11,0.0
73148,12,0.5
73152,1,0.0
73152,2,0.0
73152,3,0.0
73152,4,0.0
73152,5,0.0
73152,6,0.0
73152,7,0.5
73152,8,0.5
73152,9,0.0
73152,10,0.0
73152,11,0.0
73152,12,0.0
73168,1,0.0
73168,2,0.0
73168,3,0.5
73168,4,1.0
73168,5,0.0
73168,6,0.0
73168,7,1.0
73168,8,1.0
73168,9,1.0
73168,10,0.0
73168,11,0.0
73168,12,0.0
73200,1,0.5
73200,2,0.0
73200,3,0.0
73200,4,0.5
73200,5,1.0
73200,6,0.0
73200,7,0.5
73200,8,1.0
73200,9,1.0
73200,10,0.5
73200,11,0.0
73200,12,0.0
73217,1,0.0
73217,2,0.5
73217,3,0.0
73217,4,0.0
73217,5,0.0
73217,6,0.0
73217,7,0.5
73217,8,1.0
73217,9,1.0
73217,10,0.0
73217,11,0.0
73217,12,0.0
73226,1,0.5
73226,2,0.0
73226,3,0.5
73226,4,0.0
73226,5,0.0
73226,6,0.0
73226,7,0.5
73226,8,1.0
73226,9,1.0
73226,10,0.0
73226,11,0.0
73226,12,0.5
73236,1,0.0
73236,2,0.0
73236,3,0.5
73236,4,0.0
73236,5,0.0
73236,6,0.0
73236,7,0.0
73236,8,0.5
73236,9,0.0
73236,10,0.0
73236,11,0.0
73236,12,0.0
73268,1,0.0
73268,2,0.0
73268,3,0.0
73268,4,0.5
73268,5,1.0
73268,6,0.5
73268,7,1.0
73268,8,1.0
73268,9,1.0
73268,10,0.5
73268,11,0.0
73268,12,0.0
73270,1,0.0
73270,2,0.5
73270,3,0.0
73270,4,0.5
73270,5,0.0
73270,6,0.0
73270,7,1.0
73270,8,1.0
73270,9,0.5
73270,10,0.5
73270,11,0.0
73270,12,0.0
73275,1,0.0
73275,2,0.5
73275,3,0.0
73275,4,1.0
73275,5,1.0
73275,6,0.0
73275,7,1.0
73275,8,0.5
73275,9,0.0
73275,10,0.0
73275,11,0.0
73275,12,0.0
73283,1,0.5
73283,2,0.0
73283,3,0.0
73283,4,1.0
73283,5,0.0
73283,6,0.5
73283,7,1.0
73283,8,1.0
73283,9,0.5
73283,10,0.0
73283,11,0.0
73283,12,0.5
73319,1,0.5
73319,2,0.0
73319,3,0.5
73319,4,0.5
73319,5,0.5
73319,6,0.0
73319,7,1.0
73319,8,1.0
73319,9,1.0
73319,10,0.0
73319,11,1.0
73319,12,0.0
73347,1,0.0
73347,2,0.0
73347,3,0.0
73347,4,0.0
73347,5,1.0
73347,6,0.0
73347,7,0.0
73347,8,1.0
73347,9,0.5
73347,10,0.5
73347,11,0.0
73347,12,0.0
73349,1,0.0
73349,2,0.0
73349,3,0.0
73349,4,0.5
73349,5,0.5
73349,6,1.0
73349,7,1.0
73349,8,1.0
73349,9,0.5
73349,10,0.5
73349,11,0.0
73349,12,1.0
73352,1,0.0
73352,2,0.0
73352,3,0.5
73352,4,0.5
73352,5,0.0
73352,6,0.0
73352,7,0.5
73352,8,0.5
73352,9,0.5
73352,10,0.5
73352,11,0.0
73352,12,0.0
73408,1,0.0
73408,2,0.0
73408,3,0.0
73408,4,0.0
73408,5,0.0
73408,6,0.0
73408,7,1.0
73408,8,1.0
73408,9,1.0
73408,10,0.5
73408,11,0.0
73408,12,0.0
73411,1,0.0
73411,2,1.0
73411,3,1.0
73411,4,1.0
73411,5,0.0
73411,6,0.5
73411,7,1.0
73411,8,1.0
73411,9,1.0
73411,10,1.0
73411,11,0.0
73411,12,1.0
73443,1,0.0
73443,2,0.0
73443,3,0.5
73443,4,0.0
73443,5,0.0
73443,6,0.5
73443,7,0.5
73443,8,0.5
73443,9,0.5
73443,10,0.5
73443,11,0.0
73443,12,0.0
73449,1,1.0
73449,2,0.0
73449,3,0.5
73449,4,1.0
73449,5,0.0
73449,6,0.5
73449,7,1.0
73449,8,1.0
73449,9,1.0
73449,10,0.5
73449,11,0.0
73449,12,0.0
73461,1,0.5
73461,2,0.5
73461,3,0.0
73461,4,0.5
73461,5,0.0
73461,6,0.0
73461,7,0.5
73461,8,0.0
73461,9,0.5
73461,10,0.0
73461,11,0.0
73461,12,0.5
73483,1,0.0
73483,2,0.0
73483,3,0.5
73483,4,0.5
73483,5,0.0
73483,6,0.5
73483,7,1.0
73483,8,0.5
73483,9,1.0
73483,10,0.5
73483,11,0.0
73483,12,0.0
73504,1,0.0
73504,2,0.5
73504,3,0.0
73504,4,0.0
73504,5,0.5
73504,6,0.0
73504,7,1.0
73504,8,1.0
73504,9,1.0
73504,10,0.5
73504,11,0.0
73504,12,0.0
73520,1,0.0
73520,2,0.0
73520,3,0.0
73520,4,0.0
73520,5,0.5
73520,6,0.0
73520,7,0.5
73520,8,1.0
73520,9,0.5
73520,10,0.0
73520,11,0.5
73520,12,0.0
73547,1,0.0
73547,2,0.0
73547,3,0.0
73547,4,0.0
73547,5,0.0
73547,6,0.0
73547,7,0.0
73547,8,0.5
73547,9,0.5
73547,10,0.0
73547,11,0.0
73547,12,0.0
73555,1,0.0
73555,2,0.0
73555,3,0.5
73555,4,0.5
73555,5,0.5
73555,6,0.5
73555,7,0.0
73555,8,0.5
73555,9,0.5
73555,10,0.5
73555,11,0.0
73555,12,0.0
73563,1,0.0
73563,2,0.5
73563,3,0.0
73563,4,0.0
73563,5,0.5
73563,6,0.0
73563,7,0.5
73563,8,0.5
73563,9,0.5
73563,10,0.5
73563,11,0.0
73563,12,0.5
73585,1,0.0
73585,2,0.0
73585,3,0.0
73585,4,0.0
73585,5,0.0
73585,6,0.5
73585,7,1.0
73585,8,1.0
73585,9,1.0
73585,10,0.5
73585,11,0.5
73585,12,1.0
73616,1,0.0
73616,2,0.0
73616,3,0.5
73616,4,0.0
73616,5,0.0
73616,6,0.0
73616,7,0.0
73616,8,0.0
73616,9,0.5
73616,10,0.0
73616,11,0.0
73616,12,0.0
73622,1,0.0
73622,2,0.0
73622,3,0.0
73622,4,0.0
73622,5,0.5
73622,6,0.0
73622,7,0.0
73622,8,0.0
73622,9,0.0
73622,10,0.0
73622,11,0.0
73622,12,0.0
73624,1,0.0
73624,2,0.0
73624,3,0.0
73624,4,0.5
73624,5,0.0
73624,6,0.0
73624,7,0.0
73624,8,1.0
73624,9,0.5
73624,10,0.5
73624,11,0.0
73624,12,0.0
73671,1,0.5
73671,2,0.0
73671,3,0.0
73671,4,0.5
73671,5,0.0
73671,6,0.5
73671,7,1.0
73671,8,1.0
73671,9,0.5
73671,10,0.0
73671,11,0.0
73671,12,0.0
73675,1,0.0
73675,2,0.0
73675,3,0.0
73675,4,1.0
73675,5,0.0
73675,6,0.0
73675,7,0.0
73675,8,1.0
73675,9,1.0
73675,10,0.0
73675,11,0.0
73675,12,0.5
73678,1,0.0
73678,2,0.0
73678,3,0.0
73678,4,0.5
73678,5,0.0
73678,6,0.0
73678,7,0.5
73678,8,0.5
73678,9,1.0
73678,10,0.5
73678,11,0.0
73678,12,0.0
73686,1,0.0
73686,2,0.0
73686,3,1.0
73686,4,0.5
73686,5,0.0
73686,6,0.0
73686,7,0.0
73686,8,0.5
73686,9,0.0
73686,10,0.0
73686,11,0.5
73686,12,0.0
73770,1,0.0
73770,2,0.0
73770,3,0.0
73770,4,0.5
73770,5,0.0
73770,6,0.5
73770,7,0.5
73770,8,0.0
73770,9,1.0
73770,10,0.5
73770,11,0.0
73770,12,0.0
73854,1,0.0
73854,2,0.0
73854,3,0.0
73854,4,0.0
73854,5,0.0
73854,6,0.0
73854,7,0.0
73854,8,0.5
73854,9,1.0
73854,10,0.0
73854,11,0.0
73854,12,0.0
73861,1,0.0
73861,2,0.5
73861,3,0.5
73861,4,0.0
73861,5,0.5
73861,6,0.0
73861,7,1.0
73861,8,0.5
73861,9,1.0
73861,10,0.0
73861,11,0.0
73861,12,0.5
73870,1,0.0
73870,2,0.5
73870,3,0.5
73870,4,0.5
73870,5,0.5
73870,6,0.0
73870,7,0.5
73870,8,0.5
73870,9,0.5
73870,10,0.5
73870,11,0.0
73870,12,0.5
73873,1,0.5
73873,2,0.0
73873,3,0.5
73873,4,0.0
73873,5,0.0
73873,6,0.0
73873,7,0.0
73873,8,0.5
73873,9,1.0
73873,10,0.5
73873,11,0.0
73873,12,1.0
76001,1,0.5
76001,2,0.5
76001,3,1.0
76001,4,0.0
76001,5,1.0
76001,6,1.0
76001,7,1.0
76001,8,1.0
76001,9,1.0
76001,10,0.0
76001,11,0.0
76001,12,0.5
76020,1,0.0
76020,2,0.0
76020,3,0.0
76020,4,0.0
76020,5,0.0
76020,6,0.0
76020,7,0.0
76020,8,0.0
76020,9,0.0
76020,10,0.0
76020,11,0.0
76020,12,0.0
76036,1,0.0
76036,2,0.0
76036,3,0.0
76036,4,0.0
76036,5,0.5
76036,6,0.0
76036,7,0.5
76036,8,0.0
76036,9,0.5
76036,10,0.5
76036,11,0.0
76036,12,0.0
76041,1,0.0
76041,2,0.0
76041,3,0.0
76041,4,0.0
76041,5,0.0
76041,6,0.0
76041,7,0.5
76041,8,0.5
76041,9,0.5
76041,10,0.0
76041,11,0.0
76041,12,0.0
76054,1,0.0
76054,2,0.0
76054,3,0.0
76054,4,0.0
76054,5,0.0
76054,6,0.0
76054,7,0.0
76054,8,0.0
76054,9,0.0
76054,10,0.5
76054,11,0.0
76054,12,0.0
76100,1,0.0
76100,2,0.0
76100,3,0.0
76100,4,0.0
76100,5,0.5
76100,6,0.0
76100,7,0.0
76100,8,0.0
76100,9,0.0
76100,10,0.0
76100,11,0.0
76100,12,0.0
76109,1,0.0
76109,2,0.0
76109,3,0.0
76109,4,0.5
76109,5,0.0
76109,6,0.5
76109,7,0.0
76109,8,0.5
76109,9,0.5
76109,10,0.0
76109,11,1.0
76109,12,0.0
76111,1,0.0
76111,2,0.0
76111,3,0.0
76111,4,0.0
76111,5,0.0
76111,6,0.0
76111,7,0.0
76111,8,0.0
76111,9,0.5
76111,10,0.0
76111,11,0.0
76111,12,0.0
76113,1,0.0
76113,2,0.0
76113,3,0.0
76113,4,0.5
76113,5,0.5
76113,6,0.5
76113,7,0.0
76113,8,0.0
76113,9,0.5
76113,10,0.5
76113,11,0.5
76113,12,0.0
76122,1,0.0
76122,2,0.0
76122,3,0.0
76122,4,0.0
76122,5,0.0
76122,6,0.0
76122,7,0.0
76122,8,0.0
76122,9,0.0
76122,10,0.5
76122,11,0.0
76122,12,0.0
76126,1,0.0
76126,2,0.0
76126,3,0.0
76126,4,0.0
76126,5,0.0
76126,6,0.0
76126,7,0.0
76126,8,0.0
76126,9,0.0
76126,10,0.0
76126,11,0.0
76126,12,0.0
76130,1,0.0
76130,2,0.0
76130,3,0.0
76130,4,0.5
76130,5,0.0
76130,6,0.0
76130,7,0.0
76130,8,0.5
76130,9,0.0
76130,10,0.0
76130,11,0.0
76130,12,0.0
76147,1,0.5
76147,2,0.5
76147,3,0.0
76147,4,1.0
76147,5,0.0
76147,6,0.0
76147,7,0.5
76147,8,0.5
76147,9,1.0
76147,10,0.5
76147,11,0.0
76147,12,0.0
76233,1,0.0
76233,2,0.5
76233,3,0.5
76233,4,1.0
76233,5,1.0
76233,6,0.0
76233,7,0.5
76233,8,0.5
76233,9,0.5
76233,10,0.5
76233,11,1.0
76233,12,0.0
76243,1,0.0
76243,2,0.0
76243,3,0.5
76243,4,0.0
76243,5,0.0
76243,6,0.5
76243,7,0.0
76243,8,0.5
76243,9,0.5
76243,10,0.0
76243,11,0.0
76243,12,0.0
76246,1,0.0
76246,2,0.0
76246,3,0.0
76246,4,0.0
76246,5,0.0
76246,6,0.5
76246,7,0.5
76246,8,0.0
76246,9,0.0
76246,10,0.0
76246,11,0.0
76246,12,0.0
76248,1,0.0
76248,2,0.0
76248,3,0.0
76248,4,0.5
76248,5,0.0
76248,6,0.0
76248,7,0.0
76248,8,0.0
76248,9,0.5
76248,10,0.5
76248,11,0.0
76248,12,0.0
76250,1,0.0
76250,2,0.0
76250,3,0.0
76250,4,1.0
76250,5,1.0
76250,6,0.5
76250,7,1.0
76250,8,0.5
76250,9,0.5
76250,10,0.0
76250,11,0.0
76250,12,0.0
76275,1,0.0
76275,2,0.0
76275,3,0.0
76275,4,0.0
76275,5,0.0
76275,6,0.0
76275,7,0.5
76275,8,0.0
76275,9,0.5
76275,10,0.0
76275,11,0.0
76275,12,0.5
76306,1,0.0
76306,2,0.5
76306,3,0.0
76306,4,0.0
76306,5,0.0
76306,6,0.0
76306,7,0.5
76306,8,0.5
76306,9,1.0
76306,10,0.5
76306,11,0.0
76306,12,0.0
76318,1,0.0
76318,2,0.0
76318,3,0.5
76318,4,0.0
76318,5,0.0
76318,6,0.0
76318,7,0.0
76318,8,0.0
76318,9,0.5
76318,10,0.5
76318,11,0.5
76318,12,0.0
76364,1,0.5
76364,2,0.5
76364,3,1.0
76364,4,0.5
76364,5,0.5
76364,6,1.0
76364,7,0.5
76364,8,1.0
76364,9,1.0
76364,10,1.0
76364,11,0.0
76364,12,0.0
76377,1,0.0
76377,2,0.0
76377,3,0.0
76377,4,0.5
76377,5,0.0
76377,6,0.0
76377,7,0.0
76377,8,0.5
76377,9,0.5
76377,10,0.5
76377,11,0.5
76377,12,0.0
76400,1,0.0
76400,2,0.5
76400,3,0.0
76400,4,0.0
76400,5,0.0
76400,6,0.0
76400,7,0.0
76400,8,0.5
76400,9,0.0
76400,10,0.5
76400,11,0.0
76400,12,0.0
76403,1,0.0
76403,2,0.0
76403,3,0.0
76403,4,0.0
76403,5,0.0
76403,6,0.5
76403,7,0.0
76403,8,0.0
76403,9,0.0
76403,10,0.0
76403,11,0.0
76403,12,0.0
76497,1,0.0
76497,2,0.0
76497,3,0.0
76497,4,0.0
76497,5,0.5
76497,6,0.5
76497,7,0.0
76497,8,0.0
76497,9,0.5
76497,10,0.0
76497,11,0.0
76497,12,0.0
76520,1,0.0
76520,2,0.0
76520,3,0.5
76520,4,0.0
76520,5,0.0
76520,6,0.0
76520,7,0.0
76520,8,0.5
76520,9,0.5
76520,10,0.0
76520,11,0.0
76520,12,0.0
76563,1,0.0
76563,2,0.0
76563,3,0.5
76563,4,0.0
76563,5,0.5
76563,6,0.5
76563,7,0.0
76563,8,0.0
76563,9,0.5
76563,10,0.0
76563,11,0.0
76563,12,0.0
76606,1,0.0
76606,2,0.0
76606,3,0.0
76606,4,0.0
76606,5,0.0
76606,6,0.0
76606,7,0.0
76606,8,0.0
76606,9,0.5
76606,10,0.5
76606,11,0.0
76606,12,0.0
76616,1,0.0
76616,2,0.0
76616,3,0.5
76616,4,1.0
76616,5,0.0
76616,6,0.0
76616,7,0.5
76616,8,0.0
76616,9,0.5
76616,10,0.0
76616,11,0.5
76616,12,0.0
76622,1,0.0
76622,2,0.0
76622,3,0.0
76622,4,0.5
76622,5,0.0
76622,6,0.0
76622,7,0.5
76622,8,0.5
76622,9,0.0
76622,10,0.0
76622,11,0.0
76622,12,0.0
76670,1,0.0
76670,2,0.0
76670,3,0.0
76670,4,0.5
76670,5,0.0
76670,6,0.0
76670,7,0.0
76670,8,0.5
76670,9,0.0
76670,10,0.0
76670,11,0.0
76670,12,0.0
76736,1,0.0
76736,2,0.0
76736,3,0.5
76736,4,0.5
76736,5,0.0
76736,6,0.0
76736,7,0.0
76736,8,0.0
76736,9,0.0
76736,10,0.5
76736,11,0.5
76736,12,0.0
76823,1,0.0
76823,2,0.0
76823,3,0.0
76823,4,0.0
76823,5,1.0
76823,6,0.0
76823,7,0.0
76823,8,0.0
76823,9,0.0
76823,10,1.0
76823,11,0.0
76823,12,0.0
76828,1,0.0
76828,2,0.5
76828,3,0.5
76828,4,1.0
76828,5,0.5
76828,6,0.0
76828,7,0.0
76828,8,0.5
76828,9,0.5
76828,10,0.0
76828,11,0.5
76828,12,0.0
76834,1,0.0
76834,2,0.0
76834,3,0.0
76834,4,0.5
76834,5,0.0
76834,6,0.0
76834,7,0.0
76834,8,0.0
76834,9,1.0
76834,10,0.0
76834,11,0.0
76834,12,0.0
76845,1,0.0
76845,2,0.0
76845,3,0.0
76845,4,0.0
76845,5,0.0
76845,6,0.0
76845,7,0.0
76845,8,0.0
76845,9,0.0
76845,10,0.0
76845,11,0.0
76845,12,0.0
76863,1,0.0
76863,2,0.0
76863,3,0.0
76863,4,0.0
76863,5,0.0
76863,6,0.0
76863,7,0.0
76863,8,0.0
76863,9,0.0
76863,10,0.5
76863,11,0.0
76863,12,0.0
76869,1,0.0
76869,2,0.0
76869,3,0.5
76869,4,0.0
76869,5,0.0
76869,6,0.5
76869,7,0.0
76869,8,0.5
76869,9,0.5
76869,10,0.0
76869,11,0.0
76869,12,0.0
76890,1,0.0
76890,2,0.5
76890,3,0.5
76890,4,0.5
76890,5,0.0
76890,6,0.5
76890,7,0.0
76890,8,0.0
76890,9,1.0
76890,10,0.5
76890,11,0.0
76890,12,0.0
76892,1,0.5
76892,2,0.5
76892,3,0.5
76892,4,0.0
76892,5,0.5
76892,6,0.0
76892,7,0.5
76892,8,1.0
76892,9,1.0
76892,10,0.0
76892,11,0.0
76892,12,0.5
76895,1,0.0
76895,2,0.0
76895,3,0.0
76895,4,0.0
76895,5,0.0
76895,6,0.5
76895,7,0.0
76895,8,0.0
76895,9,0.5
76895,10,0.0
76895,11,0.0
76895,12,0.0
81001,1,0.5
81001,2,0.5
81001,3,1.0
81001,4,0.5
81001,5,0.5
81001,6,1.0
81001,7,0.5
81001,8,0.5
81001,9,0.0
81001,10,0.0
81001,11,0.0
81001,12,0.0
81065,1,0.0
81065,2,0.0
81065,3,0.5
81065,4,0.5
81065,5,0.5
81065,6,1.0
81065,7,0.5
81065,8,0.5
81065,9,0.0
81065,10,0.0
81065,11,1.0
81065,12,0.5
81220,1,0.0
81220,2,0.0
81220,3,0.0
81220,4,0.5
81220,5,0.0
81220,6,0.0
81220,7,0.0
81220,8,0.0
81220,9,0.0
81220,10,0.0
81220,11,0.0
81220,12,0.0
81300,1,0.0
81300,2,0.0
81300,3,0.0
81300,4,0.5
81300,5,0.5
81300,6,0.0
81300,7,0.0
81300,8,0.0
81300,9,0.0
81300,10,0.0
81300,11,0.0
81300,12,0.0
81591,1,0.0
81591,2,0.0
81591,3,1.0
81591,4,0.0
81591,5,0.0
81591,6,0.5
81591,7,0.0
81591,8,0.0
81591,9,0.0
81591,10,0.0
81591,11,0.0
81591,12,0.0
81736,1,0.5
81736,2,0.0
81736,3,0.5
81736,4,0.5
81736,5,0.5
81736,6,0.5
81736,7,1.0
81736,8,0.5
81736,9,0.0
81736,10,0.5
81736,11,0.5
81736,12,0.0
81794,1,0.0
81794,2,0.0
81794,3,0.5
81794,4,0.0
81794,5,0.0
81794,6,0.0
81794,7,0.5
81794,8,0.0
81794,9,0.0
81794,10,0.0
81794,11,0.0
81794,12,0.0
85001,1,1.0
85001,2,1.0
85001,3,1.0
85001,4,0.5
85001,5,0.0
85001,6,1.0
85001,7,1.0
85001,8,0.0
85001,9,0.5
85001,10,0.0
85001,11,0.0
85001,12,0.0
85010,1,1.0
85010,2,1.0
85010,3,0.5
85010,4,0.0
85010,5,0.0
85010,6,0.5
85010,7,0.0
85010,8,0.0
85010,9,0.5
85010,10,0.5
85010,11,0.0
85010,12,0.5
85015,1,0.0
85015,2,0.0
85015,3,0.0
85015,4,0.0
85015,5,0.0
85015,6,0.5
85015,7,0.0
85015,8,0.0
85015,9,0.0
85015,10,0.0
85015,11,0.0
85015,12,0.0
85125,1,0.5
85125,2,1.0
85125,3,0.0
85125,4,0.5
85125,5,0.0
85125,6,0.5
85125,7,0.5
85125,8,0.0
85125,9,0.0
85125,10,0.0
85125,11,0.0
85125,12,0.0
85136,1,0.0
85136,2,0.0
85136,3,0.0
85136,4,0.0
85136,5,0.0
85136,6,0.5
85136,7,0.0
85136,8,0.0
85136,9,0.0
85136,10,0.0
85136,11,0.0
85136,12,0.0
85139,1,0.5
85139,2,1.0
85139,3,1.0
85139,4,0.0
85139,5,0.5
85139,6,0.5
85139,7,0.5
85139,8,0.0
85139,9,0.0
85139,10,0.0
85139,11,0.0
85139,12,0.0
85162,1,1.0
85162,2,1.0
85162,3,0.5
85162,4,0.5
85162,5,0.0
85162,6,0.0
85162,7,0.0
85162,8,0.0
85162,9,0.5
85162,10,0.0
85162,11,0.5
85162,12,0.0
85225,1,0.5
85225,2,0.0
85225,3,0.5
85225,4,0.0
85225,5,0.0
85225,6,0.5
85225,7,1.0
85225,8,0.0
85225,9,0.5
85225,10,0.0
85225,11,0.0
85225,12,0.0
85230,1,1.0
85230,2,1.0
85230,3,1.0
85230,4,0.5
85230,5,0.0
85230,6,1.0
85230,7,0.5
85230,8,0.0
85230,9,0.0
85230,10,0.0
85230,11,0.5
85230,12,0.0
85250,1,1.0
85250,2,1.0
85250,3,1.0
85250,4,0.5
85250,5,0.0
85250,6,0.5
85250,7,1.0
85250,8,0.5
85250,9,0.0
85250,10,0.0
85250,11,0.5
85250,12,0.0
85263,1,1.0
85263,2,0.5
85263,3,1.0
85263,4,0.0
85263,5,0.0
85263,6,0.5
85263,7,1.0
85263,8,0.5
85263,9,0.0
85263,10,0.0
85263,11,0.0
85263,12,0.0
85279,1,0.0
85279,2,0.0
85279,3,0.0
85279,4,0.0
85279,5,0.5
85279,6,0.5
85279,7,0.5
85279,8,0.0
85279,9,0.5
85279,10,0.0
85279,11,0.0
85279,12,0.0
85300,1,0.0
85300,2,0.0
85300,3,0.5
85300,4,0.0
85300,5,0.0
85300,6,0.5
85300,7,0.0
85300,8,0.0
85300,9,0.5
85300,10,0.0
85300,11,0.0
85300,12,0.0
85315,1,0.0
85315,2,0.0
85315,3,0.0
85315,4,0.0
85315,5,0.0
85315,6,0.5
85315,7,0.0
85315,8,0.0
85315,9,0.0
85315,10,0.0
85315,11,0.0
85315,12,0.0
85325,1,0.5
85325,2,1.0
85325,3,1.0
85325,4,0.0
85325,5,0.0
85325,6,0.5
85325,7,0.5
85325,8,0.5
85325,9,0.0
85325,10,0.0
85325,11,0.0
85325,12,0.0
85400,1,0.0
85400,2,0.0
85400,3,0.0
85400,4,0.0
85400,5,0.0
85400,6,0.5
85400,7,0.0
85400,8,0.5
85400,9,0.0
85400,10,0.0
85400,11,0.0
85400,12,0.0
85410,1,0.5
85410,2,1.0
85410,3,0.0
85410,4,0.5
85410,5,0.0
85410,6,0.5
85410,7,0.0
85410,8,0.0
85410,9,0.0
85410,10,0.0
85410,11,0.0
85410,12,0.0
85430,1,0.0
85430,2,0.0
85430,3,0.5
85430,4,0.5
85430,5,0.0
85430,6,0.5
85430,7,1.0
85430,8,0.5
85430,9,0.0
85430,10,0.0
85430,11,0.0
85430,12,0.0
85440,1,0.0
85440,2,0.0
85440,3,0.0
85440,4,0.5
85440,5,0.5
85440,6,0.5
85440,7,0.0
85440,8,0.0
85440,9,0.5
85440,10,0.0
85440,11,0.0
85440,12,0.0
86001,1,1.0
86001,2,1.0
86001,3,0.5
86001,4,0.5
86001,5,0.5
86001,6,0.0
86001,7,1.0
86001,8,0.0
86001,9,0.5
86001,10,0.5
86001,11,0.5
86001,12,0.0
86219,1,0.0
86219,2,0.0
86219,3,0.0
86219,4,0.5
86219,5,0.0
86219,6,0.5
86219,7,0.0
86219,8,0.0
86219,9,0.0
86219,10,0.5
86219,11,0.0
86219,12,0.0
86320,1,0.0
86320,2,0.0
86320,3,0.5
86320,4,0.0
86320,5,0.0
86320,6,0.0
86320,7,0.0
86320,8,0.0
86320,9,0.0
86320,10,0.5
86320,11,0.0
86320,12,0.0
86568,1,0.5
86568,2,0.0
86568,3,0.5
86568,4,0.0
86568,5,0.5
86568,6,0.5
86568,7,1.0
86568,8,0.0
86568,9,0.0
86568,10,0.0
86568,11,0.0
86568,12,0.5
86569,1,0.0
86569,2,0.5
86569,3,0.5
86569,4,0.0
86569,5,0.5
86569,6,0.0
86569,7,0.0
86569,8,0.0
86569,9,0.5
86569,10,0.0
86569,11,0.0
86569,12,0.0
86571,1,0.0
86571,2,0.0
86571,3,0.0
86571,4,0.0
86571,5,0.5
86571,6,0.0
86571,7,1.0
86571,8,0.0
86571,9,0.0
86571,10,0.0
86571,11,0.5
86571,12,0.5
86573,1,0.0
86573,2,0.0
86573,3,0.0
86573,4,0.0
86573,5,0.0
86573,6,0.0
86573,7,0.5
86573,8,0.0
86573,9,0.0
86573,10,0.0
86573,11,0.0
86573,12,0.0
86749,1,0.0
86749,2,0.0
86749,3,0.0
86749,4,0.0
86749,5,1.0
86749,6,0.5
86749,7,1.0
86749,8,0.0
86749,9,0.0
86749,10,0.0
86749,11,0.0
86749,12,0.0
86755,1,0.0
86755,2,0.0
86755,3,0.0
86755,4,0.0
86755,5,0.5
86755,6,1.0
86755,7,0.5
86755,8,0.0
86755,9,0.0
86755,10,0.0
86755,11,0.0
86755,12,0.0
86757,1,0.0
86757,2,0.0
86757,3,0.5
86757,4,0.5
86757,5,0.5
86757,6,0.0
86757,7,0.5
86757,8,0.0
86757,9,0.0
86757,10,0.5
86757,11,0.0
86757,12,0.0
86760,1,0.0
86760,2,0.0
86760,3,0.0
86760,4,0.0
86760,5,0.0
86760,6,0.5
86760,7,0.5
86760,8,0.0
86760,9,0.0
86760,10,0.0
86760,11,0.0
86760,12,0.0
86865,1,0.0
86865,2,0.5
86865,3,0.5
86865,4,0.0
86865,5,0.0
86865,6,0.0
86865,7,0.5
86865,8,0.0
86865,9,0.5
86865,10,0.0
86865,11,0.0
86865,12,0.0
86885,1,0.0
86885,2,0.0
86885,3,0.5
86885,4,0.0
86885,5,0.0
86885,6,0.0
86885,7,0.0
86885,8,0.0
86885,9,0.0
86885,10,0.0
86885,11,0.0
86885,12,0.0
88001,1,0.5
88001,2,0.5
88001,3,0.0
88001,4,0.0
88001,5,0.0
88001,6,0.0
88001,7,0.0
88001,8,0.5
88001,9,0.5
88001,10,0.5
88001,11,1.0
88001,12,0.5
88564,1,0.0
88564,2,0.0
88564,3,0.0
88564,4,0.5
88564,5,0.0
88564,6,0.0
88564,7,0.0
88564,8,0.0
88564,9,0.0
88564,10,0.0
88564,11,0.5
88564,12,0.0
91001,1,0.0
91001,2,0.0
91001,3,0.5
91001,4,0.5
91001,5,0.0
91001,6,0.5
91001,7,0.0
91001,8,0.5
91001,9,1.0
91001,10,0.5
91001,11,0.0
91001,12,0.5
91263,1,0.0
91263,2,0.0
91263,3,0.0
91263,4,0.0
91263,5,0.0
91263,6,0.0
91263,7,0.0
91263,8,0.0
91263,9,0.0
91263,10,0.0
91263,11,0.0
91263,12,0.0
91405,1,0.0
91405,2,0.0
91405,3,0.0
91405,4,0.0
91405,5,0.0
91405,6,0.0
91405,7,0.0
91405,8,0.0
91405,9,0.0
91405,10,0.0
91405,11,0.0
91405,12,0.0
91407,1,0.0
91407,2,0.0
91407,3,0.0
91407,4,0.0
91407,5,0.0
91407,6,0.0
91407,7,0.0
91407,8,0.0
91407,9,0.0
91407,10,0.0
91407,11,0.0
91407,12,0.0
91430,1,0.0
91430,2,0.0
91430,3,0.0
91430,4,0.0
91430,5,0.0
91430,6,0.0
91430,7,0.0
91430,8,0.0
91430,9,0.0
91430,10,0.0
91430,11,0.0
91430,12,0.0
91460,1,0.0
91460,2,0.0
91460,3,0.0
91460,4,0.0
91460,5,0.0
91460,6,0.0
91460,7,0.0
91460,8,0.0
91460,9,0.0
91460,10,0.0
91460,11,0.0
91460,12,0.0
91530,1,0.0
91530,2,0.0
91530,3,0.0
91530,4,0.0
91530,5,0.0
91530,6,0.0
91530,7,0.0
91530,8,0.0
91530,9,0.0
91530,10,0.0
91530,11,0.0
91530,12,0.0
91536,1,0.0
91536,2,0.0
91536,3,0.0
91536,4,0.0
91536,5,0.0
91536,6,0.0
91536,7,0.0
91536,8,0.0
91536,9,0.0
91536,10,0.0
91536,11,0.0
91536,12,0.0
91540,1,0.0
91540,2,0.0
91540,3,0.0
91540,4,0.5
91540,5,0.0
91540,6,0.0
91540,7,0.0
91540,8,0.0
91540,9,0.0
91540,10,0.0
91540,11,0.0
91540,12,0.0
91669,1,0.0
91669,2,0.0
91669,3,0.0
91669,4,0.0
91669,5,0.0
91669,6,0.0
91669,7,0.0
91669,8,0.0
91669,9,0.0
91669,10,0.0
91669,11,0.0
91669,12,0.0
91798,1,0.0
91798,2,0.0
91798,3,0.0
91798,4,0.0
91798,5,0.0
91798,6,0.0
91798,7,0.0
91798,8,0.0
91798,9,0.0
91798,10,0.0
91798,11,0.0
91798,12,0.0
94001,1,1.0
94001,2,0.5
94001,3,0.0
94001,4,0.0
94001,5,0.0
94001,6,0.0
94001,7,0.5
94001,8,0.5
94001,9,0.0
94001,10,0.0
94001,11,0.0
94001,12,0.0
94343,1,0.0
94343,2,0.0
94343,3,0.0
94343,4,0.0
94343,5,0.0
94343,6,0.0
94343,7,0.0
94343,8,0.0
94343,9,0.0
94343,10,0.0
94343,11,0.0
94343,12,0.0
94883,1,0.0
94883,2,0.0
94883,3,0.0
94883,4,0.0
94883,5,0.0
94883,6,0.0
94883,7,0.0
94883,8,0.0
94883,9,0.0
94883,10,0.0
94883,11,0.0
94883,12,0.0
94884,1,0.0
94884,2,0.0
94884,3,0.0
94884,4,0.0
94884,5,0.0
94884,6,0.0
94884,7,0.0
94884,8,0.0
94884,9,0.0
94884,10,0.0
94884,11,0.0
94884,12,0.0
94885,1,0.0
94885,2,0.0
94885,3,0.0
94885,4,0.0
94885,5,0.0
94885,6,0.0
94885,7,0.0
94885,8,0.0
94885,9,0.0
94885,10,0.0
94885,11,0.0
94885,12,0.0
94886,1,0.0
94886,2,0.0
94886,3,0.0
94886,4,0.0
94886,5,0.0
94886,6,0.0
94886,7,0.0
94886,8,0.0
94886,9,0.0
94886,10,0.0
94886,11,0.0
94886,12,0.0
94887,1,0.0
94887,2,0.0
94887,3,0.0
94887,4,0.0
94887,5,0.0
94887,6,0.0
94887,7,0.0
94887,8,0.0
94887,9,0.0
94887,10,0.0
94887,11,0.0
94887,12,0.0
94888,1,0.0
94888,2,0.0
94888,3,0.0
94888,4,0.0
94888,5,0.0
94888,6,0.0
94888,7,0.0
94888,8,0.0
94888,9,0.0
94888,10,0.0
94888,11,0.0
94888,12,0.0
95001,1,0.5
95001,2,1.0
95001,3,0.5
95001,4,0.0
95001,5,0.5
95001,6,0.5
95001,7,0.5
95001,8,0.0
95001,9,0.0
95001,10,0.5
95001,11,0.0
95001,12,0.0
95015,1,0.5
95015,2,0.0
95015,3,0.0
95015,4,0.0
95015,5,0.0
95015,6,0.0
95015,7,0.0
95015,8,0.0
95015,9,0.0
95015,10,0.0
95015,11,0.0
95015,12,0.0
95025,1,0.0
95025,2,0.5
95025,3,0.0
95025,4,0.0
95025,5,0.0
95025,6,0.0
95025,7,0.0
95025,8,0.0
95025,9,0.0
95025,10,0.0
95025,11,0.0
95025,12,0.0
95200,1,0.0
95200,2,0.0
95200,3,0.0
95200,4,0.0
95200,5,0.0
95200,6,0.0
95200,7,0.0
95200,8,0.0
95200,9,0.5
95200,10,0.0
95200,11,0.0
95200,12,0.0
97001,1,0.0
97001,2,0.0
97001,3,0.0
97001,4,0.0
97001,5,0.0
97001,6,0.5
97001,7,1.0
97001,8,0.0
97001,9,0.0
97001,10,0.0
97001,11,0.5
97001,12,0.0
97161,1,0.0
97161,2,0.0
97161,3,0.0
97161,4,0.0
97161,5,0.0
97161,6,0.0
97161,7,0.0
97161,8,0.0
97161,9,0.0
97161,10,0.0
97161,11,0.0
97161,12,0.0
97511,1,0.0
97511,2,0.0
97511,3,0.0
97511,4,0.0
97511,5,0.0
97511,6,0.0
97511,7,0.0
97511,8,0.0
97511,9,0.0
97511,10,0.0
97511,11,0.0
97511,12,0.0
97666,1,0.0
97666,2,0.0
97666,3,0.0
97666,4,0.0
97666,5,0.0
97666,6,0.0
97666,7,0.0
97666,8,0.0
97666,9,0.0
97666,10,0.0
97666,11,0.0
97666,12,0.0
97777,1,0.0
97777,2,0.0
97777,3,0.0
97777,4,0.0
97777,5,0.0
97777,6,0.0
97777,7,0.0
97777,8,0.0
97777,9,0.0
97777,10,0.0
97777,11,0.0
97777,12,0.0
97889,1,0.0
97889,2,0.0
97889,3,0.0
97889,4,0.0
97889,5,0.0
97889,6,0.0
97889,7,0.0
97889,8,0.0
97889,9,0.0
97889,10,0.0
97889,11,0.0
97889,12,0.0
99001,1,0.0
99001,2,0.5
99001,3,0.5
99001,4,0.0
99001,5,0.0
99001,6,0.0
99001,7,0.5
99001,8,0.0
99001,9,0.0
99001,10,0.0
99001,11,0.0
99001,12,0.0
99524,1,0.0
99524,2,0.0
99524,3,0.0
99524,4,0.0
99524,5,0.0
99524,6,0.0
99524,7,0.5
99524,8,0.0
99524,9,0.0
99524,10,0.5
99524,11,0.0
99524,12,0.0
99624,1,0.0
99624,2,0.0
99624,3,0.0
99624,4,0.0
99624,5,0.0
99624,6,0.0
99624,7,0.5
99624,8,0.0
99624,9,0.0
99624,10,0.0
99624,11,0.0
99624,12,0.0
99773,1,0.0
99773,2,0.0
99773,3,0.0
99773,4,0.0
99773,5,0.0
99773,6,0.0
99773,7,0.5
99773,8,0.5
99773,9,0.0
99773,10,0.0
99773,11,0.0
99773,12,0.0
