DIVIPOLA,fecha,inundacion,movimiento,vendaval,creciente,avenida,otros_clima
00000,2019-05-01,0.0,0.0,0.0,0.0,0.0,1.0
00005,2021-01-01,0.0,0.0,0.0,0.0,0.0,1.0
00008,2021-11-01,1.0,0.0,0.0,0.0,0.0,0.0
00013,2019-02-01,0.0,0.0,0.0,0.0,0.0,1.0
00013,2020-03-01,0.0,0.0,0.0,0.0,0.0,1.0
00013,2020-09-01,1.0,0.0,0.0,0.0,0.0,0.0
00013,2021-10-01,1.0,0.0,0.0,0.0,0.0,0.0
00017,2019-04-01,0.0,1.0,0.0,0.0,0.0,0.0
00017,2022-05-01,3.0,0.0,0.0,0.0,0.0,0.0
00018,2019-06-01,1.0,0.0,0.0,0.0,0.0,0.0
00018,2021-06-01,1.0,0.0,0.0,0.0,0.0,0.0
00018,2022-05-01,3.0,0.0,0.0,0.0,0.0,0.0
00019,2022-05-01,3.0,0.0,0.0,0.0,0.0,0.0
00020,2021-03-01,0.0,0.0,0.0,0.0,0.0,1.0
00023,2019-03-01,0.0,0.0,0.0,0.0,0.0,1.0
00023,2019-06-01,1.0,0.0,0.0,0.0,0.0,0.0
00023,2020-04-01,0.0,0.0,0.0,0.0,0.0,1.0
00023,2021-03-01,0.0,0.0,0.0,0.0,0.0,1.0
00023,2021-08-01,1.0,0.0,0.0,0.0,0.0,1.0
00025,2021-11-01,1.0,0.0,0.0,0.0,0.0,0.0
00025,2022-06-01,3.0,0.0,0.0,0.0,0.0,0.0
00027,2020-11-01,1.0,0.0,0.0,0.0,0.0,0.0
00027,2020-12-01,0.0,0.0,0.0,0.0,0.0,1.0
00027,2021-06-01,1.0,0.0,0.0,0.0,0.0,0.0
00041,2022-04-01,3.0,0.0,0.0,0.0,0.0,0.0
00044,2019-06-01,0.0,0.0,0.0,0.0,0.0,1.0
00044,2020-03-01,0.0,0.0,0.0,0.0,0.0,1.0
00044,2020-11-01,1.0,0.0,0.0,0.0,0.0,0.0
00047,2020-11-01,1.0,0.0,0.0,0.0,0.0,0.0
00050,2019-08-01,1.0,0.0,0.0,0.0,0.0,0.0
00050,2020-07-01,0.0,0.0,0.0,1.0,0.0,0.0
00050,2021-05-01,2.0,0.0,0.0,0.0,0.0,0.0
00052,2021-03-01,0.0,0.0,0.0,0.0,0.0,1.0
00052,2022-03-01,3.0,0.0,0.0,0.0,0.0,0.0
00054,2020-11-01,1.0,0.0,0.0,0.0,0.0,0.0
00054,2021-03-01,1.0,0.0,0.0,0.0,0.0,0.0
00054,2021-09-01,1.0,0.0,0.0,0.0,0.0,0.0
00054,2021-10-01,1.0,0.0,0.0,0.0,0.0,0.0
00054,2022-01-01,0.0,0.0,0.0,0.0,0.0,3.0
00054,2022-05-01,12.0,0.0,0.0,0.0,0.0,0.0
00054,2022-07-01,0.0,0.0,0.0,0.0,0.0,3.0
00066,2019-09-01,0.0,1.0,0.0,0.0,0.0,0.0
00066,2021-12-01,1.0,0.0,0.0,0.0,0.0,0.0
00068,2019-08-01,1.0,0.0,0.0,0.0,0.0,0.0
00068,2020-05-01,0.0,0.0,0.0,0.0,0.0,1.0
00068,2020-08-01,1.0,0.0,0.0,0.0,0.0,0.0
00070,2019-03-01,0.0,0.0,0.0,0.0,0.0,1.0
00070,2020-03-01,0.0,0.0,0.0,0.0,0.0,1.0
00070,2020-07-01,1.0,0.0,0.0,0.0,0.0,0.0
00070,2020-09-01,1.0,0.0,0.0,0.0,0.0,0.0
00070,2021-03-01,0.0,0.0,0.0,0.0,0.0,1.0
00070,2021-08-01,1.0,0.0,0.0,0.0,0.0,0.0
00070,2022-02-01,3.0,0.0,0.0,0.0,0.0,0.0
00073,2019-04-01,0.0,1.0,0.0,0.0,0.0,0.0
00073,2021-07-01,1.0,0.0,0.0,0.0,0.0,0.0
00073,2022-04-01,3.0,0.0,0.0,0.0,0.0,0.0
00081,2021-07-01,1.0,0.0,0.0,0.0,0.0,0.0
00086,2019-12-01,1.0,0.0,0.0,0.0,0.0,0.0
00086,2021-07-01,1.0,0.0,0.0,0.0,0.0,0.0
00086,2021-09-01,1.0,0.0,0.0,0.0,0.0,0.0
00091,2019-07-01,1.0,0.0,0.0,0.0,0.0,0.0
05001,2019-03-01,1.0,0.0,0.0,0.0,0.0,0.0
05001,2019-04-01,0.0,0.0,1.0,0.0,0.0,0.0
05001,2019-05-01,1.0,0.0,0.0,0.0,0.0,0.0
05001,2019-10-01,0.0,1.0,0.0,0.0,0.0,0.0
05001,2019-11-01,0.0,1.0,0.0,0.0,0.0,0.0
05001,2019-12-01,0.0,1.0,0.0,0.0,0.0,0.0
05001,2020-07-01,0.0,1.0,0.0,0.0,0.0,0.0
05001,2020-09-01,2.0,0.0,0.0,0.0,0.0,0.0
05001,2020-11-01,1.0,0.0,0.0,0.0,0.0,0.0
05001,2020-12-01,0.0,1.0,0.0,0.0,0.0,0.0
05001,2021-01-01,0.0,1.0,0.0,0.0,0.0,0.0
05001,2021-03-01,0.0,4.0,0.0,0.0,0.0,0.0
05001,2021-04-01,1.0,0.0,0.0,0.0,0.0,0.0
05001,2021-05-01,1.0,1.0,0.0,0.0,0.0,0.0
05001,2021-06-01,0.0,4.0,0.0,0.0,0.0,0.0
05001,2021-10-01,1.0,0.0,0.0,0.0,0.0,0.0
05001,2021-11-01,2.0,1.0,0.0,0.0,0.0,0.0
05001,2022-03-01,0.0,3.0,0.0,0.0,0.0,0.0
05001,2022-04-01,3.0,0.0,0.0,0.0,0.0,0.0
05001,2022-05-01,0.0,3.0,0.0,0.0,0.0,0.0
05001,2022-06-01,0.0,9.0,0.0,0.0,0.0,0.0
05001,2022-07-01,0.0,3.0,0.0,0.0,0.0,0.0
05001,2022-08-01,0.0,0.0,0.0,3.0,0.0,0.0
05001,2022-09-01,3.0,3.0,0.0,0.0,3.0,0.0
05002,2020-09-01,0.0,1.0,0.0,0.0,0.0,0.0
05002,2020-11-01,0.0,1.0,0.0,0.0,0.0,0.0
05002,2021-05-01,0.0,1.0,0.0,0.0,0.0,0.0
05002,2021-10-01,0.0,1.0,0.0,0.0,0.0,0.0
05002,2022-04-01,0.0,0.0,0.0,3.0,0.0,0.0
05004,2021-08-01,0.0,1.0,0.0,0.0,0.0,0.0
05004,2022-04-01,0.0,0.0,0.0,0.0,3.0,0.0
05021,2022-06-01,0.0,3.0,0.0,0.0,0.0,0.0
05030,2019-03-01,0.0,0.0,1.0,0.0,0.0,0.0
05030,2020-09-01,0.0,1.0,0.0,0.0,0.0,0.0
05030,2021-04-01,0.0,1.0,0.0,0.0,0.0,0.0
05030,2021-10-01,0.0,1.0,0.0,0.0,0.0,0.0
05030,2021-11-01,0.0,1.0,0.0,0.0,0.0,0.0
05030,2021-12-01,0.0,1.0,0.0,0.0,1.0,0.0
05030,2022-02-01,3.0,6.0,0.0,0.0,0.0,0.0
05030,2022-04-01,3.0,0.0,0.0,0.0,0.0,0.0
05030,2022-06-01,3.0,0.0,0.0,6.0,3.0,0.0
05031,2020-06-01,0.0,0.0,1.0,0.0,0.0,0.0
05031,2020-10-01,0.0,0.0,0.0,0.0,1.0,0.0
05031,2020-11-01,1.0,1.0,0.0,0.0,0.0,0.0
05031,2021-05-01,0.0,1.0,0.0,0.0,0.0,0.0
05031,2022-05-01,3.0,0.0,0.0,0.0,0.0,0.0
05034,2019-04-01,0.0,0.0,1.0,0.0,1.0,0.0
05034,2020-04-01,0.0,0.0,0.0,0.0,1.0,0.0
05034,2020-06-01,0.0,0.0,1.0,0.0,0.0,0.0
05034,2020-07-01,0.0,1.0,1.0,0.0,0.0,0.0
05034,2020-09-01,0.0,0.0,1.0,0.0,0.0,0.0
05034,2021-04-01,0.0,1.0,0.0,0.0,0.0,0.0
05034,2021-05-01,0.0,1.0,0.0,0.0,0.0,0.0
05034,2022-03-01,3.0,0.0,0.0,0.0,0.0,0.0
05034,2022-05-01,0.0,0.0,0.0,3.0,0.0,0.0
05034,2022-07-01,0.0,3.0,0.0,0.0,0.0,0.0
05034,2022-08-01,0.0,3.0,0.0,0.0,0.0,0.0
05036,2020-09-01,0.0,1.0,1.0,0.0,0.0,0.0
05036,2021-05-01,0.0,0.0,1.0,0.0,0.0,0.0
05036,2021-08-01,0.0,1.0,0.0,0.0,0.0,0.0
05036,2021-12-01,0.0,1.0,0.0,0.0,0.0,0.0
05036,2022-03-01,0.0,0.0,3.0,0.0,0.0,0.0
05038,2020-06-01,0.0,0.0,0.0,1.0,0.0,0.0
05040,2020-04-01,0.0,0.0,1.0,0.0,0.0,0.0
05040,2020-06-01,0.0,0.0,1.0,0.0,0.0,0.0
05040,2020-07-01,0.0,1.0,0.0,0.0,0.0,0.0
05040,2020-10-01,0.0,1.0,1.0,0.0,0.0,0.0
05040,2020-11-01,0.0,0.0,0.0,0.0,1.0,0.0
05040,2021-05-01,0.0,0.0,1.0,0.0,0.0,0.0
05040,2021-06-01,0.0,1.0,0.0,0.0,0.0,0.0
05040,2021-07-01,0.0,1.0,1.0,0.0,0.0,0.0
05040,2021-08-01,1.0,1.0,0.0,0.0,0.0,0.0
05040,2021-10-01,0.0,1.0,0.0,0.0,0.0,0.0
05040,2022-05-01,3.0,0.0,0.0,0.0,0.0,0.0
05040,2022-06-01,3.0,3.0,0.0,0.0,0.0,0.0
05042,2020-04-01,0.0,0.0,1.0,0.0,0.0,0.0
05042,2020-07-01,0.0,0.0,1.0,0.0,0.0,0.0
05042,2021-04-01,0.0,1.0,0.0,0.0,0.0,0.0
05042,2021-10-01,0.0,1.0,0.0,0.0,0.0,0.0
05042,2022-04-01,0.0,3.0,0.0,0.0,0.0,0.0
05042,2022-05-01,0.0,3.0,0.0,0.0,0.0,0.0
05042,2022-06-01,0.0,3.0,0.0,0.0,0.0,0.0
05042,2022-07-01,0.0,3.0,0.0,0.0,0.0,0.0
05042,2022-08-01,0.0,6.0,0.0,0.0,0.0,0.0
05044,2020-03-01,0.0,0.0,1.0,0.0,0.0,0.0
05044,2020-11-01,0.0,2.0,0.0,0.0,0.0,0.0
05044,2021-03-01,0.0,0.0,0.0,1.0,0.0,0.0
05044,2021-04-01,0.0,0.0,0.0,1.0,0.0,0.0
05044,2021-07-01,0.0,1.0,0.0,0.0,0.0,0.0
05044,2021-08-01,0.0,0.0,1.0,1.0,0.0,0.0
05044,2022-05-01,0.0,6.0,0.0,0.0,0.0,0.0
05044,2022-06-01,0.0,12.0,0.0,0.0,0.0,0.0
05044,2022-07-01,0.0,3.0,0.0,0.0,0.0,0.0
05045,2019-05-01,1.0,0.0,0.0,0.0,0.0,0.0
05045,2019-08-01,1.0,0.0,0.0,0.0,0.0,0.0
05045,2019-10-01,0.0,0.0,0.0,1.0,0.0,0.0
05045,2021-04-01,1.0,0.0,0.0,0.0,0.0,0.0
05045,2021-05-01,1.0,1.0,1.0,0.0,0.0,0.0
05045,2021-09-01,1.0,0.0,0.0,0.0,0.0,0.0
05045,2021-10-01,1.0,1.0,0.0,0.0,0.0,0.0
05045,2022-02-01,3.0,0.0,0.0,0.0,0.0,0.0
05045,2022-03-01,6.0,3.0,0.0,0.0,0.0,0.0
05045,2022-05-01,6.0,0.0,0.0,0.0,0.0,0.0
05045,2022-08-01,3.0,0.0,0.0,9.0,0.0,0.0
05051,2019-05-01,1.0,0.0,0.0,0.0,0.0,0.0
05051,2020-01-01,0.0,0.0,0.0,0.0,0.0,1.0
05051,2021-07-01,0.0,0.0,1.0,0.0,0.0,0.0
05051,2022-03-01,0.0,3.0,0.0,0.0,0.0,0.0
05051,2022-09-01,3.0,0.0,0.0,0.0,0.0,0.0
05055,2020-07-01,0.0,0.0,1.0,0.0,0.0,0.0
05055,2020-08-01,0.0,2.0,0.0,0.0,0.0,0.0
05055,2021-03-01,0.0,0.0,1.0,0.0,0.0,0.0
05055,2021-05-01,0.0,1.0,0.0,0.0,0.0,0.0
05055,2022-07-01,0.0,3.0,0.0,0.0,0.0,0.0
05059,2020-11-01,0.0,1.0,0.0,0.0,0.0,0.0
05059,2021-04-01,0.0,0.0,1.0,0.0,0.0,0.0
05059,2021-06-01,0.0,1.0,0.0,0.0,0.0,0.0
05079,2020-11-01,0.0,1.0,0.0,0.0,0.0,0.0
05079,2021-05-01,0.0,1.0,0.0,0.0,0.0,0.0
05079,2021-06-01,0.0,1.0,0.0,0.0,0.0,0.0
05079,2022-03-01,0.0,3.0,0.0,0.0,3.0,0.0
05079,2022-04-01,0.0,6.0,0.0,0.0,0.0,0.0
05079,2022-06-01,3.0,3.0,0.0,0.0,0.0,0.0
05079,2022-09-01,3.0,3.0,0.0,3.0,0.0,0.0
05086,2022-09-01,0.0,0.0,0.0,0.0,3.0,0.0
05088,2019-04-01,0.0,1.0,0.0,0.0,0.0,0.0
05088,2019-07-01,0.0,1.0,0.0,0.0,0.0,0.0
05088,2020-04-01,0.0,0.0,0.0,1.0,0.0,0.0
05088,2020-08-01,1.0,1.0,0.0,0.0,0.0,0.0
05088,2021-06-01,0.0,1.0,0.0,1.0,0.0,0.0
05088,2021-10-01,0.0,1.0,0.0,0.0,0.0,0.0
05088,2021-11-01,2.0,0.0,0.0,0.0,0.0,0.0
05088,2022-02-01,0.0,3.0,0.0,0.0,0.0,0.0
05088,2022-03-01,3.0,0.0,0.0,3.0,0.0,0.0
05088,2022-04-01,3.0,3.0,0.0,0.0,0.0,0.0
05088,2022-08-01,6.0,0.0,0.0,0.0,0.0,0.0
05091,2019-12-01,0.0,0.0,0.0,1.0,0.0,0.0
05091,2020-06-01,0.0,0.0,1.0,0.0,0.0,0.0
05091,2020-07-01,2.0,2.0,0.0,0.0,0.0,0.0
05091,2020-08-01,0.0,0.0,1.0,0.0,0.0,0.0
05091,2021-03-01,0.0,2.0,0.0,1.0,0.0,0.0
05091,2021-04-01,0.0,1.0,0.0,0.0,0.0,0.0
05091,2021-05-01,0.0,1.0,0.0,0.0,0.0,0.0
05091,2021-06-01,0.0,1.0,0.0,0.0,0.0,0.0
05091,2021-07-01,0.0,1.0,0.0,0.0,0.0,0.0
05091,2021-11-01,0.0,1.0,0.0,0.0,0.0,0.0
05091,2022-05-01,3.0,0.0,0.0,0.0,0.0,0.0
05091,2022-06-01,0.0,6.0,0.0,0.0,0.0,0.0
05091,2022-07-01,0.0,0.0,3.0,0.0,0.0,0.0
05091,2022-08-01,3.0,0.0,0.0,0.0,0.0,0.0
05091,2022-09-01,0.0,0.0,3.0,0.0,0.0,0.0
05093,2020-11-01,0.0,0.0,0.0,1.0,0.0,0.0
05093,2021-03-01,0.0,1.0,0.0,0.0,0.0,1.0
05093,2021-04-01,0.0,2.0,0.0,0.0,0.0,0.0
05093,2021-08-01,0.0,0.0,1.0,0.0,0.0,0.0
05093,2021-10-01,0.0,0.0,0.0,0.0,1.0,0.0
05093,2021-11-01,0.0,2.0,0.0,0.0,0.0,0.0
05093,2022-02-01,0.0,3.0,0.0,0.0,0.0,0.0
05093,2022-03-01,0.0,6.0,0.0,0.0,0.0,0.0
05093,2022-06-01,0.0,3.0,0.0,0.0,0.0,0.0
05093,2022-07-01,0.0,3.0,0.0,0.0,0.0,0.0
05093,2022-08-01,0.0,6.0,0.0,0.0,0.0,0.0
05093,2022-09-01,0.0,3.0,0.0,0.0,0.0,0.0
05101,2019-04-01,0.0,1.0,0.0,0.0,0.0,0.0
05101,2019-12-01,0.0,0.0,0.0,1.0,0.0,0.0
05101,2020-07-01,0.0,1.0,0.0,0.0,0.0,0.0
05101,2021-05-01,0.0,0.0,0.0,0.0,1.0,0.0
05101,2021-10-01,0.0,0.0,0.0,1.0,0.0,0.0
05101,2022-06-01,3.0,3.0,0.0,0.0,0.0,0.0
05101,2022-08-01,3.0,0.0,0.0,0.0,0.0,0.0
05107,2019-04-01,0.0,0.0,1.0,0.0,0.0,0.0
05107,2020-07-01,0.0,1.0,0.0,0.0,0.0,0.0
05107,2021-07-01,0.0,1.0,1.0,0.0,1.0,0.0
05107,2022-04-01,0.0,3.0,0.0,0.0,0.0,0.0
05107,2022-08-01,0.0,3.0,0.0,0.0,0.0,0.0
05113,2020-06-01,0.0,1.0,0.0,0.0,0.0,0.0
05113,2020-09-01,0.0,0.0,0.0,0.0,1.0,0.0
05113,2021-03-01,0.0,1.0,0.0,0.0,0.0,0.0
05113,2021-11-01,0.0,2.0,0.0,1.0,0.0,0.0
05113,2022-04-01,0.0,6.0,0.0,0.0,0.0,0.0
05113,2022-05-01,0.0,6.0,0.0,0.0,0.0,0.0
05113,2022-08-01,0.0,3.0,0.0,0.0,0.0,0.0
05120,2020-08-01,0.0,0.0,0.0,1.0,0.0,0.0
05120,2020-09-01,1.0,0.0,0.0,0.0,0.0,0.0
05120,2021-05-01,1.0,0.0,0.0,0.0,0.0,0.0
05120,2021-08-01,1.0,0.0,0.0,0.0,0.0,0.0
05120,2021-11-01,1.0,0.0,0.0,0.0,0.0,0.0
05120,2022-03-01,3.0,0.0,0.0,0.0,0.0,0.0
05120,2022-04-01,6.0,0.0,0.0,0.0,0.0,0.0
05120,2022-06-01,6.0,0.0,0.0,0.0,0.0,0.0
05125,2020-06-01,0.0,0.0,1.0,0.0,0.0,0.0
05125,2020-09-01,0.0,1.0,0.0,0.0,0.0,0.0
05125,2020-11-01,0.0,1.0,0.0,0.0,0.0,0.0
05125,2021-05-01,0.0,1.0,0.0,0.0,0.0,0.0
05125,2021-06-01,0.0,1.0,0.0,0.0,0.0,0.0
05125,2022-09-01,0.0,3.0,0.0,0.0,0.0,0.0
05129,2019-04-01,0.0,0.0,0.0,0.0,1.0,0.0
05129,2019-05-01,1.0,0.0,0.0,0.0,0.0,0.0
05129,2019-06-01,0.0,1.0,0.0,0.0,0.0,0.0
05129,2020-07-01,1.0,0.0,0.0,0.0,0.0,0.0
05129,2021-05-01,1.0,2.0,0.0,0.0,0.0,0.0
05129,2021-11-01,0.0,1.0,0.0,0.0,0.0,0.0
05129,2022-01-01,0.0,0.0,3.0,0.0,0.0,0.0
05129,2022-03-01,0.0,3.0,0.0,0.0,0.0,0.0
05129,2022-04-01,0.0,6.0,0.0,0.0,0.0,0.0
05129,2022-06-01,6.0,6.0,0.0,0.0,0.0,0.0
05134,2021-05-01,0.0,1.0,0.0,0.0,0.0,0.0
05134,2022-04-01,0.0,3.0,0.0,0.0,0.0,0.0
05134,2022-09-01,0.0,3.0,0.0,0.0,0.0,0.0
05138,2020-08-01,0.0,1.0,0.0,0.0,0.0,0.0
05138,2021-03-01,0.0,0.0,0.0,0.0,1.0,0.0
05138,2021-08-01,0.0,0.0,1.0,0.0,0.0,0.0
05138,2021-10-01,0.0,1.0,0.0,0.0,0.0,0.0
05138,2021-11-01,0.0,1.0,0.0,0.0,0.0,0.0
05138,2022-07-01,0.0,3.0,0.0,0.0,0.0,0.0
05138,2022-08-01,0.0,0.0,0.0,0.0,3.0,0.0
05138,2022-09-01,0.0,0.0,0.0,0.0,3.0,0.0
05142,2020-06-01,0.0,0.0,1.0,0.0,0.0,0.0
05142,2020-10-01,0.0,1.0,0.0,0.0,0.0,0.0
05142,2021-08-01,0.0,0.0,1.0,0.0,0.0,0.0
05145,2020-06-01,0.0,1.0,0.0,0.0,0.0,0.0
05145,2020-10-01,0.0,1.0,0.0,0.0,0.0,0.0
05145,2021-03-01,0.0,1.0,0.0,0.0,0.0,0.0
05145,2022-09-01,0.0,3.0,3.0,0.0,0.0,0.0
05147,2019-06-01,1.0,0.0,0.0,0.0,0.0,0.0
05147,2019-10-01,1.0,0.0,0.0,0.0,0.0,0.0
05147,2020-08-01,2.0,0.0,0.0,0.0,0.0,0.0
05147,2020-11-01,0.0,1.0,0.0,0.0,0.0,0.0
05147,2021-06-01,0.0,0.0,1.0,0.0,0.0,0.0
05147,2021-09-01,1.0,0.0,0.0,0.0,0.0,0.0
05147,2021-11-01,1.0,0.0,0.0,0.0,0.0,0.0
05147,2022-01-01,0.0,0.0,0.0,0.0,0.0,3.0
05147,2022-03-01,3.0,0.0,0.0,0.0,0.0,0.0
05147,2022-05-01,3.0,0.0,0.0,0.0,0.0,0.0
05147,2022-06-01,0.0,3.0,0.0,3.0,0.0,0.0
05147,2022-08-01,3.0,0.0,0.0,0.0,0.0,0.0
05147,2022-09-01,3.0,0.0,0.0,0.0,0.0,0.0
05148,2020-06-01,0.0,0.0,1.0,0.0,0.0,0.0
05148,2020-07-01,0.0,1.0,0.0,0.0,0.0,0.0
05148,2021-03-01,0.0,1.0,0.0,0.0,0.0,0.0
05148,2021-05-01,1.0,0.0,0.0,0.0,0.0,0.0
05148,2022-05-01,3.0,0.0,0.0,0.0,0.0,0.0
05148,2022-09-01,3.0,0.0,0.0,0.0,0.0,0.0
05150,2021-05-01,0.0,1.0,0.0,0.0,0.0,0.0
05150,2021-07-01,0.0,0.0,1.0,0.0,0.0,0.0
05150,2022-09-01,0.0,3.0,0.0,0.0,0.0,0.0
05154,2019-05-01,2.0,0.0,1.0,0.0,0.0,0.0
05154,2020-07-01,1.0,0.0,0.0,0.0,0.0,0.0
05154,2020-10-01,1.0,0.0,0.0,0.0,0.0,0.0
05154,2021-03-01,1.0,0.0,0.0,0.0,0.0,0.0
05154,2021-04-01,0.0,1.0,0.0,0.0,0.0,0.0
05154,2021-06-01,1.0,0.0,0.0,0.0,0.0,0.0
05154,2021-09-01,1.0,0.0,1.0,0.0,0.0,0.0
05154,2022-04-01,3.0,0.0,0.0,0.0,0.0,0.0
05154,2022-06-01,3.0,0.0,0.0,0.0,0.0,0.0
05154,2022-07-01,3.0,0.0,0.0,0.0,0.0,0.0
05172,2019-04-01,2.0,0.0,0.0,0.0,0.0,0.0
05172,2019-05-01,1.0,0.0,0.0,0.0,0.0,0.0
05172,2019-11-01,2.0,0.0,0.0,0.0,0.0,0.0
05172,2020-01-01,0.0,0.0,0.0,0.0,0.0,1.0
05172,2020-07-01,1.0,0.0,0.0,0.0,0.0,0.0
05172,2020-08-01,1.0,0.0,0.0,0.0,0.0,0.0
05172,2020-10-01,1.0,0.0,0.0,0.0,0.0,0.0
05172,2021-03-01,0.0,1.0,0.0,0.0,0.0,0.0
05172,2021-05-01,0.0,0.0,1.0,0.0,0.0,0.0
05172,2021-06-01,1.0,0.0,0.0,0.0,0.0,0.0
05172,2021-08-01,0.0,0.0,1.0,0.0,0.0,0.0
05172,2022-04-01,0.0,0.0,0.0,3.0,0.0,0.0
05172,2022-06-01,0.0,0.0,0.0,3.0,0.0,0.0
05172,2022-07-01,0.0,0.0,3.0,0.0,0.0,0.0
05190,2019-10-01,1.0,0.0,0.0,0.0,0.0,0.0
05190,2019-11-01,0.0,1.0,0.0,0.0,0.0,0.0
05190,2021-05-01,2.0,0.0,0.0,0.0,0.0,0.0
05190,2022-08-01,0.0,0.0,0.0,3.0,0.0,0.0
05197,2019-12-01,1.0,0.0,0.0,0.0,0.0,0.0
05197,2020-04-01,0.0,2.0,0.0,1.0,0.0,0.0
05197,2020-09-01,0.0,1.0,0.0,0.0,0.0,0.0
05197,2021-03-01,0.0,1.0,0.0,0.0,0.0,0.0
05197,2021-04-01,0.0,2.0,0.0,0.0,0.0,0.0
05197,2021-05-01,0.0,2.0,0.0,0.0,0.0,0.0
05197,2021-06-01,0.0,1.0,2.0,0.0,0.0,0.0
05197,2021-08-01,0.0,1.0,0.0,0.0,0.0,0.0
05197,2021-09-01,0.0,1.0,0.0,0.0,0.0,0.0
05197,2021-10-01,0.0,0.0,0.0,1.0,0.0,0.0
05197,2021-11-01,1.0,0.0,0.0,0.0,0.0,0.0
05197,2022-02-01,0.0,3.0,0.0,0.0,0.0,0.0
05197,2022-03-01,0.0,3.0,0.0,0.0,3.0,0.0
05197,2022-07-01,0.0,0.0,0.0,3.0,0.0,0.0
05197,2022-09-01,0.0,3.0,0.0,0.0,0.0,0.0
05206,2021-03-01,0.0,1.0,0.0,0.0,0.0,0.0
05209,2019-11-01,0.0,1.0,0.0,0.0,0.0,0.0
05209,2020-02-01,0.0,0.0,1.0,0.0,0.0,0.0
05209,2020-10-01,0.0,1.0,1.0,0.0,0.0,0.0
05209,2020-11-01,0.0,0.0,1.0,0.0,0.0,0.0
05209,2021-05-01,1.0,0.0,0.0,0.0,0.0,0.0
05209,2022-02-01,0.0,3.0,0.0,0.0,0.0,0.0
05209,2022-03-01,0.0,3.0,6.0,0.0,0.0,0.0
05209,2022-05-01,0.0,3.0,0.0,0.0,0.0,0.0
05209,2022-06-01,0.0,3.0,0.0,0.0,0.0,0.0
05209,2022-09-01,0.0,0.0,0.0,0.0,3.0,0.0
05212,2019-04-01,0.0,1.0,0.0,0.0,0.0,0.0
05212,2019-05-01,1.0,0.0,0.0,0.0,0.0,0.0
05212,2020-08-01,0.0,1.0,0.0,0.0,0.0,0.0
05212,2021-03-01,0.0,1.0,0.0,0.0,0.0,0.0
05212,2021-04-01,1.0,0.0,0.0,0.0,0.0,0.0
05212,2021-08-01,1.0,1.0,0.0,0.0,0.0,0.0
05212,2021-10-01,0.0,1.0,0.0,0.0,0.0,0.0
05212,2021-11-01,1.0,1.0,0.0,0.0,0.0,0.0
05212,2022-06-01,0.0,3.0,0.0,0.0,0.0,0.0
05212,2022-07-01,0.0,3.0,0.0,0.0,0.0,0.0
05212,2022-08-01,3.0,0.0,0.0,0.0,0.0,0.0
05212,2022-09-01,0.0,3.0,0.0,0.0,0.0,0.0
05234,2020-07-01,0.0,0.0,0.0,0.0,1.0,0.0
05234,2020-10-01,0.0,1.0,0.0,0.0,0.0,0.0
05234,2020-11-01,0.0,0.0,0.0,1.0,1.0,0.0
05234,2020-12-01,0.0,1.0,0.0,0.0,0.0,0.0
05234,2021-03-01,0.0,0.0,0.0,0.0,1.0,0.0
05234,2021-04-01,0.0,1.0,1.0,1.0,0.0,0.0
05234,2021-05-01,0.0,1.0,0.0,0.0,0.0,0.0
05234,2021-07-01,1.0,1.0,0.0,0.0,0.0,0.0
05234,2021-08-01,0.0,1.0,0.0,0.0,0.0,0.0
05234,2022-04-01,0.0,0.0,0.0,9.0,0.0,0.0
05234,2022-05-01,0.0,0.0,0.0,3.0,0.0,0.0
05234,2022-06-01,0.0,0.0,0.0,3.0,0.0,0.0
05234,2022-07-01,0.0,3.0,0.0,3.0,0.0,0.0
05234,2022-09-01,0.0,3.0,0.0,0.0,0.0,0.0
05237,2019-05-01,0.0,1.0,0.0,0.0,0.0,0.0
05237,2020-04-01,0.0,0.0,0.0,0.0,0.0,1.0
05237,2020-06-01,0.0,0.0,0.0,1.0,0.0,0.0
05237,2021-05-01,0.0,0.0,0.0,1.0,0.0,0.0
05237,2022-03-01,0.0,0.0,3.0,0.0,0.0,0.0
05237,2022-05-01,0.0,3.0,0.0,0.0,0.0,0.0
05237,2022-09-01,3.0,0.0,0.0,0.0,0.0,0.0
05240,2020-10-01,1.0,2.0,0.0,0.0,0.0,0.0
05240,2020-11-01,0.0,2.0,0.0,0.0,0.0,0.0
05240,2021-03-01,0.0,1.0,0.0,0.0,0.0,0.0
05240,2021-04-01,0.0,1.0,0.0,0.0,0.0,0.0
05240,2022-03-01,0.0,3.0,0.0,0.0,0.0,0.0
05240,2022-04-01,0.0,3.0,0.0,0.0,0.0,0.0
05240,2022-05-01,0.0,3.0,0.0,0.0,0.0,0.0
05250,2019-08-01,0.0,0.0,1.0,0.0,0.0,0.0
05250,2020-10-01,1.0,0.0,0.0,0.0,0.0,0.0
05250,2020-11-01,1.0,0.0,0.0,0.0,0.0,0.0
05250,2021-04-01,1.0,0.0,0.0,0.0,0.0,0.0
05250,2021-06-01,2.0,0.0,0.0,0.0,0.0,0.0
05250,2022-03-01,3.0,0.0,0.0,3.0,0.0,0.0
05250,2022-05-01,0.0,0.0,3.0,0.0,0.0,0.0
05250,2022-06-01,3.0,0.0,0.0,0.0,0.0,0.0
05250,2022-07-01,3.0,0.0,0.0,3.0,0.0,0.0
05250,2022-08-01,3.0,0.0,0.0,0.0,0.0,0.0
05250,2022-09-01,3.0,0.0,0.0,0.0,0.0,0.0
05264,2020-06-01,0.0,1.0,0.0,0.0,0.0,0.0
05266,2019-02-01,1.0,0.0,0.0,0.0,0.0,0.0
05266,2019-05-01,0.0,1.0,0.0,0.0,0.0,0.0
05266,2021-05-01,1.0,0.0,1.0,0.0,0.0,0.0
05266,2022-08-01,0.0,3.0,0.0,0.0,0.0,0.0
05282,2019-06-01,0.0,1.0,0.0,0.0,0.0,0.0
05282,2020-07-01,0.0,1.0,0.0,0.0,0.0,0.0
05282,2020-09-01,0.0,0.0,1.0,0.0,0.0,0.0
05282,2020-10-01,0.0,2.0,0.0,0.0,0.0,0.0
05282,2020-11-01,0.0,1.0,0.0,0.0,0.0,0.0
05282,2021-03-01,0.0,1.0,0.0,0.0,0.0,0.0
05282,2021-05-01,1.0,0.0,0.0,0.0,0.0,0.0
05282,2021-08-01,0.0,0.0,0.0,0.0,1.0,0.0
05282,2022-03-01,0.0,3.0,0.0,0.0,0.0,0.0
05282,2022-06-01,0.0,0.0,0.0,0.0,3.0,0.0
05282,2022-08-01,0.0,6.0,0.0,0.0,0.0,0.0
05282,2022-09-01,0.0,3.0,0.0,0.0,0.0,0.0
05284,2020-06-01,0.0,1.0,0.0,0.0,0.0,0.0
05284,2020-07-01,0.0,0.0,2.0,0.0,0.0,0.0
05284,2021-03-01,0.0,0.0,1.0,0.0,0.0,0.0
05284,2021-04-01,0.0,0.0,1.0,0.0,0.0,0.0
05284,2022-04-01,0.0,3.0,0.0,0.0,0.0,0.0
05306,2020-09-01,0.0,1.0,0.0,0.0,0.0,0.0
05306,2021-05-01,0.0,1.0,0.0,0.0,0.0,0.0
05306,2021-09-01,0.0,0.0,0.0,0.0,2.0,0.0
05308,2020-08-01,1.0,0.0,0.0,0.0,0.0,0.0
05308,2022-06-01,0.0,3.0,0.0,0.0,0.0,0.0
05310,2019-05-01,0.0,1.0,0.0,0.0,0.0,0.0
05310,2021-05-01,0.0,0.0,1.0,0.0,0.0,0.0
05310,2021-06-01,0.0,0.0,1.0,0.0,0.0,0.0
05313,2021-06-01,1.0,1.0,0.0,0.0,0.0,0.0
05313,2022-03-01,0.0,3.0,0.0,0.0,0.0,0.0
05315,2022-08-01,3.0,0.0,0.0,0.0,0.0,0.0
05318,2022-06-01,3.0,0.0,0.0,0.0,0.0,0.0
05321,2019-02-01,1.0,0.0,0.0,0.0,0.0,0.0
05321,2019-04-01,0.0,0.0,1.0,0.0,0.0,0.0
05321,2022-04-01,0.0,0.0,3.0,0.0,0.0,0.0
05347,2020-07-01,0.0,0.0,1.0,0.0,0.0,0.0
05347,2020-08-01,1.0,1.0,0.0,0.0,0.0,0.0
05347,2020-11-01,0.0,2.0,0.0,0.0,0.0,0.0
05347,2021-03-01,0.0,1.0,0.0,0.0,0.0,0.0
05347,2021-04-01,0.0,0.0,1.0,0.0,0.0,0.0
05347,2021-12-01,0.0,0.0,0.0,1.0,0.0,0.0
05347,2022-01-01,0.0,0.0,0.0,3.0,0.0,0.0
05347,2022-04-01,0.0,3.0,0.0,0.0,0.0,0.0
05347,2022-06-01,0.0,9.0,0.0,0.0,0.0,0.0
05353,2020-07-01,0.0,0.0,1.0,0.0,0.0,0.0
05353,2020-08-01,0.0,1.0,0.0,0.0,0.0,0.0
05353,2020-10-01,0.0,1.0,0.0,0.0,0.0,0.0
05353,2021-09-01,0.0,1.0,0.0,0.0,0.0,0.0
05353,2021-10-01,1.0,0.0,0.0,0.0,0.0,0.0
05360,2020-12-01,0.0,2.0,0.0,0.0,0.0,0.0
05360,2022-03-01,0.0,3.0,0.0,0.0,0.0,0.0
05360,2022-05-01,3.0,0.0,0.0,6.0,0.0,0.0
05360,2022-06-01,3.0,0.0,0.0,0.0,0.0,0.0
05360,2022-09-01,0.0,3.0,0.0,0.0,0.0,0.0
05361,2019-04-01,0.0,0.0,1.0,0.0,0.0,0.0
05361,2021-07-01,0.0,0.0,3.0,0.0,0.0,0.0
05361,2021-10-01,0.0,1.0,0.0,0.0,0.0,0.0
05361,2022-07-01,0.0,3.0,0.0,0.0,0.0,0.0
05364,2020-04-01,0.0,0.0,0.0,0.0,1.0,0.0
05364,2021-02-01,0.0,0.0,1.0,0.0,0.0,0.0
05368,2019-11-01,0.0,1.0,0.0,0.0,0.0,0.0
05368,2020-05-01,1.0,0.0,0.0,0.0,0.0,0.0
05368,2020-06-01,0.0,0.0,0.0,0.0,1.0,0.0
05368,2021-03-01,0.0,1.0,0.0,0.0,0.0,0.0
05368,2021-04-01,0.0,1.0,0.0,0.0,0.0,0.0
05368,2021-05-01,0.0,2.0,0.0,0.0,0.0,0.0
05368,2021-12-01,0.0,1.0,0.0,0.0,0.0,0.0
05368,2022-04-01,0.0,6.0,0.0,0.0,0.0,0.0
05376,2020-08-01,0.0,1.0,0.0,0.0,0.0,0.0
05376,2021-03-01,0.0,0.0,0.0,1.0,0.0,0.0
05376,2021-08-01,0.0,0.0,1.0,0.0,0.0,0.0
05376,2021-11-01,0.0,1.0,0.0,0.0,0.0,0.0
05376,2022-01-01,0.0,3.0,0.0,0.0,0.0,0.0
05376,2022-03-01,0.0,3.0,3.0,0.0,0.0,0.0
05376,2022-04-01,0.0,0.0,3.0,0.0,0.0,0.0
05376,2022-06-01,0.0,3.0,0.0,0.0,0.0,0.0
05380,2020-10-01,2.0,0.0,0.0,0.0,0.0,0.0
05380,2020-11-01,0.0,1.0,0.0,0.0,0.0,0.0
05380,2022-03-01,0.0,3.0,0.0,0.0,0.0,0.0
05380,2022-06-01,3.0,0.0,0.0,0.0,0.0,0.0
05380,2022-09-01,0.0,6.0,0.0,0.0,0.0,0.0
05390,2019-04-01,1.0,0.0,0.0,0.0,0.0,0.0
05390,2020-05-01,0.0,0.0,1.0,0.0,0.0,0.0
05390,2020-11-01,1.0,0.0,0.0,0.0,0.0,0.0
05390,2021-04-01,0.0,0.0,1.0,0.0,0.0,0.0
05390,2021-05-01,2.0,0.0,0.0,0.0,0.0,0.0
05390,2022-04-01,3.0,0.0,0.0,0.0,0.0,0.0
05390,2022-08-01,0.0,0.0,0.0,0.0,3.0,0.0
05400,2020-06-01,0.0,0.0,1.0,0.0,0.0,0.0
05400,2021-07-01,0.0,1.0,0.0,0.0,0.0,0.0
05400,2022-02-01,0.0,0.0,3.0,0.0,0.0,0.0
05400,2022-03-01,0.0,0.0,3.0,0.0,0.0,0.0
05400,2022-05-01,3.0,0.0,6.0,0.0,0.0,0.0
05400,2022-06-01,3.0,0.0,0.0,0.0,0.0,0.0
05411,2019-05-01,1.0,0.0,0.0,0.0,1.0,0.0
05411,2020-06-01,0.0,1.0,0.0,0.0,0.0,0.0
05411,2020-11-01,0.0,1.0,0.0,0.0,0.0,0.0
05411,2021-06-01,1.0,1.0,0.0,0.0,0.0,0.0
05411,2021-07-01,0.0,1.0,0.0,0.0,0.0,0.0
05411,2022-01-01,0.0,3.0,0.0,0.0,0.0,0.0
05411,2022-07-01,0.0,3.0,0.0,0.0,0.0,0.0
05411,2022-08-01,0.0,3.0,0.0,0.0,0.0,0.0
05425,2021-06-01,1.0,0.0,0.0,0.0,0.0,0.0
05425,2021-11-01,0.0,1.0,0.0,0.0,0.0,0.0
05425,2022-06-01,0.0,0.0,0.0,3.0,0.0,0.0
05425,2022-08-01,0.0,3.0,0.0,0.0,0.0,0.0
05440,2019-02-01,1.0,0.0,0.0,0.0,0.0,0.0
05440,2020-06-01,1.0,1.0,0.0,0.0,0.0,0.0
05440,2020-08-01,2.0,0.0,1.0,1.0,0.0,0.0
05440,2021-03-01,0.0,0.0,2.0,0.0,0.0,0.0
05440,2021-05-01,3.0,2.0,0.0,0.0,0.0,0.0
05440,2022-03-01,0.0,3.0,0.0,0.0,0.0,0.0
05467,2020-10-01,0.0,1.0,0.0,0.0,0.0,0.0
05467,2021-05-01,0.0,1.0,0.0,0.0,0.0,0.0
05467,2021-07-01,0.0,0.0,0.0,2.0,0.0,0.0
05467,2021-10-01,0.0,0.0,1.0,0.0,0.0,0.0
05467,2022-02-01,0.0,0.0,3.0,0.0,0.0,0.0
05467,2022-03-01,0.0,3.0,0.0,0.0,0.0,0.0
05467,2022-04-01,0.0,0.0,3.0,0.0,0.0,0.0
05467,2022-06-01,0.0,3.0,0.0,0.0,0.0,0.0
05475,2020-12-01,1.0,0.0,1.0,0.0,0.0,0.0
05475,2021-04-01,0.0,0.0,1.0,0.0,0.0,0.0
05475,2021-12-01,1.0,0.0,0.0,0.0,0.0,0.0
05475,2022-03-01,3.0,0.0,0.0,0.0,0.0,0.0
05475,2022-07-01,3.0,0.0,0.0,0.0,0.0,0.0
05480,2019-06-01,0.0,0.0,0.0,0.0,1.0,0.0
05480,2020-04-01,1.0,0.0,0.0,0.0,0.0,0.0
05480,2020-11-01,0.0,0.0,0.0,2.0,0.0,0.0
05480,2021-05-01,0.0,1.0,1.0,0.0,0.0,0.0
05480,2021-09-01,0.0,0.0,1.0,0.0,0.0,0.0
05480,2021-11-01,0.0,1.0,0.0,0.0,0.0,0.0
05480,2021-12-01,1.0,0.0,0.0,0.0,0.0,0.0
05480,2022-03-01,3.0,0.0,0.0,0.0,0.0,0.0
05480,2022-08-01,0.0,3.0,0.0,0.0,0.0,0.0
05480,2022-09-01,0.0,3.0,3.0,0.0,0.0,0.0
05483,2021-03-01,0.0,1.0,0.0,0.0,0.0,0.0
05483,2021-04-01,0.0,0.0,0.0,0.0,1.0,0.0
05483,2021-10-01,0.0,1.0,0.0,0.0,0.0,0.0
05483,2022-02-01,0.0,6.0,0.0,0.0,0.0,0.0
05483,2022-07-01,0.0,0.0,3.0,0.0,0.0,0.0
05483,2022-08-01,3.0,0.0,0.0,0.0,3.0,0.0
05490,2020-06-01,0.0,0.0,1.0,0.0,0.0,0.0
05490,2021-05-01,0.0,1.0,0.0,0.0,0.0,0.0
05490,2022-04-01,3.0,0.0,0.0,0.0,0.0,0.0
05490,2022-06-01,3.0,0.0,0.0,0.0,0.0,0.0
05495,2019-02-01,0.0,0.0,0.0,0.0,1.0,0.0
05495,2021-05-01,1.0,0.0,0.0,0.0,0.0,0.0
05495,2021-06-01,1.0,0.0,0.0,0.0,0.0,0.0
05495,2021-08-01,2.0,0.0,0.0,0.0,0.0,0.0
05495,2021-09-01,0.0,0.0,1.0,0.0,0.0,0.0
05495,2022-03-01,3.0,0.0,0.0,0.0,0.0,0.0
05495,2022-04-01,3.0,0.0,0.0,0.0,0.0,0.0
05495,2022-06-01,6.0,0.0,0.0,0.0,0.0,0.0
05495,2022-07-01,0.0,3.0,0.0,3.0,0.0,0.0
05495,2022-08-01,0.0,3.0,0.0,0.0,0.0,0.0
05495,2022-09-01,0.0,0.0,6.0,0.0,0.0,0.0
05501,2020-04-01,0.0,0.0,1.0,0.0,0.0,0.0
05501,2021-06-01,0.0,0.0,0.0,1.0,0.0,0.0
05501,2021-08-01,0.0,1.0,0.0,0.0,1.0,0.0
05501,2022-06-01,0.0,0.0,0.0,0.0,3.0,0.0
05501,2022-07-01,0.0,3.0,0.0,0.0,0.0,0.0
05541,2020-06-01,0.0,1.0,0.0,0.0,0.0,0.0
05541,2020-08-01,0.0,1.0,0.0,0.0,0.0,0.0
05541,2021-03-01,0.0,0.0,1.0,0.0,0.0,0.0
05541,2021-05-01,0.0,1.0,0.0,0.0,0.0,0.0
05541,2021-08-01,0.0,1.0,0.0,0.0,0.0,0.0
05541,2022-06-01,0.0,6.0,0.0,0.0,0.0,0.0
05541,2022-08-01,0.0,3.0,0.0,0.0,0.0,0.0
05543,2021-04-01,0.0,1.0,0.0,0.0,0.0,0.0
05543,2022-08-01,0.0,0.0,0.0,0.0,3.0,0.0
05576,2020-06-01,0.0,1.0,0.0,0.0,0.0,0.0
05576,2020-07-01,0.0,1.0,0.0,0.0,0.0,0.0
05576,2020-08-01,0.0,0.0,0.0,0.0,1.0,0.0
05576,2020-11-01,0.0,0.0,1.0,0.0,0.0,0.0
05579,2019-02-01,0.0,1.0,0.0,0.0,0.0,0.0
05579,2020-06-01,0.0,1.0,0.0,0.0,0.0,0.0
05579,2020-07-01,0.0,1.0,0.0,1.0,0.0,0.0
05579,2020-10-01,0.0,1.0,0.0,0.0,0.0,0.0
05579,2021-03-01,1.0,0.0,0.0,0.0,0.0,0.0
05579,2021-04-01,1.0,0.0,0.0,0.0,0.0,0.0
05579,2021-08-01,1.0,0.0,1.0,0.0,0.0,0.0
05579,2021-11-01,0.0,1.0,0.0,0.0,0.0,0.0
05579,2022-02-01,0.0,0.0,3.0,0.0,0.0,0.0
05579,2022-04-01,6.0,0.0,0.0,0.0,0.0,0.0
05579,2022-05-01,0.0,3.0,0.0,3.0,0.0,0.0
05579,2022-09-01,0.0,3.0,0.0,0.0,0.0,0.0
05585,2019-03-01,1.0,0.0,0.0,0.0,0.0,0.0
05585,2020-12-01,1.0,0.0,0.0,0.0,0.0,0.0
05585,2021-03-01,1.0,0.0,0.0,0.0,0.0,0.0
05585,2021-05-01,1.0,0.0,0.0,1.0,0.0,0.0
05585,2022-04-01,3.0,0.0,0.0,0.0,0.0,0.0
05585,2022-09-01,0.0,0.0,3.0,0.0,0.0,0.0
05591,2020-06-01,0.0,0.0,1.0,0.0,0.0,0.0
05591,2020-08-01,2.0,0.0,0.0,0.0,0.0,0.0
05591,2021-03-01,0.0,0.0,1.0,0.0,0.0,0.0
05591,2021-10-01,1.0,0.0,0.0,0.0,0.0,0.0
05604,2019-03-01,0.0,1.0,0.0,0.0,0.0,0.0
05604,2019-09-01,0.0,1.0,0.0,0.0,0.0,0.0
05604,2020-05-01,0.0,0.0,1.0,0.0,0.0,0.0
05604,2020-06-01,0.0,0.0,1.0,0.0,0.0,0.0
05604,2020-08-01,0.0,0.0,0.0,1.0,0.0,0.0
05604,2020-09-01,1.0,0.0,0.0,0.0,0.0,0.0
05604,2020-10-01,0.0,2.0,1.0,0.0,0.0,0.0
05604,2021-04-01,0.0,0.0,1.0,0.0,0.0,0.0
05604,2022-05-01,0.0,0.0,0.0,3.0,0.0,0.0
05604,2022-07-01,0.0,3.0,0.0,0.0,0.0,0.0
05607,2020-06-01,0.0,0.0,1.0,0.0,0.0,0.0
05607,2020-10-01,0.0,1.0,0.0,0.0,0.0,0.0
05607,2021-03-01,0.0,1.0,1.0,0.0,0.0,0.0
05607,2021-04-01,0.0,2.0,0.0,0.0,0.0,0.0
05607,2021-08-01,0.0,0.0,1.0,0.0,0.0,0.0
05607,2021-10-01,0.0,0.0,0.0,1.0,0.0,0.0
05607,2021-11-01,0.0,0.0,1.0,0.0,0.0,0.0
05607,2022-06-01,0.0,3.0,3.0,0.0,0.0,0.0
05615,2019-10-01,0.0,0.0,1.0,0.0,0.0,0.0
05615,2020-06-01,0.0,0.0,1.0,0.0,0.0,0.0
05615,2020-08-01,1.0,0.0,1.0,0.0,0.0,0.0
05615,2021-03-01,0.0,1.0,0.0,0.0,0.0,0.0
05615,2021-05-01,1.0,0.0,0.0,0.0,0.0,0.0
05615,2021-06-01,1.0,0.0,0.0,0.0,0.0,0.0
05615,2022-04-01,3.0,0.0,0.0,0.0,0.0,0.0
05615,2022-08-01,0.0,3.0,0.0,0.0,0.0,0.0
05615,2022-09-01,3.0,0.0,0.0,0.0,0.0,0.0
05628,2020-08-01,0.0,1.0,0.0,0.0,0.0,0.0
05628,2020-10-01,0.0,1.0,0.0,0.0,0.0,0.0
05628,2021-08-01,0.0,1.0,0.0,0.0,0.0,0.0
05628,2021-09-01,0.0,1.0,0.0,0.0,0.0,0.0
05631,2021-04-01,1.0,0.0,0.0,0.0,0.0,0.0
05642,2019-11-01,0.0,1.0,0.0,0.0,0.0,0.0
05642,2020-05-01,0.0,0.0,1.0,0.0,0.0,0.0
05642,2020-06-01,0.0,1.0,0.0,0.0,0.0,0.0
05642,2020-07-01,0.0,0.0,1.0,0.0,0.0,0.0
05642,2021-03-01,0.0,2.0,0.0,0.0,1.0,0.0
05642,2021-04-01,1.0,2.0,0.0,0.0,1.0,0.0
05642,2021-05-01,1.0,0.0,0.0,0.0,0.0,0.0
05642,2022-06-01,0.0,3.0,0.0,0.0,0.0,0.0
05647,2020-06-01,0.0,0.0,1.0,0.0,0.0,0.0
05647,2021-05-01,0.0,1.0,0.0,0.0,0.0,0.0
05647,2021-06-01,0.0,0.0,1.0,0.0,0.0,0.0
05647,2021-09-01,0.0,0.0,0.0,0.0,1.0,0.0
05647,2022-04-01,0.0,6.0,0.0,0.0,0.0,0.0
05649,2020-11-01,0.0,1.0,0.0,0.0,0.0,0.0
05649,2021-05-01,0.0,0.0,0.0,0.0,1.0,0.0
05649,2021-06-01,1.0,0.0,0.0,0.0,0.0,0.0
05649,2021-10-01,1.0,1.0,0.0,0.0,0.0,0.0
05649,2022-03-01,3.0,0.0,0.0,0.0,0.0,0.0
05649,2022-04-01,0.0,3.0,0.0,0.0,0.0,0.0
05649,2022-08-01,0.0,3.0,0.0,0.0,0.0,0.0
05649,2022-09-01,0.0,0.0,3.0,0.0,0.0,0.0
05652,2020-06-01,0.0,1.0,0.0,0.0,0.0,0.0
05652,2020-10-01,0.0,1.0,0.0,0.0,0.0,0.0
05652,2020-11-01,0.0,2.0,1.0,0.0,0.0,0.0
05652,2020-12-01,0.0,1.0,0.0,0.0,0.0,0.0
05652,2021-02-01,0.0,0.0,1.0,0.0,0.0,0.0
05652,2021-04-01,0.0,2.0,1.0,0.0,0.0,0.0
05652,2021-05-01,1.0,1.0,0.0,0.0,0.0,0.0
05652,2021-10-01,0.0,1.0,0.0,0.0,0.0,0.0
05652,2021-12-01,0.0,1.0,0.0,0.0,0.0,0.0
05652,2022-01-01,3.0,3.0,0.0,0.0,0.0,0.0
05652,2022-03-01,0.0,9.0,0.0,0.0,0.0,0.0
05652,2022-04-01,0.0,9.0,0.0,0.0,0.0,0.0
05652,2022-05-01,3.0,0.0,0.0,0.0,0.0,0.0
05652,2022-07-01,0.0,3.0,0.0,0.0,0.0,0.0
05656,2019-05-01,0.0,1.0,0.0,0.0,0.0,0.0
05656,2019-08-01,0.0,1.0,0.0,0.0,0.0,0.0
05656,2019-09-01,0.0,0.0,1.0,0.0,0.0,0.0
05656,2020-11-01,0.0,1.0,0.0,0.0,0.0,0.0
05656,2021-06-01,1.0,0.0,0.0,0.0,0.0,0.0
05656,2022-05-01,0.0,0.0,0.0,0.0,3.0,0.0
05656,2022-06-01,0.0,3.0,0.0,0.0,0.0,0.0
05658,2019-05-01,0.0,1.0,0.0,0.0,0.0,0.0
05659,2020-02-01,0.0,0.0,0.0,0.0,0.0,1.0
05659,2020-03-01,0.0,0.0,0.0,0.0,0.0,1.0
05659,2021-06-01,0.0,0.0,1.0,0.0,0.0,0.0
05660,2019-04-01,1.0,0.0,0.0,0.0,0.0,0.0
05660,2019-11-01,0.0,1.0,0.0,0.0,0.0,0.0
05660,2020-07-01,0.0,0.0,1.0,0.0,0.0,0.0
05660,2020-10-01,0.0,0.0,1.0,0.0,0.0,0.0
05660,2020-11-01,0.0,3.0,0.0,0.0,0.0,0.0
05660,2020-12-01,1.0,3.0,0.0,0.0,0.0,0.0
05660,2021-04-01,3.0,0.0,0.0,0.0,0.0,0.0
05660,2021-05-01,0.0,1.0,1.0,1.0,0.0,0.0
05660,2021-06-01,0.0,0.0,1.0,0.0,0.0,0.0
05660,2021-10-01,0.0,2.0,0.0,0.0,0.0,0.0
05660,2021-11-01,0.0,1.0,0.0,0.0,0.0,0.0
05660,2022-03-01,0.0,0.0,0.0,3.0,0.0,0.0
05660,2022-05-01,3.0,0.0,0.0,0.0,0.0,0.0
05660,2022-08-01,0.0,6.0,0.0,0.0,0.0,0.0
05664,2020-07-01,0.0,1.0,0.0,0.0,0.0,0.0
05665,2021-05-01,1.0,0.0,0.0,0.0,0.0,0.0
05665,2021-06-01,1.0,0.0,0.0,0.0,0.0,0.0
05665,2022-04-01,0.0,3.0,0.0,0.0,0.0,0.0
05665,2022-08-01,0.0,0.0,0.0,0.0,3.0,0.0
05665,2022-09-01,6.0,0.0,0.0,0.0,0.0,0.0
05667,2019-11-01,1.0,0.0,0.0,0.0,0.0,0.0
05667,2020-04-01,0.0,1.0,1.0,0.0,0.0,0.0
05667,2020-08-01,0.0,1.0,0.0,0.0,0.0,0.0
05667,2020-11-01,0.0,1.0,0.0,0.0,0.0,0.0
05667,2021-03-01,0.0,0.0,1.0,0.0,0.0,0.0
05667,2021-05-01,1.0,0.0,0.0,0.0,0.0,0.0
05667,2021-06-01,0.0,1.0,1.0,0.0,0.0,0.0
05667,2022-03-01,0.0,0.0,3.0,0.0,0.0,0.0
05667,2022-09-01,0.0,0.0,3.0,0.0,0.0,0.0
05670,2019-05-01,0.0,1.0,0.0,0.0,0.0,0.0
05670,2020-06-01,0.0,0.0,1.0,0.0,0.0,0.0
05670,2020-09-01,1.0,0.0,0.0,0.0,0.0,0.0
05670,2020-10-01,0.0,0.0,1.0,0.0,0.0,0.0
05670,2020-11-01,0.0,1.0,0.0,0.0,0.0,0.0
05670,2021-03-01,1.0,1.0,1.0,0.0,0.0,0.0
05670,2021-04-01,0.0,0.0,1.0,0.0,0.0,0.0
05670,2021-05-01,1.0,1.0,0.0,0.0,0.0,0.0
05670,2022-08-01,3.0,0.0,0.0,3.0,0.0,0.0
05674,2019-04-01,0.0,0.0,1.0,0.0,0.0,0.0
05674,2019-10-01,0.0,0.0,1.0,0.0,0.0,0.0
05674,2021-03-01,1.0,0.0,1.0,0.0,0.0,0.0
05674,2021-06-01,0.0,1.0,1.0,0.0,0.0,0.0
05674,2022-06-01,0.0,3.0,0.0,0.0,0.0,0.0
05674,2022-08-01,3.0,0.0,0.0,0.0,0.0,0.0
05674,2022-09-01,6.0,0.0,0.0,0.0,0.0,0.0
05679,2020-03-01,0.0,0.0,1.0,0.0,0.0,0.0
05679,2020-10-01,0.0,2.0,0.0,0.0,0.0,0.0
05679,2021-11-01,0.0,2.0,0.0,0.0,0.0,0.0
05679,2021-12-01,0.0,3.0,0.0,0.0,0.0,0.0
05679,2022-02-01,0.0,0.0,3.0,0.0,0.0,0.0
05679,2022-03-01,0.0,6.0,0.0,0.0,0.0,0.0
05679,2022-04-01,0.0,6.0,0.0,0.0,0.0,0.0
05679,2022-06-01,0.0,3.0,0.0,0.0,0.0,0.0
05679,2022-09-01,0.0,0.0,3.0,0.0,0.0,0.0
05686,2019-04-01,1.0,0.0,0.0,0.0,0.0,0.0
05686,2019-10-01,0.0,0.0,1.0,0.0,0.0,0.0
05686,2020-02-01,0.0,0.0,0.0,0.0,0.0,1.0
05686,2020-08-01,0.0,1.0,0.0,0.0,0.0,0.0
05686,2021-04-01,0.0,0.0,1.0,0.0,0.0,0.0
05686,2021-05-01,0.0,2.0,0.0,0.0,0.0,0.0
05686,2021-06-01,0.0,0.0,1.0,0.0,0.0,0.0
05686,2021-10-01,0.0,0.0,1.0,0.0,0.0,0.0
05690,2019-05-01,0.0,0.0,0.0,0.0,1.0,0.0
05690,2020-06-01,0.0,0.0,1.0,0.0,0.0,0.0
05690,2021-05-01,0.0,1.0,0.0,0.0,0.0,0.0
05690,2021-06-01,0.0,0.0,0.0,0.0,1.0,0.0
05697,2019-05-01,0.0,1.0,0.0,0.0,0.0,0.0
05697,2020-06-01,2.0,1.0,0.0,0.0,0.0,0.0
05697,2020-09-01,0.0,2.0,0.0,0.0,0.0,0.0
05697,2021-03-01,1.0,0.0,0.0,0.0,0.0,0.0
05697,2021-05-01,1.0,0.0,0.0,0.0,0.0,0.0
05697,2021-12-01,0.0,1.0,0.0,0.0,0.0,0.0
05697,2022-03-01,0.0,3.0,0.0,0.0,0.0,0.0
05697,2022-07-01,0.0,3.0,0.0,0.0,0.0,0.0
05697,2022-08-01,3.0,0.0,0.0,0.0,0.0,0.0
05736,2020-05-01,0.0,0.0,1.0,0.0,0.0,0.0
05736,2020-10-01,0.0,1.0,0.0,0.0,0.0,0.0
05736,2021-06-01,1.0,0.0,0.0,0.0,0.0,0.0
05736,2021-10-01,0.0,1.0,2.0,0.0,0.0,0.0
05736,2022-07-01,0.0,3.0,0.0,0.0,0.0,0.0
05756,2020-04-01,0.0,1.0,0.0,0.0,0.0,0.0
05756,2021-09-01,0.0,0.0,1.0,0.0,0.0,0.0
05756,2022-05-01,0.0,3.0,0.0,0.0,0.0,0.0
05761,2020-11-01,1.0,0.0,0.0,0.0,0.0,0.0
05761,2021-04-01,0.0,1.0,0.0,0.0,0.0,0.0
05761,2021-11-01,0.0,0.0,0.0,0.0,1.0,0.0
05761,2022-04-01,0.0,3.0,0.0,0.0,0.0,0.0
05761,2022-06-01,0.0,6.0,0.0,0.0,0.0,0.0
05761,2022-08-01,0.0,3.0,0.0,0.0,0.0,0.0
05761,2022-09-01,3.0,0.0,3.0,0.0,0.0,0.0
05789,2019-06-01,0.0,0.0,1.0,0.0,0.0,0.0
05789,2021-04-01,1.0,0.0,0.0,0.0,0.0,0.0
05789,2021-08-01,0.0,1.0,0.0,0.0,0.0,0.0
05789,2022-04-01,0.0,3.0,0.0,0.0,0.0,0.0
05789,2022-05-01,0.0,3.0,0.0,0.0,0.0,0.0
05789,2022-06-01,0.0,3.0,0.0,0.0,0.0,0.0
05789,2022-07-01,0.0,3.0,3.0,3.0,0.0,0.0
05789,2022-09-01,0.0,3.0,0.0,0.0,0.0,0.0
05790,2019-07-01,0.0,0.0,1.0,0.0,0.0,0.0
05790,2020-08-01,0.0,1.0,0.0,0.0,0.0,0.0
05790,2020-10-01,1.0,0.0,0.0,0.0,0.0,0.0
05790,2021-08-01,1.0,0.0,0.0,0.0,0.0,0.0
05790,2022-04-01,0.0,3.0,0.0,0.0,3.0,0.0
05792,2020-06-01,0.0,0.0,1.0,0.0,0.0,0.0
05792,2020-08-01,0.0,0.0,1.0,0.0,0.0,0.0
05792,2020-09-01,0.0,0.0,1.0,0.0,0.0,0.0
05792,2021-05-01,0.0,1.0,0.0,0.0,0.0,0.0
05792,2021-10-01,0.0,1.0,0.0,0.0,0.0,0.0
05809,2019-05-01,0.0,1.0,0.0,0.0,0.0,0.0
05809,2020-08-01,0.0,1.0,0.0,0.0,0.0,0.0
05809,2020-09-01,0.0,2.0,0.0,0.0,0.0,0.0
05809,2021-10-01,0.0,1.0,0.0,0.0,0.0,0.0
05809,2021-11-01,0.0,1.0,0.0,0.0,0.0,0.0
05809,2022-03-01,0.0,3.0,0.0,0.0,0.0,0.0
05809,2022-05-01,0.0,3.0,0.0,0.0,0.0,0.0
05809,2022-06-01,0.0,3.0,0.0,0.0,3.0,0.0
05809,2022-08-01,0.0,3.0,0.0,0.0,0.0,0.0
05819,2020-09-01,0.0,1.0,0.0,0.0,1.0,0.0
05819,2020-10-01,0.0,1.0,0.0,0.0,0.0,0.0
05819,2020-11-01,0.0,1.0,0.0,0.0,0.0,0.0
05819,2021-08-01,0.0,1.0,0.0,0.0,0.0,0.0
05819,2022-06-01,0.0,3.0,0.0,0.0,0.0,0.0
05819,2022-07-01,0.0,3.0,3.0,0.0,0.0,0.0
05819,2022-09-01,0.0,6.0,0.0,0.0,0.0,0.0
05837,2019-09-01,1.0,0.0,0.0,0.0,0.0,0.0
05837,2020-07-01,1.0,0.0,0.0,0.0,0.0,0.0
05837,2020-08-01,1.0,0.0,0.0,0.0,0.0,0.0
05837,2020-10-01,1.0,0.0,1.0,0.0,0.0,0.0
05837,2021-04-01,1.0,0.0,0.0,0.0,0.0,0.0
05837,2021-05-01,1.0,0.0,0.0,0.0,0.0,0.0
05837,2021-08-01,1.0,0.0,0.0,0.0,0.0,0.0
05837,2021-10-01,1.0,0.0,0.0,0.0,0.0,0.0
05837,2021-11-01,1.0,0.0,0.0,0.0,0.0,0.0
05837,2022-02-01,3.0,0.0,0.0,0.0,0.0,0.0
05837,2022-03-01,3.0,0.0,0.0,0.0,0.0,0.0
05837,2022-06-01,3.0,0.0,0.0,0.0,0.0,0.0
05837,2022-09-01,3.0,0.0,0.0,0.0,0.0,0.0
05842,2019-06-01,0.0,0.0,0.0,0.0,1.0,0.0
05842,2020-02-01,0.0,2.0,0.0,0.0,0.0,0.0
05842,2020-03-01,0.0,1.0,0.0,0.0,0.0,0.0
05842,2020-09-01,0.0,0.0,1.0,0.0,0.0,0.0
05842,2020-10-01,0.0,1.0,0.0,1.0,1.0,0.0
05842,2021-01-01,0.0,1.0,0.0,0.0,0.0,0.0
05842,2021-04-01,0.0,1.0,1.0,1.0,0.0,0.0
05842,2021-05-01,1.0,0.0,0.0,0.0,0.0,0.0
05842,2021-08-01,0.0,0.0,1.0,0.0,0.0,0.0
05842,2021-09-01,0.0,0.0,0.0,0.0,1.0,0.0
05842,2022-03-01,0.0,3.0,0.0,0.0,0.0,0.0
05842,2022-04-01,0.0,0.0,0.0,3.0,3.0,0.0
05842,2022-06-01,0.0,0.0,0.0,0.0,0.0,3.0
05842,2022-07-01,0.0,0.0,0.0,0.0,3.0,0.0
05842,2022-08-01,0.0,0.0,0.0,3.0,0.0,0.0
05847,2019-04-01,0.0,0.0,0.0,0.0,1.0,0.0
05847,2019-05-01,1.0,0.0,1.0,0.0,0.0,0.0
05847,2019-11-01,0.0,0.0,0.0,1.0,0.0,0.0
05847,2020-01-01,0.0,0.0,1.0,0.0,0.0,0.0
05847,2020-04-01,1.0,0.0,0.0,0.0,0.0,0.0
05847,2020-07-01,0.0,0.0,1.0,0.0,0.0,0.0
05847,2020-10-01,0.0,1.0,0.0,0.0,1.0,0.0
05847,2020-11-01,1.0,0.0,0.0,0.0,0.0,0.0
05847,2021-03-01,1.0,1.0,1.0,0.0,0.0,0.0
05847,2021-05-01,0.0,1.0,0.0,1.0,0.0,0.0
05847,2022-04-01,0.0,0.0,0.0,3.0,0.0,0.0
05847,2022-08-01,0.0,0.0,0.0,0.0,3.0,0.0
05854,2019-05-01,1.0,0.0,0.0,0.0,0.0,0.0
05854,2020-07-01,0.0,1.0,0.0,0.0,0.0,0.0
05854,2020-11-01,0.0,2.0,0.0,0.0,0.0,0.0
05854,2021-08-01,0.0,1.0,0.0,0.0,0.0,0.0
05854,2021-09-01,0.0,0.0,1.0,0.0,0.0,0.0
05854,2022-03-01,0.0,3.0,0.0,0.0,0.0,0.0
05854,2022-04-01,0.0,3.0,0.0,0.0,0.0,0.0
05854,2022-06-01,0.0,9.0,0.0,0.0,0.0,0.0
05854,2022-08-01,0.0,3.0,0.0,0.0,3.0,0.0
05854,2022-09-01,0.0,6.0,3.0,0.0,0.0,0.0
05856,2021-03-01,0.0,0.0,1.0,0.0,0.0,0.0
05856,2022-08-01,0.0,3.0,0.0,0.0,0.0,0.0
05858,2020-04-01,0.0,0.0,1.0,0.0,0.0,0.0
05858,2020-06-01,0.0,0.0,0.0,1.0,0.0,0.0
05858,2020-07-01,0.0,1.0,0.0,0.0,0.0,0.0
05858,2020-08-01,0.0,0.0,1.0,0.0,0.0,0.0
05858,2020-09-01,0.0,1.0,0.0,0.0,0.0,0.0
05858,2020-10-01,0.0,0.0,1.0,1.0,0.0,0.0
05858,2020-11-01,0.0,0.0,0.0,0.0,1.0,0.0
05858,2021-03-01,0.0,0.0,1.0,0.0,0.0,0.0
05858,2021-05-01,0.0,1.0,0.0,0.0,0.0,0.0
05858,2021-09-01,0.0,0.0,1.0,0.0,0.0,0.0
05858,2022-07-01,3.0,0.0,0.0,0.0,0.0,0.0
05858,2022-08-01,0.0,3.0,0.0,0.0,0.0,0.0
05858,2022-09-01,0.0,3.0,0.0,0.0,0.0,0.0
05861,2020-09-01,0.0,1.0,0.0,0.0,0.0,0.0
05861,2021-03-01,1.0,0.0,0.0,0.0,0.0,0.0
05861,2021-05-01,1.0,0.0,0.0,0.0,0.0,0.0
05861,2021-06-01,0.0,1.0,0.0,0.0,0.0,0.0
05861,2021-11-01,1.0,0.0,0.0,0.0,0.0,0.0
05861,2022-04-01,3.0,0.0,0.0,0.0,0.0,0.0
05873,2019-11-01,1.0,0.0,0.0,0.0,0.0,0.0
05873,2020-07-01,1.0,0.0,0.0,0.0,0.0,0.0
05873,2020-08-01,1.0,0.0,0.0,0.0,0.0,0.0
05873,2021-03-01,0.0,0.0,1.0,1.0,0.0,0.0
05873,2021-05-01,1.0,0.0,0.0,0.0,0.0,0.0
05873,2022-01-01,3.0,0.0,0.0,0.0,0.0,0.0
05873,2022-03-01,3.0,0.0,0.0,0.0,0.0,0.0
05885,2019-05-01,1.0,0.0,0.0,0.0,0.0,0.0
05885,2020-07-01,0.0,2.0,0.0,1.0,1.0,0.0
05885,2020-10-01,0.0,0.0,0.0,1.0,0.0,0.0
05885,2021-08-01,0.0,1.0,0.0,0.0,0.0,0.0
05885,2021-10-01,0.0,2.0,0.0,0.0,0.0,0.0
05887,2019-05-01,0.0,1.0,0.0,0.0,0.0,0.0
05887,2020-09-01,0.0,1.0,0.0,0.0,0.0,0.0
05887,2020-10-01,0.0,1.0,0.0,0.0,0.0,0.0
05890,2021-06-01,1.0,0.0,0.0,0.0,0.0,0.0
05893,2020-11-01,1.0,0.0,0.0,0.0,0.0,0.0
05893,2022-04-01,3.0,0.0,0.0,0.0,0.0,0.0
05893,2022-07-01,0.0,0.0,0.0,3.0,0.0,0.0
05893,2022-09-01,3.0,0.0,0.0,0.0,0.0,0.0
05895,2019-04-01,1.0,0.0,0.0,0.0,0.0,0.0
05895,2019-06-01,1.0,0.0,0.0,0.0,0.0,0.0
05895,2020-06-01,1.0,0.0,0.0,0.0,0.0,0.0
05895,2020-10-01,1.0,0.0,0.0,0.0,0.0,0.0
05895,2020-12-01,2.0,0.0,0.0,0.0,1.0,0.0
05895,2021-06-01,0.0,0.0,0.0,1.0,0.0,0.0
05895,2021-07-01,1.0,0.0,0.0,0.0,0.0,0.0
05895,2021-08-01,1.0,0.0,0.0,0.0,0.0,0.0
05895,2022-02-01,3.0,0.0,0.0,0.0,0.0,0.0
05895,2022-06-01,0.0,0.0,0.0,3.0,0.0,0.0
08001,2019-05-01,2.0,0.0,0.0,0.0,0.0,0.0
08001,2019-10-01,0.0,0.0,1.0,0.0,0.0,0.0
08001,2020-05-01,1.0,0.0,0.0,0.0,0.0,0.0
08001,2021-04-01,0.0,0.0,1.0,0.0,0.0,0.0
08001,2021-06-01,0.0,0.0,1.0,0.0,0.0,0.0
08001,2021-09-01,1.0,0.0,0.0,0.0,0.0,0.0
08001,2021-10-01,0.0,0.0,1.0,0.0,0.0,0.0
08001,2022-09-01,0.0,3.0,3.0,0.0,0.0,0.0
08078,2019-04-01,0.0,0.0,1.0,0.0,0.0,0.0
08078,2019-10-01,0.0,0.0,1.0,0.0,0.0,0.0
08078,2020-04-01,0.0,0.0,1.0,0.0,0.0,0.0
08078,2020-05-01,1.0,0.0,0.0,0.0,0.0,0.0
08078,2020-06-01,0.0,0.0,1.0,0.0,0.0,0.0
08078,2020-07-01,1.0,0.0,0.0,0.0,0.0,0.0
08078,2021-07-01,0.0,0.0,2.0,0.0,0.0,0.0
08078,2021-08-01,0.0,1.0,1.0,0.0,0.0,0.0
08078,2021-11-01,2.0,0.0,0.0,0.0,0.0,0.0
08078,2022-06-01,3.0,0.0,0.0,0.0,0.0,0.0
08137,2019-05-01,0.0,0.0,1.0,0.0,0.0,0.0
08137,2021-10-01,1.0,0.0,0.0,0.0,0.0,0.0
08141,2019-04-01,0.0,0.0,1.0,0.0,0.0,0.0
08141,2020-04-01,0.0,0.0,2.0,0.0,0.0,0.0
08141,2020-05-01,0.0,0.0,1.0,0.0,0.0,0.0
08141,2020-07-01,0.0,0.0,1.0,0.0,0.0,0.0
08141,2020-08-01,0.0,0.0,1.0,0.0,0.0,0.0
08141,2020-11-01,0.0,0.0,0.0,1.0,0.0,0.0
08141,2022-07-01,3.0,0.0,0.0,0.0,0.0,0.0
08141,2022-08-01,3.0,0.0,0.0,0.0,0.0,0.0
08141,2022-09-01,3.0,0.0,0.0,0.0,0.0,0.0
08296,2019-08-01,0.0,0.0,1.0,0.0,0.0,0.0
08296,2020-04-01,0.0,0.0,1.0,0.0,0.0,0.0
08296,2020-05-01,0.0,0.0,1.0,0.0,0.0,0.0
08296,2020-10-01,0.0,0.0,1.0,0.0,0.0,0.0
08296,2020-11-01,2.0,0.0,0.0,0.0,0.0,0.0
08296,2021-06-01,0.0,1.0,0.0,0.0,0.0,0.0
08296,2021-07-01,0.0,0.0,1.0,0.0,0.0,0.0
08296,2021-10-01,0.0,0.0,2.0,0.0,0.0,0.0
08372,2020-06-01,0.0,0.0,2.0,0.0,0.0,0.0
08372,2020-07-01,1.0,0.0,0.0,0.0,0.0,0.0
08372,2021-07-01,0.0,0.0,1.0,0.0,0.0,0.0
08372,2021-09-01,0.0,0.0,1.0,0.0,0.0,0.0
08372,2022-09-01,0.0,3.0,0.0,0.0,0.0,0.0
08421,2020-08-01,0.0,0.0,1.0,0.0,0.0,0.0
08421,2020-11-01,0.0,0.0,1.0,1.0,0.0,0.0
08421,2021-05-01,0.0,0.0,1.0,0.0,0.0,0.0
08421,2021-08-01,1.0,0.0,0.0,0.0,0.0,0.0
08421,2021-11-01,0.0,0.0,1.0,0.0,0.0,0.0
08421,2022-03-01,0.0,0.0,3.0,0.0,0.0,0.0
08421,2022-06-01,0.0,0.0,0.0,3.0,0.0,0.0
08433,2019-05-01,0.0,0.0,1.0,0.0,0.0,0.0
08433,2019-09-01,0.0,0.0,2.0,0.0,0.0,0.0
08433,2020-04-01,0.0,0.0,1.0,0.0,0.0,0.0
08433,2020-05-01,0.0,0.0,1.0,0.0,0.0,0.0
08433,2020-06-01,0.0,0.0,1.0,0.0,0.0,0.0
08433,2020-08-01,1.0,0.0,0.0,0.0,0.0,0.0
08433,2020-11-01,1.0,0.0,0.0,1.0,0.0,0.0
08433,2021-07-01,0.0,0.0,1.0,0.0,0.0,0.0
08433,2021-08-01,0.0,0.0,1.0,0.0,0.0,0.0
08433,2022-04-01,0.0,0.0,3.0,0.0,0.0,0.0
08433,2022-08-01,3.0,0.0,0.0,0.0,0.0,0.0
08433,2022-09-01,0.0,0.0,3.0,0.0,0.0,0.0
08436,2019-08-01,0.0,0.0,1.0,0.0,0.0,0.0
08436,2020-01-01,0.0,0.0,1.0,0.0,0.0,0.0
08436,2020-05-01,0.0,0.0,1.0,0.0,0.0,0.0
08436,2021-02-01,0.0,0.0,2.0,0.0,0.0,0.0
08436,2021-04-01,0.0,0.0,1.0,0.0,0.0,0.0
08436,2021-05-01,0.0,0.0,1.0,0.0,0.0,0.0
08436,2022-01-01,0.0,0.0,3.0,0.0,0.0,0.0
08436,2022-02-01,0.0,0.0,3.0,0.0,0.0,0.0
08436,2022-03-01,0.0,0.0,3.0,0.0,0.0,0.0
08436,2022-07-01,3.0,0.0,0.0,0.0,0.0,0.0
08436,2022-08-01,0.0,0.0,3.0,0.0,0.0,0.0
08520,2019-04-01,0.0,0.0,1.0,0.0,0.0,0.0
08520,2019-08-01,0.0,0.0,1.0,0.0,0.0,0.0
08520,2020-05-01,0.0,0.0,1.0,0.0,0.0,0.0
08520,2020-08-01,1.0,0.0,0.0,0.0,0.0,0.0
08520,2021-08-01,2.0,0.0,0.0,0.0,0.0,0.0
08520,2022-09-01,3.0,0.0,0.0,0.0,0.0,0.0
08549,2019-04-01,1.0,0.0,0.0,0.0,0.0,0.0
08549,2020-06-01,0.0,0.0,2.0,0.0,0.0,0.0
08549,2020-11-01,0.0,0.0,0.0,1.0,0.0,0.0
08558,2020-05-01,0.0,0.0,1.0,0.0,0.0,0.0
08558,2020-10-01,0.0,0.0,1.0,0.0,0.0,0.0
08558,2020-11-01,0.0,0.0,0.0,1.0,0.0,0.0
08558,2021-07-01,0.0,0.0,1.0,0.0,0.0,0.0
08558,2021-10-01,1.0,0.0,0.0,0.0,0.0,0.0
08560,2020-04-01,0.0,0.0,1.0,0.0,0.0,0.0
08560,2020-09-01,0.0,0.0,1.0,0.0,0.0,0.0
08573,2020-10-01,0.0,0.0,1.0,0.0,0.0,0.0
08573,2020-11-01,0.0,1.0,0.0,0.0,0.0,0.0
08573,2022-08-01,3.0,0.0,0.0,0.0,0.0,0.0
08606,2019-08-01,0.0,0.0,1.0,0.0,0.0,0.0
08606,2019-09-01,0.0,0.0,1.0,0.0,0.0,0.0
08606,2020-09-01,0.0,0.0,1.0,0.0,0.0,0.0
08606,2020-11-01,0.0,0.0,0.0,1.0,0.0,0.0
08606,2021-10-01,1.0,0.0,0.0,0.0,0.0,0.0
08606,2022-09-01,3.0,0.0,0.0,0.0,0.0,0.0
08634,2019-07-01,0.0,0.0,1.0,0.0,0.0,0.0
08634,2021-12-01,1.0,0.0,0.0,0.0,0.0,0.0
08638,2019-04-01,0.0,0.0,1.0,0.0,0.0,0.0
08638,2019-06-01,0.0,0.0,1.0,0.0,0.0,0.0
08638,2019-08-01,0.0,0.0,1.0,0.0,0.0,0.0
08638,2020-05-01,0.0,0.0,1.0,0.0,0.0,0.0
08638,2020-06-01,0.0,0.0,1.0,0.0,0.0,0.0
08638,2020-11-01,0.0,1.0,0.0,0.0,0.0,0.0
08638,2021-04-01,0.0,0.0,1.0,0.0,0.0,0.0
08638,2021-05-01,0.0,0.0,1.0,0.0,0.0,0.0
08638,2021-06-01,0.0,0.0,1.0,0.0,0.0,0.0
08638,2021-08-01,0.0,0.0,0.0,0.0,0.0,1.0
08638,2022-05-01,0.0,0.0,3.0,0.0,0.0,0.0
08638,2022-06-01,0.0,0.0,3.0,0.0,0.0,0.0
08638,2022-07-01,3.0,0.0,0.0,0.0,0.0,0.0
08638,2022-08-01,3.0,0.0,3.0,0.0,0.0,0.0
08675,2019-08-01,0.0,0.0,1.0,0.0,0.0,0.0
08675,2020-05-01,0.0,0.0,1.0,0.0,0.0,0.0
08675,2020-11-01,0.0,0.0,0.0,1.0,0.0,0.0
08675,2021-11-01,1.0,0.0,0.0,0.0,0.0,0.0
08675,2022-08-01,3.0,0.0,0.0,0.0,0.0,0.0
08685,2019-09-01,0.0,1.0,0.0,0.0,0.0,0.0
08685,2020-05-01,0.0,0.0,1.0,0.0,0.0,0.0
08685,2020-08-01,0.0,0.0,1.0,0.0,0.0,0.0
08685,2020-10-01,0.0,0.0,1.0,0.0,0.0,0.0
08685,2020-11-01,0.0,0.0,0.0,1.0,0.0,0.0
08685,2021-06-01,0.0,0.0,1.0,0.0,0.0,0.0
08685,2021-07-01,0.0,0.0,1.0,0.0,0.0,0.0
08758,2020-05-01,0.0,0.0,1.0,0.0,0.0,0.0
08758,2020-10-01,0.0,0.0,1.0,0.0,0.0,0.0
08758,2020-11-01,0.0,0.0,0.0,1.0,0.0,0.0
08758,2021-07-01,0.0,0.0,1.0,0.0,0.0,0.0
08758,2021-08-01,0.0,0.0,1.0,0.0,0.0,0.0
08758,2021-09-01,0.0,0.0,1.0,0.0,0.0,0.0
08758,2021-10-01,1.0,0.0,1.0,0.0,0.0,0.0
08758,2022-06-01,3.0,0.0,6.0,0.0,0.0,0.0
08758,2022-08-01,0.0,0.0,3.0,0.0,0.0,0.0
08758,2022-09-01,0.0,0.0,0.0,3.0,0.0,0.0
08770,2019-08-01,0.0,0.0,1.0,0.0,0.0,0.0
08770,2019-10-01,0.0,0.0,1.0,0.0,0.0,0.0
08770,2020-05-01,0.0,0.0,1.0,0.0,0.0,0.0
08770,2021-11-01,1.0,0.0,0.0,0.0,0.0,0.0
08770,2022-05-01,3.0,0.0,0.0,0.0,0.0,0.0
08832,2019-08-01,0.0,0.0,1.0,0.0,0.0,0.0
08832,2020-07-01,1.0,0.0,0.0,0.0,0.0,0.0
08832,2020-11-01,0.0,0.0,0.0,1.0,0.0,0.0
08849,2020-11-01,0.0,1.0,0.0,0.0,0.0,0.0
08849,2022-07-01,0.0,3.0,0.0,0.0,0.0,0.0
08849,2022-08-01,0.0,3.0,0.0,0.0,0.0,0.0
11001,2019-03-01,1.0,0.0,1.0,0.0,0.0,0.0
11001,2019-04-01,0.0,2.0,0.0,0.0,0.0,0.0
11001,2019-06-01,0.0,1.0,1.0,0.0,0.0,0.0
11001,2019-10-01,1.0,0.0,0.0,0.0,0.0,0.0
11001,2020-03-01,0.0,0.0,1.0,0.0,0.0,0.0
11001,2020-04-01,0.0,1.0,0.0,0.0,0.0,0.0
11001,2020-07-01,0.0,1.0,0.0,0.0,0.0,0.0
11001,2020-08-01,0.0,1.0,0.0,0.0,0.0,0.0
11001,2020-11-01,1.0,1.0,1.0,0.0,0.0,0.0
11001,2021-04-01,0.0,2.0,0.0,0.0,0.0,0.0
11001,2021-05-01,0.0,1.0,0.0,0.0,0.0,0.0
11001,2021-06-01,3.0,1.0,0.0,0.0,0.0,0.0
11001,2021-08-01,0.0,1.0,0.0,0.0,0.0,0.0
11001,2021-09-01,1.0,0.0,0.0,0.0,0.0,0.0
11001,2022-06-01,0.0,3.0,0.0,0.0,0.0,0.0
11001,2022-09-01,0.0,0.0,3.0,0.0,0.0,0.0
13001,2019-05-01,1.0,0.0,0.0,0.0,0.0,0.0
13001,2019-06-01,0.0,0.0,1.0,0.0,0.0,0.0
13001,2019-07-01,1.0,0.0,0.0,0.0,0.0,0.0
13001,2020-07-01,0.0,0.0,1.0,0.0,0.0,0.0
13001,2020-08-01,0.0,0.0,1.0,0.0,0.0,0.0
13001,2020-09-01,0.0,0.0,1.0,0.0,0.0,0.0
13001,2020-11-01,2.0,0.0,0.0,0.0,0.0,0.0
13001,2021-04-01,1.0,0.0,1.0,0.0,0.0,0.0
13001,2021-07-01,0.0,0.0,2.0,0.0,0.0,0.0
13001,2022-08-01,3.0,0.0,3.0,0.0,0.0,0.0
13001,2022-09-01,3.0,3.0,0.0,0.0,0.0,0.0
13006,2019-06-01,3.0,0.0,0.0,0.0,0.0,0.0
13006,2019-07-01,0.0,0.0,1.0,0.0,0.0,0.0
13006,2019-09-01,0.0,0.0,1.0,0.0,0.0,0.0
13006,2020-03-01,0.0,0.0,0.0,0.0,0.0,1.0
13006,2020-11-01,2.0,0.0,0.0,0.0,0.0,0.0
13006,2021-05-01,1.0,0.0,0.0,0.0,0.0,0.0
13006,2021-06-01,2.0,0.0,0.0,1.0,0.0,0.0
13006,2021-08-01,2.0,0.0,0.0,0.0,0.0,0.0
13006,2022-04-01,3.0,0.0,0.0,0.0,0.0,0.0
13030,2019-10-01,0.0,0.0,1.0,0.0,0.0,0.0
13030,2020-11-01,1.0,0.0,0.0,0.0,0.0,0.0
13042,2019-08-01,0.0,0.0,1.0,0.0,0.0,0.0
13042,2020-06-01,1.0,0.0,0.0,0.0,0.0,0.0
13042,2020-11-01,1.0,0.0,0.0,0.0,0.0,0.0
13052,2019-05-01,1.0,0.0,0.0,0.0,0.0,0.0
13052,2019-07-01,0.0,0.0,1.0,0.0,0.0,0.0
13052,2019-08-01,0.0,0.0,1.0,0.0,0.0,0.0
13052,2020-04-01,0.0,0.0,1.0,0.0,0.0,0.0
13052,2020-06-01,0.0,0.0,1.0,0.0,0.0,0.0
13052,2020-07-01,0.0,0.0,1.0,0.0,0.0,0.0
13052,2022-08-01,3.0,0.0,0.0,0.0,0.0,0.0
13062,2021-09-01,1.0,0.0,0.0,0.0,0.0,0.0
13062,2022-06-01,3.0,0.0,0.0,0.0,0.0,0.0
13074,2020-02-01,0.0,0.0,0.0,0.0,0.0,1.0
13074,2020-05-01,0.0,0.0,1.0,0.0,0.0,0.0
13074,2020-07-01,0.0,0.0,1.0,0.0,0.0,0.0
13074,2020-12-01,1.0,0.0,0.0,0.0,0.0,0.0
13074,2021-08-01,0.0,0.0,2.0,0.0,0.0,0.0
13074,2022-07-01,6.0,0.0,0.0,0.0,0.0,0.0
13140,2019-08-01,0.0,0.0,1.0,0.0,0.0,0.0
13140,2022-08-01,3.0,0.0,0.0,0.0,0.0,0.0
13160,2021-08-01,0.0,0.0,0.0,1.0,0.0,0.0
13188,2019-09-01,0.0,0.0,1.0,0.0,0.0,0.0
13188,2020-07-01,0.0,0.0,1.0,0.0,0.0,0.0
13188,2021-09-01,1.0,0.0,0.0,0.0,0.0,0.0
13212,2019-06-01,1.0,0.0,0.0,0.0,0.0,0.0
13212,2019-08-01,0.0,0.0,1.0,0.0,0.0,0.0
13212,2019-10-01,0.0,0.0,1.0,0.0,0.0,0.0
13212,2020-07-01,0.0,0.0,1.0,0.0,0.0,0.0
13222,2019-05-01,1.0,0.0,0.0,0.0,0.0,0.0
13222,2019-08-01,0.0,0.0,1.0,0.0,0.0,0.0
13222,2020-02-01,0.0,0.0,0.0,0.0,0.0,1.0
13222,2020-09-01,0.0,1.0,0.0,0.0,0.0,0.0
13244,2019-04-01,1.0,0.0,0.0,0.0,0.0,0.0
13244,2019-06-01,0.0,1.0,0.0,0.0,0.0,0.0
13244,2019-10-01,1.0,1.0,0.0,0.0,0.0,0.0
13244,2020-07-01,0.0,1.0,0.0,0.0,0.0,0.0
13244,2020-10-01,0.0,0.0,2.0,0.0,0.0,0.0
13244,2021-04-01,3.0,0.0,0.0,0.0,0.0,0.0
13244,2021-09-01,0.0,1.0,1.0,0.0,0.0,0.0
13244,2021-10-01,0.0,1.0,0.0,0.0,0.0,0.0
13244,2022-01-01,0.0,3.0,0.0,0.0,0.0,0.0
13248,2019-08-01,0.0,0.0,1.0,0.0,0.0,0.0
13248,2020-05-01,0.0,0.0,1.0,0.0,0.0,0.0
13268,2020-03-01,0.0,0.0,0.0,0.0,0.0,1.0
13268,2021-11-01,1.0,0.0,0.0,0.0,0.0,0.0
13268,2022-05-01,3.0,0.0,0.0,0.0,0.0,0.0
13300,2020-11-01,0.0,1.0,0.0,0.0,0.0,0.0
13300,2021-11-01,1.0,0.0,0.0,0.0,0.0,0.0
13430,2019-08-01,1.0,0.0,0.0,0.0,0.0,0.0
13430,2020-05-01,0.0,0.0,1.0,0.0,0.0,0.0
13430,2020-07-01,0.0,0.0,1.0,0.0,0.0,0.0
13430,2020-09-01,0.0,0.0,1.0,0.0,0.0,0.0
13430,2021-02-01,0.0,1.0,0.0,0.0,0.0,0.0
13430,2021-07-01,1.0,0.0,0.0,0.0,0.0,0.0
13430,2021-08-01,1.0,0.0,0.0,0.0,0.0,0.0
13430,2022-05-01,3.0,0.0,0.0,0.0,0.0,0.0
13430,2022-09-01,0.0,3.0,0.0,0.0,0.0,0.0
13433,2019-08-01,0.0,0.0,0.0,0.0,0.0,1.0
13433,2019-09-01,0.0,0.0,2.0,0.0,0.0,0.0
13433,2020-08-01,0.0,0.0,1.0,0.0,0.0,0.0
13433,2020-10-01,1.0,0.0,0.0,0.0,0.0,0.0
13440,2022-06-01,3.0,0.0,0.0,0.0,0.0,0.0
13440,2022-08-01,3.0,0.0,0.0,0.0,0.0,0.0
13442,2019-07-01,0.0,0.0,2.0,0.0,0.0,0.0
13442,2019-08-01,0.0,0.0,1.0,0.0,0.0,0.0
13442,2019-09-01,0.0,0.0,1.0,0.0,0.0,0.0
13442,2020-04-01,0.0,0.0,0.0,0.0,0.0,1.0
13442,2020-08-01,0.0,0.0,1.0,0.0,0.0,0.0
13442,2021-08-01,1.0,0.0,0.0,0.0,0.0,0.0
13458,2019-05-01,1.0,0.0,0.0,0.0,0.0,0.0
13458,2019-09-01,1.0,0.0,0.0,0.0,0.0,0.0
13458,2020-06-01,1.0,0.0,0.0,0.0,0.0,0.0
13458,2020-08-01,0.0,1.0,1.0,0.0,0.0,0.0
13458,2020-09-01,1.0,0.0,1.0,0.0,0.0,0.0
13458,2020-10-01,1.0,0.0,0.0,0.0,0.0,0.0
13458,2020-11-01,2.0,0.0,0.0,0.0,0.0,0.0
13458,2021-07-01,0.0,1.0,0.0,0.0,0.0,0.0
13458,2021-11-01,1.0,0.0,0.0,0.0,0.0,0.0
13458,2022-04-01,3.0,0.0,0.0,0.0,0.0,0.0
13468,2020-04-01,0.0,0.0,0.0,0.0,0.0,1.0
13468,2020-09-01,0.0,0.0,1.0,0.0,0.0,0.0
13468,2020-11-01,1.0,0.0,0.0,0.0,0.0,0.0
13468,2021-09-01,1.0,0.0,0.0,0.0,0.0,0.0
13468,2022-07-01,0.0,0.0,3.0,0.0,0.0,0.0
13473,2020-11-01,2.0,0.0,0.0,1.0,0.0,0.0
13473,2021-06-01,1.0,0.0,0.0,0.0,0.0,0.0
13473,2021-07-01,2.0,0.0,0.0,0.0,0.0,0.0
13473,2021-09-01,0.0,0.0,1.0,0.0,0.0,0.0
13473,2022-09-01,3.0,0.0,0.0,0.0,0.0,0.0
13490,2020-06-01,1.0,0.0,0.0,0.0,0.0,0.0
13490,2020-10-01,1.0,0.0,0.0,0.0,0.0,0.0
13490,2021-03-01,0.0,0.0,1.0,0.0,0.0,0.0
13549,2019-08-01,0.0,0.0,1.0,0.0,0.0,0.0
13549,2020-01-01,0.0,0.0,0.0,0.0,0.0,1.0
13549,2021-09-01,1.0,0.0,0.0,0.0,0.0,0.0
13549,2022-07-01,3.0,0.0,0.0,0.0,0.0,0.0
13580,2019-10-01,0.0,0.0,1.0,0.0,0.0,0.0
13580,2021-06-01,1.0,0.0,0.0,0.0,0.0,0.0
13580,2021-07-01,0.0,1.0,0.0,0.0,0.0,0.0
13600,2020-09-01,0.0,1.0,0.0,0.0,0.0,0.0
13600,2021-04-01,0.0,1.0,0.0,0.0,0.0,0.0
13600,2021-09-01,0.0,1.0,0.0,0.0,0.0,0.0
13600,2022-09-01,0.0,3.0,0.0,0.0,0.0,0.0
13620,2021-06-01,0.0,0.0,1.0,0.0,0.0,0.0
13620,2022-09-01,3.0,0.0,0.0,0.0,0.0,0.0
13647,2019-08-01,0.0,0.0,1.0,0.0,0.0,0.0
13647,2019-09-01,0.0,0.0,1.0,0.0,0.0,0.0
13647,2020-09-01,1.0,0.0,0.0,0.0,0.0,0.0
13647,2021-08-01,1.0,0.0,0.0,0.0,0.0,0.0
13647,2022-06-01,3.0,0.0,0.0,0.0,0.0,0.0
13650,2020-11-01,1.0,0.0,0.0,0.0,0.0,0.0
13650,2022-05-01,3.0,0.0,0.0,0.0,0.0,0.0
13650,2022-06-01,3.0,0.0,0.0,0.0,0.0,0.0
13654,2020-10-01,0.0,0.0,1.0,0.0,0.0,0.0
13654,2022-09-01,0.0,3.0,0.0,0.0,0.0,0.0
13655,2019-01-01,0.0,0.0,0.0,0.0,0.0,1.0
13655,2019-06-01,1.0,0.0,0.0,0.0,0.0,0.0
13655,2020-03-01,0.0,0.0,0.0,0.0,0.0,1.0
13655,2020-11-01,1.0,0.0,0.0,0.0,0.0,0.0
13655,2021-08-01,2.0,0.0,0.0,0.0,0.0,0.0
13655,2022-03-01,3.0,0.0,0.0,0.0,0.0,0.0
13655,2022-09-01,3.0,0.0,0.0,0.0,0.0,0.0
13657,2019-06-01,0.0,0.0,1.0,0.0,0.0,0.0
13657,2019-07-01,0.0,0.0,1.0,0.0,0.0,0.0
13657,2019-09-01,1.0,0.0,0.0,0.0,0.0,0.0
13657,2020-04-01,0.0,0.0,0.0,0.0,0.0,1.0
13657,2020-05-01,0.0,0.0,1.0,0.0,0.0,0.0
13657,2020-09-01,0.0,0.0,1.0,0.0,0.0,0.0
13657,2021-08-01,0.0,0.0,1.0,0.0,0.0,0.0
13657,2022-06-01,3.0,0.0,0.0,0.0,0.0,0.0
13667,2020-03-01,0.0,0.0,0.0,0.0,0.0,1.0
13667,2020-07-01,0.0,0.0,1.0,0.0,0.0,0.0
13667,2020-10-01,2.0,0.0,1.0,0.0,0.0,0.0
13667,2021-08-01,1.0,0.0,0.0,0.0,0.0,0.0
13667,2022-07-01,3.0,0.0,0.0,0.0,0.0,0.0
13670,2020-11-01,1.0,0.0,0.0,0.0,0.0,0.0
13673,2021-08-01,0.0,0.0,2.0,0.0,0.0,0.0
13683,2019-06-01,0.0,0.0,1.0,0.0,0.0,0.0
13683,2020-09-01,2.0,0.0,0.0,0.0,0.0,0.0
13683,2020-11-01,1.0,0.0,0.0,0.0,0.0,0.0
13683,2021-08-01,0.0,0.0,2.0,0.0,0.0,0.0
13683,2022-03-01,0.0,0.0,3.0,0.0,0.0,0.0
13683,2022-05-01,0.0,0.0,3.0,0.0,0.0,0.0
13688,2020-06-01,0.0,0.0,0.0,1.0,0.0,0.0
13688,2021-05-01,0.0,1.0,0.0,0.0,0.0,0.0
13688,2021-07-01,0.0,0.0,0.0,0.0,1.0,0.0
13688,2022-09-01,0.0,0.0,3.0,0.0,0.0,0.0
13744,2020-07-01,0.0,0.0,0.0,1.0,0.0,0.0
13744,2020-11-01,1.0,0.0,0.0,0.0,0.0,0.0
13744,2021-05-01,1.0,0.0,0.0,0.0,0.0,0.0
13744,2021-09-01,4.0,0.0,1.0,0.0,0.0,0.0
13760,2019-08-01,0.0,0.0,1.0,0.0,0.0,0.0
13760,2019-09-01,0.0,0.0,1.0,0.0,0.0,0.0
13780,2020-11-01,1.0,0.0,0.0,0.0,0.0,0.0
13780,2021-09-01,1.0,0.0,0.0,0.0,0.0,0.0
13780,2022-07-01,3.0,0.0,0.0,0.0,0.0,0.0
13810,2020-10-01,1.0,0.0,0.0,0.0,0.0,0.0
13810,2020-11-01,0.0,1.0,0.0,1.0,0.0,0.0
13810,2021-06-01,1.0,0.0,0.0,0.0,0.0,0.0
13836,2020-06-01,0.0,0.0,1.0,0.0,0.0,0.0
13836,2020-10-01,1.0,0.0,0.0,0.0,0.0,0.0
13836,2022-04-01,3.0,0.0,0.0,0.0,0.0,0.0
13836,2022-05-01,0.0,0.0,3.0,0.0,0.0,0.0
13838,2020-11-01,1.0,0.0,0.0,0.0,0.0,0.0
13873,2019-08-01,0.0,0.0,1.0,0.0,0.0,0.0
13873,2021-06-01,0.0,0.0,1.0,0.0,0.0,0.0
13873,2021-08-01,1.0,0.0,0.0,0.0,0.0,0.0
13873,2022-09-01,0.0,3.0,0.0,0.0,0.0,0.0
13894,2019-07-01,1.0,0.0,0.0,0.0,0.0,0.0
13894,2020-07-01,0.0,0.0,1.0,1.0,0.0,0.0
13894,2020-09-01,0.0,0.0,1.0,0.0,0.0,0.0
13894,2020-11-01,1.0,0.0,0.0,0.0,0.0,0.0
13894,2022-09-01,0.0,0.0,3.0,0.0,0.0,0.0
15001,2019-04-01,0.0,0.0,1.0,0.0,0.0,0.0
15001,2019-06-01,0.0,1.0,0.0,0.0,0.0,0.0
15001,2020-06-01,1.0,0.0,0.0,0.0,0.0,0.0
15001,2020-07-01,1.0,0.0,0.0,0.0,0.0,0.0
15022,2020-06-01,0.0,0.0,0.0,1.0,0.0,0.0
15047,2021-03-01,0.0,0.0,1.0,0.0,0.0,0.0
15092,2022-03-01,0.0,3.0,0.0,0.0,0.0,0.0
15104,2021-06-01,0.0,1.0,0.0,0.0,0.0,0.0
15106,2022-04-01,0.0,0.0,0.0,3.0,0.0,0.0
15109,2021-03-01,0.0,1.0,0.0,0.0,0.0,0.0
15109,2021-11-01,0.0,0.0,0.0,0.0,1.0,0.0
15109,2022-05-01,3.0,0.0,0.0,0.0,0.0,0.0
15135,2022-08-01,0.0,3.0,0.0,0.0,0.0,0.0
15176,2020-10-01,1.0,0.0,0.0,0.0,0.0,0.0
15176,2021-07-01,0.0,1.0,0.0,0.0,0.0,0.0
15176,2021-08-01,1.0,0.0,0.0,0.0,0.0,0.0
15176,2022-05-01,3.0,0.0,0.0,0.0,0.0,0.0
15176,2022-09-01,3.0,0.0,0.0,0.0,0.0,0.0
15180,2019-04-01,0.0,0.0,0.0,0.0,1.0,0.0
15180,2019-07-01,0.0,1.0,0.0,0.0,0.0,0.0
15180,2020-11-01,0.0,1.0,0.0,0.0,0.0,0.0
15183,2019-01-01,1.0,0.0,0.0,0.0,0.0,0.0
15183,2019-11-01,0.0,1.0,0.0,0.0,0.0,0.0
15185,2019-05-01,0.0,1.0,0.0,0.0,0.0,0.0
15185,2022-03-01,0.0,3.0,0.0,0.0,0.0,0.0
15212,2021-03-01,0.0,1.0,0.0,0.0,0.0,0.0
15212,2022-03-01,3.0,3.0,0.0,0.0,0.0,0.0
15226,2021-03-01,0.0,0.0,1.0,0.0,0.0,0.0
15236,2019-05-01,0.0,1.0,0.0,0.0,0.0,0.0
15236,2021-10-01,1.0,0.0,0.0,0.0,0.0,0.0
15238,2019-04-01,1.0,0.0,0.0,0.0,0.0,0.0
15238,2019-10-01,1.0,0.0,0.0,0.0,0.0,0.0
15238,2020-11-01,1.0,0.0,0.0,0.0,0.0,0.0
15238,2022-04-01,0.0,0.0,0.0,3.0,0.0,0.0
15238,2022-05-01,3.0,0.0,0.0,0.0,0.0,0.0
15244,2022-08-01,0.0,3.0,0.0,0.0,0.0,0.0
15244,2022-09-01,3.0,0.0,0.0,0.0,0.0,0.0
15248,2020-04-01,1.0,0.0,0.0,0.0,0.0,0.0
15272,2021-02-01,1.0,0.0,0.0,0.0,0.0,0.0
15276,2020-01-01,0.0,0.0,0.0,0.0,0.0,1.0
15276,2021-04-01,0.0,0.0,1.0,0.0,0.0,0.0
15296,2019-03-01,0.0,0.0,1.0,0.0,0.0,0.0
15317,2019-04-01,0.0,0.0,0.0,0.0,1.0,0.0
15317,2021-10-01,0.0,0.0,0.0,0.0,2.0,0.0
15322,2019-02-01,0.0,0.0,1.0,0.0,0.0,0.0
15322,2019-06-01,0.0,1.0,0.0,0.0,0.0,0.0
15322,2021-04-01,0.0,1.0,0.0,0.0,0.0,0.0
15322,2021-05-01,0.0,1.0,0.0,0.0,0.0,0.0
15332,2019-04-01,0.0,0.0,0.0,0.0,1.0,0.0
15367,2020-03-01,0.0,0.0,1.0,0.0,0.0,0.0
15367,2020-11-01,0.0,1.0,0.0,0.0,0.0,0.0
15367,2022-03-01,0.0,0.0,3.0,0.0,0.0,0.0
15367,2022-05-01,0.0,0.0,3.0,0.0,0.0,0.0
15368,2020-08-01,0.0,1.0,0.0,0.0,0.0,0.0
15377,2021-10-01,0.0,1.0,0.0,0.0,0.0,0.0
15407,2019-10-01,0.0,1.0,0.0,0.0,0.0,0.0
15425,2021-05-01,0.0,1.0,0.0,0.0,0.0,0.0
15442,2021-12-01,0.0,0.0,1.0,0.0,0.0,0.0
15442,2022-05-01,0.0,0.0,0.0,3.0,0.0,0.0
15442,2022-09-01,0.0,0.0,3.0,0.0,0.0,0.0
15455,2019-06-01,0.0,1.0,0.0,0.0,0.0,0.0
15455,2019-08-01,0.0,1.0,0.0,0.0,0.0,0.0
15466,2021-06-01,1.0,0.0,0.0,0.0,0.0,0.0
15469,2019-03-01,1.0,0.0,0.0,0.0,0.0,0.0
15469,2019-04-01,0.0,1.0,0.0,0.0,0.0,0.0
15469,2020-11-01,0.0,1.0,0.0,0.0,0.0,0.0
15469,2022-04-01,0.0,3.0,0.0,0.0,0.0,0.0
15476,2020-01-01,0.0,0.0,0.0,0.0,0.0,1.0
15480,2021-08-01,0.0,0.0,1.0,0.0,0.0,0.0
15480,2022-03-01,0.0,0.0,0.0,3.0,0.0,0.0
15480,2022-05-01,3.0,0.0,0.0,0.0,0.0,0.0
15491,2019-06-01,1.0,0.0,0.0,0.0,0.0,0.0
15491,2021-06-01,1.0,0.0,0.0,0.0,0.0,0.0
15491,2022-03-01,3.0,0.0,0.0,0.0,0.0,0.0
15491,2022-05-01,3.0,0.0,0.0,0.0,0.0,0.0
15507,2019-04-01,0.0,1.0,0.0,0.0,0.0,0.0
15507,2021-08-01,0.0,1.0,0.0,0.0,0.0,0.0
15507,2021-09-01,0.0,0.0,1.0,0.0,0.0,0.0
15507,2021-11-01,0.0,1.0,0.0,0.0,0.0,0.0
15507,2022-07-01,0.0,3.0,0.0,0.0,0.0,0.0
15514,2019-08-01,0.0,0.0,0.0,0.0,1.0,0.0
15514,2020-04-01,0.0,0.0,1.0,0.0,0.0,0.0
15516,2020-01-01,0.0,0.0,0.0,0.0,0.0,1.0
15516,2022-05-01,6.0,0.0,0.0,0.0,0.0,0.0
15518,2019-06-01,0.0,1.0,0.0,0.0,0.0,0.0
15518,2021-08-01,0.0,1.0,0.0,0.0,0.0,0.0
15518,2021-11-01,0.0,1.0,0.0,0.0,0.0,0.0
15518,2022-05-01,0.0,3.0,0.0,0.0,0.0,0.0
15522,2019-04-01,0.0,0.0,0.0,0.0,1.0,0.0
15522,2021-05-01,0.0,1.0,0.0,0.0,0.0,0.0
15531,2020-09-01,0.0,0.0,1.0,0.0,0.0,0.0
15531,2022-04-01,0.0,3.0,0.0,0.0,0.0,0.0
15531,2022-05-01,3.0,0.0,0.0,0.0,0.0,0.0
15537,2019-05-01,0.0,1.0,0.0,0.0,0.0,0.0
15537,2021-11-01,1.0,0.0,0.0,0.0,0.0,0.0
15572,2019-04-01,2.0,0.0,1.0,0.0,0.0,0.0
15572,2020-06-01,0.0,1.0,2.0,0.0,0.0,0.0
15572,2020-09-01,0.0,0.0,1.0,0.0,0.0,0.0
15572,2021-07-01,2.0,0.0,0.0,0.0,0.0,0.0
15572,2022-04-01,3.0,0.0,0.0,0.0,0.0,0.0
15572,2022-06-01,3.0,0.0,0.0,3.0,0.0,0.0
15572,2022-07-01,3.0,0.0,0.0,0.0,0.0,0.0
15572,2022-08-01,3.0,0.0,0.0,0.0,0.0,0.0
15572,2022-09-01,3.0,0.0,3.0,0.0,0.0,0.0
15580,2021-04-01,0.0,0.0,0.0,0.0,1.0,0.0
15580,2021-05-01,0.0,1.0,0.0,0.0,0.0,0.0
15580,2022-03-01,3.0,0.0,0.0,0.0,0.0,0.0
15580,2022-08-01,3.0,6.0,0.0,0.0,0.0,0.0
15600,2022-05-01,0.0,0.0,6.0,0.0,0.0,0.0
15621,2020-05-01,0.0,0.0,0.0,1.0,0.0,0.0
15632,2021-06-01,0.0,0.0,1.0,0.0,0.0,0.0
15638,2019-10-01,0.0,1.0,0.0,0.0,0.0,0.0
15646,2020-04-01,1.0,0.0,0.0,0.0,0.0,0.0
15646,2020-09-01,0.0,0.0,1.0,0.0,0.0,0.0
15660,2020-07-01,0.0,1.0,0.0,0.0,0.0,0.0
15664,2020-06-01,0.0,0.0,1.0,0.0,0.0,0.0
15676,2021-06-01,1.0,0.0,0.0,0.0,0.0,0.0
15681,2020-09-01,0.0,0.0,1.0,0.0,0.0,0.0
15681,2021-04-01,1.0,0.0,0.0,0.0,0.0,0.0
15681,2021-10-01,0.0,0.0,1.0,0.0,0.0,0.0
15686,2020-06-01,0.0,0.0,1.0,0.0,0.0,0.0
15686,2021-08-01,0.0,0.0,1.0,0.0,0.0,0.0
15690,2020-06-01,0.0,1.0,0.0,0.0,0.0,0.0
15690,2021-03-01,1.0,0.0,0.0,0.0,0.0,0.0
15690,2021-08-01,0.0,1.0,0.0,0.0,0.0,0.0
15690,2022-08-01,0.0,3.0,0.0,0.0,0.0,0.0
15720,2020-11-01,0.0,1.0,0.0,0.0,0.0,0.0
15759,2020-06-01,0.0,1.0,0.0,0.0,0.0,0.0
15762,2020-01-01,0.0,0.0,0.0,0.0,0.0,1.0
15778,2020-05-01,0.0,1.0,0.0,0.0,0.0,0.0
15778,2021-08-01,0.0,0.0,1.0,0.0,0.0,0.0
15790,2021-11-01,0.0,1.0,0.0,0.0,0.0,0.0
15804,2022-03-01,0.0,0.0,3.0,0.0,0.0,0.0
15808,2019-11-01,0.0,1.0,0.0,0.0,0.0,0.0
15820,2020-01-01,0.0,0.0,0.0,0.0,0.0,1.0
15835,2022-06-01,0.0,3.0,0.0,0.0,0.0,0.0
15837,2019-04-01,1.0,0.0,0.0,0.0,0.0,0.0
15839,2021-10-01,0.0,0.0,1.0,0.0,0.0,0.0
15879,2019-06-01,0.0,1.0,0.0,0.0,0.0,0.0
15897,2021-11-01,0.0,0.0,1.0,0.0,0.0,0.0
17001,2019-02-01,0.0,1.0,0.0,0.0,0.0,0.0
17001,2019-03-01,0.0,1.0,1.0,0.0,0.0,0.0
17001,2019-04-01,0.0,4.0,2.0,0.0,1.0,0.0
17001,2019-05-01,0.0,2.0,0.0,0.0,0.0,0.0
17001,2019-09-01,0.0,2.0,0.0,0.0,0.0,0.0
17001,2019-10-01,0.0,1.0,0.0,0.0,0.0,0.0
17001,2019-11-01,0.0,6.0,0.0,0.0,0.0,0.0
17001,2019-12-01,0.0,1.0,0.0,0.0,0.0,0.0
17001,2020-08-01,0.0,0.0,1.0,0.0,0.0,0.0
17001,2022-02-01,0.0,3.0,0.0,0.0,0.0,0.0
17001,2022-03-01,0.0,3.0,0.0,0.0,0.0,0.0
17013,2021-10-01,1.0,0.0,0.0,0.0,0.0,0.0
17013,2022-03-01,0.0,6.0,0.0,0.0,0.0,0.0
17013,2022-04-01,0.0,9.0,0.0,0.0,0.0,0.0
17042,2021-02-01,0.0,0.0,1.0,0.0,0.0,0.0
17042,2021-04-01,0.0,2.0,1.0,0.0,0.0,0.0
17042,2021-06-01,0.0,0.0,1.0,0.0,0.0,0.0
17042,2021-08-01,0.0,1.0,0.0,0.0,0.0,0.0
17042,2021-10-01,0.0,0.0,1.0,0.0,0.0,0.0
17042,2022-01-01,3.0,0.0,0.0,0.0,0.0,0.0
17042,2022-03-01,0.0,9.0,0.0,0.0,0.0,0.0
17042,2022-06-01,0.0,3.0,0.0,0.0,0.0,0.0
17050,2021-04-01,0.0,0.0,1.0,0.0,0.0,0.0
17050,2021-05-01,0.0,2.0,1.0,0.0,0.0,0.0
17050,2021-11-01,0.0,1.0,0.0,0.0,0.0,0.0
17050,2022-08-01,3.0,0.0,0.0,0.0,0.0,0.0
17174,2019-03-01,0.0,1.0,0.0,0.0,0.0,0.0
17174,2019-07-01,1.0,0.0,0.0,0.0,0.0,0.0
17174,2019-11-01,0.0,0.0,1.0,0.0,0.0,0.0
17174,2020-02-01,0.0,1.0,0.0,0.0,0.0,0.0
17174,2020-09-01,0.0,0.0,1.0,0.0,0.0,0.0
17174,2021-03-01,0.0,1.0,0.0,0.0,0.0,0.0
17174,2021-04-01,0.0,1.0,0.0,0.0,0.0,0.0
17272,2019-11-01,0.0,1.0,0.0,0.0,0.0,0.0
17272,2020-11-01,0.0,1.0,0.0,0.0,0.0,0.0
17272,2021-02-01,0.0,0.0,1.0,0.0,0.0,0.0
17272,2021-05-01,0.0,1.0,1.0,0.0,0.0,0.0
17272,2021-10-01,0.0,0.0,1.0,0.0,0.0,0.0
17272,2022-01-01,0.0,3.0,0.0,0.0,0.0,0.0
17272,2022-03-01,0.0,3.0,0.0,0.0,0.0,0.0
17272,2022-04-01,0.0,3.0,0.0,0.0,0.0,0.0
17380,2019-03-01,0.0,0.0,1.0,0.0,0.0,0.0
17380,2019-04-01,0.0,0.0,1.0,0.0,0.0,0.0
17380,2020-12-01,1.0,0.0,0.0,0.0,0.0,0.0
17380,2021-06-01,1.0,0.0,0.0,0.0,0.0,0.0
17380,2021-08-01,1.0,0.0,0.0,0.0,0.0,0.0
17380,2021-12-01,1.0,0.0,0.0,0.0,0.0,0.0
17380,2022-03-01,0.0,0.0,3.0,0.0,0.0,0.0
17380,2022-04-01,0.0,3.0,0.0,0.0,0.0,0.0
17380,2022-05-01,0.0,0.0,3.0,0.0,0.0,0.0
17380,2022-09-01,0.0,0.0,3.0,0.0,0.0,0.0
17388,2019-09-01,0.0,0.0,1.0,0.0,0.0,0.0
17433,2020-11-01,0.0,0.0,1.0,0.0,0.0,0.0
17433,2020-12-01,0.0,1.0,0.0,0.0,0.0,0.0
17433,2021-08-01,0.0,1.0,0.0,0.0,0.0,0.0
17433,2022-02-01,0.0,3.0,0.0,0.0,0.0,0.0
17433,2022-03-01,3.0,6.0,0.0,0.0,0.0,0.0
17433,2022-08-01,0.0,0.0,3.0,0.0,0.0,0.0
17442,2019-09-01,0.0,0.0,1.0,0.0,0.0,0.0
17442,2020-05-01,1.0,0.0,0.0,0.0,0.0,0.0
17442,2022-03-01,0.0,0.0,0.0,0.0,3.0,0.0
17442,2022-04-01,0.0,3.0,0.0,0.0,0.0,0.0
17442,2022-06-01,0.0,3.0,0.0,0.0,0.0,0.0
17442,2022-07-01,0.0,6.0,0.0,0.0,3.0,0.0
17442,2022-08-01,0.0,0.0,0.0,0.0,12.0,0.0
17444,2020-05-01,0.0,0.0,1.0,0.0,0.0,0.0
17444,2021-12-01,0.0,1.0,0.0,0.0,0.0,0.0
17444,2022-03-01,0.0,3.0,0.0,0.0,0.0,0.0
17444,2022-08-01,0.0,0.0,3.0,0.0,0.0,0.0
17446,2021-03-01,0.0,1.0,0.0,0.0,0.0,0.0
17446,2021-05-01,0.0,1.0,0.0,0.0,0.0,0.0
17446,2021-06-01,0.0,0.0,1.0,0.0,0.0,0.0
17446,2022-03-01,0.0,3.0,0.0,0.0,0.0,0.0
17446,2022-06-01,0.0,6.0,0.0,0.0,0.0,0.0
17486,2019-04-01,0.0,2.0,0.0,0.0,0.0,0.0
17486,2022-03-01,0.0,6.0,0.0,0.0,0.0,0.0
17486,2022-04-01,0.0,3.0,0.0,0.0,0.0,0.0
17486,2022-08-01,0.0,3.0,0.0,0.0,0.0,0.0
17495,2021-10-01,0.0,1.0,0.0,0.0,0.0,0.0
17495,2022-04-01,0.0,0.0,3.0,0.0,0.0,0.0
17495,2022-05-01,0.0,0.0,3.0,0.0,0.0,0.0
17495,2022-06-01,0.0,3.0,0.0,0.0,0.0,0.0
17495,2022-08-01,3.0,0.0,3.0,0.0,0.0,0.0
17513,2021-10-01,1.0,1.0,2.0,0.0,0.0,0.0
17513,2022-04-01,0.0,3.0,0.0,0.0,0.0,0.0
17513,2022-07-01,0.0,3.0,0.0,0.0,0.0,0.0
17524,2021-08-01,0.0,1.0,0.0,0.0,0.0,0.0
17524,2022-04-01,0.0,3.0,0.0,0.0,0.0,0.0
17524,2022-06-01,0.0,3.0,0.0,0.0,0.0,0.0
17541,2019-02-01,0.0,1.0,1.0,0.0,0.0,0.0
17541,2020-08-01,0.0,0.0,1.0,0.0,0.0,0.0
17541,2021-10-01,0.0,0.0,1.0,0.0,0.0,0.0
17541,2021-12-01,0.0,1.0,0.0,0.0,0.0,0.0
17541,2022-08-01,0.0,0.0,0.0,0.0,3.0,0.0
17614,2019-09-01,0.0,0.0,1.0,0.0,0.0,0.0
17614,2020-05-01,0.0,0.0,1.0,0.0,0.0,0.0
17614,2021-08-01,1.0,0.0,0.0,0.0,0.0,0.0
17614,2022-03-01,0.0,3.0,0.0,0.0,0.0,0.0
17614,2022-09-01,0.0,3.0,0.0,0.0,0.0,0.0
17616,2019-09-01,0.0,0.0,1.0,0.0,0.0,0.0
17616,2021-10-01,0.0,0.0,1.0,0.0,0.0,0.0
17616,2022-06-01,0.0,3.0,0.0,0.0,0.0,0.0
17653,2019-10-01,0.0,1.0,0.0,0.0,0.0,0.0
17653,2021-04-01,0.0,0.0,1.0,0.0,0.0,0.0
17653,2021-08-01,0.0,0.0,0.0,1.0,0.0,0.0
17653,2021-11-01,0.0,0.0,1.0,0.0,0.0,0.0
17653,2022-02-01,0.0,0.0,3.0,0.0,0.0,0.0
17653,2022-06-01,0.0,6.0,0.0,0.0,0.0,0.0
17653,2022-09-01,0.0,3.0,0.0,0.0,0.0,0.0
17662,2019-07-01,0.0,0.0,1.0,0.0,0.0,0.0
17662,2020-07-01,1.0,0.0,0.0,1.0,0.0,0.0
17662,2022-03-01,0.0,3.0,0.0,0.0,0.0,0.0
17662,2022-04-01,0.0,0.0,6.0,0.0,0.0,0.0
17662,2022-05-01,6.0,0.0,0.0,0.0,0.0,0.0
17662,2022-06-01,0.0,3.0,6.0,0.0,0.0,0.0
17662,2022-08-01,0.0,0.0,3.0,0.0,0.0,0.0
17662,2022-09-01,6.0,0.0,0.0,0.0,0.0,0.0
17665,2021-10-01,0.0,0.0,1.0,0.0,0.0,0.0
17777,2019-09-01,0.0,0.0,1.0,0.0,0.0,0.0
17777,2022-01-01,3.0,0.0,0.0,0.0,0.0,0.0
17777,2022-03-01,0.0,3.0,0.0,0.0,0.0,0.0
17777,2022-04-01,3.0,3.0,0.0,0.0,0.0,0.0
17777,2022-06-01,3.0,0.0,0.0,0.0,0.0,0.0
17777,2022-08-01,0.0,3.0,0.0,0.0,0.0,0.0
17777,2022-09-01,0.0,0.0,0.0,0.0,3.0,0.0
17867,2019-03-01,0.0,1.0,0.0,0.0,0.0,0.0
17867,2020-11-01,0.0,1.0,0.0,0.0,0.0,0.0
17867,2021-06-01,0.0,0.0,0.0,1.0,0.0,0.0
17867,2022-08-01,0.0,0.0,0.0,3.0,0.0,0.0
17873,2019-03-01,0.0,0.0,1.0,0.0,0.0,0.0
17873,2019-04-01,0.0,1.0,0.0,0.0,0.0,0.0
17873,2022-04-01,0.0,3.0,0.0,0.0,0.0,0.0
17877,2019-07-01,0.0,0.0,1.0,0.0,0.0,0.0
17877,2021-05-01,0.0,0.0,0.0,0.0,1.0,0.0
17877,2021-08-01,0.0,1.0,0.0,0.0,0.0,0.0
17877,2021-10-01,0.0,0.0,1.0,0.0,0.0,0.0
18001,2019-01-01,0.0,1.0,0.0,0.0,0.0,0.0
18001,2019-04-01,1.0,1.0,0.0,0.0,1.0,0.0
18001,2019-05-01,1.0,1.0,0.0,0.0,0.0,0.0
18001,2019-06-01,0.0,3.0,0.0,0.0,0.0,0.0
18001,2019-07-01,1.0,0.0,0.0,0.0,0.0,0.0
18001,2019-11-01,0.0,0.0,1.0,0.0,0.0,0.0
18001,2020-05-01,0.0,1.0,0.0,0.0,0.0,0.0
18001,2020-09-01,0.0,0.0,1.0,1.0,0.0,0.0
18001,2020-11-01,0.0,0.0,1.0,0.0,0.0,0.0
18001,2021-01-01,0.0,0.0,0.0,1.0,0.0,0.0
18001,2021-02-01,0.0,1.0,0.0,0.0,0.0,0.0
18001,2021-03-01,0.0,0.0,0.0,1.0,0.0,0.0
18001,2021-05-01,0.0,1.0,0.0,0.0,0.0,0.0
18001,2021-06-01,1.0,0.0,0.0,0.0,0.0,0.0
18001,2021-07-01,1.0,0.0,0.0,0.0,0.0,0.0
18001,2021-08-01,0.0,1.0,0.0,0.0,0.0,0.0
18001,2022-01-01,0.0,0.0,3.0,0.0,0.0,0.0
18001,2022-02-01,0.0,3.0,0.0,0.0,0.0,0.0
18001,2022-03-01,0.0,3.0,0.0,0.0,0.0,0.0
18029,2020-08-01,0.0,0.0,1.0,0.0,0.0,0.0
18094,2019-04-01,1.0,0.0,0.0,0.0,0.0,0.0
18094,2020-04-01,0.0,0.0,0.0,1.0,0.0,0.0
18094,2021-06-01,1.0,0.0,0.0,0.0,0.0,0.0
18094,2021-10-01,1.0,0.0,0.0,0.0,0.0,0.0
18094,2022-01-01,0.0,0.0,3.0,0.0,0.0,0.0
18150,2020-11-01,2.0,0.0,0.0,0.0,0.0,0.0
18150,2021-05-01,1.0,0.0,0.0,0.0,0.0,0.0
18150,2021-07-01,1.0,0.0,0.0,0.0,0.0,0.0
18150,2022-02-01,3.0,0.0,0.0,0.0,0.0,0.0
18205,2019-05-01,1.0,0.0,0.0,0.0,0.0,0.0
18205,2019-06-01,1.0,0.0,0.0,0.0,0.0,0.0
18205,2021-06-01,1.0,0.0,0.0,0.0,0.0,0.0
18205,2021-07-01,1.0,0.0,0.0,0.0,0.0,0.0
18205,2022-05-01,3.0,0.0,0.0,0.0,0.0,0.0
18205,2022-06-01,3.0,0.0,0.0,0.0,0.0,0.0
18247,2019-05-01,1.0,0.0,0.0,0.0,0.0,0.0
18247,2019-08-01,1.0,0.0,0.0,0.0,0.0,0.0
18247,2021-03-01,1.0,0.0,0.0,0.0,0.0,0.0
18247,2021-07-01,1.0,0.0,0.0,0.0,0.0,0.0
18247,2022-06-01,3.0,0.0,0.0,0.0,0.0,0.0
18256,2021-07-01,1.0,0.0,0.0,0.0,0.0,0.0
18410,2021-05-01,1.0,0.0,0.0,0.0,0.0,0.0
18410,2021-08-01,0.0,0.0,1.0,0.0,0.0,0.0
18410,2021-10-01,1.0,0.0,0.0,0.0,0.0,0.0
18410,2022-05-01,3.0,0.0,0.0,0.0,0.0,0.0
18410,2022-06-01,3.0,0.0,0.0,0.0,0.0,0.0
18460,2020-05-01,0.0,0.0,0.0,1.0,0.0,0.0
18460,2021-06-01,1.0,0.0,0.0,0.0,0.0,0.0
18460,2022-05-01,3.0,0.0,0.0,0.0,0.0,0.0
18592,2019-06-01,1.0,0.0,0.0,0.0,1.0,0.0
18592,2020-07-01,0.0,0.0,0.0,0.0,1.0,0.0
18592,2021-05-01,1.0,0.0,0.0,0.0,0.0,0.0
18592,2021-07-01,1.0,0.0,0.0,0.0,0.0,0.0
18592,2022-06-01,3.0,0.0,0.0,0.0,0.0,0.0
18610,2020-09-01,0.0,0.0,1.0,0.0,0.0,0.0
18610,2021-06-01,1.0,0.0,0.0,0.0,0.0,0.0
18753,2019-05-01,1.0,0.0,0.0,0.0,0.0,0.0
18753,2020-06-01,1.0,0.0,0.0,0.0,0.0,0.0
18753,2021-06-01,1.0,0.0,0.0,0.0,0.0,0.0
18753,2022-06-01,3.0,0.0,0.0,0.0,0.0,0.0
18756,2019-05-01,1.0,0.0,0.0,0.0,0.0,0.0
18756,2021-05-01,1.0,0.0,0.0,0.0,0.0,0.0
18785,2019-05-01,1.0,0.0,0.0,0.0,0.0,0.0
18785,2021-06-01,1.0,0.0,0.0,0.0,0.0,0.0
18860,2019-04-01,1.0,0.0,0.0,0.0,0.0,0.0
18860,2021-06-01,1.0,0.0,0.0,0.0,0.0,0.0
18860,2022-02-01,3.0,0.0,0.0,0.0,0.0,0.0
19001,2019-03-01,0.0,0.0,1.0,0.0,0.0,0.0
19001,2019-06-01,0.0,1.0,1.0,0.0,1.0,0.0
19001,2019-07-01,0.0,0.0,1.0,0.0,0.0,0.0
19001,2019-08-01,0.0,0.0,1.0,0.0,0.0,0.0
19001,2019-09-01,0.0,0.0,1.0,0.0,0.0,0.0
19001,2019-10-01,0.0,0.0,3.0,0.0,0.0,0.0
19001,2019-11-01,0.0,1.0,0.0,0.0,0.0,0.0
19001,2019-12-01,0.0,1.0,0.0,0.0,0.0,0.0
19001,2020-06-01,0.0,1.0,0.0,0.0,0.0,0.0
19001,2020-11-01,1.0,1.0,0.0,0.0,0.0,0.0
19001,2020-12-01,2.0,0.0,0.0,0.0,0.0,0.0
19001,2021-03-01,1.0,1.0,0.0,0.0,0.0,0.0
19001,2021-11-01,0.0,3.0,0.0,0.0,0.0,0.0
19001,2022-01-01,0.0,3.0,0.0,0.0,0.0,0.0
19001,2022-02-01,0.0,0.0,0.0,3.0,0.0,0.0
19001,2022-03-01,3.0,3.0,0.0,0.0,0.0,0.0
19001,2022-05-01,0.0,3.0,0.0,0.0,0.0,0.0
19001,2022-06-01,3.0,0.0,0.0,0.0,0.0,0.0
19001,2022-09-01,0.0,0.0,3.0,0.0,0.0,0.0
19022,2019-04-01,0.0,0.0,0.0,0.0,1.0,0.0
19022,2020-02-01,0.0,0.0,0.0,0.0,1.0,0.0
19022,2021-03-01,0.0,0.0,0.0,1.0,0.0,0.0
19022,2021-06-01,0.0,0.0,1.0,0.0,0.0,0.0
19022,2021-12-01,0.0,1.0,0.0,0.0,0.0,0.0
19022,2022-03-01,0.0,3.0,0.0,0.0,0.0,0.0
19022,2022-04-01,3.0,0.0,0.0,0.0,0.0,0.0
19022,2022-08-01,3.0,0.0,0.0,0.0,0.0,0.0
19022,2022-09-01,3.0,0.0,0.0,0.0,0.0,0.0
19050,2019-04-01,0.0,3.0,0.0,0.0,0.0,0.0
19050,2019-05-01,0.0,1.0,0.0,0.0,0.0,0.0
19050,2019-08-01,0.0,0.0,1.0,0.0,0.0,0.0
19050,2019-09-01,0.0,0.0,1.0,0.0,0.0,0.0
19050,2019-11-01,0.0,1.0,0.0,0.0,0.0,0.0
19050,2020-04-01,0.0,1.0,0.0,0.0,0.0,0.0
19050,2020-09-01,0.0,1.0,0.0,0.0,0.0,0.0
19050,2020-11-01,1.0,0.0,0.0,0.0,0.0,0.0
19050,2021-01-01,0.0,0.0,0.0,1.0,0.0,0.0
19050,2021-11-01,0.0,1.0,0.0,0.0,0.0,0.0
19050,2022-03-01,0.0,12.0,0.0,0.0,0.0,0.0
19050,2022-04-01,3.0,3.0,0.0,3.0,0.0,0.0
19050,2022-07-01,0.0,3.0,0.0,0.0,0.0,0.0
19050,2022-08-01,0.0,3.0,0.0,0.0,0.0,0.0
19050,2022-09-01,0.0,3.0,0.0,0.0,0.0,0.0
19075,2019-03-01,0.0,1.0,1.0,0.0,0.0,0.0
19075,2020-12-01,0.0,1.0,0.0,0.0,0.0,0.0
19075,2021-11-01,1.0,0.0,0.0,0.0,0.0,0.0
19075,2021-12-01,0.0,2.0,0.0,0.0,0.0,0.0
19075,2022-01-01,0.0,3.0,0.0,0.0,0.0,0.0
19075,2022-02-01,0.0,3.0,0.0,0.0,0.0,0.0
19075,2022-03-01,0.0,6.0,0.0,0.0,0.0,0.0
19075,2022-04-01,0.0,9.0,0.0,0.0,0.0,0.0
19075,2022-05-01,3.0,3.0,3.0,0.0,0.0,0.0
19075,2022-06-01,0.0,3.0,0.0,0.0,0.0,0.0
19100,2019-01-01,0.0,1.0,0.0,0.0,0.0,0.0
19100,2019-08-01,0.0,0.0,1.0,0.0,0.0,0.0
19100,2020-10-01,0.0,0.0,1.0,0.0,0.0,0.0
19100,2021-03-01,1.0,0.0,0.0,0.0,0.0,0.0
19100,2021-09-01,0.0,0.0,2.0,0.0,0.0,0.0
19100,2021-11-01,1.0,0.0,0.0,0.0,0.0,0.0
19100,2022-02-01,0.0,3.0,0.0,0.0,0.0,0.0
19100,2022-03-01,0.0,6.0,0.0,0.0,0.0,0.0
19110,2019-03-01,1.0,0.0,0.0,0.0,0.0,0.0
19110,2019-04-01,0.0,1.0,0.0,0.0,0.0,0.0
19110,2019-05-01,0.0,1.0,0.0,0.0,0.0,0.0
19110,2021-03-01,0.0,1.0,0.0,0.0,0.0,0.0
19110,2021-06-01,0.0,1.0,0.0,0.0,0.0,0.0
19110,2022-02-01,0.0,3.0,0.0,0.0,0.0,0.0
19110,2022-04-01,3.0,6.0,3.0,0.0,0.0,0.0
19110,2022-08-01,0.0,3.0,0.0,0.0,0.0,0.0
19130,2019-03-01,0.0,0.0,2.0,0.0,0.0,0.0
19130,2019-04-01,0.0,1.0,0.0,0.0,0.0,0.0
19130,2019-06-01,0.0,1.0,0.0,0.0,0.0,0.0
19130,2019-07-01,0.0,0.0,1.0,0.0,0.0,0.0
19130,2019-11-01,0.0,0.0,1.0,0.0,0.0,0.0
19130,2020-10-01,0.0,0.0,1.0,0.0,0.0,0.0
19130,2020-12-01,0.0,1.0,1.0,0.0,0.0,0.0
19130,2021-09-01,0.0,0.0,1.0,0.0,0.0,0.0
19130,2021-10-01,0.0,0.0,2.0,0.0,0.0,0.0
19130,2021-11-01,0.0,2.0,2.0,0.0,0.0,0.0
19130,2022-03-01,0.0,3.0,0.0,0.0,0.0,0.0
19130,2022-04-01,0.0,0.0,6.0,0.0,0.0,0.0
19130,2022-06-01,0.0,3.0,0.0,0.0,0.0,0.0
19137,2019-11-01,0.0,1.0,0.0,0.0,0.0,0.0
19137,2020-10-01,0.0,0.0,1.0,0.0,0.0,0.0
19137,2020-11-01,0.0,1.0,0.0,0.0,0.0,0.0
19137,2020-12-01,0.0,2.0,0.0,0.0,0.0,0.0
19137,2021-04-01,0.0,0.0,1.0,0.0,0.0,0.0
19137,2021-06-01,1.0,0.0,3.0,0.0,0.0,0.0
19137,2021-08-01,0.0,0.0,1.0,0.0,0.0,0.0
19137,2021-10-01,1.0,1.0,0.0,0.0,0.0,0.0
19137,2022-01-01,0.0,3.0,0.0,0.0,0.0,0.0
19137,2022-02-01,0.0,9.0,0.0,0.0,0.0,0.0
19137,2022-03-01,3.0,6.0,0.0,0.0,0.0,0.0
19137,2022-04-01,3.0,3.0,0.0,0.0,0.0,0.0
19137,2022-08-01,0.0,3.0,0.0,0.0,0.0,0.0
19142,2019-04-01,0.0,0.0,0.0,0.0,1.0,0.0
19142,2021-02-01,0.0,0.0,0.0,1.0,0.0,0.0
19142,2021-11-01,0.0,0.0,0.0,1.0,0.0,0.0
19212,2019-03-01,0.0,0.0,0.0,0.0,1.0,0.0
19212,2019-04-01,2.0,0.0,0.0,0.0,0.0,0.0
19212,2019-11-01,0.0,0.0,0.0,0.0,1.0,0.0
19212,2020-03-01,0.0,0.0,1.0,0.0,0.0,0.0
19212,2020-09-01,0.0,0.0,1.0,0.0,0.0,0.0
19212,2020-11-01,0.0,0.0,1.0,0.0,1.0,0.0
19212,2020-12-01,0.0,0.0,1.0,0.0,0.0,0.0
19212,2021-01-01,0.0,0.0,0.0,1.0,0.0,0.0
19212,2021-03-01,0.0,0.0,1.0,0.0,1.0,0.0
19212,2021-05-01,0.0,0.0,0.0,1.0,0.0,0.0
19212,2022-01-01,0.0,0.0,0.0,3.0,0.0,0.0
19212,2022-02-01,3.0,0.0,0.0,0.0,0.0,0.0
19212,2022-08-01,3.0,0.0,0.0,0.0,0.0,0.0
19256,2019-04-01,0.0,1.0,0.0,0.0,0.0,0.0
19256,2019-07-01,0.0,0.0,1.0,0.0,0.0,0.0
19256,2019-11-01,0.0,1.0,0.0,0.0,0.0,0.0
19256,2020-04-01,0.0,0.0,1.0,0.0,0.0,0.0
19256,2020-10-01,0.0,0.0,1.0,0.0,1.0,0.0
19256,2020-11-01,1.0,0.0,0.0,0.0,0.0,0.0
19256,2021-01-01,0.0,1.0,1.0,0.0,0.0,0.0
19256,2021-02-01,0.0,1.0,0.0,0.0,0.0,0.0
19256,2021-03-01,1.0,0.0,0.0,0.0,0.0,0.0
19256,2021-04-01,0.0,0.0,1.0,0.0,1.0,0.0
19256,2021-06-01,0.0,0.0,1.0,0.0,0.0,0.0
19256,2021-08-01,0.0,0.0,1.0,0.0,0.0,0.0
19256,2021-10-01,0.0,0.0,1.0,0.0,0.0,0.0
19256,2021-11-01,0.0,3.0,0.0,0.0,0.0,0.0
19256,2021-12-01,0.0,1.0,0.0,0.0,0.0,0.0
19256,2022-01-01,0.0,3.0,0.0,0.0,0.0,0.0
19256,2022-02-01,0.0,15.0,0.0,0.0,0.0,0.0
19256,2022-03-01,0.0,6.0,0.0,3.0,0.0,0.0
19256,2022-08-01,0.0,0.0,3.0,3.0,0.0,0.0
19290,2021-03-01,0.0,1.0,0.0,0.0,0.0,0.0
19290,2021-12-01,1.0,0.0,0.0,0.0,0.0,0.0
19290,2022-02-01,3.0,0.0,0.0,0.0,0.0,0.0
19290,2022-03-01,0.0,3.0,0.0,0.0,0.0,0.0
19300,2019-07-01,0.0,0.0,1.0,0.0,0.0,0.0
19300,2020-11-01,1.0,0.0,0.0,0.0,0.0,0.0
19300,2020-12-01,0.0,0.0,1.0,0.0,0.0,0.0
19300,2021-06-01,0.0,0.0,1.0,0.0,0.0,0.0
19318,2020-06-01,1.0,0.0,0.0,0.0,0.0,0.0
19318,2021-05-01,1.0,0.0,0.0,0.0,0.0,0.0
19318,2021-08-01,1.0,0.0,0.0,0.0,0.0,0.0
19355,2019-03-01,0.0,1.0,0.0,0.0,1.0,0.0
19355,2019-05-01,0.0,0.0,1.0,0.0,0.0,0.0
19355,2019-06-01,0.0,1.0,0.0,0.0,0.0,0.0
19355,2019-08-01,0.0,1.0,0.0,0.0,0.0,0.0
19355,2020-06-01,0.0,1.0,0.0,0.0,1.0,0.0
19355,2020-11-01,0.0,1.0,0.0,0.0,2.0,0.0
19355,2021-03-01,0.0,0.0,0.0,1.0,1.0,0.0
19355,2021-04-01,1.0,1.0,0.0,0.0,0.0,0.0
19355,2021-08-01,1.0,0.0,0.0,0.0,0.0,0.0
19355,2021-11-01,0.0,1.0,0.0,0.0,0.0,0.0
19355,2022-03-01,0.0,0.0,3.0,0.0,3.0,0.0
19355,2022-04-01,3.0,0.0,0.0,0.0,6.0,0.0
19355,2022-06-01,0.0,3.0,0.0,0.0,0.0,0.0
19355,2022-07-01,0.0,3.0,0.0,0.0,3.0,0.0
19364,2019-04-01,0.0,1.0,0.0,0.0,0.0,0.0
19364,2019-06-01,1.0,0.0,0.0,0.0,0.0,0.0
19364,2019-07-01,0.0,0.0,1.0,0.0,0.0,0.0
19364,2022-09-01,3.0,0.0,0.0,0.0,0.0,0.0
19392,2019-04-01,0.0,3.0,0.0,0.0,0.0,0.0
19392,2019-05-01,0.0,1.0,0.0,0.0,0.0,0.0
19392,2019-07-01,0.0,0.0,1.0,0.0,0.0,0.0
19392,2019-08-01,0.0,0.0,1.0,0.0,0.0,0.0
19392,2020-07-01,0.0,0.0,1.0,0.0,0.0,0.0
19392,2020-08-01,0.0,0.0,1.0,0.0,0.0,0.0
19392,2020-11-01,0.0,1.0,0.0,0.0,0.0,0.0
19392,2020-12-01,0.0,2.0,0.0,0.0,0.0,0.0
19392,2021-01-01,0.0,3.0,0.0,0.0,0.0,0.0
19392,2021-05-01,0.0,0.0,1.0,0.0,0.0,0.0
19392,2021-11-01,1.0,2.0,0.0,0.0,0.0,0.0
19392,2021-12-01,0.0,1.0,1.0,0.0,0.0,0.0
19392,2022-01-01,0.0,0.0,3.0,0.0,0.0,0.0
19392,2022-04-01,0.0,3.0,0.0,0.0,0.0,0.0
19397,2019-02-01,1.0,0.0,0.0,0.0,0.0,0.0
19397,2019-03-01,0.0,1.0,2.0,0.0,0.0,0.0
19397,2019-04-01,0.0,2.0,0.0,0.0,1.0,0.0
19397,2019-08-01,0.0,0.0,1.0,0.0,0.0,0.0
19397,2020-11-01,0.0,0.0,0.0,0.0,0.0,1.0
19397,2021-01-01,0.0,1.0,0.0,0.0,0.0,0.0
19397,2021-03-01,0.0,1.0,0.0,0.0,0.0,0.0
19397,2021-10-01,0.0,0.0,1.0,0.0,1.0,0.0
19397,2021-12-01,1.0,1.0,1.0,0.0,0.0,0.0
19397,2022-02-01,0.0,3.0,0.0,0.0,0.0,0.0
19397,2022-03-01,0.0,3.0,0.0,0.0,0.0,0.0
19418,2019-01-01,0.0,1.0,0.0,0.0,0.0,0.0
19418,2019-04-01,2.0,0.0,0.0,0.0,0.0,0.0
19418,2019-10-01,1.0,0.0,0.0,0.0,0.0,0.0
19418,2019-11-01,2.0,0.0,0.0,0.0,0.0,0.0
19418,2019-12-01,1.0,0.0,0.0,0.0,0.0,0.0
19418,2020-05-01,0.0,2.0,0.0,0.0,0.0,0.0
19418,2020-10-01,1.0,0.0,0.0,1.0,0.0,0.0
19418,2021-11-01,2.0,1.0,0.0,0.0,0.0,0.0
19418,2021-12-01,1.0,1.0,0.0,0.0,0.0,0.0
19418,2022-06-01,0.0,0.0,0.0,3.0,3.0,0.0
19418,2022-07-01,0.0,0.0,0.0,0.0,3.0,0.0
19418,2022-08-01,3.0,0.0,0.0,0.0,0.0,0.0
19450,2019-07-01,0.0,0.0,1.0,0.0,0.0,0.0
19450,2019-11-01,0.0,1.0,0.0,0.0,0.0,0.0
19450,2021-03-01,0.0,0.0,1.0,0.0,0.0,0.0
19450,2021-04-01,0.0,1.0,0.0,1.0,0.0,0.0
19450,2021-06-01,1.0,0.0,1.0,0.0,0.0,0.0
19450,2021-11-01,1.0,1.0,0.0,2.0,0.0,0.0
19450,2022-02-01,0.0,3.0,0.0,3.0,0.0,0.0
19450,2022-03-01,0.0,3.0,3.0,9.0,0.0,0.0
19450,2022-04-01,0.0,0.0,0.0,6.0,0.0,0.0
19455,2019-03-01,0.0,0.0,0.0,0.0,1.0,0.0
19455,2019-04-01,0.0,0.0,0.0,0.0,1.0,0.0
19455,2019-11-01,0.0,0.0,0.0,0.0,1.0,0.0
19455,2020-12-01,0.0,0.0,1.0,0.0,0.0,0.0
19455,2021-03-01,0.0,0.0,0.0,0.0,2.0,0.0
19455,2021-07-01,0.0,0.0,1.0,0.0,0.0,0.0
19455,2022-01-01,0.0,0.0,0.0,0.0,3.0,0.0
19455,2022-02-01,0.0,0.0,3.0,3.0,0.0,0.0
19455,2022-03-01,0.0,0.0,0.0,0.0,3.0,0.0
19455,2022-04-01,0.0,0.0,3.0,0.0,0.0,0.0
19473,2019-05-01,0.0,1.0,0.0,0.0,0.0,0.0
19473,2019-09-01,0.0,0.0,1.0,0.0,0.0,0.0
19473,2021-05-01,0.0,0.0,1.0,0.0,0.0,0.0
19473,2021-06-01,0.0,0.0,1.0,0.0,0.0,0.0
19473,2021-07-01,1.0,0.0,0.0,0.0,0.0,0.0
19473,2022-03-01,0.0,3.0,0.0,0.0,0.0,0.0
19473,2022-05-01,0.0,3.0,0.0,3.0,0.0,0.0
19513,2021-03-01,0.0,0.0,0.0,1.0,0.0,0.0
19513,2021-05-01,1.0,0.0,0.0,0.0,0.0,0.0
19513,2022-03-01,0.0,0.0,0.0,3.0,0.0,0.0
19513,2022-05-01,0.0,0.0,0.0,6.0,0.0,0.0
19517,2019-01-01,0.0,0.0,0.0,0.0,0.0,1.0
19517,2019-03-01,0.0,0.0,0.0,0.0,1.0,0.0
19517,2019-04-01,0.0,0.0,0.0,0.0,1.0,0.0
19517,2019-05-01,1.0,0.0,0.0,0.0,0.0,0.0
19517,2019-06-01,0.0,2.0,0.0,0.0,0.0,0.0
19517,2019-07-01,0.0,1.0,0.0,0.0,0.0,0.0
19517,2020-06-01,0.0,0.0,0.0,1.0,0.0,0.0
19517,2021-03-01,0.0,0.0,1.0,0.0,0.0,0.0
19517,2021-05-01,0.0,2.0,0.0,0.0,0.0,0.0
19517,2021-06-01,0.0,1.0,0.0,0.0,0.0,0.0
19517,2022-01-01,0.0,0.0,0.0,6.0,0.0,0.0
19517,2022-06-01,3.0,9.0,0.0,0.0,0.0,0.0
19532,2019-03-01,0.0,0.0,0.0,0.0,0.0,1.0
19532,2019-05-01,0.0,1.0,0.0,0.0,0.0,0.0
19532,2020-10-01,0.0,0.0,2.0,0.0,0.0,0.0
19532,2020-12-01,4.0,0.0,1.0,0.0,0.0,0.0
19532,2021-01-01,0.0,2.0,0.0,0.0,0.0,0.0
19532,2021-03-01,1.0,1.0,1.0,0.0,0.0,0.0
19532,2021-05-01,0.0,0.0,0.0,1.0,0.0,0.0
19532,2021-06-01,0.0,1.0,1.0,0.0,0.0,0.0
19532,2021-10-01,2.0,0.0,0.0,0.0,0.0,0.0
19532,2021-11-01,2.0,2.0,0.0,1.0,0.0,0.0
19532,2021-12-01,0.0,3.0,0.0,0.0,0.0,0.0
19532,2022-01-01,0.0,0.0,3.0,0.0,0.0,0.0
19532,2022-02-01,0.0,3.0,3.0,0.0,0.0,0.0
19532,2022-03-01,15.0,9.0,0.0,0.0,0.0,0.0
19532,2022-04-01,3.0,3.0,0.0,3.0,0.0,0.0
19532,2022-05-01,3.0,0.0,3.0,0.0,0.0,0.0
19532,2022-07-01,3.0,0.0,0.0,3.0,0.0,0.0
19532,2022-08-01,0.0,0.0,12.0,0.0,0.0,0.0
19532,2022-09-01,0.0,0.0,3.0,0.0,0.0,0.0
19533,2019-03-01,0.0,0.0,0.0,0.0,1.0,0.0
19533,2019-05-01,1.0,0.0,0.0,0.0,0.0,0.0
19533,2019-06-01,0.0,0.0,0.0,0.0,1.0,0.0
19533,2020-01-01,0.0,0.0,1.0,0.0,0.0,0.0
19533,2020-12-01,2.0,0.0,0.0,0.0,0.0,0.0
19533,2021-01-01,0.0,1.0,0.0,1.0,0.0,0.0
19533,2021-07-01,1.0,0.0,0.0,0.0,0.0,0.0
19533,2022-06-01,6.0,0.0,0.0,0.0,0.0,0.0
19533,2022-07-01,6.0,0.0,0.0,0.0,0.0,0.0
19548,2019-03-01,0.0,0.0,1.0,0.0,0.0,0.0
19548,2020-03-01,0.0,0.0,0.0,0.0,1.0,0.0
19548,2021-02-01,0.0,2.0,0.0,0.0,0.0,0.0
19548,2022-01-01,3.0,0.0,0.0,0.0,0.0,0.0
19548,2022-03-01,0.0,0.0,3.0,0.0,0.0,0.0
19548,2022-04-01,0.0,0.0,0.0,0.0,3.0,0.0
19573,2019-03-01,0.0,0.0,0.0,0.0,2.0,0.0
19573,2019-04-01,0.0,0.0,0.0,0.0,1.0,0.0
19573,2020-11-01,0.0,0.0,0.0,0.0,1.0,0.0
19573,2020-12-01,0.0,0.0,1.0,0.0,0.0,0.0
19573,2021-03-01,2.0,0.0,0.0,0.0,0.0,0.0
19573,2021-09-01,0.0,1.0,0.0,0.0,0.0,0.0
19573,2022-01-01,3.0,0.0,0.0,0.0,0.0,0.0
19573,2022-06-01,3.0,0.0,0.0,0.0,0.0,0.0
19573,2022-07-01,6.0,3.0,0.0,0.0,0.0,0.0
19585,2019-04-01,1.0,0.0,0.0,0.0,0.0,0.0
19585,2019-08-01,0.0,0.0,1.0,0.0,0.0,0.0
19585,2020-01-01,0.0,0.0,0.0,0.0,0.0,1.0
19585,2020-11-01,1.0,0.0,0.0,0.0,0.0,1.0
19585,2021-06-01,0.0,1.0,0.0,0.0,0.0,0.0
19585,2021-11-01,0.0,2.0,0.0,0.0,0.0,0.0
19585,2021-12-01,0.0,1.0,0.0,0.0,0.0,0.0
19585,2022-02-01,0.0,0.0,0.0,3.0,0.0,0.0
19585,2022-03-01,0.0,3.0,0.0,0.0,0.0,0.0
19585,2022-04-01,3.0,0.0,0.0,0.0,0.0,0.0
19585,2022-07-01,0.0,0.0,3.0,0.0,0.0,0.0
19585,2022-08-01,0.0,0.0,0.0,0.0,0.0,3.0
19585,2022-09-01,0.0,0.0,0.0,0.0,0.0,3.0
19622,2019-04-01,0.0,1.0,0.0,0.0,0.0,0.0
19622,2019-11-01,0.0,1.0,0.0,0.0,0.0,0.0
19622,2021-01-01,0.0,1.0,0.0,0.0,0.0,0.0
19622,2021-12-01,1.0,2.0,0.0,0.0,0.0,0.0
19622,2022-01-01,0.0,3.0,0.0,0.0,0.0,0.0
19622,2022-03-01,0.0,3.0,0.0,0.0,0.0,0.0
19622,2022-09-01,0.0,0.0,3.0,0.0,0.0,0.0
19693,2020-01-01,0.0,0.0,0.0,0.0,0.0,2.0
19693,2021-03-01,0.0,0.0,0.0,0.0,1.0,0.0
19693,2021-06-01,0.0,0.0,2.0,0.0,0.0,0.0
19693,2021-10-01,0.0,0.0,1.0,0.0,0.0,0.0
19693,2021-11-01,0.0,1.0,0.0,0.0,0.0,0.0
19693,2022-02-01,0.0,3.0,0.0,0.0,0.0,0.0
19693,2022-03-01,0.0,6.0,0.0,0.0,0.0,0.0
19693,2022-08-01,0.0,0.0,0.0,0.0,0.0,3.0
19698,2019-02-01,0.0,0.0,1.0,0.0,0.0,0.0
19698,2019-06-01,0.0,1.0,0.0,0.0,0.0,0.0
19698,2019-08-01,0.0,0.0,1.0,0.0,0.0,0.0
19698,2019-11-01,0.0,0.0,1.0,0.0,0.0,0.0
19698,2020-03-01,0.0,0.0,1.0,0.0,0.0,0.0
19698,2020-11-01,0.0,0.0,1.0,0.0,0.0,0.0
19698,2021-10-01,0.0,0.0,0.0,1.0,0.0,0.0
19698,2022-01-01,0.0,3.0,0.0,0.0,0.0,0.0
19698,2022-03-01,3.0,3.0,0.0,0.0,0.0,0.0
19701,2019-03-01,0.0,1.0,0.0,0.0,0.0,0.0
19701,2019-11-01,0.0,1.0,0.0,0.0,0.0,0.0
19701,2020-01-01,0.0,0.0,1.0,0.0,0.0,0.0
19701,2021-06-01,0.0,0.0,0.0,0.0,1.0,0.0
19701,2022-05-01,0.0,6.0,0.0,0.0,0.0,0.0
19701,2022-09-01,0.0,0.0,3.0,0.0,0.0,0.0
19743,2019-03-01,0.0,0.0,0.0,0.0,1.0,0.0
19743,2019-10-01,0.0,0.0,1.0,0.0,0.0,0.0
19743,2020-03-01,0.0,0.0,0.0,1.0,1.0,0.0
19743,2020-11-01,0.0,1.0,0.0,0.0,0.0,0.0
19743,2021-03-01,0.0,1.0,0.0,0.0,0.0,0.0
19743,2022-02-01,0.0,6.0,0.0,0.0,0.0,0.0
19743,2022-03-01,9.0,3.0,0.0,0.0,0.0,0.0
19743,2022-04-01,0.0,3.0,0.0,6.0,0.0,0.0
19743,2022-09-01,0.0,0.0,3.0,0.0,0.0,0.0
19760,2019-04-01,0.0,0.0,1.0,0.0,0.0,0.0
19760,2020-12-01,0.0,0.0,0.0,1.0,0.0,0.0
19760,2021-01-01,0.0,1.0,0.0,0.0,0.0,0.0
19760,2021-02-01,0.0,1.0,0.0,0.0,0.0,0.0
19760,2021-03-01,0.0,1.0,0.0,0.0,0.0,0.0
19760,2021-10-01,0.0,0.0,1.0,0.0,0.0,0.0
19760,2021-11-01,0.0,1.0,0.0,0.0,0.0,0.0
19760,2021-12-01,0.0,1.0,0.0,0.0,0.0,0.0
19760,2022-01-01,0.0,3.0,0.0,0.0,0.0,0.0
19760,2022-02-01,0.0,3.0,3.0,3.0,0.0,0.0
19760,2022-03-01,3.0,6.0,0.0,0.0,0.0,0.0
19760,2022-04-01,0.0,0.0,0.0,6.0,0.0,0.0
19780,2019-04-01,0.0,1.0,0.0,0.0,0.0,0.0
19780,2019-11-01,1.0,1.0,0.0,0.0,0.0,0.0
19780,2020-10-01,0.0,0.0,1.0,0.0,0.0,0.0
19780,2020-11-01,1.0,1.0,1.0,0.0,0.0,0.0
19780,2020-12-01,0.0,3.0,1.0,2.0,0.0,0.0
19780,2021-02-01,1.0,0.0,0.0,0.0,0.0,0.0
19780,2021-03-01,0.0,5.0,0.0,0.0,0.0,0.0
19780,2021-06-01,0.0,1.0,1.0,0.0,0.0,0.0
19780,2021-07-01,0.0,1.0,0.0,0.0,1.0,0.0
19780,2021-08-01,0.0,0.0,1.0,0.0,0.0,0.0
19780,2021-09-01,1.0,1.0,0.0,0.0,0.0,0.0
19780,2021-10-01,0.0,1.0,2.0,0.0,0.0,0.0
19780,2021-11-01,1.0,1.0,1.0,0.0,0.0,0.0
19780,2021-12-01,1.0,1.0,0.0,0.0,0.0,0.0
19780,2022-03-01,3.0,12.0,0.0,0.0,0.0,0.0
19780,2022-04-01,3.0,6.0,6.0,3.0,0.0,0.0
19780,2022-05-01,0.0,3.0,3.0,0.0,0.0,0.0
19780,2022-07-01,0.0,3.0,3.0,0.0,0.0,0.0
19785,2019-04-01,0.0,1.0,0.0,0.0,0.0,0.0
19785,2019-06-01,0.0,0.0,0.0,0.0,1.0,0.0
19785,2019-08-01,0.0,0.0,1.0,0.0,0.0,0.0
19785,2019-11-01,0.0,1.0,0.0,0.0,0.0,0.0
19785,2020-01-01,0.0,1.0,0.0,0.0,0.0,0.0
19785,2020-11-01,0.0,1.0,0.0,0.0,0.0,0.0
19785,2021-02-01,0.0,0.0,1.0,0.0,0.0,0.0
19785,2021-06-01,0.0,3.0,0.0,0.0,0.0,0.0
19785,2021-07-01,0.0,2.0,1.0,0.0,0.0,0.0
19785,2021-09-01,0.0,0.0,1.0,0.0,0.0,0.0
19785,2021-10-01,0.0,1.0,0.0,0.0,1.0,0.0
19785,2021-11-01,1.0,4.0,0.0,0.0,0.0,0.0
19785,2021-12-01,2.0,0.0,2.0,0.0,0.0,0.0
19785,2022-05-01,0.0,3.0,0.0,0.0,0.0,0.0
19785,2022-08-01,0.0,3.0,3.0,0.0,0.0,0.0
19785,2022-09-01,0.0,0.0,3.0,0.0,0.0,0.0
19807,2019-03-01,0.0,1.0,0.0,0.0,0.0,0.0
19807,2021-11-01,0.0,1.0,0.0,0.0,0.0,0.0
19807,2021-12-01,0.0,1.0,1.0,0.0,0.0,0.0
19807,2022-01-01,0.0,0.0,0.0,3.0,0.0,0.0
19807,2022-02-01,0.0,3.0,0.0,0.0,0.0,0.0
19807,2022-03-01,0.0,3.0,0.0,0.0,0.0,0.0
19807,2022-07-01,0.0,3.0,0.0,0.0,0.0,0.0
19809,2019-01-01,0.0,0.0,0.0,0.0,0.0,1.0
19809,2019-03-01,0.0,0.0,1.0,0.0,0.0,0.0
19809,2019-04-01,2.0,0.0,0.0,0.0,0.0,0.0
19809,2019-05-01,1.0,0.0,1.0,0.0,0.0,0.0
19809,2019-07-01,1.0,0.0,0.0,0.0,0.0,0.0
19809,2020-05-01,1.0,0.0,0.0,0.0,0.0,1.0
19809,2020-07-01,1.0,0.0,0.0,0.0,0.0,0.0
19809,2020-10-01,0.0,0.0,2.0,0.0,0.0,0.0
19809,2021-05-01,0.0,1.0,0.0,0.0,0.0,0.0
19809,2021-08-01,0.0,0.0,0.0,2.0,0.0,0.0
19809,2021-09-01,0.0,0.0,0.0,1.0,0.0,0.0
19809,2021-10-01,0.0,0.0,1.0,0.0,0.0,0.0
19821,2019-01-01,0.0,0.0,0.0,0.0,0.0,1.0
19821,2019-04-01,0.0,0.0,0.0,0.0,1.0,0.0
19821,2020-12-01,0.0,2.0,0.0,0.0,0.0,0.0
19821,2021-02-01,0.0,1.0,1.0,1.0,0.0,0.0
19821,2021-03-01,0.0,0.0,0.0,2.0,0.0,0.0
19821,2022-01-01,0.0,0.0,0.0,3.0,0.0,0.0
19821,2022-03-01,0.0,6.0,0.0,3.0,3.0,0.0
19821,2022-04-01,0.0,6.0,0.0,0.0,0.0,0.0
19824,2020-01-01,0.0,0.0,0.0,0.0,0.0,1.0
19824,2021-07-01,0.0,0.0,1.0,0.0,0.0,0.0
19824,2021-11-01,1.0,0.0,0.0,1.0,0.0,0.0
19824,2022-01-01,0.0,3.0,0.0,0.0,0.0,0.0
19824,2022-02-01,0.0,3.0,0.0,0.0,0.0,0.0
19824,2022-03-01,0.0,3.0,0.0,0.0,0.0,0.0
19824,2022-06-01,0.0,0.0,3.0,0.0,0.0,0.0
19824,2022-07-01,0.0,3.0,0.0,0.0,0.0,0.0
19824,2022-08-01,0.0,0.0,0.0,0.0,0.0,3.0
19824,2022-09-01,0.0,0.0,3.0,0.0,0.0,0.0
19845,2021-03-01,0.0,1.0,0.0,0.0,0.0,0.0
19845,2022-02-01,0.0,0.0,6.0,0.0,0.0,0.0
20001,2019-01-01,0.0,1.0,0.0,0.0,0.0,0.0
20001,2019-05-01,1.0,0.0,0.0,0.0,0.0,0.0
20001,2020-06-01,1.0,0.0,0.0,0.0,0.0,0.0
20001,2020-09-01,0.0,0.0,1.0,0.0,0.0,0.0
20001,2020-10-01,1.0,0.0,1.0,0.0,0.0,0.0
20001,2020-11-01,0.0,1.0,0.0,0.0,0.0,0.0
20001,2021-06-01,1.0,0.0,0.0,0.0,0.0,0.0
20001,2021-07-01,1.0,0.0,0.0,0.0,0.0,0.0
20001,2021-08-01,1.0,1.0,1.0,1.0,0.0,0.0
20011,2019-04-01,0.0,0.0,1.0,0.0,0.0,0.0
20011,2019-07-01,0.0,0.0,1.0,0.0,0.0,0.0
20011,2021-02-01,0.0,0.0,2.0,0.0,0.0,0.0
20011,2021-09-01,0.0,0.0,1.0,0.0,0.0,0.0
20011,2022-04-01,3.0,0.0,0.0,0.0,0.0,0.0
20011,2022-06-01,3.0,0.0,0.0,0.0,0.0,0.0
20011,2022-09-01,0.0,3.0,0.0,0.0,0.0,0.0
20013,2019-05-01,0.0,0.0,1.0,0.0,0.0,0.0
20013,2019-09-01,0.0,0.0,1.0,0.0,0.0,0.0
20013,2021-02-01,0.0,0.0,1.0,0.0,0.0,0.0
20013,2022-04-01,0.0,0.0,3.0,0.0,0.0,0.0
20032,2019-03-01,0.0,0.0,1.0,0.0,0.0,0.0
20032,2019-08-01,0.0,0.0,2.0,0.0,0.0,0.0
20032,2020-04-01,0.0,0.0,2.0,0.0,0.0,0.0
20032,2020-08-01,0.0,0.0,1.0,0.0,0.0,0.0
20032,2021-03-01,0.0,0.0,1.0,0.0,0.0,0.0
20032,2021-05-01,0.0,0.0,1.0,0.0,0.0,0.0
20032,2021-09-01,2.0,0.0,0.0,0.0,0.0,0.0
20045,2019-10-01,1.0,1.0,0.0,0.0,0.0,0.0
20060,2019-08-01,0.0,0.0,1.0,0.0,0.0,0.0
20060,2019-09-01,0.0,0.0,0.0,0.0,1.0,0.0
20060,2020-04-01,1.0,0.0,0.0,0.0,0.0,0.0
20060,2020-05-01,0.0,0.0,1.0,0.0,0.0,0.0
20060,2020-08-01,0.0,0.0,1.0,0.0,0.0,0.0
20060,2020-11-01,2.0,0.0,0.0,0.0,0.0,0.0
20060,2021-02-01,0.0,0.0,0.0,0.0,0.0,1.0
20060,2022-06-01,3.0,0.0,0.0,0.0,0.0,0.0
20060,2022-09-01,3.0,0.0,0.0,0.0,0.0,0.0
20175,2019-06-01,0.0,0.0,1.0,0.0,0.0,0.0
20175,2022-04-01,0.0,0.0,3.0,0.0,0.0,0.0
20175,2022-09-01,3.0,0.0,0.0,0.0,0.0,0.0
20178,2020-07-01,1.0,0.0,0.0,0.0,0.0,0.0
20178,2021-09-01,1.0,0.0,0.0,0.0,0.0,0.0
20178,2022-04-01,3.0,0.0,0.0,0.0,0.0,0.0
20178,2022-06-01,3.0,0.0,0.0,0.0,0.0,0.0
20178,2022-07-01,3.0,0.0,0.0,0.0,0.0,0.0
20178,2022-08-01,0.0,0.0,3.0,0.0,0.0,0.0
20178,2022-09-01,3.0,0.0,0.0,0.0,0.0,0.0
20228,2020-04-01,0.0,0.0,1.0,0.0,0.0,0.0
20228,2020-05-01,1.0,0.0,0.0,0.0,0.0,0.0
20228,2021-07-01,1.0,0.0,0.0,0.0,0.0,0.0
20228,2021-11-01,2.0,0.0,0.0,1.0,0.0,0.0
20228,2022-04-01,3.0,0.0,0.0,0.0,0.0,0.0
20228,2022-08-01,3.0,0.0,0.0,0.0,0.0,0.0
20228,2022-09-01,3.0,0.0,0.0,0.0,0.0,0.0
20238,2019-03-01,0.0,0.0,1.0,0.0,0.0,0.0
20238,2019-08-01,0.0,0.0,1.0,0.0,0.0,0.0
20238,2020-04-01,1.0,0.0,0.0,0.0,0.0,0.0
20238,2020-05-01,0.0,0.0,1.0,0.0,0.0,0.0
20238,2020-11-01,1.0,0.0,0.0,0.0,0.0,0.0
20238,2021-01-01,0.0,0.0,1.0,0.0,0.0,0.0
20238,2021-09-01,1.0,0.0,0.0,0.0,0.0,0.0
20238,2022-03-01,0.0,0.0,3.0,0.0,0.0,0.0
20250,2019-03-01,0.0,0.0,1.0,0.0,0.0,0.0
20250,2020-05-01,0.0,0.0,1.0,0.0,0.0,0.0
20250,2020-08-01,1.0,0.0,0.0,0.0,0.0,0.0
20250,2021-06-01,0.0,0.0,1.0,0.0,0.0,0.0
20250,2021-08-01,1.0,0.0,0.0,0.0,0.0,0.0
20250,2021-10-01,0.0,0.0,1.0,0.0,0.0,0.0
20250,2022-09-01,3.0,0.0,0.0,0.0,0.0,0.0
20295,2020-06-01,1.0,0.0,0.0,0.0,0.0,0.0
20295,2021-07-01,1.0,0.0,0.0,0.0,0.0,0.0
20310,2021-07-01,1.0,0.0,0.0,0.0,0.0,0.0
20383,2020-10-01,1.0,0.0,0.0,0.0,0.0,0.0
20383,2021-02-01,0.0,0.0,0.0,0.0,0.0,1.0
20383,2021-08-01,0.0,0.0,1.0,0.0,0.0,0.0
20400,2020-10-01,0.0,0.0,0.0,1.0,0.0,0.0
20400,2022-09-01,6.0,0.0,0.0,0.0,0.0,0.0
20443,2019-10-01,1.0,1.0,0.0,0.0,0.0,0.0
20443,2021-02-01,0.0,1.0,1.0,0.0,0.0,0.0
20443,2021-07-01,0.0,0.0,1.0,0.0,0.0,0.0
20443,2021-08-01,0.0,1.0,0.0,0.0,0.0,0.0
20443,2021-10-01,0.0,0.0,1.0,0.0,0.0,0.0
20517,2020-04-01,0.0,0.0,1.0,0.0,0.0,0.0
20517,2022-09-01,3.0,0.0,0.0,0.0,0.0,0.0
20550,2019-09-01,1.0,0.0,1.0,0.0,0.0,0.0
20550,2021-05-01,0.0,0.0,1.0,0.0,0.0,0.0
20550,2021-09-01,1.0,0.0,0.0,0.0,0.0,0.0
20550,2022-09-01,3.0,0.0,0.0,0.0,0.0,0.0
20570,2019-05-01,0.0,0.0,1.0,0.0,0.0,0.0
20570,2019-06-01,0.0,0.0,2.0,0.0,0.0,0.0
20570,2019-09-01,0.0,0.0,1.0,0.0,0.0,0.0
20570,2020-08-01,0.0,0.0,1.0,0.0,0.0,0.0
20570,2020-11-01,0.0,1.0,0.0,0.0,0.0,0.0
20570,2021-08-01,0.0,1.0,0.0,0.0,0.0,0.0
20570,2021-11-01,1.0,0.0,0.0,0.0,0.0,0.0
20570,2022-04-01,3.0,0.0,0.0,0.0,0.0,0.0
20570,2022-06-01,0.0,0.0,3.0,0.0,0.0,0.0
20614,2020-03-01,0.0,0.0,0.0,0.0,0.0,1.0
20614,2020-05-01,0.0,1.0,0.0,0.0,0.0,0.0
20614,2021-03-01,0.0,0.0,1.0,0.0,0.0,0.0
20621,2019-10-01,1.0,0.0,0.0,0.0,0.0,0.0
20621,2020-10-01,0.0,0.0,1.0,0.0,0.0,0.0
20621,2021-03-01,0.0,0.0,0.0,0.0,0.0,1.0
20710,2019-04-01,0.0,0.0,1.0,0.0,0.0,0.0
20710,2019-09-01,0.0,0.0,1.0,0.0,0.0,0.0
20710,2020-10-01,2.0,0.0,0.0,0.0,0.0,0.0
20750,2019-06-01,1.0,0.0,0.0,0.0,0.0,0.0
20750,2021-02-01,0.0,0.0,1.0,0.0,0.0,0.0
20750,2021-08-01,1.0,0.0,0.0,0.0,0.0,0.0
20750,2021-09-01,1.0,0.0,0.0,0.0,0.0,0.0
20770,2019-10-01,1.0,0.0,0.0,0.0,0.0,0.0
20770,2020-10-01,1.0,0.0,0.0,0.0,0.0,0.0
20770,2021-05-01,1.0,0.0,0.0,0.0,0.0,0.0
20770,2021-06-01,2.0,0.0,0.0,0.0,0.0,0.0
20770,2021-07-01,0.0,0.0,1.0,0.0,0.0,0.0
20770,2021-10-01,0.0,0.0,1.0,0.0,0.0,0.0
20770,2021-11-01,0.0,1.0,0.0,0.0,0.0,0.0
20787,2019-05-01,1.0,0.0,0.0,0.0,0.0,0.0
20787,2019-08-01,0.0,0.0,1.0,0.0,0.0,0.0
20787,2020-05-01,0.0,0.0,1.0,0.0,0.0,0.0
20787,2020-12-01,1.0,0.0,0.0,0.0,0.0,0.0
20787,2021-11-01,1.0,0.0,0.0,0.0,0.0,0.0
20787,2022-05-01,3.0,0.0,0.0,0.0,0.0,0.0
20787,2022-07-01,3.0,0.0,0.0,0.0,0.0,0.0
20787,2022-09-01,3.0,0.0,0.0,0.0,0.0,0.0
23001,2019-03-01,0.0,0.0,0.0,0.0,0.0,1.0
23001,2019-05-01,1.0,0.0,1.0,0.0,0.0,0.0
23001,2019-06-01,1.0,0.0,0.0,0.0,0.0,0.0
23001,2019-07-01,0.0,0.0,1.0,0.0,0.0,0.0
23001,2019-08-01,0.0,0.0,2.0,0.0,0.0,0.0
23001,2019-10-01,1.0,0.0,0.0,0.0,0.0,0.0
23001,2020-03-01,0.0,0.0,0.0,0.0,0.0,1.0
23001,2020-07-01,2.0,0.0,1.0,0.0,0.0,0.0
23001,2021-06-01,0.0,0.0,1.0,0.0,0.0,0.0
23001,2021-07-01,1.0,0.0,0.0,0.0,0.0,0.0
23001,2022-09-01,3.0,0.0,0.0,0.0,0.0,0.0
23068,2019-02-01,1.0,0.0,0.0,0.0,0.0,0.0
23068,2019-06-01,1.0,0.0,0.0,0.0,0.0,0.0
23068,2020-02-01,0.0,0.0,0.0,0.0,0.0,1.0
23068,2021-08-01,2.0,0.0,0.0,0.0,0.0,0.0
23068,2021-10-01,0.0,0.0,1.0,0.0,0.0,0.0
23068,2022-05-01,3.0,0.0,0.0,0.0,0.0,0.0
23068,2022-08-01,0.0,0.0,0.0,3.0,0.0,0.0
23079,2019-05-01,1.0,0.0,0.0,0.0,0.0,0.0
23079,2019-08-01,0.0,0.0,1.0,0.0,0.0,0.0
23079,2020-01-01,0.0,0.0,0.0,0.0,0.0,1.0
23079,2021-03-01,0.0,0.0,1.0,0.0,0.0,0.0
23090,2019-07-01,0.0,0.0,1.0,0.0,0.0,0.0
23090,2019-08-01,0.0,0.0,1.0,0.0,0.0,0.0
23090,2020-01-01,0.0,0.0,0.0,0.0,0.0,1.0
23090,2020-07-01,1.0,0.0,0.0,0.0,0.0,0.0
23090,2020-11-01,1.0,0.0,0.0,0.0,0.0,0.0
23090,2021-12-01,1.0,0.0,0.0,0.0,0.0,0.0
23162,2019-06-01,1.0,0.0,0.0,0.0,0.0,0.0
23162,2019-12-01,0.0,1.0,0.0,0.0,0.0,0.0
23162,2020-10-01,1.0,0.0,0.0,0.0,0.0,0.0
23162,2022-09-01,0.0,0.0,3.0,0.0,0.0,0.0
23168,2020-01-01,0.0,0.0,0.0,0.0,0.0,1.0
23168,2020-08-01,0.0,0.0,1.0,0.0,0.0,0.0
23182,2019-05-01,1.0,0.0,0.0,0.0,0.0,0.0
23189,2019-06-01,0.0,0.0,1.0,0.0,0.0,0.0
23189,2020-01-01,0.0,0.0,0.0,0.0,0.0,1.0
23189,2020-10-01,1.0,0.0,0.0,0.0,0.0,0.0
23189,2022-08-01,3.0,0.0,0.0,0.0,0.0,0.0
23300,2019-06-01,1.0,0.0,0.0,0.0,0.0,0.0
23300,2020-01-01,0.0,0.0,0.0,0.0,0.0,1.0
23300,2020-07-01,0.0,0.0,1.0,0.0,0.0,0.0
23300,2021-02-01,0.0,0.0,0.0,0.0,0.0,1.0
23300,2021-08-01,1.0,0.0,0.0,0.0,0.0,0.0
23350,2019-04-01,1.0,0.0,0.0,0.0,0.0,0.0
23350,2019-05-01,2.0,0.0,0.0,0.0,0.0,0.0
23350,2019-08-01,0.0,0.0,1.0,0.0,0.0,0.0
23350,2020-08-01,1.0,0.0,0.0,0.0,0.0,0.0
23350,2022-07-01,3.0,0.0,0.0,0.0,0.0,0.0
23417,2019-05-01,1.0,0.0,0.0,0.0,0.0,0.0
23417,2019-07-01,1.0,0.0,0.0,0.0,0.0,0.0
23417,2019-08-01,0.0,0.0,1.0,0.0,0.0,0.0
23417,2019-10-01,1.0,0.0,0.0,0.0,0.0,0.0
23417,2020-02-01,0.0,0.0,0.0,0.0,0.0,1.0
23417,2021-08-01,1.0,0.0,0.0,0.0,0.0,0.0
23417,2022-07-01,6.0,0.0,0.0,0.0,0.0,0.0
23419,2019-01-01,0.0,1.0,0.0,0.0,0.0,0.0
23419,2019-05-01,1.0,0.0,0.0,0.0,0.0,0.0
23419,2019-06-01,1.0,0.0,0.0,0.0,0.0,0.0
23419,2020-01-01,0.0,1.0,0.0,0.0,0.0,1.0
23419,2020-07-01,1.0,0.0,0.0,0.0,0.0,0.0
23464,2019-10-01,1.0,0.0,0.0,0.0,0.0,0.0
23464,2020-02-01,0.0,0.0,0.0,0.0,0.0,1.0
23466,2019-05-01,1.0,0.0,0.0,0.0,0.0,0.0
23466,2019-06-01,1.0,0.0,0.0,0.0,0.0,0.0
23466,2019-08-01,0.0,0.0,1.0,0.0,0.0,0.0
23466,2019-11-01,0.0,0.0,1.0,0.0,0.0,0.0
23466,2020-02-01,0.0,0.0,0.0,0.0,0.0,1.0
23466,2020-08-01,0.0,0.0,1.0,0.0,0.0,0.0
23466,2021-07-01,2.0,0.0,0.0,0.0,0.0,0.0
23500,2019-11-01,1.0,0.0,0.0,0.0,0.0,0.0
23500,2020-01-01,0.0,2.0,0.0,0.0,0.0,0.0
23500,2020-02-01,0.0,0.0,0.0,0.0,0.0,1.0
23555,2019-02-01,0.0,0.0,0.0,0.0,0.0,1.0
23555,2019-08-01,0.0,0.0,1.0,0.0,0.0,0.0
23555,2019-10-01,1.0,0.0,0.0,0.0,0.0,0.0
23555,2020-01-01,0.0,0.0,0.0,0.0,0.0,1.0
23555,2020-02-01,0.0,0.0,0.0,0.0,0.0,1.0
23555,2021-08-01,1.0,0.0,0.0,0.0,0.0,0.0
23570,2019-06-01,1.0,0.0,0.0,0.0,0.0,0.0
23570,2019-08-01,0.0,0.0,1.0,0.0,0.0,0.0
23570,2020-01-01,0.0,0.0,0.0,0.0,0.0,1.0
23570,2021-03-01,0.0,0.0,0.0,0.0,0.0,1.0
23570,2021-09-01,1.0,0.0,0.0,0.0,0.0,0.0
23574,2020-01-01,0.0,0.0,0.0,0.0,0.0,1.0
23574,2022-09-01,3.0,0.0,0.0,0.0,0.0,0.0
23580,2019-05-01,1.0,0.0,1.0,0.0,0.0,0.0
23580,2019-06-01,1.0,0.0,0.0,0.0,0.0,0.0
23580,2019-07-01,0.0,0.0,1.0,0.0,0.0,0.0
23580,2019-08-01,1.0,0.0,2.0,0.0,0.0,0.0
23580,2019-10-01,1.0,0.0,0.0,0.0,0.0,0.0
23580,2020-09-01,0.0,0.0,1.0,0.0,0.0,0.0
23586,2019-10-01,1.0,0.0,0.0,0.0,0.0,0.0
23586,2022-07-01,3.0,0.0,0.0,0.0,0.0,0.0
23660,2019-05-01,1.0,0.0,0.0,0.0,0.0,0.0
23660,2021-04-01,0.0,0.0,1.0,0.0,0.0,0.0
23660,2021-09-01,0.0,0.0,1.0,0.0,0.0,0.0
23670,2020-02-01,0.0,0.0,0.0,0.0,0.0,1.0
23672,2020-01-01,0.0,0.0,0.0,0.0,0.0,1.0
23672,2021-09-01,1.0,0.0,0.0,0.0,0.0,0.0
23675,2019-07-01,0.0,0.0,1.0,0.0,0.0,0.0
23675,2019-08-01,0.0,0.0,2.0,0.0,0.0,0.0
23675,2019-10-01,1.0,0.0,0.0,0.0,0.0,0.0
23675,2019-11-01,1.0,0.0,0.0,0.0,0.0,0.0
23675,2020-01-01,0.0,0.0,0.0,0.0,0.0,1.0
23675,2020-08-01,0.0,0.0,1.0,0.0,0.0,0.0
23675,2022-04-01,0.0,0.0,0.0,0.0,3.0,0.0
23678,2020-01-01,0.0,0.0,0.0,0.0,0.0,1.0
23678,2021-12-01,1.0,0.0,0.0,0.0,0.0,0.0
23682,2021-06-01,0.0,0.0,0.0,1.0,0.0,0.0
23682,2022-05-01,0.0,0.0,3.0,0.0,0.0,0.0
23682,2022-06-01,3.0,0.0,0.0,0.0,0.0,0.0
23682,2022-07-01,3.0,0.0,0.0,0.0,0.0,0.0
23686,2019-07-01,0.0,0.0,1.0,0.0,0.0,0.0
23686,2019-08-01,0.0,1.0,0.0,0.0,0.0,0.0
23686,2020-01-01,0.0,0.0,0.0,0.0,0.0,1.0
23686,2020-08-01,0.0,0.0,1.0,0.0,0.0,0.0
23686,2020-11-01,0.0,1.0,0.0,0.0,0.0,0.0
23686,2021-09-01,2.0,0.0,0.0,0.0,0.0,0.0
23686,2021-11-01,1.0,0.0,0.0,0.0,0.0,0.0
23686,2022-09-01,3.0,0.0,3.0,0.0,0.0,0.0
23807,2019-05-01,1.0,0.0,0.0,0.0,0.0,0.0
23807,2019-06-01,1.0,1.0,0.0,0.0,0.0,0.0
23807,2019-08-01,0.0,0.0,1.0,0.0,0.0,0.0
23807,2020-09-01,0.0,0.0,1.0,0.0,0.0,0.0
23855,2019-06-01,1.0,0.0,0.0,0.0,0.0,0.0
23855,2019-11-01,0.0,1.0,0.0,0.0,0.0,0.0
23855,2020-09-01,0.0,0.0,1.0,0.0,0.0,0.0
25001,2021-05-01,1.0,0.0,0.0,0.0,0.0,0.0
25001,2022-05-01,3.0,3.0,0.0,0.0,0.0,0.0
25019,2019-10-01,0.0,1.0,0.0,0.0,0.0,0.0
25019,2020-07-01,0.0,0.0,1.0,0.0,0.0,0.0
25019,2020-12-01,0.0,1.0,0.0,0.0,0.0,0.0
25019,2021-03-01,0.0,1.0,0.0,0.0,0.0,0.0
25019,2021-06-01,0.0,0.0,1.0,0.0,0.0,0.0
25019,2022-03-01,3.0,3.0,0.0,0.0,0.0,0.0
25035,2019-03-01,0.0,0.0,1.0,0.0,0.0,0.0
25035,2021-04-01,2.0,1.0,0.0,1.0,0.0,0.0
25035,2021-05-01,0.0,2.0,0.0,0.0,0.0,0.0
25035,2021-06-01,0.0,1.0,0.0,0.0,0.0,0.0
25035,2021-10-01,0.0,0.0,1.0,0.0,0.0,0.0
25035,2021-11-01,0.0,0.0,0.0,1.0,0.0,0.0
25035,2022-02-01,0.0,3.0,0.0,0.0,0.0,0.0
25035,2022-03-01,0.0,3.0,0.0,0.0,0.0,0.0
25035,2022-04-01,0.0,3.0,0.0,3.0,0.0,0.0
25035,2022-06-01,3.0,0.0,0.0,0.0,0.0,0.0
25040,2020-05-01,0.0,0.0,1.0,0.0,0.0,0.0
25040,2020-11-01,0.0,1.0,0.0,0.0,0.0,0.0
25040,2021-04-01,0.0,1.0,0.0,0.0,0.0,0.0
25040,2021-10-01,0.0,1.0,0.0,0.0,0.0,0.0
25040,2021-11-01,0.0,1.0,0.0,0.0,0.0,0.0
25040,2022-04-01,0.0,6.0,0.0,0.0,0.0,0.0
25040,2022-05-01,3.0,3.0,3.0,0.0,0.0,0.0
25040,2022-06-01,0.0,3.0,0.0,0.0,0.0,0.0
25053,2020-01-01,0.0,1.0,0.0,0.0,0.0,0.0
25053,2020-11-01,1.0,0.0,1.0,0.0,0.0,0.0
25053,2021-03-01,0.0,1.0,0.0,0.0,0.0,0.0
25053,2022-04-01,3.0,3.0,0.0,3.0,0.0,0.0
25053,2022-06-01,0.0,6.0,0.0,0.0,0.0,0.0
25086,2019-04-01,1.0,0.0,0.0,0.0,0.0,0.0
25086,2019-09-01,0.0,0.0,1.0,0.0,0.0,0.0
25086,2021-03-01,0.0,1.0,0.0,0.0,0.0,0.0
25086,2021-08-01,0.0,1.0,0.0,0.0,0.0,0.0
25086,2021-11-01,1.0,0.0,0.0,0.0,0.0,0.0
25086,2022-04-01,0.0,3.0,0.0,0.0,0.0,0.0
25095,2021-10-01,0.0,1.0,0.0,0.0,0.0,0.0
25095,2022-02-01,0.0,6.0,0.0,0.0,0.0,0.0
25095,2022-03-01,3.0,6.0,0.0,3.0,0.0,0.0
25095,2022-04-01,0.0,3.0,0.0,0.0,0.0,0.0
25099,2020-05-01,0.0,1.0,0.0,0.0,0.0,0.0
25099,2021-11-01,0.0,1.0,0.0,0.0,0.0,0.0
25099,2022-04-01,0.0,3.0,0.0,0.0,0.0,0.0
25120,2020-07-01,0.0,1.0,0.0,0.0,0.0,0.0
25120,2021-04-01,0.0,3.0,0.0,0.0,0.0,0.0
25120,2021-05-01,0.0,1.0,0.0,0.0,0.0,0.0
25120,2021-10-01,0.0,1.0,0.0,0.0,0.0,0.0
25120,2021-11-01,0.0,1.0,0.0,0.0,0.0,0.0
25120,2022-05-01,3.0,3.0,0.0,0.0,0.0,0.0
25120,2022-06-01,0.0,6.0,0.0,0.0,0.0,0.0
25123,2019-06-01,0.0,1.0,0.0,0.0,0.0,0.0
25123,2019-07-01,0.0,0.0,1.0,0.0,0.0,0.0
25123,2020-11-01,0.0,2.0,0.0,0.0,0.0,0.0
25123,2021-03-01,2.0,2.0,0.0,0.0,0.0,0.0
25123,2021-11-01,0.0,1.0,0.0,0.0,0.0,0.0
25123,2022-03-01,0.0,3.0,0.0,0.0,0.0,0.0
25123,2022-04-01,0.0,3.0,0.0,0.0,0.0,0.0
25126,2020-11-01,0.0,0.0,1.0,0.0,0.0,0.0
25126,2021-07-01,1.0,0.0,0.0,0.0,0.0,0.0
25148,2019-02-01,1.0,0.0,0.0,0.0,0.0,0.0
25148,2019-03-01,0.0,0.0,2.0,0.0,0.0,0.0
25148,2019-05-01,0.0,2.0,0.0,0.0,0.0,0.0
25148,2019-06-01,0.0,1.0,0.0,0.0,0.0,0.0
25148,2019-07-01,0.0,0.0,1.0,0.0,0.0,0.0
25148,2019-10-01,0.0,0.0,1.0,0.0,0.0,0.0
25148,2021-03-01,0.0,2.0,0.0,0.0,0.0,0.0
25148,2021-04-01,0.0,1.0,1.0,0.0,0.0,0.0
25148,2021-05-01,2.0,0.0,0.0,0.0,0.0,0.0
25148,2021-08-01,0.0,1.0,0.0,1.0,0.0,0.0
25148,2021-10-01,1.0,1.0,0.0,0.0,0.0,0.0
25148,2022-03-01,9.0,3.0,0.0,0.0,0.0,0.0
25148,2022-04-01,3.0,12.0,0.0,0.0,0.0,0.0
25148,2022-06-01,0.0,3.0,0.0,0.0,0.0,0.0
25148,2022-07-01,0.0,3.0,0.0,0.0,0.0,0.0
25148,2022-08-01,0.0,0.0,3.0,0.0,0.0,0.0
25148,2022-09-01,0.0,3.0,3.0,0.0,0.0,0.0
25151,2020-06-01,0.0,1.0,0.0,0.0,0.0,0.0
25151,2020-08-01,0.0,0.0,1.0,0.0,0.0,0.0
25151,2020-11-01,1.0,0.0,0.0,0.0,0.0,0.0
25151,2021-03-01,1.0,1.0,0.0,0.0,0.0,0.0
25151,2021-06-01,0.0,1.0,0.0,0.0,0.0,0.0
25151,2021-07-01,0.0,1.0,0.0,0.0,0.0,0.0
25151,2021-08-01,0.0,3.0,0.0,0.0,0.0,0.0
25151,2022-03-01,0.0,3.0,0.0,0.0,0.0,0.0
25151,2022-07-01,0.0,9.0,0.0,0.0,0.0,0.0
25151,2022-08-01,0.0,3.0,0.0,0.0,0.0,0.0
25168,2019-02-01,0.0,1.0,0.0,0.0,0.0,0.0
25168,2021-05-01,0.0,0.0,0.0,1.0,0.0,0.0
25168,2022-02-01,0.0,3.0,0.0,0.0,0.0,0.0
25168,2022-05-01,0.0,3.0,0.0,0.0,0.0,0.0
25175,2019-01-01,0.0,0.0,1.0,0.0,0.0,0.0
25175,2019-05-01,0.0,1.0,0.0,0.0,0.0,0.0
25175,2020-03-01,0.0,0.0,0.0,0.0,0.0,1.0
25175,2020-07-01,0.0,1.0,0.0,0.0,0.0,0.0
25175,2021-10-01,1.0,0.0,0.0,0.0,0.0,0.0
25178,2020-01-01,0.0,0.0,0.0,0.0,0.0,1.0
25178,2020-11-01,0.0,1.0,0.0,0.0,0.0,0.0
25178,2021-12-01,1.0,0.0,0.0,0.0,0.0,0.0
25178,2022-07-01,0.0,3.0,0.0,0.0,0.0,0.0
25178,2022-08-01,0.0,3.0,0.0,0.0,0.0,0.0
25181,2020-01-01,0.0,0.0,0.0,0.0,0.0,1.0
25181,2020-11-01,1.0,0.0,0.0,0.0,0.0,0.0
25181,2021-03-01,1.0,0.0,0.0,0.0,0.0,0.0
25181,2021-05-01,1.0,0.0,0.0,1.0,0.0,0.0
25181,2021-08-01,1.0,2.0,0.0,0.0,0.0,0.0
25181,2021-09-01,0.0,0.0,0.0,0.0,1.0,0.0
25181,2021-10-01,3.0,1.0,0.0,0.0,0.0,0.0
25181,2022-05-01,3.0,0.0,0.0,0.0,0.0,0.0
25181,2022-07-01,0.0,6.0,0.0,0.0,0.0,0.0
25183,2019-08-01,0.0,0.0,0.0,0.0,1.0,0.0
25183,2020-02-01,1.0,0.0,0.0,0.0,0.0,0.0
25183,2020-11-01,0.0,1.0,1.0,0.0,0.0,0.0
25183,2021-11-01,1.0,1.0,0.0,0.0,0.0,0.0
25183,2022-03-01,3.0,0.0,0.0,0.0,0.0,0.0
25183,2022-05-01,0.0,3.0,0.0,0.0,0.0,0.0
25200,2019-04-01,1.0,0.0,0.0,0.0,0.0,0.0
25200,2019-10-01,2.0,0.0,0.0,0.0,0.0,0.0
25200,2021-05-01,0.0,1.0,0.0,0.0,0.0,0.0
25200,2021-10-01,0.0,1.0,0.0,0.0,0.0,0.0
25200,2021-11-01,3.0,0.0,0.0,0.0,0.0,0.0
25214,2021-10-01,2.0,0.0,0.0,0.0,0.0,0.0
25214,2022-07-01,0.0,3.0,0.0,0.0,0.0,0.0
25224,2020-01-01,0.0,0.0,0.0,0.0,0.0,1.0
25224,2021-06-01,1.0,1.0,0.0,0.0,0.0,0.0
25245,2019-11-01,0.0,0.0,0.0,1.0,0.0,0.0
25245,2021-03-01,1.0,3.0,0.0,0.0,0.0,0.0
25245,2021-05-01,1.0,2.0,0.0,0.0,0.0,0.0
25245,2021-08-01,0.0,1.0,0.0,0.0,0.0,0.0
25245,2021-10-01,0.0,0.0,2.0,0.0,0.0,0.0
25245,2021-11-01,1.0,3.0,0.0,0.0,0.0,0.0
25245,2021-12-01,1.0,2.0,0.0,0.0,0.0,0.0
25245,2022-02-01,3.0,0.0,0.0,0.0,0.0,0.0
25245,2022-03-01,0.0,3.0,0.0,0.0,0.0,0.0
25245,2022-04-01,0.0,3.0,0.0,0.0,0.0,0.0
25245,2022-05-01,0.0,0.0,3.0,0.0,0.0,0.0
25245,2022-07-01,3.0,0.0,0.0,0.0,0.0,0.0
25258,2019-04-01,0.0,0.0,1.0,0.0,0.0,0.0
25258,2020-02-01,0.0,0.0,2.0,0.0,0.0,0.0
25258,2020-06-01,0.0,0.0,1.0,0.0,0.0,0.0
25258,2021-04-01,1.0,0.0,0.0,0.0,0.0,0.0
25258,2021-05-01,0.0,2.0,0.0,0.0,0.0,0.0
25258,2021-06-01,0.0,1.0,0.0,0.0,0.0,0.0
25258,2021-09-01,0.0,1.0,0.0,0.0,0.0,0.0
25258,2022-03-01,0.0,21.0,0.0,3.0,0.0,0.0
25258,2022-05-01,3.0,0.0,0.0,0.0,0.0,0.0
25260,2019-04-01,2.0,0.0,0.0,0.0,0.0,0.0
25260,2020-01-01,0.0,0.0,0.0,0.0,0.0,1.0
25260,2021-02-01,2.0,0.0,0.0,0.0,0.0,0.0
25260,2021-03-01,0.0,1.0,0.0,0.0,0.0,0.0
25260,2021-04-01,1.0,0.0,0.0,0.0,0.0,0.0
25260,2021-05-01,2.0,0.0,0.0,0.0,0.0,0.0
25260,2021-06-01,1.0,0.0,0.0,0.0,0.0,0.0
25260,2021-10-01,3.0,1.0,1.0,0.0,0.0,0.0
25260,2022-04-01,0.0,3.0,0.0,0.0,0.0,0.0
25260,2022-05-01,3.0,0.0,0.0,0.0,0.0,0.0
25260,2022-06-01,6.0,0.0,0.0,0.0,0.0,0.0
25260,2022-08-01,0.0,0.0,6.0,0.0,0.0,0.0
25269,2020-11-01,0.0,1.0,0.0,0.0,0.0,0.0
25269,2021-03-01,0.0,0.0,1.0,0.0,0.0,0.0
25269,2021-06-01,1.0,0.0,0.0,0.0,0.0,0.0
25269,2022-06-01,3.0,0.0,0.0,0.0,0.0,0.0
25279,2021-04-01,1.0,0.0,0.0,0.0,0.0,0.0
25279,2021-05-01,1.0,1.0,0.0,2.0,0.0,0.0
25279,2021-06-01,1.0,0.0,0.0,0.0,0.0,0.0
25279,2021-07-01,0.0,1.0,0.0,0.0,0.0,0.0
25279,2021-08-01,0.0,1.0,0.0,0.0,0.0,0.0
25279,2021-09-01,0.0,2.0,0.0,0.0,0.0,0.0
25279,2021-10-01,0.0,0.0,0.0,1.0,0.0,0.0
25279,2022-03-01,0.0,3.0,0.0,0.0,0.0,0.0
25279,2022-04-01,0.0,3.0,0.0,0.0,0.0,0.0
25279,2022-06-01,0.0,3.0,0.0,0.0,0.0,0.0
25279,2022-07-01,0.0,3.0,0.0,0.0,0.0,0.0
25281,2019-06-01,0.0,1.0,0.0,0.0,0.0,0.0
25281,2019-07-01,1.0,2.0,0.0,0.0,0.0,0.0
25281,2020-11-01,1.0,0.0,0.0,0.0,0.0,0.0
25281,2021-04-01,0.0,0.0,0.0,1.0,0.0,0.0
25281,2021-07-01,0.0,0.0,0.0,1.0,0.0,0.0
25281,2021-08-01,0.0,1.0,0.0,0.0,0.0,0.0
25281,2022-05-01,0.0,3.0,0.0,0.0,0.0,0.0
25281,2022-06-01,0.0,3.0,0.0,0.0,0.0,0.0
25281,2022-07-01,0.0,9.0,0.0,0.0,0.0,0.0
25286,2020-01-01,0.0,0.0,0.0,0.0,0.0,1.0
25286,2022-06-01,3.0,0.0,0.0,0.0,0.0,0.0
25288,2020-01-01,0.0,0.0,0.0,0.0,0.0,1.0
25288,2021-03-01,1.0,0.0,0.0,0.0,0.0,0.0
25288,2022-05-01,3.0,0.0,0.0,0.0,0.0,0.0
25290,2019-04-01,1.0,0.0,0.0,0.0,0.0,0.0
25290,2020-05-01,1.0,0.0,0.0,0.0,0.0,0.0
25290,2020-11-01,1.0,0.0,0.0,0.0,0.0,0.0
25290,2021-01-01,1.0,0.0,0.0,0.0,0.0,0.0
25290,2021-03-01,0.0,3.0,1.0,0.0,0.0,0.0
25290,2021-11-01,1.0,0.0,0.0,0.0,0.0,0.0
25290,2021-12-01,1.0,0.0,0.0,0.0,0.0,0.0
25290,2022-01-01,3.0,3.0,0.0,0.0,0.0,0.0
25290,2022-02-01,3.0,0.0,0.0,0.0,0.0,0.0
25290,2022-03-01,0.0,3.0,0.0,0.0,0.0,0.0
25290,2022-04-01,0.0,6.0,0.0,0.0,0.0,0.0
25290,2022-07-01,0.0,0.0,3.0,0.0,0.0,0.0
25290,2022-09-01,0.0,0.0,3.0,0.0,0.0,0.0
25293,2020-07-01,0.0,0.0,1.0,0.0,0.0,0.0
25293,2021-04-01,0.0,1.0,0.0,0.0,0.0,0.0
25293,2021-05-01,0.0,0.0,2.0,0.0,0.0,0.0
25293,2022-05-01,0.0,0.0,3.0,0.0,0.0,0.0
25293,2022-08-01,0.0,3.0,0.0,0.0,0.0,0.0
25295,2019-11-01,2.0,0.0,0.0,0.0,0.0,0.0
25295,2020-02-01,0.0,0.0,1.0,0.0,0.0,0.0
25295,2020-08-01,0.0,1.0,0.0,0.0,0.0,0.0
25295,2020-11-01,1.0,0.0,0.0,0.0,0.0,0.0
25295,2022-06-01,3.0,0.0,0.0,0.0,0.0,0.0
25297,2019-05-01,0.0,1.0,0.0,0.0,0.0,0.0
25297,2019-10-01,0.0,0.0,0.0,0.0,1.0,0.0
25297,2020-11-01,1.0,1.0,0.0,0.0,0.0,0.0
25297,2021-06-01,1.0,0.0,0.0,0.0,0.0,0.0
25297,2022-08-01,0.0,3.0,0.0,0.0,0.0,0.0
25299,2022-08-01,0.0,3.0,0.0,0.0,0.0,0.0
25307,2019-04-01,0.0,0.0,1.0,0.0,0.0,0.0
25307,2019-09-01,0.0,0.0,1.0,0.0,0.0,0.0
25307,2019-10-01,1.0,0.0,1.0,0.0,0.0,0.0
25307,2021-03-01,0.0,0.0,1.0,0.0,0.0,0.0
25307,2021-10-01,1.0,0.0,0.0,0.0,0.0,0.0
25307,2022-04-01,3.0,0.0,0.0,0.0,0.0,0.0
25307,2022-05-01,0.0,3.0,0.0,0.0,0.0,0.0
25312,2020-11-01,0.0,1.0,0.0,0.0,0.0,0.0
25317,2020-01-01,0.0,0.0,0.0,0.0,0.0,1.0
25317,2022-03-01,0.0,3.0,0.0,0.0,0.0,0.0
25317,2022-05-01,3.0,3.0,0.0,0.0,0.0,0.0
25320,2019-02-01,0.0,1.0,0.0,0.0,0.0,0.0
25320,2020-02-01,0.0,0.0,1.0,0.0,0.0,0.0
25320,2020-08-01,1.0,0.0,0.0,0.0,0.0,0.0
25320,2021-03-01,0.0,0.0,2.0,0.0,0.0,0.0
25320,2021-04-01,1.0,0.0,0.0,1.0,0.0,0.0
25320,2022-02-01,0.0,3.0,0.0,0.0,0.0,0.0
25320,2022-03-01,6.0,6.0,0.0,3.0,0.0,0.0
25320,2022-04-01,3.0,0.0,6.0,3.0,0.0,0.0
25322,2021-03-01,1.0,0.0,0.0,0.0,0.0,0.0
25322,2021-05-01,1.0,0.0,0.0,0.0,0.0,0.0
25324,2022-01-01,3.0,0.0,0.0,0.0,0.0,0.0
25324,2022-05-01,3.0,0.0,0.0,0.0,0.0,0.0
25326,2021-06-01,0.0,1.0,0.0,0.0,0.0,0.0
25326,2021-08-01,1.0,0.0,0.0,0.0,0.0,0.0
25328,2021-05-01,0.0,1.0,0.0,0.0,0.0,0.0
25328,2021-11-01,0.0,1.0,0.0,0.0,0.0,0.0
25328,2022-01-01,0.0,3.0,0.0,0.0,0.0,0.0
25328,2022-02-01,0.0,3.0,0.0,0.0,0.0,0.0
25328,2022-03-01,0.0,9.0,0.0,0.0,0.0,0.0
25328,2022-04-01,0.0,3.0,0.0,0.0,0.0,0.0
25335,2019-05-01,0.0,1.0,0.0,0.0,0.0,0.0
25335,2019-06-01,0.0,2.0,0.0,0.0,0.0,0.0
25335,2020-05-01,0.0,1.0,0.0,0.0,0.0,0.0
25335,2020-06-01,0.0,1.0,0.0,0.0,0.0,0.0
25335,2021-07-01,0.0,1.0,0.0,0.0,0.0,0.0
25335,2021-08-01,2.0,1.0,0.0,0.0,0.0,0.0
25335,2022-05-01,0.0,3.0,0.0,0.0,0.0,0.0
25339,2019-06-01,0.0,1.0,0.0,0.0,0.0,0.0
25339,2020-11-01,0.0,1.0,0.0,0.0,0.0,0.0
25339,2021-03-01,0.0,1.0,0.0,0.0,0.0,0.0
25339,2021-06-01,0.0,2.0,0.0,0.0,0.0,0.0
25339,2021-08-01,1.0,0.0,0.0,0.0,0.0,0.0
25368,2019-03-01,1.0,0.0,0.0,0.0,0.0,0.0
25368,2022-02-01,3.0,3.0,0.0,0.0,0.0,0.0
25368,2022-04-01,3.0,0.0,0.0,0.0,0.0,0.0
25368,2022-06-01,3.0,0.0,0.0,0.0,0.0,0.0
25372,2021-07-01,0.0,1.0,0.0,0.0,0.0,0.0
25372,2021-08-01,1.0,0.0,0.0,0.0,0.0,0.0
25372,2021-11-01,0.0,1.0,0.0,0.0,0.0,0.0
25377,2020-02-01,0.0,0.0,1.0,0.0,0.0,0.0
25377,2020-10-01,1.0,1.0,0.0,0.0,0.0,0.0
25377,2020-11-01,0.0,1.0,0.0,0.0,0.0,0.0
25377,2021-01-01,0.0,2.0,0.0,0.0,0.0,0.0
25377,2021-03-01,1.0,0.0,0.0,0.0,0.0,0.0
25377,2021-05-01,1.0,2.0,0.0,1.0,0.0,0.0
25377,2021-08-01,0.0,3.0,0.0,0.0,0.0,0.0
25377,2021-10-01,0.0,1.0,1.0,0.0,0.0,0.0
25377,2021-11-01,3.0,1.0,0.0,0.0,0.0,0.0
25377,2022-03-01,0.0,0.0,3.0,0.0,0.0,0.0
25377,2022-06-01,0.0,3.0,0.0,0.0,0.0,0.0
25377,2022-07-01,0.0,3.0,0.0,0.0,0.0,0.0
25377,2022-08-01,0.0,6.0,0.0,0.0,0.0,0.0
25386,2019-02-01,1.0,0.0,0.0,0.0,0.0,0.0
25386,2019-04-01,1.0,0.0,0.0,0.0,0.0,0.0
25386,2020-11-01,0.0,0.0,0.0,1.0,0.0,0.0
25386,2021-04-01,0.0,1.0,0.0,0.0,0.0,0.0
25386,2021-05-01,1.0,1.0,0.0,0.0,0.0,0.0
25386,2021-10-01,1.0,0.0,0.0,0.0,0.0,0.0
25386,2021-11-01,0.0,0.0,0.0,0.0,1.0,0.0
25386,2021-12-01,0.0,1.0,0.0,0.0,0.0,0.0
25386,2022-01-01,3.0,3.0,0.0,0.0,0.0,0.0
25386,2022-03-01,3.0,3.0,3.0,0.0,0.0,0.0
25386,2022-09-01,0.0,0.0,3.0,0.0,0.0,0.0
25394,2019-02-01,0.0,0.0,1.0,0.0,0.0,0.0
25394,2019-03-01,0.0,2.0,1.0,0.0,0.0,0.0
25394,2019-04-01,0.0,1.0,1.0,0.0,0.0,0.0
25394,2019-05-01,0.0,1.0,0.0,0.0,0.0,0.0
25394,2019-09-01,0.0,0.0,1.0,0.0,0.0,0.0
25394,2019-10-01,0.0,1.0,0.0,0.0,0.0,0.0
25394,2020-02-01,0.0,0.0,1.0,0.0,0.0,0.0
25394,2021-03-01,0.0,1.0,0.0,0.0,0.0,0.0
25394,2021-04-01,0.0,1.0,2.0,0.0,0.0,0.0
25394,2021-05-01,0.0,1.0,0.0,0.0,0.0,0.0
25394,2021-06-01,3.0,1.0,0.0,0.0,0.0,0.0
25394,2021-08-01,0.0,1.0,0.0,0.0,0.0,0.0
25394,2021-10-01,0.0,2.0,0.0,0.0,0.0,0.0
25394,2021-11-01,0.0,1.0,0.0,0.0,0.0,0.0
25394,2022-02-01,0.0,0.0,3.0,0.0,0.0,0.0
25394,2022-03-01,0.0,3.0,0.0,0.0,0.0,0.0
25394,2022-04-01,0.0,3.0,0.0,0.0,0.0,0.0
25394,2022-05-01,0.0,3.0,0.0,0.0,0.0,0.0
25394,2022-06-01,0.0,3.0,0.0,0.0,0.0,0.0
25394,2022-08-01,0.0,0.0,0.0,3.0,0.0,0.0
25394,2022-09-01,0.0,0.0,3.0,0.0,0.0,0.0
25398,2019-02-01,0.0,0.0,1.0,0.0,0.0,0.0
25398,2019-03-01,0.0,1.0,0.0,0.0,0.0,0.0
25398,2020-03-01,0.0,1.0,0.0,0.0,0.0,0.0
25398,2021-04-01,1.0,0.0,0.0,0.0,0.0,0.0
25398,2021-05-01,1.0,1.0,0.0,0.0,0.0,0.0
25398,2021-06-01,0.0,2.0,0.0,0.0,0.0,0.0
25398,2021-07-01,0.0,0.0,1.0,0.0,0.0,0.0
25398,2021-09-01,0.0,0.0,1.0,0.0,0.0,0.0
25398,2021-10-01,0.0,1.0,0.0,0.0,0.0,0.0
25398,2021-11-01,0.0,1.0,0.0,0.0,0.0,0.0
25398,2021-12-01,0.0,1.0,0.0,0.0,0.0,0.0
25398,2022-03-01,0.0,12.0,0.0,0.0,0.0,0.0
25398,2022-04-01,0.0,6.0,0.0,0.0,0.0,0.0
25398,2022-05-01,3.0,0.0,0.0,0.0,0.0,0.0
25402,2019-03-01,0.0,1.0,0.0,0.0,0.0,0.0
25402,2019-04-01,0.0,1.0,1.0,0.0,0.0,0.0
25402,2020-06-01,0.0,1.0,0.0,0.0,0.0,0.0
25402,2020-11-01,0.0,2.0,0.0,0.0,0.0,0.0
25402,2021-03-01,0.0,2.0,0.0,0.0,0.0,0.0
25402,2021-04-01,1.0,0.0,0.0,0.0,0.0,0.0
25402,2021-05-01,0.0,1.0,0.0,0.0,0.0,0.0
25402,2021-06-01,0.0,1.0,0.0,0.0,0.0,0.0
25402,2021-11-01,0.0,2.0,0.0,0.0,0.0,0.0
25402,2021-12-01,0.0,1.0,0.0,0.0,0.0,0.0
25402,2022-02-01,0.0,9.0,0.0,3.0,0.0,0.0
25402,2022-03-01,0.0,9.0,0.0,0.0,0.0,0.0
25402,2022-04-01,0.0,3.0,0.0,0.0,0.0,0.0
25426,2020-04-01,0.0,1.0,0.0,0.0,0.0,0.0
25426,2021-06-01,0.0,2.0,0.0,0.0,0.0,0.0
25426,2022-05-01,0.0,3.0,0.0,0.0,0.0,0.0
25430,2020-09-01,0.0,0.0,1.0,0.0,0.0,0.0
25430,2022-04-01,3.0,0.0,0.0,0.0,0.0,0.0
25430,2022-06-01,6.0,0.0,0.0,0.0,0.0,0.0
25436,2019-04-01,0.0,1.0,0.0,0.0,0.0,0.0
25436,2021-03-01,0.0,0.0,0.0,0.0,1.0,0.0
25436,2021-05-01,0.0,0.0,0.0,1.0,0.0,0.0
25436,2021-06-01,0.0,1.0,0.0,0.0,0.0,0.0
25436,2021-11-01,1.0,1.0,0.0,0.0,0.0,0.0
25436,2022-03-01,0.0,3.0,0.0,0.0,0.0,0.0
25436,2022-04-01,0.0,3.0,0.0,0.0,0.0,0.0
25438,2019-05-01,0.0,1.0,0.0,0.0,0.0,0.0
25438,2020-11-01,1.0,0.0,0.0,0.0,0.0,0.0
25438,2021-04-01,1.0,0.0,0.0,2.0,0.0,0.0
25438,2021-05-01,1.0,0.0,0.0,0.0,0.0,0.0
25438,2021-06-01,1.0,0.0,0.0,0.0,0.0,0.0
25438,2021-08-01,0.0,1.0,0.0,0.0,0.0,0.0
25438,2022-05-01,0.0,0.0,0.0,3.0,0.0,0.0
25438,2022-06-01,0.0,3.0,0.0,0.0,0.0,0.0
25473,2020-11-01,1.0,0.0,0.0,0.0,0.0,0.0
25473,2020-12-01,1.0,0.0,0.0,0.0,0.0,0.0
25473,2021-03-01,1.0,0.0,0.0,0.0,0.0,0.0
25473,2021-11-01,1.0,0.0,0.0,0.0,0.0,0.0
25473,2022-06-01,3.0,0.0,0.0,0.0,0.0,0.0
25483,2022-02-01,0.0,3.0,0.0,0.0,0.0,0.0
25486,2020-01-01,0.0,0.0,0.0,0.0,0.0,1.0
25486,2021-05-01,0.0,1.0,1.0,0.0,0.0,0.0
25486,2021-11-01,0.0,0.0,1.0,0.0,0.0,0.0
25486,2022-02-01,0.0,0.0,3.0,0.0,0.0,0.0
25488,2019-09-01,0.0,0.0,1.0,0.0,0.0,0.0
25488,2021-04-01,0.0,1.0,0.0,0.0,0.0,0.0
25488,2021-05-01,1.0,1.0,0.0,1.0,0.0,0.0
25488,2022-05-01,0.0,0.0,3.0,0.0,0.0,0.0
25489,2019-03-01,0.0,1.0,0.0,0.0,0.0,0.0
25489,2019-04-01,0.0,0.0,1.0,0.0,0.0,0.0
25489,2021-11-01,1.0,1.0,0.0,0.0,0.0,0.0
25489,2022-03-01,0.0,3.0,0.0,0.0,0.0,0.0
25491,2019-04-01,0.0,1.0,0.0,0.0,0.0,0.0
25491,2020-02-01,0.0,1.0,0.0,0.0,0.0,0.0
25491,2020-11-01,0.0,1.0,0.0,0.0,0.0,0.0
25491,2021-05-01,0.0,1.0,0.0,0.0,0.0,0.0
25491,2021-10-01,0.0,0.0,1.0,0.0,0.0,0.0
25491,2021-11-01,0.0,2.0,1.0,0.0,0.0,0.0
25491,2022-02-01,0.0,3.0,0.0,0.0,0.0,0.0
25491,2022-03-01,0.0,6.0,0.0,0.0,0.0,0.0
25491,2022-04-01,3.0,3.0,0.0,0.0,0.0,0.0
25491,2022-05-01,0.0,3.0,0.0,0.0,0.0,0.0
25506,2019-04-01,0.0,1.0,0.0,0.0,0.0,0.0
25506,2021-03-01,0.0,2.0,1.0,0.0,0.0,0.0
25506,2021-04-01,1.0,0.0,0.0,0.0,0.0,0.0
25506,2021-10-01,1.0,0.0,0.0,0.0,0.0,0.0
25506,2021-11-01,0.0,2.0,0.0,0.0,0.0,0.0
25506,2021-12-01,0.0,1.0,0.0,0.0,0.0,0.0
25506,2022-03-01,0.0,9.0,3.0,0.0,0.0,0.0
25506,2022-04-01,0.0,3.0,0.0,0.0,0.0,0.0
25506,2022-05-01,0.0,3.0,0.0,0.0,0.0,0.0
25506,2022-06-01,0.0,3.0,0.0,0.0,0.0,0.0
25506,2022-07-01,0.0,3.0,0.0,0.0,0.0,0.0
25513,2019-02-01,0.0,1.0,0.0,0.0,0.0,0.0
25513,2019-03-01,0.0,0.0,0.0,0.0,2.0,0.0
25513,2019-04-01,0.0,0.0,0.0,0.0,1.0,0.0
25513,2019-05-01,0.0,0.0,1.0,0.0,0.0,0.0
25513,2019-11-01,0.0,1.0,0.0,0.0,0.0,0.0
25513,2020-08-01,0.0,0.0,1.0,0.0,0.0,0.0
25513,2021-03-01,0.0,2.0,1.0,0.0,0.0,0.0
25513,2021-04-01,0.0,1.0,2.0,1.0,0.0,0.0
25513,2021-05-01,0.0,1.0,0.0,0.0,0.0,0.0
25513,2021-06-01,1.0,0.0,0.0,0.0,0.0,0.0
25513,2021-09-01,0.0,1.0,0.0,0.0,0.0,0.0
25513,2021-12-01,0.0,2.0,1.0,0.0,0.0,0.0
25513,2022-02-01,6.0,0.0,0.0,3.0,0.0,0.0
25513,2022-03-01,0.0,12.0,0.0,3.0,0.0,0.0
25513,2022-04-01,0.0,0.0,0.0,3.0,0.0,0.0
25513,2022-05-01,0.0,0.0,0.0,3.0,0.0,0.0
25513,2022-06-01,3.0,0.0,0.0,0.0,0.0,0.0
25513,2022-08-01,3.0,0.0,0.0,0.0,0.0,0.0
25518,2019-01-01,0.0,0.0,1.0,0.0,0.0,0.0
25518,2019-02-01,0.0,0.0,1.0,0.0,0.0,0.0
25518,2019-03-01,0.0,0.0,1.0,0.0,0.0,0.0
25518,2019-05-01,0.0,0.0,1.0,0.0,0.0,0.0
25518,2020-03-01,0.0,1.0,0.0,0.0,0.0,0.0
25518,2021-11-01,0.0,1.0,0.0,0.0,0.0,0.0
25518,2022-03-01,0.0,6.0,0.0,0.0,0.0,0.0
25524,2019-02-01,0.0,0.0,1.0,0.0,0.0,0.0
25524,2019-04-01,1.0,1.0,0.0,0.0,0.0,0.0
25524,2021-03-01,1.0,0.0,0.0,0.0,0.0,0.0
25524,2021-08-01,0.0,1.0,0.0,0.0,0.0,0.0
25524,2021-10-01,0.0,1.0,0.0,0.0,0.0,0.0
25524,2021-11-01,0.0,1.0,0.0,0.0,0.0,0.0
25524,2022-06-01,0.0,3.0,3.0,0.0,0.0,0.0
25524,2022-08-01,0.0,0.0,3.0,0.0,0.0,0.0
25530,2019-06-01,1.0,0.0,1.0,0.0,0.0,0.0
25530,2021-07-01,1.0,2.0,0.0,0.0,0.0,0.0
25530,2021-08-01,0.0,1.0,0.0,1.0,0.0,0.0
25530,2022-03-01,0.0,3.0,0.0,0.0,0.0,0.0
25530,2022-04-01,0.0,3.0,0.0,0.0,0.0,0.0
25530,2022-05-01,3.0,0.0,0.0,0.0,0.0,0.0
25535,2020-01-01,0.0,0.0,0.0,0.0,0.0,1.0
25535,2020-04-01,0.0,0.0,1.0,0.0,0.0,0.0
25535,2021-03-01,1.0,0.0,0.0,0.0,0.0,0.0
25535,2022-04-01,0.0,3.0,0.0,0.0,0.0,0.0
25535,2022-09-01,3.0,0.0,0.0,3.0,0.0,0.0
25572,2020-11-01,1.0,0.0,0.0,0.0,0.0,0.0
25572,2022-04-01,3.0,0.0,0.0,0.0,0.0,0.0
25572,2022-08-01,0.0,0.0,3.0,0.0,0.0,0.0
25580,2021-03-01,0.0,0.0,1.0,0.0,0.0,0.0
25580,2021-04-01,0.0,1.0,0.0,0.0,0.0,0.0
25580,2022-03-01,0.0,3.0,0.0,0.0,0.0,0.0
25592,2020-11-01,1.0,0.0,0.0,0.0,0.0,0.0
25592,2020-12-01,1.0,0.0,0.0,0.0,0.0,0.0
25592,2021-04-01,1.0,1.0,0.0,0.0,0.0,0.0
25592,2021-12-01,1.0,0.0,0.0,0.0,0.0,0.0
25592,2022-03-01,0.0,0.0,0.0,3.0,0.0,0.0
25592,2022-04-01,0.0,3.0,0.0,0.0,0.0,0.0
25594,2019-06-01,0.0,1.0,0.0,0.0,0.0,0.0
25594,2020-06-01,0.0,1.0,0.0,0.0,0.0,0.0
25594,2021-08-01,0.0,0.0,0.0,1.0,0.0,0.0
25594,2021-09-01,0.0,2.0,0.0,0.0,0.0,0.0
25594,2022-05-01,3.0,0.0,0.0,3.0,0.0,0.0
25594,2022-06-01,0.0,6.0,0.0,0.0,0.0,0.0
25596,2020-11-01,0.0,0.0,1.0,0.0,0.0,0.0
25596,2021-03-01,0.0,1.0,0.0,0.0,0.0,0.0
25596,2021-04-01,0.0,1.0,0.0,0.0,0.0,0.0
25596,2021-05-01,0.0,1.0,0.0,0.0,0.0,0.0
25596,2021-06-01,0.0,1.0,0.0,0.0,0.0,0.0
25596,2021-10-01,0.0,1.0,0.0,0.0,0.0,0.0
25596,2021-11-01,0.0,1.0,1.0,0.0,0.0,0.0
25596,2021-12-01,0.0,1.0,0.0,0.0,0.0,0.0
25596,2022-01-01,0.0,3.0,0.0,0.0,0.0,0.0
25596,2022-02-01,0.0,6.0,0.0,0.0,0.0,0.0
25596,2022-03-01,0.0,3.0,0.0,0.0,0.0,0.0
25596,2022-04-01,0.0,6.0,0.0,0.0,0.0,0.0
25599,2021-06-01,0.0,1.0,0.0,0.0,0.0,0.0
25599,2021-10-01,1.0,0.0,0.0,0.0,0.0,0.0
25599,2021-11-01,1.0,0.0,0.0,0.0,0.0,0.0
25599,2022-04-01,0.0,6.0,0.0,0.0,0.0,0.0
25599,2022-05-01,0.0,3.0,3.0,0.0,0.0,0.0
25612,2020-11-01,0.0,0.0,1.0,0.0,0.0,0.0
25612,2021-05-01,1.0,0.0,0.0,0.0,0.0,0.0
25612,2022-05-01,0.0,3.0,0.0,0.0,0.0,0.0
25645,2020-02-01,0.0,0.0,1.0,0.0,0.0,0.0
25645,2020-11-01,1.0,3.0,0.0,0.0,0.0,0.0
25645,2021-03-01,0.0,1.0,1.0,0.0,0.0,0.0
25645,2021-05-01,1.0,1.0,1.0,0.0,0.0,0.0
25645,2022-03-01,0.0,3.0,3.0,0.0,0.0,0.0
25645,2022-05-01,3.0,0.0,0.0,0.0,0.0,0.0
25645,2022-06-01,0.0,3.0,0.0,0.0,0.0,0.0
25649,2019-03-01,0.0,0.0,1.0,0.0,0.0,0.0
25649,2019-04-01,0.0,0.0,1.0,0.0,0.0,0.0
25649,2019-09-01,0.0,0.0,1.0,0.0,0.0,0.0
25649,2020-04-01,0.0,0.0,2.0,0.0,0.0,0.0
25649,2020-11-01,1.0,0.0,0.0,0.0,0.0,0.0
25649,2021-04-01,1.0,0.0,0.0,0.0,0.0,0.0
25649,2021-05-01,1.0,0.0,0.0,0.0,0.0,0.0
25649,2022-02-01,0.0,3.0,0.0,0.0,0.0,0.0
25649,2022-03-01,0.0,3.0,0.0,0.0,0.0,0.0
25658,2019-04-01,0.0,1.0,0.0,0.0,0.0,0.0
25658,2020-11-01,0.0,1.0,0.0,0.0,0.0,0.0
25658,2020-12-01,0.0,1.0,0.0,0.0,0.0,0.0
25658,2021-10-01,0.0,1.0,0.0,0.0,0.0,0.0
25658,2021-11-01,0.0,1.0,0.0,0.0,0.0,0.0
25658,2022-02-01,0.0,3.0,0.0,0.0,0.0,0.0
25658,2022-03-01,0.0,3.0,0.0,0.0,0.0,0.0
25658,2022-07-01,0.0,3.0,0.0,0.0,0.0,0.0
25662,2019-03-01,0.0,0.0,1.0,0.0,0.0,0.0
25662,2020-11-01,0.0,1.0,0.0,0.0,0.0,0.0
25662,2021-03-01,0.0,1.0,0.0,0.0,0.0,0.0
25662,2021-05-01,0.0,0.0,0.0,1.0,0.0,0.0
25662,2021-11-01,0.0,1.0,0.0,0.0,0.0,0.0
25662,2022-01-01,0.0,3.0,0.0,0.0,0.0,0.0
25662,2022-03-01,0.0,3.0,0.0,0.0,0.0,0.0
25662,2022-04-01,0.0,6.0,0.0,0.0,0.0,0.0
25718,2019-06-01,0.0,0.0,0.0,0.0,1.0,0.0
25718,2019-09-01,0.0,0.0,1.0,0.0,0.0,0.0
25718,2019-11-01,0.0,1.0,0.0,0.0,0.0,0.0
25718,2020-11-01,0.0,1.0,0.0,0.0,0.0,0.0
25718,2020-12-01,0.0,1.0,0.0,0.0,0.0,0.0
25718,2021-04-01,0.0,0.0,1.0,0.0,0.0,0.0
25718,2021-05-01,1.0,0.0,0.0,0.0,0.0,0.0
25718,2021-10-01,0.0,1.0,0.0,0.0,0.0,0.0
25718,2021-12-01,0.0,2.0,0.0,0.0,0.0,0.0
25718,2022-02-01,0.0,0.0,3.0,0.0,0.0,0.0
25718,2022-03-01,0.0,3.0,0.0,3.0,0.0,0.0
25718,2022-04-01,0.0,3.0,0.0,3.0,0.0,0.0
25736,2021-08-01,0.0,1.0,0.0,0.0,0.0,0.0
25736,2022-03-01,3.0,0.0,0.0,0.0,0.0,0.0
25736,2022-06-01,3.0,0.0,0.0,0.0,0.0,0.0
25740,2020-01-01,0.0,0.0,0.0,0.0,0.0,1.0
25740,2020-06-01,0.0,0.0,1.0,0.0,0.0,0.0
25740,2021-06-01,1.0,0.0,0.0,0.0,0.0,0.0
25740,2021-10-01,0.0,0.0,1.0,0.0,0.0,0.0
25740,2022-04-01,0.0,3.0,0.0,0.0,0.0,0.0
25740,2022-07-01,0.0,0.0,3.0,0.0,0.0,0.0
25743,2019-04-01,2.0,0.0,0.0,0.0,0.0,0.0
25743,2020-04-01,0.0,0.0,1.0,0.0,0.0,0.0
25743,2021-03-01,1.0,1.0,1.0,0.0,0.0,0.0
25743,2021-04-01,0.0,1.0,0.0,0.0,0.0,0.0
25743,2021-10-01,0.0,1.0,0.0,0.0,0.0,0.0
25743,2022-02-01,0.0,3.0,0.0,3.0,0.0,0.0
25743,2022-03-01,3.0,0.0,0.0,0.0,0.0,0.0
25743,2022-04-01,0.0,3.0,0.0,0.0,0.0,0.0
25743,2022-08-01,3.0,0.0,0.0,0.0,0.0,0.0
25745,2019-04-01,1.0,0.0,0.0,0.0,0.0,0.0
25745,2019-06-01,1.0,0.0,0.0,0.0,0.0,0.0
25745,2020-01-01,0.0,0.0,0.0,0.0,0.0,2.0
25745,2021-04-01,1.0,0.0,0.0,0.0,0.0,0.0
25745,2021-06-01,1.0,0.0,0.0,0.0,0.0,0.0
25745,2022-05-01,3.0,0.0,0.0,0.0,0.0,0.0
25754,2019-06-01,0.0,1.0,0.0,0.0,0.0,0.0
25754,2020-01-01,0.0,0.0,0.0,0.0,0.0,1.0
25754,2020-02-01,0.0,1.0,0.0,0.0,0.0,0.0
25754,2020-03-01,0.0,1.0,0.0,0.0,0.0,0.0
25754,2020-05-01,1.0,0.0,0.0,0.0,0.0,0.0
25754,2020-06-01,0.0,0.0,1.0,0.0,0.0,0.0
25754,2020-11-01,1.0,1.0,0.0,0.0,0.0,0.0
25754,2021-03-01,1.0,0.0,0.0,0.0,0.0,0.0
25754,2021-05-01,1.0,0.0,0.0,0.0,0.0,0.0
25754,2021-06-01,1.0,1.0,0.0,0.0,0.0,0.0
25754,2021-11-01,1.0,1.0,0.0,0.0,0.0,0.0
25754,2022-01-01,0.0,3.0,0.0,0.0,0.0,0.0
25754,2022-04-01,3.0,0.0,0.0,0.0,0.0,0.0
25754,2022-05-01,0.0,3.0,0.0,0.0,0.0,0.0
25754,2022-06-01,3.0,6.0,0.0,0.0,0.0,0.0
25754,2022-07-01,3.0,3.0,0.0,0.0,0.0,0.0
25758,2020-11-01,1.0,0.0,0.0,0.0,0.0,0.0
25758,2021-11-01,1.0,0.0,0.0,0.0,0.0,0.0
25758,2022-02-01,3.0,0.0,0.0,0.0,0.0,0.0
25758,2022-04-01,3.0,0.0,0.0,0.0,0.0,0.0
25758,2022-09-01,0.0,0.0,3.0,0.0,0.0,0.0
25769,2020-01-01,0.0,0.0,0.0,0.0,0.0,1.0
25769,2021-08-01,0.0,1.0,0.0,0.0,0.0,0.0
25772,2020-11-01,2.0,0.0,1.0,0.0,0.0,0.0
25772,2021-03-01,1.0,0.0,0.0,0.0,0.0,0.0
25772,2022-06-01,3.0,0.0,0.0,0.0,0.0,0.0
25777,2020-03-01,0.0,0.0,1.0,0.0,0.0,0.0
25777,2022-02-01,0.0,3.0,0.0,0.0,0.0,0.0
25777,2022-03-01,0.0,3.0,0.0,0.0,0.0,0.0
25777,2022-04-01,0.0,3.0,0.0,0.0,0.0,0.0
25779,2022-05-01,3.0,0.0,0.0,0.0,0.0,0.0
25781,2020-01-01,0.0,0.0,0.0,0.0,0.0,1.0
25785,2020-01-01,0.0,0.0,0.0,0.0,0.0,1.0
25785,2022-03-01,0.0,3.0,0.0,0.0,0.0,0.0
25785,2022-05-01,3.0,0.0,0.0,0.0,0.0,0.0
25793,2020-01-01,0.0,0.0,0.0,0.0,0.0,1.0
25793,2021-03-01,1.0,0.0,0.0,0.0,0.0,0.0
25793,2021-05-01,0.0,0.0,1.0,0.0,0.0,0.0
25797,2020-09-01,0.0,1.0,0.0,0.0,0.0,0.0
25797,2020-11-01,0.0,1.0,0.0,0.0,0.0,0.0
25797,2021-02-01,1.0,0.0,1.0,0.0,0.0,0.0
25797,2021-03-01,2.0,1.0,0.0,0.0,0.0,0.0
25797,2021-11-01,1.0,2.0,0.0,0.0,0.0,0.0
25797,2021-12-01,0.0,1.0,0.0,0.0,0.0,0.0
25797,2022-01-01,3.0,0.0,0.0,0.0,0.0,0.0
25797,2022-02-01,3.0,0.0,0.0,0.0,0.0,0.0
25797,2022-03-01,0.0,3.0,0.0,0.0,0.0,0.0
25797,2022-09-01,3.0,3.0,0.0,0.0,0.0,0.0
25799,2022-03-01,6.0,0.0,0.0,0.0,0.0,0.0
25799,2022-04-01,0.0,0.0,6.0,0.0,0.0,0.0
25805,2019-01-01,0.0,0.0,2.0,0.0,0.0,0.0
25805,2019-04-01,0.0,1.0,0.0,0.0,0.0,0.0
25805,2020-11-01,0.0,1.0,0.0,0.0,0.0,0.0
25805,2021-04-01,0.0,1.0,0.0,0.0,0.0,0.0
25805,2021-05-01,1.0,0.0,0.0,0.0,0.0,0.0
25805,2022-02-01,0.0,3.0,0.0,0.0,0.0,0.0
25805,2022-05-01,3.0,0.0,0.0,0.0,0.0,0.0
25807,2022-07-01,0.0,3.0,0.0,0.0,0.0,0.0
25815,2019-02-01,0.0,0.0,1.0,0.0,0.0,0.0
25815,2019-05-01,2.0,0.0,0.0,0.0,0.0,0.0
25815,2019-11-01,0.0,0.0,1.0,0.0,0.0,0.0
25815,2020-09-01,0.0,0.0,1.0,0.0,0.0,0.0
25815,2021-05-01,2.0,1.0,0.0,1.0,0.0,0.0
25815,2021-10-01,1.0,0.0,0.0,0.0,0.0,0.0
25815,2022-02-01,6.0,0.0,0.0,0.0,0.0,0.0
25815,2022-04-01,6.0,3.0,0.0,0.0,0.0,0.0
25815,2022-05-01,3.0,6.0,0.0,0.0,0.0,0.0
25815,2022-06-01,3.0,3.0,0.0,3.0,0.0,0.0
25817,2020-11-01,1.0,0.0,0.0,0.0,0.0,0.0
25823,2019-02-01,0.0,0.0,1.0,0.0,0.0,0.0
25823,2019-03-01,0.0,1.0,0.0,0.0,0.0,0.0
25823,2021-03-01,0.0,1.0,1.0,0.0,0.0,0.0
25823,2021-11-01,0.0,1.0,0.0,0.0,0.0,0.0
25823,2022-03-01,0.0,3.0,0.0,0.0,0.0,0.0
25823,2022-08-01,0.0,0.0,3.0,0.0,0.0,0.0
25839,2021-04-01,1.0,0.0,1.0,0.0,0.0,0.0
25839,2021-07-01,0.0,1.0,0.0,0.0,0.0,0.0
25839,2021-08-01,0.0,1.0,0.0,1.0,0.0,0.0
25839,2021-10-01,1.0,0.0,0.0,0.0,0.0,0.0
25839,2022-08-01,0.0,3.0,0.0,0.0,0.0,0.0
25841,2020-01-01,0.0,0.0,0.0,0.0,0.0,1.0
25841,2020-11-01,1.0,0.0,0.0,0.0,0.0,0.0
25841,2021-03-01,0.0,0.0,0.0,1.0,0.0,0.0
25841,2021-05-01,0.0,1.0,0.0,0.0,0.0,0.0
25841,2021-06-01,1.0,0.0,0.0,0.0,0.0,0.0
25841,2021-08-01,1.0,1.0,0.0,0.0,0.0,0.0
25841,2022-06-01,0.0,3.0,0.0,0.0,0.0,0.0
25843,2020-07-01,1.0,0.0,0.0,0.0,0.0,0.0
25843,2021-06-01,0.0,2.0,0.0,0.0,0.0,0.0
25843,2021-10-01,1.0,0.0,0.0,0.0,0.0,0.0
25843,2022-06-01,6.0,0.0,0.0,0.0,0.0,0.0
25845,2020-01-01,0.0,0.0,0.0,0.0,0.0,1.0
25845,2021-05-01,1.0,0.0,0.0,0.0,0.0,0.0
25845,2021-06-01,2.0,0.0,0.0,0.0,0.0,0.0
25845,2021-08-01,1.0,0.0,0.0,0.0,0.0,0.0
25845,2021-10-01,2.0,0.0,0.0,0.0,0.0,0.0
25845,2022-03-01,3.0,0.0,0.0,0.0,0.0,0.0
25845,2022-06-01,3.0,0.0,0.0,0.0,0.0,0.0
25851,2019-02-01,0.0,3.0,0.0,0.0,0.0,0.0
25851,2019-03-01,0.0,3.0,1.0,0.0,1.0,0.0
25851,2019-05-01,1.0,1.0,0.0,0.0,0.0,0.0
25851,2019-07-01,0.0,0.0,0.0,0.0,0.0,1.0
25851,2021-04-01,1.0,1.0,0.0,0.0,0.0,0.0
25851,2022-03-01,0.0,0.0,0.0,3.0,0.0,0.0
25862,2019-03-01,0.0,0.0,1.0,0.0,0.0,0.0
25862,2021-06-01,0.0,1.0,0.0,0.0,0.0,0.0
25862,2021-10-01,0.0,1.0,0.0,0.0,0.0,0.0
25862,2021-11-01,0.0,1.0,0.0,0.0,0.0,0.0
25862,2022-03-01,3.0,3.0,3.0,3.0,0.0,0.0
25867,2021-03-01,0.0,1.0,0.0,0.0,0.0,0.0
25867,2022-02-01,0.0,3.0,0.0,0.0,0.0,0.0
25871,2020-10-01,0.0,0.0,1.0,0.0,0.0,0.0
25871,2021-03-01,0.0,1.0,0.0,0.0,0.0,0.0
25871,2021-04-01,0.0,1.0,0.0,0.0,0.0,0.0
25871,2021-11-01,0.0,0.0,1.0,0.0,0.0,0.0
25871,2022-02-01,0.0,3.0,0.0,0.0,0.0,0.0
25871,2022-04-01,0.0,0.0,0.0,3.0,0.0,0.0
25871,2022-07-01,0.0,0.0,0.0,3.0,0.0,0.0
25873,2020-11-01,0.0,1.0,1.0,0.0,0.0,0.0
25873,2021-11-01,2.0,1.0,0.0,0.0,0.0,0.0
25873,2022-03-01,0.0,0.0,3.0,0.0,0.0,0.0
25873,2022-09-01,0.0,3.0,0.0,0.0,0.0,0.0
25875,2021-03-01,0.0,2.0,0.0,0.0,0.0,0.0
25875,2021-10-01,1.0,1.0,0.0,0.0,0.0,0.0
25875,2021-11-01,0.0,1.0,0.0,0.0,0.0,0.0
25875,2022-03-01,3.0,12.0,0.0,0.0,0.0,0.0
25875,2022-04-01,0.0,3.0,0.0,0.0,0.0,0.0
25875,2022-05-01,3.0,0.0,0.0,0.0,0.0,0.0
25878,2019-04-01,1.0,1.0,0.0,0.0,0.0,0.0
25878,2019-05-01,1.0,0.0,0.0,0.0,0.0,0.0
25878,2020-01-01,0.0,0.0,1.0,0.0,0.0,0.0
25878,2020-02-01,0.0,0.0,2.0,1.0,0.0,0.0
25878,2021-03-01,0.0,2.0,2.0,0.0,0.0,0.0
25878,2021-05-01,1.0,0.0,0.0,0.0,0.0,0.0
25878,2021-10-01,0.0,0.0,1.0,0.0,0.0,0.0
25878,2022-04-01,3.0,0.0,0.0,0.0,3.0,0.0
25878,2022-05-01,3.0,0.0,0.0,0.0,0.0,0.0
25878,2022-06-01,0.0,3.0,0.0,0.0,0.0,0.0
25885,2019-03-01,0.0,0.0,1.0,0.0,0.0,0.0
25885,2019-05-01,0.0,0.0,1.0,0.0,0.0,0.0
25885,2019-07-01,0.0,0.0,1.0,0.0,0.0,0.0
25885,2019-09-01,0.0,0.0,2.0,0.0,0.0,0.0
25885,2020-04-01,0.0,0.0,1.0,0.0,0.0,0.0
25885,2020-07-01,0.0,0.0,1.0,0.0,0.0,0.0
25885,2020-09-01,0.0,0.0,1.0,0.0,0.0,0.0
25885,2021-04-01,0.0,1.0,1.0,0.0,0.0,0.0
25885,2021-05-01,1.0,0.0,0.0,1.0,0.0,0.0
25885,2021-06-01,0.0,1.0,0.0,0.0,0.0,0.0
25885,2021-11-01,0.0,1.0,0.0,0.0,0.0,0.0
25885,2022-06-01,3.0,0.0,0.0,0.0,0.0,0.0
25885,2022-08-01,6.0,0.0,0.0,0.0,0.0,0.0
25885,2022-09-01,0.0,0.0,3.0,0.0,0.0,0.0
25898,2021-03-01,0.0,1.0,0.0,0.0,0.0,0.0
25898,2021-05-01,0.0,1.0,0.0,0.0,0.0,0.0
25898,2022-04-01,3.0,0.0,0.0,0.0,0.0,0.0
25899,2019-04-01,2.0,0.0,0.0,0.0,0.0,0.0
25899,2020-01-01,0.0,0.0,0.0,0.0,0.0,1.0
25899,2020-11-01,1.0,1.0,0.0,0.0,0.0,0.0
25899,2021-10-01,0.0,2.0,0.0,0.0,0.0,0.0
27001,2019-02-01,0.0,1.0,0.0,0.0,0.0,0.0
27001,2019-03-01,0.0,0.0,1.0,0.0,0.0,0.0
27001,2019-04-01,1.0,0.0,0.0,0.0,0.0,0.0
27001,2019-05-01,0.0,1.0,0.0,0.0,0.0,0.0
27001,2019-06-01,1.0,0.0,0.0,0.0,0.0,0.0
27001,2019-07-01,1.0,2.0,0.0,0.0,0.0,0.0
27001,2019-08-01,1.0,1.0,0.0,0.0,0.0,0.0
27001,2019-09-01,0.0,1.0,0.0,0.0,0.0,0.0
27001,2019-12-01,1.0,1.0,0.0,0.0,0.0,0.0
27001,2020-01-01,0.0,2.0,0.0,0.0,0.0,0.0
27001,2020-05-01,0.0,0.0,2.0,0.0,0.0,0.0
27001,2020-06-01,0.0,0.0,1.0,0.0,0.0,0.0
27001,2020-07-01,0.0,0.0,1.0,0.0,0.0,0.0
27001,2020-08-01,0.0,2.0,1.0,1.0,0.0,0.0
27001,2020-09-01,0.0,0.0,1.0,0.0,0.0,0.0
27001,2021-03-01,0.0,1.0,0.0,0.0,0.0,0.0
27001,2021-06-01,0.0,1.0,0.0,0.0,0.0,0.0
27001,2021-07-01,0.0,0.0,1.0,0.0,0.0,0.0
27001,2022-04-01,3.0,0.0,0.0,0.0,0.0,0.0
27001,2022-05-01,0.0,3.0,0.0,0.0,0.0,0.0
27001,2022-07-01,3.0,0.0,0.0,0.0,0.0,0.0
27006,2019-12-01,1.0,0.0,0.0,0.0,0.0,0.0
27006,2021-01-01,1.0,0.0,0.0,0.0,0.0,0.0
27006,2021-05-01,1.0,0.0,0.0,0.0,0.0,0.0
27006,2022-03-01,3.0,0.0,0.0,0.0,0.0,0.0
27006,2022-05-01,3.0,0.0,0.0,0.0,0.0,0.0
27025,2021-07-01,1.0,0.0,0.0,0.0,0.0,0.0
27025,2021-11-01,1.0,0.0,0.0,0.0,0.0,0.0
27025,2022-07-01,0.0,0.0,3.0,0.0,0.0,0.0
27050,2019-06-01,1.0,0.0,0.0,0.0,0.0,0.0
27050,2019-08-01,1.0,0.0,1.0,0.0,0.0,0.0
27050,2020-08-01,0.0,0.0,0.0,1.0,0.0,0.0
27050,2020-11-01,1.0,0.0,0.0,0.0,0.0,0.0
27050,2021-05-01,1.0,0.0,0.0,0.0,0.0,0.0
27073,2019-05-01,1.0,0.0,0.0,0.0,0.0,0.0
27073,2019-06-01,1.0,0.0,0.0,0.0,0.0,0.0
27073,2020-09-01,0.0,0.0,1.0,0.0,0.0,0.0
27073,2020-10-01,1.0,0.0,0.0,0.0,0.0,0.0
27073,2020-11-01,1.0,0.0,0.0,0.0,0.0,0.0
27073,2021-05-01,1.0,0.0,0.0,0.0,0.0,0.0
27075,2019-11-01,0.0,1.0,0.0,0.0,0.0,0.0
27075,2020-08-01,0.0,0.0,0.0,1.0,0.0,0.0
27075,2020-10-01,1.0,0.0,0.0,0.0,0.0,0.0
27075,2021-04-01,0.0,1.0,0.0,0.0,0.0,0.0
27075,2021-11-01,0.0,0.0,0.0,1.0,0.0,0.0
27077,2019-06-01,0.0,0.0,1.0,0.0,0.0,0.0
27077,2019-12-01,0.0,0.0,2.0,0.0,0.0,0.0
27077,2020-04-01,1.0,0.0,0.0,0.0,0.0,0.0
27077,2020-05-01,1.0,0.0,1.0,0.0,0.0,0.0
27077,2021-04-01,1.0,0.0,1.0,0.0,0.0,0.0
27077,2021-05-01,1.0,0.0,1.0,0.0,0.0,0.0
27077,2021-07-01,0.0,0.0,1.0,0.0,0.0,0.0
27077,2021-11-01,1.0,0.0,0.0,0.0,0.0,0.0
27077,2022-04-01,3.0,0.0,0.0,0.0,0.0,0.0
27077,2022-07-01,3.0,0.0,0.0,0.0,0.0,0.0
27077,2022-09-01,3.0,0.0,0.0,0.0,0.0,0.0
27099,2019-06-01,1.0,0.0,1.0,0.0,0.0,0.0
27099,2019-12-01,1.0,0.0,0.0,0.0,0.0,0.0
27099,2020-04-01,1.0,0.0,0.0,0.0,0.0,0.0
27099,2020-05-01,1.0,0.0,0.0,0.0,0.0,0.0
27099,2020-08-01,2.0,0.0,0.0,0.0,0.0,0.0
27099,2020-11-01,1.0,0.0,0.0,0.0,0.0,0.0
27099,2021-04-01,2.0,0.0,0.0,0.0,0.0,0.0
27099,2022-01-01,3.0,0.0,0.0,0.0,0.0,0.0
27099,2022-07-01,3.0,0.0,0.0,0.0,0.0,0.0
27135,2019-02-01,1.0,0.0,0.0,0.0,0.0,0.0
27135,2020-11-01,1.0,0.0,0.0,0.0,0.0,0.0
27135,2021-05-01,1.0,0.0,0.0,0.0,0.0,0.0
27135,2022-03-01,3.0,0.0,0.0,0.0,0.0,0.0
27150,2020-01-01,0.0,1.0,0.0,0.0,0.0,0.0
27150,2020-08-01,1.0,0.0,0.0,0.0,0.0,0.0
27150,2020-09-01,1.0,0.0,0.0,0.0,0.0,0.0
27150,2020-11-01,1.0,0.0,0.0,0.0,0.0,0.0
27150,2021-01-01,3.0,0.0,0.0,0.0,0.0,0.0
27150,2021-04-01,0.0,0.0,0.0,1.0,0.0,0.0
27150,2021-06-01,1.0,0.0,0.0,0.0,0.0,0.0
27150,2021-12-01,1.0,0.0,0.0,0.0,0.0,0.0
27150,2022-03-01,3.0,0.0,0.0,0.0,0.0,0.0
27150,2022-05-01,0.0,0.0,0.0,3.0,0.0,0.0
27150,2022-09-01,0.0,0.0,3.0,0.0,0.0,0.0
27160,2019-02-01,1.0,0.0,0.0,0.0,0.0,0.0
27160,2019-07-01,0.0,0.0,1.0,0.0,0.0,0.0
27160,2019-10-01,1.0,0.0,0.0,0.0,0.0,0.0
27160,2020-02-01,0.0,0.0,1.0,0.0,0.0,0.0
27160,2020-06-01,1.0,0.0,0.0,0.0,0.0,0.0
27160,2020-11-01,1.0,0.0,0.0,0.0,0.0,0.0
27160,2021-04-01,0.0,1.0,0.0,0.0,0.0,0.0
27160,2021-06-01,1.0,0.0,0.0,0.0,0.0,0.0
27160,2021-08-01,1.0,0.0,0.0,0.0,0.0,0.0
27205,2019-02-01,1.0,0.0,0.0,0.0,0.0,0.0
27205,2019-03-01,1.0,1.0,0.0,0.0,0.0,0.0
27205,2019-05-01,1.0,0.0,0.0,0.0,0.0,0.0
27205,2019-08-01,0.0,0.0,1.0,0.0,0.0,0.0
27205,2020-02-01,0.0,0.0,1.0,0.0,0.0,0.0
27205,2020-11-01,1.0,0.0,0.0,0.0,0.0,0.0
27205,2021-10-01,1.0,0.0,0.0,0.0,0.0,0.0
27205,2022-03-01,3.0,0.0,0.0,0.0,0.0,0.0
27205,2022-06-01,3.0,0.0,0.0,0.0,0.0,0.0
27245,2020-01-01,0.0,1.0,0.0,0.0,0.0,0.0
27245,2020-11-01,0.0,1.0,0.0,0.0,0.0,0.0
27245,2021-05-01,0.0,1.0,0.0,0.0,0.0,0.0
27245,2021-10-01,0.0,0.0,0.0,0.0,1.0,0.0
27245,2022-08-01,0.0,3.0,0.0,0.0,0.0,0.0
27250,2019-02-01,1.0,0.0,0.0,0.0,0.0,0.0
27250,2019-03-01,1.0,0.0,0.0,0.0,0.0,0.0
27250,2019-05-01,0.0,0.0,1.0,0.0,0.0,0.0
27250,2019-07-01,0.0,0.0,1.0,0.0,0.0,0.0
27250,2020-05-01,1.0,0.0,0.0,0.0,0.0,0.0
27250,2020-10-01,0.0,0.0,1.0,0.0,0.0,0.0
27250,2021-04-01,0.0,0.0,1.0,0.0,0.0,0.0
27250,2021-07-01,0.0,0.0,1.0,0.0,0.0,0.0
27250,2021-11-01,1.0,0.0,0.0,0.0,0.0,0.0
27250,2022-05-01,0.0,0.0,0.0,0.0,0.0,3.0
27361,2019-02-01,1.0,0.0,0.0,0.0,0.0,0.0
27361,2019-06-01,1.0,1.0,0.0,0.0,0.0,0.0
27361,2019-07-01,0.0,0.0,1.0,0.0,0.0,0.0
27361,2019-08-01,0.0,1.0,0.0,0.0,0.0,0.0
27361,2020-04-01,1.0,1.0,0.0,0.0,0.0,0.0
27361,2020-05-01,0.0,0.0,1.0,0.0,0.0,0.0
27361,2020-06-01,0.0,0.0,0.0,1.0,0.0,0.0
27361,2020-07-01,0.0,1.0,0.0,0.0,0.0,0.0
27361,2020-11-01,1.0,0.0,0.0,0.0,0.0,0.0
27361,2021-04-01,0.0,1.0,0.0,0.0,0.0,0.0
27361,2021-06-01,0.0,1.0,0.0,0.0,0.0,0.0
27361,2022-01-01,0.0,3.0,0.0,0.0,0.0,0.0
27361,2022-03-01,0.0,3.0,0.0,0.0,0.0,0.0
27372,2019-05-01,0.0,0.0,0.0,0.0,0.0,1.0
27372,2019-07-01,0.0,2.0,1.0,0.0,0.0,0.0
27372,2020-11-01,1.0,0.0,0.0,0.0,0.0,0.0
27413,2019-05-01,2.0,0.0,0.0,0.0,0.0,0.0
27413,2019-06-01,1.0,0.0,0.0,0.0,1.0,0.0
27413,2019-07-01,0.0,0.0,1.0,0.0,0.0,0.0
27413,2019-08-01,0.0,0.0,1.0,0.0,0.0,0.0
27413,2019-09-01,1.0,0.0,0.0,0.0,0.0,0.0
27413,2020-02-01,0.0,0.0,1.0,0.0,0.0,0.0
27413,2020-08-01,0.0,0.0,1.0,1.0,0.0,0.0
27413,2020-11-01,1.0,0.0,0.0,0.0,0.0,0.0
27413,2021-04-01,1.0,0.0,0.0,0.0,0.0,0.0
27413,2021-05-01,1.0,0.0,0.0,0.0,0.0,0.0
27413,2021-09-01,0.0,0.0,1.0,0.0,0.0,0.0
27413,2021-11-01,0.0,0.0,1.0,0.0,0.0,0.0
27413,2022-01-01,0.0,0.0,0.0,3.0,0.0,0.0
27413,2022-03-01,3.0,0.0,0.0,0.0,0.0,0.0
27413,2022-05-01,3.0,0.0,0.0,3.0,0.0,0.0
27425,2019-06-01,0.0,0.0,1.0,0.0,1.0,0.0
27425,2019-12-01,1.0,0.0,0.0,0.0,0.0,0.0
27425,2020-08-01,1.0,0.0,0.0,0.0,0.0,0.0
27425,2020-11-01,1.0,0.0,0.0,0.0,0.0,0.0
27425,2020-12-01,1.0,0.0,0.0,0.0,0.0,0.0
27425,2021-07-01,1.0,0.0,0.0,0.0,0.0,0.0
27425,2022-07-01,3.0,0.0,0.0,0.0,0.0,0.0
27430,2019-08-01,0.0,0.0,1.0,0.0,0.0,0.0
27430,2020-02-01,1.0,0.0,0.0,0.0,0.0,0.0
27430,2020-05-01,1.0,1.0,0.0,0.0,0.0,0.0
27430,2020-08-01,1.0,1.0,0.0,0.0,0.0,0.0
27430,2021-01-01,1.0,0.0,0.0,0.0,0.0,0.0
27430,2021-02-01,0.0,1.0,0.0,0.0,0.0,0.0
27430,2021-03-01,1.0,0.0,0.0,0.0,0.0,0.0
27430,2021-04-01,1.0,1.0,0.0,0.0,0.0,0.0
27430,2021-05-01,1.0,0.0,0.0,0.0,0.0,0.0
27430,2021-07-01,1.0,0.0,0.0,0.0,0.0,0.0
27430,2021-11-01,2.0,0.0,0.0,0.0,0.0,0.0
27430,2022-05-01,3.0,0.0,3.0,0.0,0.0,0.0
27430,2022-07-01,3.0,0.0,3.0,0.0,0.0,0.0
27430,2022-08-01,6.0,3.0,3.0,0.0,0.0,0.0
27450,2019-02-01,2.0,0.0,0.0,0.0,0.0,0.0
27450,2019-06-01,0.0,0.0,1.0,0.0,0.0,0.0
27450,2019-08-01,0.0,0.0,1.0,0.0,0.0,0.0
27450,2019-09-01,1.0,0.0,0.0,0.0,0.0,0.0
27450,2020-02-01,0.0,0.0,1.0,0.0,0.0,0.0
27450,2020-11-01,1.0,0.0,0.0,0.0,0.0,0.0
27450,2021-05-01,1.0,0.0,0.0,0.0,0.0,0.0
27450,2022-03-01,3.0,0.0,0.0,0.0,0.0,0.0
27491,2019-07-01,0.0,0.0,1.0,0.0,0.0,0.0
27491,2020-11-01,1.0,0.0,0.0,0.0,0.0,0.0
27491,2021-05-01,0.0,0.0,0.0,0.0,1.0,0.0
27491,2022-03-01,3.0,0.0,0.0,0.0,0.0,0.0
27495,2021-11-01,1.0,0.0,0.0,0.0,0.0,0.0
27580,2019-02-01,1.0,0.0,0.0,0.0,0.0,0.0
27580,2019-08-01,1.0,0.0,0.0,0.0,0.0,0.0
27580,2020-11-01,0.0,1.0,0.0,0.0,0.0,0.0
27600,2019-02-01,1.0,0.0,0.0,0.0,0.0,0.0
27600,2019-08-01,0.0,0.0,1.0,0.0,0.0,0.0
27600,2020-05-01,0.0,0.0,1.0,0.0,0.0,0.0
27600,2020-08-01,0.0,0.0,0.0,1.0,0.0,0.0
27600,2020-11-01,1.0,0.0,0.0,0.0,0.0,0.0
27600,2021-04-01,0.0,1.0,0.0,0.0,0.0,0.0
27600,2022-01-01,3.0,0.0,0.0,0.0,0.0,0.0
27615,2019-01-01,0.0,1.0,0.0,0.0,0.0,0.0
27615,2019-05-01,1.0,0.0,0.0,0.0,0.0,0.0
27615,2019-12-01,1.0,0.0,0.0,0.0,0.0,0.0
27615,2020-05-01,0.0,0.0,1.0,0.0,0.0,0.0
27615,2020-09-01,1.0,0.0,0.0,0.0,0.0,0.0
27615,2020-11-01,1.0,0.0,0.0,0.0,0.0,0.0
27615,2020-12-01,0.0,0.0,0.0,0.0,0.0,1.0
27615,2021-03-01,0.0,0.0,1.0,0.0,0.0,0.0
27615,2021-05-01,1.0,0.0,0.0,0.0,0.0,0.0
27615,2021-06-01,1.0,0.0,0.0,0.0,0.0,0.0
27615,2022-05-01,3.0,0.0,0.0,0.0,0.0,0.0
27660,2019-05-01,0.0,1.0,0.0,0.0,0.0,0.0
27660,2020-04-01,0.0,1.0,0.0,0.0,0.0,0.0
27660,2020-11-01,1.0,2.0,0.0,0.0,0.0,0.0
27660,2022-07-01,0.0,0.0,0.0,0.0,3.0,0.0
27745,2019-05-01,1.0,0.0,0.0,0.0,0.0,0.0
27745,2020-05-01,1.0,0.0,0.0,0.0,0.0,0.0
27745,2020-06-01,0.0,0.0,1.0,0.0,0.0,0.0
27745,2020-11-01,1.0,0.0,0.0,0.0,0.0,0.0
27745,2021-10-01,1.0,0.0,0.0,0.0,0.0,0.0
27745,2022-03-01,3.0,0.0,0.0,0.0,0.0,0.0
27787,2019-02-01,2.0,0.0,0.0,0.0,0.0,0.0
27787,2019-03-01,1.0,0.0,0.0,0.0,0.0,0.0
27787,2019-06-01,1.0,0.0,0.0,0.0,0.0,0.0
27787,2020-02-01,0.0,0.0,2.0,0.0,0.0,0.0
27787,2020-09-01,0.0,0.0,1.0,0.0,0.0,0.0
27787,2020-10-01,1.0,0.0,0.0,0.0,0.0,0.0
27787,2020-11-01,1.0,0.0,0.0,0.0,0.0,0.0
27787,2021-04-01,0.0,0.0,0.0,1.0,0.0,0.0
27787,2021-06-01,0.0,1.0,0.0,0.0,0.0,0.0
27787,2022-03-01,0.0,0.0,0.0,3.0,0.0,0.0
27800,2019-08-01,0.0,0.0,1.0,0.0,0.0,0.0
27800,2019-12-01,1.0,0.0,0.0,0.0,0.0,0.0
27800,2021-04-01,2.0,0.0,0.0,0.0,0.0,0.0
27800,2021-05-01,1.0,0.0,0.0,0.0,0.0,0.0
27800,2022-03-01,3.0,0.0,0.0,0.0,0.0,0.0
27800,2022-05-01,3.0,0.0,0.0,0.0,0.0,0.0
27810,2019-08-01,0.0,0.0,1.0,0.0,0.0,0.0
27810,2020-02-01,0.0,0.0,1.0,0.0,0.0,0.0
27810,2020-05-01,1.0,0.0,0.0,0.0,0.0,0.0
27810,2020-06-01,1.0,0.0,0.0,0.0,0.0,0.0
41001,2019-04-01,1.0,1.0,0.0,0.0,0.0,0.0
41001,2019-05-01,0.0,0.0,1.0,0.0,0.0,0.0
41001,2019-10-01,1.0,0.0,1.0,0.0,0.0,0.0
41001,2020-05-01,0.0,1.0,0.0,0.0,0.0,0.0
41001,2020-06-01,0.0,1.0,1.0,0.0,0.0,0.0
41001,2020-11-01,0.0,1.0,0.0,0.0,0.0,0.0
41001,2020-12-01,1.0,0.0,0.0,0.0,0.0,0.0
41001,2021-02-01,0.0,2.0,1.0,0.0,0.0,0.0
41001,2021-03-01,0.0,0.0,0.0,1.0,0.0,0.0
41001,2021-04-01,0.0,0.0,0.0,0.0,1.0,0.0
41001,2021-08-01,1.0,0.0,0.0,0.0,0.0,0.0
41001,2021-11-01,2.0,1.0,1.0,1.0,0.0,0.0
41001,2021-12-01,0.0,0.0,1.0,0.0,0.0,0.0
41001,2022-02-01,0.0,0.0,0.0,3.0,0.0,0.0
41001,2022-03-01,0.0,0.0,0.0,3.0,0.0,0.0
41001,2022-09-01,0.0,3.0,0.0,0.0,0.0,0.0
41006,2019-04-01,0.0,1.0,0.0,0.0,0.0,0.0
41006,2019-09-01,0.0,0.0,0.0,0.0,1.0,0.0
41006,2019-10-01,1.0,0.0,0.0,0.0,0.0,0.0
41006,2020-09-01,1.0,1.0,0.0,0.0,0.0,0.0
41006,2020-10-01,0.0,0.0,1.0,0.0,0.0,0.0
41006,2021-07-01,1.0,0.0,0.0,0.0,1.0,0.0
41006,2021-08-01,0.0,1.0,0.0,0.0,0.0,0.0
41006,2022-02-01,0.0,3.0,3.0,0.0,0.0,0.0
41006,2022-03-01,0.0,0.0,0.0,3.0,0.0,0.0
41013,2020-08-01,0.0,0.0,1.0,0.0,0.0,0.0
41013,2021-02-01,0.0,1.0,0.0,0.0,0.0,0.0
41013,2021-03-01,1.0,1.0,0.0,0.0,0.0,0.0
41013,2022-03-01,0.0,3.0,0.0,0.0,0.0,0.0
41016,2021-03-01,0.0,1.0,0.0,0.0,0.0,0.0
41016,2022-02-01,0.0,0.0,3.0,0.0,0.0,0.0
41016,2022-03-01,0.0,3.0,3.0,3.0,0.0,0.0
41020,2019-05-01,0.0,0.0,1.0,0.0,0.0,0.0
41020,2019-06-01,0.0,1.0,0.0,0.0,0.0,0.0
41020,2020-09-01,1.0,0.0,0.0,0.0,0.0,0.0
41020,2020-11-01,1.0,0.0,0.0,0.0,0.0,0.0
41020,2021-02-01,0.0,2.0,0.0,0.0,0.0,0.0
41020,2021-03-01,0.0,2.0,0.0,0.0,0.0,0.0
41020,2021-09-01,1.0,0.0,0.0,0.0,0.0,0.0
41020,2021-11-01,0.0,0.0,0.0,2.0,1.0,0.0
41020,2022-01-01,0.0,6.0,0.0,0.0,0.0,0.0
41020,2022-02-01,0.0,6.0,3.0,3.0,0.0,0.0
41020,2022-03-01,0.0,12.0,0.0,3.0,0.0,0.0
41026,2020-08-01,0.0,0.0,1.0,0.0,0.0,0.0
41026,2020-09-01,0.0,0.0,0.0,1.0,0.0,0.0
41078,2019-06-01,0.0,0.0,0.0,0.0,1.0,0.0
41078,2020-05-01,0.0,0.0,0.0,1.0,0.0,0.0
41078,2020-07-01,0.0,0.0,0.0,0.0,1.0,0.0
41078,2021-03-01,0.0,0.0,0.0,1.0,0.0,0.0
41078,2021-11-01,0.0,2.0,0.0,0.0,0.0,0.0
41078,2022-01-01,3.0,0.0,6.0,0.0,0.0,0.0
41078,2022-03-01,3.0,3.0,0.0,0.0,0.0,0.0
41078,2022-08-01,0.0,0.0,0.0,3.0,0.0,0.0
41132,2019-02-01,0.0,0.0,1.0,0.0,0.0,0.0
41132,2019-04-01,1.0,0.0,0.0,0.0,0.0,0.0
41132,2021-02-01,0.0,1.0,0.0,0.0,0.0,0.0
41132,2021-12-01,0.0,0.0,1.0,0.0,0.0,0.0
41132,2022-03-01,0.0,3.0,6.0,0.0,0.0,0.0
41206,2019-06-01,1.0,0.0,0.0,0.0,0.0,0.0
41206,2019-07-01,0.0,0.0,0.0,0.0,1.0,0.0
41206,2020-04-01,0.0,0.0,1.0,0.0,0.0,0.0
41206,2020-07-01,0.0,0.0,0.0,1.0,0.0,0.0
41206,2020-12-01,0.0,0.0,0.0,0.0,0.0,1.0
41244,2021-03-01,0.0,0.0,0.0,1.0,0.0,0.0
41244,2021-09-01,0.0,0.0,1.0,0.0,0.0,0.0
41244,2021-11-01,0.0,0.0,0.0,1.0,0.0,0.0
41244,2022-02-01,0.0,0.0,0.0,0.0,3.0,0.0
41244,2022-06-01,0.0,3.0,0.0,0.0,0.0,0.0
41298,2019-02-01,1.0,0.0,0.0,0.0,0.0,0.0
41298,2019-07-01,0.0,1.0,0.0,0.0,0.0,0.0
41298,2020-10-01,0.0,0.0,0.0,1.0,0.0,0.0
41298,2020-11-01,0.0,0.0,1.0,0.0,0.0,0.0
41298,2021-02-01,0.0,1.0,0.0,0.0,0.0,0.0
41298,2021-03-01,0.0,1.0,0.0,2.0,0.0,0.0
41298,2021-09-01,0.0,0.0,1.0,0.0,0.0,0.0
41298,2021-12-01,0.0,1.0,1.0,1.0,0.0,0.0
41298,2022-01-01,3.0,0.0,0.0,0.0,0.0,0.0
41298,2022-02-01,0.0,0.0,3.0,0.0,0.0,0.0
41298,2022-03-01,3.0,0.0,0.0,0.0,0.0,0.0
41306,2019-11-01,0.0,0.0,0.0,1.0,0.0,0.0
41306,2020-12-01,0.0,0.0,0.0,0.0,0.0,1.0
41306,2021-03-01,1.0,0.0,0.0,0.0,0.0,0.0
41306,2022-03-01,3.0,0.0,0.0,0.0,0.0,0.0
41319,2019-11-01,0.0,2.0,0.0,0.0,0.0,0.0
41319,2020-07-01,0.0,1.0,0.0,0.0,0.0,0.0
41319,2020-09-01,0.0,0.0,0.0,1.0,0.0,0.0
41319,2021-03-01,0.0,1.0,0.0,0.0,0.0,0.0
41319,2021-07-01,0.0,1.0,0.0,0.0,0.0,0.0
41319,2021-12-01,0.0,1.0,0.0,0.0,0.0,0.0
41319,2022-02-01,3.0,0.0,0.0,0.0,0.0,0.0
41319,2022-03-01,0.0,3.0,0.0,0.0,0.0,0.0
41349,2019-05-01,0.0,0.0,1.0,0.0,0.0,0.0
41349,2020-08-01,0.0,0.0,1.0,0.0,0.0,0.0
41349,2021-02-01,1.0,1.0,0.0,0.0,0.0,0.0
41349,2021-03-01,0.0,1.0,0.0,0.0,0.0,0.0
41349,2022-01-01,0.0,0.0,3.0,3.0,0.0,0.0
41349,2022-02-01,0.0,0.0,0.0,3.0,0.0,0.0
41357,2020-07-01,0.0,0.0,0.0,0.0,1.0,0.0
41357,2022-01-01,0.0,3.0,0.0,0.0,0.0,0.0
41357,2022-02-01,0.0,3.0,0.0,0.0,0.0,0.0
41357,2022-03-01,0.0,3.0,0.0,3.0,0.0,0.0
41357,2022-04-01,0.0,3.0,0.0,0.0,0.0,0.0
41359,2019-06-01,1.0,0.0,0.0,0.0,0.0,0.0
41359,2020-07-01,0.0,1.0,0.0,0.0,0.0,0.0
41359,2021-02-01,0.0,0.0,1.0,0.0,0.0,0.0
41359,2021-03-01,0.0,1.0,0.0,0.0,0.0,0.0
41359,2021-05-01,0.0,0.0,0.0,1.0,0.0,0.0
41359,2022-01-01,0.0,3.0,3.0,0.0,0.0,0.0
41359,2022-02-01,3.0,0.0,0.0,0.0,0.0,0.0
41359,2022-03-01,3.0,3.0,0.0,0.0,0.0,0.0
41378,2019-05-01,0.0,0.0,0.0,0.0,1.0,0.0
41378,2020-08-01,0.0,0.0,1.0,0.0,0.0,0.0
41378,2021-03-01,0.0,3.0,0.0,0.0,0.0,0.0
41378,2021-10-01,1.0,0.0,0.0,0.0,0.0,0.0
41378,2021-11-01,0.0,1.0,0.0,0.0,0.0,0.0
41378,2022-01-01,0.0,3.0,0.0,0.0,0.0,0.0
41378,2022-02-01,0.0,0.0,0.0,0.0,3.0,0.0
41378,2022-03-01,0.0,0.0,3.0,3.0,3.0,0.0
41396,2019-12-01,0.0,0.0,0.0,1.0,0.0,0.0
41396,2020-07-01,0.0,1.0,0.0,0.0,1.0,0.0
41396,2021-02-01,1.0,0.0,0.0,0.0,0.0,0.0
41396,2021-03-01,0.0,2.0,0.0,0.0,0.0,0.0
41396,2021-10-01,1.0,0.0,1.0,0.0,0.0,0.0
41396,2021-11-01,0.0,0.0,0.0,0.0,1.0,0.0
41396,2021-12-01,0.0,1.0,0.0,0.0,0.0,0.0
41396,2022-01-01,0.0,0.0,0.0,0.0,3.0,0.0
41396,2022-02-01,3.0,0.0,0.0,0.0,0.0,0.0
41396,2022-03-01,6.0,12.0,0.0,3.0,0.0,0.0
41396,2022-06-01,0.0,3.0,0.0,0.0,0.0,0.0
41396,2022-07-01,0.0,6.0,0.0,0.0,0.0,0.0
41483,2020-05-01,0.0,1.0,0.0,0.0,0.0,0.0
41483,2020-07-01,0.0,1.0,2.0,0.0,0.0,0.0
41483,2021-11-01,0.0,1.0,0.0,0.0,0.0,0.0
41483,2022-03-01,3.0,3.0,3.0,0.0,0.0,0.0
41483,2022-04-01,0.0,0.0,3.0,0.0,0.0,0.0
41483,2022-06-01,0.0,3.0,0.0,0.0,0.0,0.0
41483,2022-09-01,0.0,3.0,0.0,0.0,0.0,0.0
41503,2019-03-01,0.0,0.0,1.0,0.0,0.0,0.0
41503,2020-05-01,0.0,1.0,0.0,0.0,0.0,0.0
41503,2020-06-01,0.0,0.0,1.0,0.0,0.0,0.0
41503,2021-03-01,0.0,3.0,0.0,0.0,0.0,0.0
41503,2021-12-01,0.0,1.0,0.0,0.0,0.0,0.0
41503,2022-02-01,0.0,3.0,3.0,0.0,0.0,0.0
41503,2022-03-01,0.0,3.0,0.0,0.0,0.0,0.0
41518,2019-07-01,1.0,0.0,0.0,0.0,0.0,0.0
41518,2021-03-01,0.0,1.0,0.0,0.0,0.0,0.0
41518,2021-12-01,0.0,1.0,0.0,0.0,0.0,0.0
41518,2022-03-01,0.0,6.0,0.0,3.0,0.0,0.0
41524,2019-04-01,0.0,0.0,1.0,0.0,0.0,0.0
41524,2019-11-01,1.0,0.0,0.0,0.0,0.0,0.0
41524,2020-11-01,1.0,0.0,0.0,0.0,0.0,0.0
41524,2021-03-01,2.0,3.0,0.0,0.0,0.0,0.0
41524,2021-04-01,0.0,0.0,0.0,1.0,0.0,0.0
41524,2021-06-01,1.0,0.0,0.0,0.0,0.0,0.0
41524,2021-11-01,0.0,2.0,0.0,0.0,0.0,0.0
41524,2022-03-01,3.0,9.0,0.0,6.0,0.0,0.0
41524,2022-09-01,0.0,0.0,3.0,0.0,0.0,0.0
41530,2020-07-01,1.0,0.0,0.0,0.0,0.0,0.0
41530,2020-10-01,0.0,0.0,1.0,0.0,0.0,0.0
41530,2020-11-01,0.0,1.0,0.0,0.0,0.0,0.0
41530,2021-02-01,0.0,0.0,1.0,0.0,0.0,0.0
41530,2021-03-01,0.0,1.0,0.0,0.0,0.0,0.0
41530,2021-07-01,0.0,1.0,0.0,0.0,0.0,0.0
41530,2022-03-01,0.0,6.0,0.0,0.0,0.0,0.0
41548,2019-07-01,1.0,0.0,0.0,0.0,0.0,0.0
41548,2019-12-01,0.0,0.0,1.0,0.0,0.0,0.0
41548,2020-07-01,0.0,1.0,0.0,0.0,0.0,0.0
41548,2021-02-01,0.0,1.0,0.0,0.0,0.0,0.0
41548,2021-03-01,0.0,0.0,1.0,0.0,0.0,0.0
41548,2021-11-01,1.0,2.0,1.0,0.0,0.0,0.0
41548,2022-02-01,0.0,3.0,0.0,0.0,0.0,0.0
41548,2022-03-01,0.0,12.0,0.0,0.0,0.0,0.0
41551,2020-05-01,0.0,1.0,1.0,1.0,0.0,0.0
41551,2020-07-01,0.0,1.0,0.0,0.0,0.0,0.0
41551,2020-09-01,1.0,1.0,0.0,2.0,0.0,0.0
41551,2020-10-01,0.0,0.0,2.0,0.0,0.0,0.0
41551,2020-11-01,1.0,1.0,2.0,0.0,0.0,0.0
41551,2020-12-01,0.0,0.0,1.0,0.0,0.0,0.0
41551,2021-02-01,0.0,0.0,0.0,2.0,0.0,0.0
41551,2021-03-01,1.0,4.0,1.0,1.0,0.0,0.0
41551,2021-07-01,1.0,0.0,0.0,0.0,0.0,0.0
41551,2021-10-01,0.0,1.0,1.0,0.0,0.0,0.0
41551,2021-11-01,0.0,0.0,0.0,2.0,0.0,0.0
41551,2021-12-01,0.0,2.0,1.0,0.0,0.0,0.0
41551,2022-03-01,3.0,9.0,0.0,6.0,6.0,0.0
41551,2022-09-01,0.0,0.0,3.0,0.0,0.0,0.0
41615,2021-02-01,1.0,0.0,0.0,0.0,0.0,0.0
41615,2021-03-01,0.0,0.0,0.0,1.0,0.0,0.0
41615,2022-03-01,0.0,0.0,0.0,3.0,0.0,0.0
41660,2019-04-01,0.0,0.0,1.0,0.0,0.0,0.0
41660,2020-09-01,0.0,0.0,1.0,0.0,0.0,0.0
41660,2021-02-01,0.0,1.0,0.0,0.0,0.0,0.0
41660,2021-03-01,1.0,1.0,0.0,1.0,0.0,0.0
41660,2021-12-01,0.0,1.0,0.0,0.0,0.0,0.0
41660,2022-02-01,0.0,0.0,3.0,0.0,3.0,0.0
41660,2022-03-01,0.0,0.0,3.0,0.0,0.0,0.0
41660,2022-06-01,0.0,3.0,0.0,0.0,0.0,0.0
41668,2019-05-01,0.0,0.0,1.0,0.0,0.0,0.0
41668,2020-04-01,1.0,0.0,0.0,0.0,0.0,0.0
41668,2021-03-01,0.0,4.0,0.0,0.0,0.0,0.0
41668,2021-07-01,1.0,0.0,0.0,0.0,0.0,0.0
41668,2021-10-01,0.0,0.0,1.0,0.0,0.0,0.0
41668,2021-12-01,1.0,0.0,0.0,0.0,0.0,0.0
41668,2022-02-01,3.0,3.0,6.0,0.0,0.0,0.0
41668,2022-03-01,3.0,3.0,0.0,0.0,0.0,0.0
41668,2022-09-01,0.0,3.0,0.0,0.0,0.0,0.0
41676,2020-05-01,0.0,0.0,1.0,0.0,0.0,0.0
41676,2020-07-01,0.0,1.0,0.0,0.0,0.0,0.0
41676,2021-04-01,0.0,1.0,0.0,2.0,0.0,0.0
41676,2021-06-01,0.0,1.0,0.0,0.0,0.0,0.0
41676,2021-10-01,0.0,1.0,1.0,0.0,0.0,0.0
41676,2021-11-01,0.0,0.0,0.0,1.0,0.0,0.0
41676,2022-02-01,0.0,0.0,0.0,0.0,3.0,0.0
41676,2022-03-01,0.0,12.0,0.0,9.0,0.0,0.0
41676,2022-04-01,3.0,3.0,0.0,0.0,0.0,0.0
41676,2022-09-01,0.0,6.0,0.0,0.0,0.0,0.0
41770,2020-09-01,0.0,0.0,0.0,0.0,2.0,0.0
41770,2020-10-01,1.0,0.0,0.0,0.0,0.0,0.0
41770,2021-03-01,0.0,0.0,0.0,1.0,0.0,0.0
41770,2021-05-01,0.0,1.0,0.0,1.0,0.0,0.0
41770,2022-02-01,0.0,0.0,3.0,0.0,0.0,0.0
41770,2022-03-01,0.0,3.0,0.0,0.0,0.0,0.0
41770,2022-07-01,0.0,0.0,0.0,3.0,0.0,0.0
41791,2019-05-01,0.0,0.0,0.0,0.0,1.0,0.0
41791,2020-07-01,0.0,0.0,0.0,1.0,0.0,0.0
41791,2021-02-01,0.0,1.0,0.0,0.0,0.0,0.0
41791,2021-03-01,0.0,1.0,0.0,0.0,0.0,0.0
41797,2020-05-01,0.0,0.0,0.0,1.0,0.0,0.0
41797,2020-07-01,0.0,1.0,0.0,0.0,0.0,0.0
41797,2021-03-01,0.0,1.0,0.0,0.0,0.0,0.0
41797,2022-03-01,0.0,3.0,0.0,0.0,0.0,0.0
41799,2019-04-01,0.0,1.0,0.0,0.0,0.0,0.0
41799,2019-12-01,0.0,1.0,0.0,0.0,0.0,0.0
41799,2020-11-01,0.0,0.0,0.0,1.0,0.0,0.0
41799,2021-02-01,0.0,2.0,0.0,0.0,0.0,0.0
41799,2021-03-01,0.0,2.0,0.0,0.0,0.0,0.0
41799,2021-11-01,0.0,1.0,0.0,0.0,0.0,0.0
41799,2022-02-01,0.0,6.0,0.0,0.0,0.0,0.0
41799,2022-03-01,0.0,15.0,0.0,0.0,0.0,0.0
41801,2019-12-01,0.0,0.0,1.0,0.0,0.0,0.0
41801,2020-06-01,0.0,0.0,0.0,1.0,0.0,0.0
41801,2020-11-01,0.0,2.0,0.0,0.0,0.0,0.0
41801,2021-11-01,0.0,1.0,0.0,0.0,0.0,0.0
41801,2022-03-01,0.0,6.0,0.0,0.0,0.0,0.0
41807,2020-03-01,1.0,0.0,0.0,0.0,0.0,0.0
41807,2021-02-01,0.0,1.0,0.0,0.0,0.0,0.0
41807,2021-03-01,1.0,1.0,0.0,1.0,0.0,0.0
41807,2022-04-01,3.0,0.0,0.0,0.0,0.0,0.0
41807,2022-06-01,0.0,0.0,3.0,0.0,0.0,0.0
41872,2020-12-01,0.0,0.0,0.0,1.0,0.0,0.0
41872,2021-03-01,0.0,0.0,0.0,1.0,0.0,0.0
41872,2021-11-01,0.0,0.0,0.0,1.0,0.0,0.0
41885,2020-06-01,0.0,0.0,1.0,1.0,0.0,0.0
41885,2021-03-01,0.0,0.0,0.0,1.0,0.0,0.0
41885,2022-02-01,3.0,0.0,0.0,0.0,0.0,0.0
44001,2019-04-01,0.0,0.0,0.0,0.0,0.0,1.0
44001,2019-05-01,1.0,0.0,0.0,0.0,0.0,0.0
44001,2019-09-01,0.0,0.0,1.0,0.0,0.0,0.0
44001,2020-01-01,0.0,0.0,1.0,0.0,0.0,0.0
44001,2020-05-01,0.0,0.0,1.0,0.0,0.0,0.0
44001,2020-09-01,1.0,0.0,0.0,0.0,0.0,0.0
44001,2020-11-01,2.0,0.0,0.0,0.0,0.0,0.0
44001,2021-08-01,0.0,0.0,2.0,0.0,0.0,1.0
44001,2021-09-01,1.0,0.0,0.0,0.0,0.0,0.0
44001,2021-10-01,2.0,0.0,1.0,0.0,0.0,0.0
44001,2022-06-01,0.0,0.0,3.0,0.0,0.0,0.0
44001,2022-08-01,6.0,0.0,0.0,0.0,0.0,0.0
44001,2022-09-01,3.0,0.0,6.0,0.0,0.0,0.0
44078,2020-02-01,0.0,0.0,0.0,0.0,0.0,1.0
44078,2020-05-01,0.0,0.0,1.0,0.0,0.0,0.0
44090,2019-10-01,0.0,0.0,1.0,0.0,0.0,0.0
44090,2020-12-01,1.0,0.0,0.0,0.0,0.0,0.0
44090,2021-08-01,0.0,0.0,1.0,0.0,0.0,0.0
44098,2020-11-01,1.0,0.0,0.0,0.0,0.0,0.0
44098,2021-10-01,2.0,0.0,0.0,0.0,0.0,0.0
44110,2020-11-01,0.0,0.0,0.0,1.0,0.0,0.0
44110,2021-06-01,1.0,0.0,0.0,0.0,0.0,0.0
44279,2020-05-01,0.0,0.0,2.0,0.0,0.0,0.0
44279,2021-08-01,0.0,0.0,1.0,0.0,0.0,0.0
44279,2021-10-01,2.0,0.0,0.0,0.0,0.0,0.0
44279,2022-05-01,0.0,0.0,6.0,0.0,0.0,0.0
44279,2022-06-01,6.0,0.0,0.0,0.0,0.0,0.0
44279,2022-07-01,0.0,0.0,3.0,0.0,0.0,0.0
44279,2022-09-01,0.0,0.0,3.0,0.0,0.0,0.0
44378,2019-02-01,0.0,0.0,0.0,0.0,0.0,2.0
44378,2021-06-01,0.0,0.0,1.0,0.0,0.0,0.0
44420,2019-06-01,1.0,0.0,0.0,0.0,0.0,0.0
44420,2020-01-01,0.0,0.0,1.0,0.0,0.0,0.0
44420,2020-04-01,0.0,0.0,1.0,0.0,0.0,0.0
44430,2019-03-01,0.0,0.0,0.0,0.0,0.0,1.0
44430,2019-08-01,1.0,0.0,2.0,0.0,0.0,0.0
44430,2019-10-01,0.0,0.0,1.0,0.0,0.0,0.0
44430,2020-08-01,1.0,0.0,1.0,0.0,0.0,0.0
44430,2020-11-01,1.0,0.0,0.0,0.0,0.0,0.0
44430,2021-07-01,1.0,0.0,0.0,0.0,0.0,0.0
44430,2021-08-01,0.0,0.0,0.0,0.0,0.0,1.0
44430,2021-09-01,1.0,0.0,0.0,0.0,0.0,0.0
44430,2022-06-01,0.0,0.0,3.0,0.0,0.0,0.0
44430,2022-08-01,6.0,0.0,0.0,0.0,0.0,0.0
44560,2019-02-01,0.0,0.0,0.0,0.0,0.0,1.0
44560,2020-11-01,1.0,0.0,0.0,1.0,0.0,0.0
44560,2021-08-01,3.0,0.0,0.0,0.0,0.0,0.0
44560,2022-06-01,0.0,0.0,3.0,0.0,0.0,0.0
44650,2019-04-01,0.0,0.0,1.0,0.0,0.0,0.0
44650,2019-10-01,0.0,0.0,1.0,0.0,0.0,0.0
44650,2020-02-01,0.0,0.0,0.0,0.0,0.0,2.0
44650,2022-09-01,3.0,0.0,0.0,0.0,0.0,0.0
44847,2020-10-01,1.0,0.0,0.0,0.0,0.0,0.0
44847,2020-11-01,3.0,0.0,0.0,0.0,0.0,0.0
44847,2021-07-01,2.0,0.0,0.0,0.0,0.0,0.0
44847,2021-08-01,1.0,0.0,0.0,0.0,0.0,1.0
44847,2021-09-01,1.0,0.0,0.0,0.0,0.0,0.0
44847,2022-09-01,0.0,0.0,0.0,3.0,0.0,0.0
44855,2020-05-01,0.0,0.0,1.0,0.0,0.0,0.0
44855,2020-10-01,0.0,0.0,1.0,0.0,0.0,0.0
44874,2020-04-01,0.0,0.0,1.0,0.0,0.0,0.0
44874,2020-05-01,1.0,0.0,0.0,0.0,0.0,0.0
47001,2019-04-01,0.0,0.0,0.0,0.0,0.0,1.0
47001,2019-11-01,0.0,1.0,0.0,0.0,0.0,0.0
47001,2020-07-01,1.0,2.0,0.0,0.0,0.0,0.0
47001,2020-09-01,0.0,1.0,1.0,1.0,0.0,0.0
47001,2020-10-01,0.0,1.0,0.0,1.0,0.0,0.0
47001,2020-11-01,1.0,0.0,0.0,0.0,0.0,0.0
47001,2021-05-01,1.0,0.0,0.0,0.0,0.0,0.0
47001,2021-06-01,1.0,0.0,0.0,0.0,0.0,0.0
47001,2021-08-01,2.0,0.0,0.0,0.0,0.0,0.0
47001,2021-09-01,0.0,1.0,0.0,0.0,0.0,0.0
47001,2022-06-01,3.0,6.0,0.0,0.0,0.0,0.0
47001,2022-09-01,0.0,0.0,0.0,3.0,0.0,0.0
47030,2019-08-01,0.0,0.0,1.0,0.0,0.0,0.0
47030,2020-10-01,1.0,0.0,0.0,0.0,0.0,0.0
47053,2020-06-01,1.0,0.0,0.0,0.0,0.0,0.0
47053,2020-10-01,1.0,0.0,0.0,0.0,0.0,0.0
47053,2021-06-01,0.0,0.0,1.0,0.0,0.0,0.0
47053,2021-08-01,1.0,0.0,0.0,0.0,0.0,0.0
47053,2022-06-01,3.0,0.0,0.0,0.0,0.0,0.0
47058,2022-06-01,3.0,0.0,0.0,0.0,0.0,0.0
47058,2022-09-01,3.0,0.0,0.0,0.0,0.0,0.0
47161,2022-09-01,3.0,0.0,0.0,0.0,0.0,0.0
47170,2019-10-01,1.0,0.0,0.0,0.0,0.0,0.0
47189,2019-05-01,0.0,0.0,1.0,0.0,0.0,0.0
47189,2020-08-01,0.0,0.0,1.0,0.0,0.0,0.0
47189,2020-11-01,1.0,0.0,0.0,0.0,0.0,0.0
47189,2021-04-01,0.0,0.0,1.0,0.0,0.0,0.0
47189,2021-06-01,1.0,0.0,0.0,0.0,0.0,0.0
47189,2022-02-01,0.0,3.0,0.0,0.0,0.0,0.0
47205,2020-04-01,0.0,0.0,1.0,0.0,0.0,0.0
47205,2021-11-01,1.0,0.0,0.0,0.0,0.0,0.0
47205,2022-06-01,3.0,0.0,0.0,0.0,0.0,0.0
47205,2022-09-01,3.0,0.0,0.0,0.0,0.0,0.0
47245,2019-05-01,0.0,0.0,1.0,0.0,0.0,0.0
47245,2020-04-01,0.0,0.0,0.0,0.0,0.0,1.0
47245,2020-11-01,1.0,0.0,0.0,0.0,0.0,0.0
47245,2021-05-01,0.0,0.0,1.0,0.0,0.0,0.0
47245,2021-06-01,1.0,0.0,0.0,0.0,0.0,0.0
47245,2021-11-01,1.0,0.0,0.0,0.0,0.0,0.0
47245,2022-05-01,3.0,0.0,0.0,0.0,0.0,0.0
47245,2022-09-01,3.0,0.0,0.0,0.0,0.0,0.0
47258,2021-09-01,1.0,0.0,0.0,0.0,0.0,0.0
47258,2022-06-01,3.0,0.0,0.0,0.0,0.0,0.0
47268,2020-10-01,1.0,0.0,0.0,0.0,0.0,0.0
47268,2022-06-01,3.0,0.0,0.0,0.0,0.0,0.0
47288,2019-04-01,0.0,0.0,1.0,0.0,0.0,0.0
47288,2020-10-01,1.0,0.0,0.0,0.0,0.0,0.0
47288,2021-08-01,1.0,0.0,0.0,0.0,0.0,0.0
47318,2022-09-01,3.0,0.0,0.0,0.0,0.0,0.0
47460,2019-06-01,1.0,0.0,0.0,0.0,0.0,0.0
47460,2019-07-01,0.0,0.0,1.0,0.0,0.0,0.0
47460,2019-10-01,1.0,0.0,0.0,0.0,0.0,0.0
47460,2022-03-01,0.0,0.0,3.0,0.0,0.0,0.0
47541,2019-06-01,0.0,0.0,1.0,0.0,0.0,0.0
47541,2019-07-01,0.0,0.0,1.0,0.0,0.0,0.0
47541,2019-08-01,0.0,0.0,1.0,0.0,0.0,0.0
47551,2021-08-01,1.0,0.0,0.0,0.0,0.0,0.0
47551,2021-10-01,1.0,0.0,0.0,0.0,0.0,0.0
47555,2020-05-01,1.0,0.0,0.0,0.0,0.0,0.0
47555,2020-08-01,0.0,0.0,1.0,0.0,0.0,0.0
47555,2020-11-01,1.0,0.0,0.0,0.0,0.0,0.0
47555,2021-03-01,0.0,0.0,1.0,0.0,0.0,0.0
47555,2021-09-01,0.0,1.0,0.0,0.0,0.0,0.0
47555,2022-09-01,3.0,0.0,0.0,0.0,0.0,0.0
47570,2019-09-01,0.0,0.0,1.0,0.0,0.0,0.0
47570,2021-08-01,1.0,0.0,0.0,0.0,0.0,0.0
47570,2022-03-01,3.0,0.0,0.0,0.0,0.0,0.0
47570,2022-09-01,3.0,0.0,0.0,0.0,0.0,0.0
47675,2020-08-01,0.0,1.0,0.0,0.0,0.0,0.0
47675,2020-10-01,0.0,1.0,0.0,0.0,0.0,0.0
47675,2020-12-01,0.0,1.0,0.0,0.0,0.0,0.0
47675,2021-03-01,0.0,0.0,1.0,0.0,0.0,0.0
47675,2022-07-01,3.0,0.0,0.0,0.0,0.0,0.0
47692,2019-08-01,0.0,0.0,1.0,0.0,0.0,0.0
47692,2021-02-01,0.0,1.0,0.0,0.0,0.0,0.0
47703,2020-04-01,0.0,0.0,0.0,0.0,0.0,1.0
47707,2021-09-01,1.0,0.0,0.0,0.0,0.0,0.0
47720,2020-09-01,0.0,0.0,1.0,0.0,0.0,0.0
47720,2020-11-01,1.0,0.0,0.0,0.0,0.0,0.0
47720,2022-07-01,0.0,0.0,3.0,0.0,0.0,0.0
47745,2019-09-01,1.0,0.0,0.0,0.0,0.0,0.0
47745,2020-05-01,0.0,0.0,1.0,0.0,0.0,0.0
47745,2020-11-01,1.0,0.0,0.0,0.0,0.0,0.0
47798,2019-03-01,0.0,0.0,1.0,0.0,0.0,0.0
47798,2021-03-01,0.0,0.0,1.0,0.0,0.0,0.0
47798,2021-11-01,1.0,0.0,0.0,0.0,0.0,0.0
47798,2022-07-01,3.0,0.0,0.0,0.0,0.0,0.0
47798,2022-09-01,3.0,0.0,0.0,0.0,0.0,0.0
47980,2019-09-01,1.0,0.0,0.0,0.0,0.0,0.0
47980,2020-08-01,0.0,0.0,0.0,1.0,0.0,0.0
47980,2020-10-01,1.0,0.0,0.0,1.0,0.0,0.0
47980,2020-11-01,0.0,0.0,1.0,0.0,0.0,0.0
47980,2021-06-01,1.0,0.0,0.0,0.0,0.0,0.0
47980,2021-07-01,1.0,0.0,0.0,0.0,0.0,0.0
47980,2021-08-01,1.0,0.0,0.0,0.0,0.0,0.0
47980,2022-04-01,3.0,0.0,0.0,0.0,0.0,0.0
47980,2022-09-01,3.0,0.0,0.0,0.0,0.0,0.0
50001,2019-04-01,1.0,0.0,0.0,0.0,0.0,0.0
50001,2019-05-01,1.0,2.0,1.0,0.0,0.0,0.0
50001,2019-06-01,3.0,1.0,1.0,0.0,1.0,0.0
50001,2019-07-01,4.0,0.0,4.0,0.0,1.0,0.0
50001,2019-08-01,0.0,1.0,0.0,0.0,1.0,0.0
50001,2019-09-01,0.0,0.0,0.0,0.0,1.0,0.0
50001,2020-05-01,0.0,1.0,0.0,2.0,0.0,0.0
50001,2020-07-01,3.0,0.0,0.0,4.0,0.0,0.0
50001,2020-08-01,1.0,0.0,0.0,0.0,0.0,0.0
50001,2020-09-01,0.0,0.0,1.0,0.0,0.0,0.0
50001,2020-10-01,2.0,0.0,2.0,1.0,0.0,0.0
50001,2020-11-01,0.0,1.0,1.0,1.0,0.0,0.0
50001,2020-12-01,0.0,2.0,0.0,0.0,0.0,0.0
50001,2021-01-01,0.0,2.0,1.0,0.0,0.0,0.0
50001,2021-03-01,0.0,0.0,1.0,0.0,0.0,0.0
50001,2021-04-01,2.0,2.0,2.0,4.0,0.0,0.0
50001,2021-05-01,1.0,5.0,0.0,2.0,0.0,0.0
50001,2021-06-01,0.0,0.0,0.0,3.0,0.0,0.0
50001,2021-07-01,1.0,0.0,1.0,1.0,0.0,0.0
50001,2021-08-01,2.0,0.0,0.0,1.0,0.0,0.0
50001,2021-09-01,0.0,1.0,0.0,0.0,0.0,0.0
50001,2021-10-01,0.0,0.0,0.0,1.0,0.0,0.0
50001,2021-11-01,0.0,0.0,0.0,1.0,0.0,0.0
50001,2021-12-01,0.0,0.0,1.0,0.0,0.0,0.0
50001,2022-03-01,0.0,3.0,0.0,0.0,0.0,0.0
50001,2022-04-01,3.0,6.0,0.0,6.0,0.0,0.0
50001,2022-05-01,6.0,9.0,0.0,12.0,0.0,0.0
50001,2022-06-01,6.0,0.0,0.0,6.0,0.0,0.0
50001,2022-07-01,3.0,3.0,0.0,6.0,3.0,0.0
50001,2022-08-01,3.0,0.0,3.0,3.0,0.0,0.0
50006,2020-07-01,0.0,0.0,0.0,1.0,0.0,0.0
50006,2020-09-01,0.0,0.0,1.0,0.0,0.0,0.0
50006,2020-10-01,0.0,0.0,0.0,2.0,0.0,0.0
50006,2021-01-01,0.0,0.0,1.0,0.0,0.0,0.0
50006,2021-03-01,0.0,0.0,1.0,0.0,0.0,0.0
50006,2021-04-01,0.0,0.0,0.0,1.0,0.0,0.0
50006,2021-07-01,1.0,0.0,0.0,0.0,0.0,0.0
50006,2021-08-01,0.0,0.0,0.0,2.0,0.0,0.0
50006,2022-06-01,0.0,0.0,0.0,3.0,0.0,0.0
50006,2022-07-01,0.0,0.0,0.0,6.0,0.0,0.0
50006,2022-08-01,3.0,0.0,0.0,0.0,0.0,0.0
50006,2022-09-01,0.0,0.0,0.0,3.0,0.0,0.0
50110,2022-04-01,0.0,0.0,0.0,3.0,0.0,0.0
50110,2022-08-01,3.0,0.0,0.0,0.0,0.0,0.0
50124,2019-06-01,1.0,0.0,0.0,0.0,0.0,0.0
50124,2020-06-01,0.0,0.0,1.0,0.0,0.0,0.0
50124,2021-01-01,1.0,0.0,0.0,0.0,0.0,0.0
50124,2021-04-01,0.0,0.0,0.0,1.0,0.0,0.0
50124,2021-07-01,2.0,0.0,0.0,0.0,0.0,0.0
50124,2022-04-01,3.0,0.0,3.0,0.0,0.0,0.0
50124,2022-05-01,0.0,0.0,0.0,3.0,0.0,0.0
50124,2022-06-01,3.0,0.0,0.0,0.0,0.0,0.0
50150,2020-08-01,0.0,0.0,1.0,0.0,0.0,0.0
50150,2020-10-01,0.0,0.0,0.0,1.0,0.0,0.0
50150,2021-04-01,0.0,0.0,0.0,2.0,0.0,0.0
50150,2022-05-01,0.0,0.0,0.0,3.0,0.0,0.0
50150,2022-07-01,0.0,0.0,0.0,3.0,0.0,0.0
50223,2019-05-01,0.0,0.0,0.0,0.0,1.0,0.0
50223,2019-07-01,1.0,0.0,0.0,0.0,0.0,0.0
50223,2020-07-01,1.0,0.0,0.0,0.0,0.0,0.0
50226,2019-05-01,1.0,0.0,0.0,0.0,0.0,0.0
50226,2019-06-01,1.0,0.0,0.0,0.0,0.0,0.0
50226,2020-07-01,0.0,0.0,0.0,1.0,0.0,0.0
50226,2020-11-01,0.0,1.0,0.0,0.0,0.0,0.0
50226,2021-04-01,2.0,0.0,0.0,0.0,0.0,0.0
50226,2022-05-01,0.0,0.0,0.0,6.0,0.0,0.0
50226,2022-06-01,0.0,3.0,0.0,0.0,0.0,0.0
50245,2019-08-01,0.0,1.0,0.0,0.0,0.0,0.0
50245,2020-06-01,0.0,1.0,0.0,0.0,0.0,0.0
50245,2021-08-01,0.0,1.0,0.0,0.0,0.0,0.0
50245,2021-12-01,0.0,0.0,0.0,0.0,0.0,1.0
50245,2022-05-01,0.0,3.0,0.0,0.0,0.0,0.0
50251,2019-04-01,1.0,0.0,0.0,0.0,0.0,0.0
50251,2019-05-01,0.0,0.0,1.0,0.0,0.0,0.0
50251,2019-06-01,1.0,0.0,0.0,0.0,0.0,0.0
50251,2020-05-01,0.0,0.0,0.0,2.0,0.0,0.0
50251,2020-06-01,0.0,0.0,0.0,2.0,0.0,0.0
50251,2020-07-01,0.0,0.0,0.0,3.0,0.0,0.0
50251,2020-08-01,1.0,0.0,0.0,1.0,0.0,0.0
50251,2021-01-01,0.0,0.0,0.0,1.0,0.0,0.0
50251,2021-04-01,1.0,0.0,0.0,1.0,0.0,0.0
50251,2021-05-01,3.0,0.0,0.0,0.0,0.0,0.0
50251,2021-11-01,0.0,0.0,0.0,1.0,0.0,0.0
50251,2022-04-01,6.0,0.0,0.0,3.0,0.0,0.0
50251,2022-05-01,3.0,0.0,0.0,3.0,0.0,0.0
50251,2022-08-01,3.0,0.0,0.0,0.0,0.0,0.0
50270,2019-05-01,2.0,0.0,0.0,0.0,0.0,0.0
50270,2019-06-01,0.0,0.0,1.0,0.0,0.0,0.0
50270,2020-05-01,1.0,0.0,0.0,0.0,0.0,0.0
50270,2020-06-01,1.0,1.0,0.0,1.0,0.0,0.0
50270,2020-07-01,0.0,0.0,0.0,2.0,0.0,0.0
50270,2020-11-01,2.0,0.0,0.0,0.0,0.0,0.0
50270,2021-01-01,1.0,0.0,0.0,1.0,0.0,0.0
50270,2021-03-01,0.0,0.0,0.0,2.0,0.0,0.0
50270,2021-04-01,0.0,0.0,0.0,2.0,0.0,0.0
50270,2021-05-01,0.0,0.0,0.0,1.0,0.0,0.0
50270,2021-06-01,1.0,0.0,0.0,0.0,0.0,0.0
50270,2021-07-01,1.0,0.0,0.0,0.0,0.0,0.0
50270,2021-09-01,0.0,0.0,0.0,1.0,0.0,0.0
50270,2022-05-01,3.0,0.0,0.0,3.0,0.0,0.0
50270,2022-08-01,3.0,0.0,0.0,0.0,0.0,0.0
50287,2019-11-01,2.0,0.0,0.0,0.0,0.0,0.0
50287,2020-05-01,0.0,0.0,0.0,1.0,0.0,0.0
50287,2020-06-01,0.0,0.0,0.0,1.0,0.0,0.0
50287,2020-07-01,1.0,0.0,0.0,0.0,0.0,0.0
50287,2020-09-01,0.0,0.0,1.0,0.0,0.0,0.0
50287,2021-05-01,0.0,1.0,0.0,0.0,0.0,0.0
50287,2022-05-01,0.0,0.0,0.0,3.0,0.0,0.0
50287,2022-07-01,3.0,0.0,0.0,3.0,0.0,0.0
50313,2019-07-01,1.0,0.0,0.0,0.0,0.0,0.0
50313,2020-05-01,0.0,0.0,0.0,1.0,0.0,0.0
50313,2020-07-01,0.0,0.0,0.0,2.0,0.0,0.0
50313,2021-04-01,2.0,0.0,0.0,2.0,0.0,0.0
50313,2021-06-01,0.0,0.0,0.0,1.0,0.0,0.0
50313,2021-07-01,1.0,0.0,0.0,0.0,0.0,0.0
50313,2021-08-01,0.0,0.0,0.0,1.0,0.0,0.0
50313,2021-10-01,1.0,0.0,0.0,0.0,0.0,0.0
50313,2022-04-01,3.0,0.0,0.0,0.0,0.0,0.0
50313,2022-05-01,0.0,0.0,0.0,6.0,0.0,0.0
50313,2022-06-01,3.0,0.0,0.0,0.0,0.0,0.0
50313,2022-07-01,0.0,0.0,0.0,3.0,0.0,0.0
50318,2019-04-01,1.0,0.0,0.0,0.0,0.0,0.0
50318,2019-05-01,1.0,0.0,0.0,0.0,0.0,0.0
50318,2019-07-01,2.0,0.0,0.0,0.0,0.0,0.0
50318,2019-09-01,1.0,0.0,0.0,0.0,0.0,0.0
50318,2019-11-01,0.0,0.0,0.0,1.0,0.0,0.0
50318,2020-06-01,1.0,0.0,0.0,1.0,0.0,0.0
50318,2020-07-01,0.0,0.0,0.0,3.0,0.0,0.0
50318,2020-09-01,0.0,0.0,1.0,0.0,0.0,0.0
50318,2020-11-01,0.0,0.0,0.0,1.0,0.0,0.0
50318,2021-04-01,0.0,1.0,0.0,1.0,0.0,0.0
50318,2021-06-01,1.0,0.0,0.0,0.0,0.0,0.0
50318,2021-07-01,1.0,0.0,0.0,0.0,0.0,0.0
50318,2021-09-01,0.0,0.0,0.0,1.0,0.0,0.0
50318,2022-02-01,3.0,0.0,0.0,0.0,0.0,0.0
50318,2022-05-01,0.0,0.0,0.0,6.0,0.0,0.0
50318,2022-07-01,3.0,0.0,0.0,0.0,0.0,0.0
50325,2019-07-01,1.0,0.0,0.0,0.0,0.0,0.0
50325,2021-05-01,3.0,0.0,0.0,0.0,0.0,0.0
50325,2022-05-01,3.0,0.0,0.0,3.0,0.0,0.0
50330,2019-06-01,0.0,0.0,0.0,0.0,1.0,0.0
50330,2019-08-01,2.0,0.0,0.0,0.0,0.0,0.0
50330,2019-12-01,0.0,0.0,0.0,0.0,0.0,1.0
50330,2020-09-01,0.0,0.0,1.0,0.0,0.0,0.0
50330,2021-05-01,1.0,0.0,0.0,1.0,0.0,0.0
50330,2021-06-01,0.0,0.0,0.0,1.0,0.0,0.0
50330,2022-05-01,3.0,6.0,0.0,3.0,0.0,0.0
50330,2022-07-01,0.0,0.0,0.0,3.0,0.0,0.0
50350,2019-06-01,2.0,0.0,0.0,0.0,2.0,0.0
50350,2021-05-01,1.0,0.0,0.0,0.0,0.0,0.0
50350,2022-05-01,0.0,0.0,0.0,3.0,0.0,0.0
50370,2019-06-01,0.0,0.0,0.0,0.0,1.0,0.0
50370,2020-06-01,0.0,0.0,0.0,1.0,0.0,0.0
50370,2020-07-01,0.0,0.0,0.0,2.0,0.0,0.0
50370,2020-09-01,0.0,0.0,1.0,0.0,0.0,0.0
50370,2021-05-01,1.0,0.0,0.0,0.0,0.0,0.0
50370,2022-05-01,0.0,0.0,0.0,3.0,0.0,0.0
50400,2019-05-01,1.0,0.0,0.0,0.0,0.0,0.0
50400,2019-08-01,0.0,0.0,0.0,0.0,1.0,0.0
50400,2020-07-01,0.0,0.0,0.0,1.0,0.0,0.0
50400,2020-09-01,0.0,0.0,1.0,0.0,0.0,0.0
50400,2022-05-01,3.0,0.0,0.0,3.0,0.0,0.0
50450,2019-06-01,2.0,0.0,0.0,0.0,0.0,0.0
50450,2020-03-01,0.0,0.0,1.0,0.0,0.0,0.0
50450,2021-04-01,1.0,0.0,0.0,0.0,0.0,0.0
50450,2021-05-01,3.0,0.0,0.0,0.0,0.0,0.0
50450,2021-07-01,1.0,0.0,0.0,0.0,0.0,0.0
50450,2021-11-01,0.0,0.0,0.0,1.0,0.0,0.0
50450,2022-05-01,3.0,0.0,0.0,0.0,0.0,0.0
50450,2022-08-01,3.0,0.0,0.0,0.0,0.0,0.0
50568,2020-07-01,1.0,0.0,0.0,0.0,0.0,0.0
50568,2021-01-01,1.0,0.0,0.0,0.0,0.0,0.0
50568,2021-05-01,1.0,0.0,0.0,0.0,0.0,0.0
50568,2021-09-01,0.0,0.0,1.0,0.0,0.0,0.0
50568,2022-05-01,0.0,0.0,0.0,3.0,0.0,0.0
50568,2022-07-01,3.0,0.0,0.0,0.0,0.0,0.0
50573,2019-04-01,1.0,0.0,0.0,0.0,0.0,0.0
50573,2019-12-01,1.0,0.0,0.0,0.0,0.0,0.0
50573,2020-07-01,1.0,0.0,0.0,1.0,0.0,0.0
50573,2021-05-01,0.0,0.0,0.0,1.0,0.0,0.0
50573,2021-09-01,0.0,0.0,1.0,0.0,0.0,0.0
50573,2022-04-01,3.0,0.0,0.0,0.0,0.0,0.0
50573,2022-05-01,3.0,0.0,0.0,3.0,0.0,0.0
50573,2022-06-01,0.0,3.0,0.0,0.0,0.0,0.0
50573,2022-07-01,0.0,0.0,0.0,3.0,0.0,0.0
50577,2019-06-01,1.0,0.0,0.0,0.0,0.0,0.0
50577,2020-07-01,1.0,0.0,0.0,0.0,0.0,0.0
50577,2021-04-01,2.0,0.0,0.0,0.0,0.0,0.0
50577,2021-05-01,2.0,0.0,0.0,0.0,0.0,0.0
50577,2022-05-01,0.0,0.0,0.0,3.0,0.0,0.0
50577,2022-07-01,3.0,0.0,0.0,0.0,0.0,0.0
50590,2020-05-01,0.0,0.0,0.0,1.0,0.0,0.0
50590,2020-07-01,1.0,0.0,0.0,0.0,0.0,0.0
50590,2020-08-01,1.0,0.0,1.0,0.0,0.0,0.0
50590,2021-05-01,3.0,0.0,0.0,0.0,0.0,0.0
50590,2022-05-01,0.0,0.0,0.0,3.0,0.0,0.0
50606,2019-06-01,0.0,1.0,0.0,0.0,0.0,0.0
50606,2020-05-01,0.0,0.0,1.0,0.0,0.0,0.0
50606,2022-08-01,0.0,0.0,3.0,0.0,0.0,0.0
50680,2020-07-01,1.0,0.0,0.0,1.0,0.0,0.0
50680,2021-01-01,0.0,0.0,0.0,1.0,0.0,0.0
50680,2021-04-01,0.0,0.0,0.0,1.0,0.0,0.0
50680,2021-05-01,1.0,0.0,0.0,0.0,0.0,0.0
50680,2022-05-01,0.0,0.0,0.0,3.0,0.0,0.0
50683,2019-05-01,0.0,1.0,0.0,0.0,0.0,0.0
50683,2019-06-01,1.0,0.0,0.0,0.0,0.0,0.0
50683,2020-05-01,0.0,0.0,0.0,1.0,0.0,0.0
50683,2022-05-01,0.0,0.0,0.0,6.0,0.0,0.0
50686,2019-06-01,0.0,1.0,0.0,0.0,0.0,0.0
50686,2021-07-01,0.0,1.0,0.0,0.0,0.0,0.0
50689,2019-10-01,0.0,0.0,1.0,0.0,0.0,0.0
50689,2020-06-01,0.0,0.0,0.0,1.0,0.0,0.0
50689,2021-04-01,1.0,0.0,0.0,0.0,0.0,0.0
50689,2022-07-01,3.0,0.0,0.0,0.0,0.0,0.0
50711,2019-06-01,1.0,0.0,0.0,0.0,0.0,0.0
50711,2020-01-01,1.0,0.0,0.0,0.0,0.0,0.0
50711,2020-09-01,0.0,0.0,1.0,0.0,0.0,0.0
50711,2021-04-01,0.0,0.0,0.0,1.0,0.0,0.0
50711,2021-05-01,1.0,0.0,0.0,1.0,0.0,0.0
50711,2022-05-01,0.0,0.0,0.0,3.0,0.0,0.0
50711,2022-07-01,0.0,3.0,0.0,0.0,0.0,0.0
52001,2019-04-01,2.0,1.0,0.0,0.0,0.0,0.0
52001,2019-06-01,0.0,1.0,0.0,0.0,0.0,0.0
52001,2019-11-01,1.0,0.0,0.0,0.0,0.0,0.0
52001,2021-01-01,1.0,0.0,0.0,0.0,0.0,0.0
52001,2021-07-01,1.0,0.0,0.0,0.0,0.0,0.0
52001,2021-10-01,0.0,1.0,0.0,0.0,1.0,0.0
52001,2021-11-01,0.0,1.0,0.0,0.0,0.0,0.0
52001,2022-02-01,3.0,0.0,0.0,0.0,0.0,0.0
52001,2022-04-01,6.0,0.0,0.0,0.0,0.0,0.0
52001,2022-06-01,9.0,0.0,0.0,0.0,0.0,0.0
52001,2022-07-01,0.0,3.0,0.0,0.0,0.0,0.0
52019,2021-03-01,0.0,3.0,0.0,0.0,0.0,0.0
52019,2021-12-01,1.0,1.0,0.0,0.0,0.0,0.0
52019,2022-02-01,0.0,3.0,0.0,0.0,0.0,0.0
52019,2022-05-01,0.0,3.0,0.0,0.0,0.0,0.0
52022,2020-01-01,0.0,0.0,0.0,0.0,0.0,1.0
52022,2021-05-01,0.0,1.0,0.0,0.0,0.0,0.0
52036,2020-12-01,0.0,1.0,0.0,0.0,0.0,0.0
52036,2021-01-01,0.0,1.0,0.0,0.0,0.0,0.0
52036,2021-04-01,0.0,1.0,0.0,0.0,0.0,0.0
52036,2021-06-01,0.0,1.0,0.0,0.0,0.0,0.0
52036,2022-03-01,0.0,9.0,0.0,0.0,0.0,0.0
52036,2022-04-01,3.0,9.0,0.0,0.0,0.0,0.0
52036,2022-05-01,0.0,3.0,0.0,0.0,0.0,0.0
52036,2022-06-01,0.0,3.0,0.0,0.0,0.0,0.0
52051,2020-12-01,0.0,1.0,0.0,0.0,0.0,0.0
52051,2021-01-01,0.0,1.0,0.0,0.0,0.0,0.0
52051,2021-03-01,0.0,1.0,0.0,0.0,0.0,0.0
52051,2021-12-01,0.0,3.0,0.0,0.0,0.0,0.0
52051,2022-02-01,0.0,3.0,0.0,0.0,0.0,0.0
52051,2022-03-01,0.0,3.0,0.0,0.0,0.0,0.0
52079,2019-01-01,0.0,0.0,1.0,0.0,0.0,0.0
52079,2019-04-01,1.0,0.0,0.0,0.0,0.0,0.0
52079,2019-05-01,1.0,0.0,0.0,0.0,0.0,0.0
52079,2019-10-01,0.0,2.0,0.0,0.0,0.0,0.0
52079,2019-11-01,1.0,0.0,0.0,0.0,0.0,0.0
52079,2019-12-01,0.0,0.0,0.0,1.0,0.0,0.0
52079,2020-01-01,1.0,0.0,0.0,0.0,0.0,0.0
52079,2020-04-01,1.0,0.0,0.0,0.0,0.0,0.0
52079,2020-06-01,1.0,0.0,0.0,0.0,0.0,0.0
52079,2020-12-01,1.0,0.0,0.0,0.0,0.0,0.0
52079,2021-04-01,1.0,0.0,0.0,0.0,0.0,0.0
52079,2021-09-01,1.0,0.0,0.0,0.0,0.0,0.0
52079,2022-03-01,0.0,3.0,0.0,0.0,0.0,0.0
52079,2022-05-01,3.0,0.0,0.0,0.0,0.0,0.0
52083,2020-03-01,0.0,1.0,0.0,0.0,0.0,0.0
52083,2021-03-01,0.0,1.0,0.0,0.0,0.0,0.0
52083,2021-12-01,0.0,1.0,0.0,0.0,0.0,0.0
52110,2020-05-01,0.0,1.0,0.0,0.0,0.0,0.0
52110,2021-02-01,1.0,0.0,0.0,0.0,0.0,0.0
52110,2021-03-01,0.0,5.0,0.0,0.0,0.0,0.0
52110,2021-06-01,0.0,1.0,0.0,0.0,0.0,0.0
52110,2021-12-01,0.0,1.0,0.0,0.0,0.0,0.0
52110,2022-03-01,0.0,9.0,0.0,0.0,0.0,0.0
52110,2022-05-01,0.0,3.0,0.0,0.0,0.0,0.0
52203,2019-02-01,0.0,1.0,0.0,0.0,0.0,0.0
52203,2019-11-01,0.0,2.0,0.0,0.0,0.0,0.0
52203,2021-01-01,0.0,1.0,0.0,0.0,0.0,0.0
52203,2021-03-01,0.0,2.0,0.0,0.0,1.0,0.0
52203,2022-03-01,0.0,3.0,0.0,0.0,3.0,0.0
52203,2022-04-01,0.0,3.0,0.0,0.0,0.0,0.0
52207,2020-04-01,0.0,1.0,0.0,0.0,0.0,0.0
52207,2021-04-01,0.0,1.0,0.0,0.0,0.0,0.0
52207,2022-04-01,0.0,6.0,0.0,0.0,0.0,0.0
52207,2022-06-01,0.0,3.0,0.0,0.0,0.0,0.0
52207,2022-07-01,3.0,0.0,0.0,0.0,0.0,0.0
52210,2021-03-01,0.0,1.0,0.0,1.0,0.0,0.0
52210,2021-11-01,0.0,1.0,0.0,0.0,0.0,0.0
52224,2020-02-01,0.0,0.0,0.0,0.0,0.0,1.0
52224,2021-01-01,0.0,1.0,0.0,0.0,0.0,0.0
52224,2022-05-01,0.0,3.0,0.0,0.0,0.0,0.0
52224,2022-06-01,3.0,0.0,0.0,0.0,0.0,0.0
52227,2021-03-01,1.0,0.0,0.0,0.0,0.0,0.0
52227,2022-03-01,0.0,3.0,0.0,0.0,0.0,0.0
52227,2022-06-01,3.0,0.0,0.0,0.0,0.0,0.0
52227,2022-09-01,3.0,3.0,0.0,0.0,0.0,0.0
52233,2021-01-01,0.0,1.0,0.0,0.0,0.0,0.0
52233,2021-03-01,0.0,1.0,0.0,0.0,0.0,0.0
52233,2021-05-01,1.0,0.0,0.0,0.0,0.0,0.0
52233,2021-12-01,0.0,1.0,0.0,0.0,0.0,0.0
52233,2022-03-01,0.0,3.0,0.0,0.0,0.0,0.0
52233,2022-05-01,3.0,0.0,0.0,0.0,0.0,0.0
52233,2022-06-01,3.0,0.0,0.0,0.0,0.0,0.0
52240,2019-10-01,1.0,0.0,0.0,0.0,0.0,0.0
52240,2021-01-01,0.0,1.0,0.0,0.0,0.0,0.0
52240,2021-06-01,0.0,1.0,0.0,0.0,0.0,0.0
52240,2022-03-01,0.0,3.0,0.0,0.0,0.0,0.0
52240,2022-05-01,0.0,3.0,0.0,0.0,0.0,0.0
52250,2019-04-01,1.0,0.0,0.0,0.0,0.0,0.0
52250,2020-02-01,1.0,0.0,0.0,0.0,0.0,0.0
52250,2020-06-01,0.0,0.0,0.0,1.0,0.0,0.0
52250,2021-01-01,0.0,2.0,0.0,0.0,0.0,0.0
52250,2021-11-01,1.0,0.0,0.0,0.0,0.0,0.0
52254,2021-03-01,1.0,0.0,0.0,0.0,0.0,0.0
52254,2022-04-01,0.0,3.0,0.0,0.0,0.0,0.0
52254,2022-05-01,0.0,3.0,0.0,0.0,0.0,0.0
52256,2019-04-01,1.0,0.0,0.0,0.0,0.0,0.0
52256,2021-01-01,0.0,2.0,0.0,0.0,0.0,0.0
52256,2021-03-01,0.0,1.0,0.0,0.0,0.0,0.0
52256,2021-11-01,0.0,1.0,0.0,0.0,0.0,0.0
52256,2022-03-01,0.0,3.0,0.0,0.0,0.0,0.0
52256,2022-04-01,0.0,0.0,0.0,0.0,3.0,0.0
52256,2022-05-01,0.0,3.0,0.0,0.0,0.0,0.0
52258,2021-01-01,0.0,1.0,0.0,0.0,0.0,0.0
52258,2021-12-01,0.0,1.0,0.0,0.0,0.0,0.0
52258,2022-09-01,0.0,3.0,0.0,0.0,0.0,0.0
52260,2019-11-01,0.0,1.0,0.0,0.0,0.0,0.0
52260,2022-03-01,0.0,3.0,0.0,0.0,0.0,0.0
52260,2022-04-01,0.0,3.0,0.0,0.0,0.0,0.0
52260,2022-05-01,6.0,3.0,0.0,0.0,0.0,0.0
52260,2022-06-01,3.0,3.0,0.0,0.0,0.0,0.0
52260,2022-07-01,0.0,3.0,0.0,0.0,0.0,0.0
52260,2022-08-01,0.0,3.0,0.0,0.0,0.0,0.0
52287,2019-11-01,0.0,0.0,0.0,0.0,1.0,0.0
52287,2020-09-01,0.0,0.0,1.0,0.0,0.0,0.0
52287,2021-01-01,0.0,5.0,0.0,0.0,0.0,0.0
52287,2021-03-01,0.0,2.0,0.0,0.0,0.0,0.0
52287,2021-05-01,0.0,1.0,0.0,0.0,0.0,0.0
52287,2022-05-01,3.0,0.0,0.0,0.0,0.0,0.0
52317,2019-01-01,0.0,0.0,1.0,0.0,0.0,0.0
52317,2020-02-01,0.0,0.0,0.0,0.0,0.0,1.0
52317,2021-01-01,1.0,0.0,0.0,0.0,0.0,0.0
52317,2022-03-01,3.0,3.0,0.0,0.0,0.0,0.0
52317,2022-04-01,3.0,0.0,0.0,0.0,0.0,0.0
52320,2020-04-01,1.0,1.0,0.0,0.0,0.0,0.0
52320,2020-12-01,0.0,1.0,0.0,0.0,0.0,0.0
52320,2021-01-01,0.0,1.0,0.0,0.0,0.0,0.0
52320,2021-03-01,2.0,2.0,0.0,0.0,0.0,0.0
52320,2022-03-01,3.0,0.0,0.0,0.0,0.0,0.0
52320,2022-05-01,0.0,3.0,0.0,0.0,0.0,0.0
52320,2022-06-01,0.0,3.0,0.0,0.0,0.0,0.0
52320,2022-07-01,0.0,3.0,0.0,0.0,0.0,0.0
52323,2021-03-01,0.0,1.0,0.0,0.0,0.0,0.0
52352,2019-11-01,0.0,1.0,0.0,0.0,0.0,0.0
52352,2021-04-01,0.0,1.0,0.0,0.0,0.0,0.0
52352,2021-06-01,0.0,1.0,0.0,0.0,0.0,0.0
52352,2022-04-01,0.0,0.0,0.0,0.0,3.0,0.0
52352,2022-06-01,3.0,0.0,0.0,0.0,0.0,0.0
52354,2021-12-01,1.0,0.0,0.0,0.0,0.0,0.0
52356,2019-04-01,2.0,0.0,0.0,0.0,0.0,0.0
52356,2019-10-01,1.0,0.0,0.0,0.0,0.0,0.0
52356,2020-02-01,0.0,1.0,0.0,0.0,0.0,0.0
52356,2021-11-01,0.0,1.0,0.0,0.0,0.0,0.0
52378,2019-03-01,0.0,1.0,0.0,0.0,0.0,0.0
52378,2019-04-01,0.0,1.0,0.0,0.0,0.0,0.0
52378,2019-08-01,0.0,0.0,0.0,0.0,1.0,0.0
52378,2019-12-01,0.0,1.0,0.0,0.0,0.0,0.0
52378,2020-12-01,0.0,1.0,0.0,0.0,0.0,0.0
52378,2021-01-01,0.0,2.0,0.0,0.0,0.0,0.0
52378,2021-03-01,0.0,1.0,0.0,0.0,0.0,0.0
52378,2021-07-01,0.0,1.0,0.0,0.0,0.0,0.0
52378,2021-12-01,0.0,1.0,0.0,0.0,0.0,0.0
52378,2022-05-01,0.0,3.0,0.0,0.0,0.0,0.0
52381,2021-05-01,0.0,1.0,0.0,0.0,0.0,0.0
52381,2022-03-01,0.0,3.0,0.0,0.0,0.0,0.0
52381,2022-04-01,0.0,3.0,0.0,0.0,0.0,0.0
52381,2022-07-01,0.0,3.0,0.0,0.0,0.0,0.0
52381,2022-09-01,0.0,0.0,3.0,0.0,0.0,0.0
52385,2022-05-01,0.0,3.0,0.0,0.0,0.0,0.0
52399,2019-12-01,0.0,1.0,0.0,0.0,0.0,0.0
52399,2020-04-01,0.0,1.0,0.0,0.0,0.0,0.0
52399,2020-06-01,0.0,1.0,0.0,0.0,0.0,0.0
52399,2020-07-01,0.0,1.0,0.0,0.0,0.0,0.0
52399,2021-01-01,0.0,1.0,0.0,0.0,0.0,0.0
52399,2021-03-01,0.0,3.0,0.0,0.0,0.0,0.0
52399,2021-10-01,0.0,1.0,0.0,0.0,0.0,0.0
52399,2022-03-01,0.0,6.0,0.0,0.0,0.0,0.0
52399,2022-04-01,0.0,6.0,0.0,0.0,0.0,0.0
52399,2022-05-01,0.0,3.0,0.0,0.0,0.0,0.0
52399,2022-08-01,0.0,3.0,0.0,0.0,0.0,0.0
52405,2019-08-01,0.0,1.0,0.0,0.0,0.0,0.0
52405,2021-12-01,0.0,0.0,0.0,1.0,0.0,0.0
52405,2022-03-01,6.0,0.0,0.0,0.0,0.0,0.0
52405,2022-05-01,0.0,3.0,0.0,0.0,0.0,0.0
52411,2019-05-01,0.0,1.0,0.0,0.0,0.0,0.0
52411,2020-04-01,0.0,1.0,0.0,0.0,0.0,0.0
52411,2021-01-01,0.0,1.0,0.0,0.0,0.0,0.0
52411,2021-05-01,1.0,1.0,0.0,0.0,0.0,0.0
52411,2021-06-01,0.0,1.0,0.0,0.0,0.0,0.0
52411,2022-04-01,0.0,3.0,0.0,0.0,0.0,0.0
52411,2022-05-01,6.0,0.0,0.0,0.0,0.0,0.0
52411,2022-06-01,0.0,6.0,0.0,0.0,0.0,0.0
52418,2019-06-01,0.0,1.0,0.0,0.0,0.0,0.0
52418,2019-11-01,0.0,1.0,0.0,0.0,0.0,0.0
52418,2020-01-01,0.0,1.0,0.0,0.0,0.0,0.0
52418,2020-12-01,1.0,0.0,0.0,0.0,0.0,0.0
52418,2021-03-01,0.0,1.0,0.0,0.0,0.0,0.0
52418,2021-04-01,0.0,1.0,0.0,0.0,0.0,0.0
52418,2022-02-01,0.0,3.0,0.0,0.0,0.0,0.0
52427,2019-04-01,1.0,0.0,0.0,0.0,0.0,0.0
52427,2021-12-01,1.0,0.0,0.0,0.0,0.0,0.0
52435,2020-08-01,0.0,0.0,0.0,0.0,1.0,0.0
52435,2021-11-01,0.0,2.0,0.0,0.0,0.0,0.0
52435,2021-12-01,1.0,0.0,0.0,0.0,0.0,0.0
52435,2022-02-01,0.0,6.0,0.0,0.0,3.0,0.0
52435,2022-03-01,0.0,3.0,0.0,0.0,0.0,0.0
52435,2022-06-01,0.0,3.0,0.0,0.0,0.0,0.0
52473,2021-02-01,0.0,0.0,0.0,1.0,0.0,0.0
52480,2019-12-01,0.0,1.0,0.0,0.0,0.0,0.0
52480,2020-12-01,0.0,0.0,0.0,0.0,0.0,1.0
52480,2021-12-01,0.0,1.0,0.0,0.0,0.0,0.0
52490,2019-02-01,1.0,0.0,0.0,0.0,0.0,0.0
52490,2019-04-01,1.0,0.0,0.0,0.0,0.0,0.0
52490,2020-05-01,1.0,0.0,0.0,0.0,0.0,0.0
52490,2021-03-01,0.0,1.0,0.0,0.0,0.0,0.0
52490,2022-05-01,3.0,3.0,0.0,0.0,0.0,0.0
52506,2021-12-01,1.0,0.0,0.0,0.0,0.0,0.0
52506,2022-03-01,0.0,6.0,0.0,0.0,0.0,0.0
52506,2022-04-01,0.0,3.0,0.0,0.0,0.0,0.0
52506,2022-06-01,3.0,0.0,0.0,0.0,0.0,0.0
52540,2019-03-01,0.0,1.0,0.0,0.0,0.0,0.0
52540,2021-01-01,0.0,1.0,0.0,0.0,0.0,0.0
52540,2021-05-01,0.0,0.0,0.0,1.0,0.0,0.0
52540,2021-11-01,0.0,0.0,0.0,1.0,0.0,0.0
52540,2021-12-01,0.0,1.0,0.0,1.0,0.0,0.0
52540,2022-03-01,0.0,3.0,0.0,0.0,0.0,0.0
52540,2022-04-01,0.0,3.0,0.0,0.0,0.0,0.0
52540,2022-05-01,0.0,3.0,0.0,0.0,0.0,0.0
52560,2019-01-01,0.0,1.0,0.0,0.0,0.0,0.0
52565,2019-03-01,1.0,0.0,0.0,0.0,0.0,0.0
52565,2019-12-01,0.0,1.0,0.0,0.0,0.0,0.0
52565,2020-04-01,0.0,1.0,0.0,0.0,0.0,0.0
52565,2021-02-01,0.0,1.0,0.0,0.0,0.0,0.0
52565,2021-12-01,1.0,0.0,0.0,0.0,0.0,0.0
52573,2021-03-01,1.0,0.0,0.0,0.0,0.0,0.0
52573,2021-05-01,0.0,1.0,0.0,0.0,0.0,0.0
52573,2021-07-01,0.0,1.0,0.0,0.0,1.0,0.0
52585,2021-01-01,0.0,1.0,0.0,0.0,0.0,0.0
52585,2022-06-01,3.0,0.0,0.0,0.0,0.0,0.0
52612,2019-03-01,0.0,2.0,0.0,0.0,0.0,0.0
52612,2019-04-01,0.0,1.0,0.0,0.0,0.0,0.0
52612,2019-12-01,0.0,1.0,0.0,0.0,0.0,0.0
52612,2020-04-01,0.0,2.0,1.0,0.0,0.0,0.0
52612,2020-05-01,0.0,2.0,0.0,0.0,0.0,0.0
52612,2021-01-01,0.0,1.0,0.0,0.0,0.0,0.0
52612,2021-03-01,0.0,1.0,0.0,0.0,0.0,0.0
52612,2021-08-01,1.0,1.0,0.0,0.0,0.0,0.0
52612,2022-03-01,0.0,3.0,0.0,0.0,0.0,0.0
52612,2022-04-01,0.0,3.0,0.0,0.0,0.0,0.0
52621,2019-04-01,1.0,0.0,0.0,0.0,0.0,0.0
52621,2020-01-01,1.0,0.0,0.0,0.0,0.0,0.0
52621,2020-05-01,1.0,0.0,0.0,0.0,0.0,0.0
52621,2020-12-01,0.0,0.0,0.0,1.0,0.0,0.0
52621,2021-08-01,1.0,0.0,0.0,0.0,0.0,0.0
52621,2022-03-01,3.0,0.0,0.0,0.0,0.0,0.0
52678,2019-11-01,0.0,1.0,0.0,0.0,0.0,0.0
52678,2019-12-01,0.0,1.0,0.0,0.0,0.0,0.0
52678,2020-04-01,0.0,2.0,0.0,0.0,0.0,0.0
52678,2020-05-01,0.0,3.0,0.0,0.0,0.0,0.0
52678,2021-01-01,0.0,0.0,0.0,0.0,1.0,0.0
52678,2021-02-01,0.0,2.0,0.0,0.0,0.0,0.0
52678,2021-05-01,0.0,1.0,0.0,1.0,0.0,0.0
52678,2021-06-01,0.0,1.0,0.0,0.0,0.0,0.0
52678,2022-03-01,0.0,3.0,0.0,0.0,0.0,0.0
52678,2022-04-01,0.0,6.0,0.0,0.0,0.0,0.0
52678,2022-05-01,3.0,3.0,0.0,0.0,0.0,0.0
52678,2022-06-01,3.0,3.0,0.0,0.0,0.0,0.0
52683,2021-03-01,0.0,1.0,0.0,0.0,0.0,0.0
52683,2021-05-01,1.0,0.0,0.0,0.0,0.0,0.0
52683,2021-10-01,0.0,1.0,0.0,0.0,0.0,0.0
52683,2022-04-01,0.0,3.0,0.0,0.0,0.0,0.0
52685,2019-02-01,0.0,1.0,0.0,0.0,0.0,0.0
52685,2021-01-01,0.0,1.0,0.0,0.0,1.0,0.0
52685,2021-11-01,0.0,1.0,0.0,0.0,0.0,0.0
52685,2022-02-01,0.0,0.0,0.0,0.0,3.0,0.0
52685,2022-04-01,0.0,0.0,0.0,3.0,0.0,0.0
52687,2019-11-01,0.0,1.0,0.0,0.0,0.0,0.0
52687,2020-07-01,0.0,1.0,0.0,0.0,0.0,0.0
52687,2021-01-01,0.0,1.0,0.0,0.0,0.0,0.0
52687,2021-03-01,0.0,1.0,0.0,0.0,0.0,0.0
52687,2021-11-01,0.0,1.0,0.0,0.0,0.0,0.0
52687,2021-12-01,0.0,1.0,0.0,0.0,0.0,0.0
52687,2022-03-01,0.0,3.0,0.0,0.0,0.0,0.0
52687,2022-04-01,0.0,3.0,0.0,0.0,0.0,0.0
52687,2022-06-01,0.0,3.0,0.0,0.0,0.0,0.0
52693,2020-08-01,0.0,1.0,0.0,0.0,0.0,0.0
52693,2021-01-01,0.0,1.0,0.0,0.0,0.0,0.0
52693,2021-03-01,0.0,2.0,0.0,0.0,0.0,0.0
52693,2022-02-01,0.0,0.0,0.0,0.0,3.0,0.0
52693,2022-03-01,0.0,0.0,0.0,0.0,3.0,0.0
52693,2022-07-01,0.0,3.0,0.0,0.0,0.0,0.0
52696,2019-01-01,1.0,0.0,0.0,0.0,0.0,0.0
52696,2019-03-01,1.0,0.0,0.0,0.0,0.0,0.0
52696,2019-09-01,1.0,0.0,0.0,0.0,0.0,0.0
52696,2019-10-01,1.0,0.0,0.0,0.0,0.0,0.0
52696,2020-01-01,1.0,0.0,0.0,0.0,0.0,0.0
52696,2021-04-01,0.0,1.0,0.0,0.0,0.0,0.0
52696,2021-05-01,0.0,0.0,0.0,2.0,0.0,0.0
52699,2019-12-01,0.0,2.0,0.0,0.0,0.0,0.0
52699,2021-01-01,0.0,2.0,0.0,0.0,0.0,0.0
52699,2021-05-01,0.0,0.0,0.0,0.0,1.0,0.0
52699,2021-12-01,0.0,1.0,0.0,0.0,0.0,0.0
52699,2022-03-01,0.0,3.0,0.0,0.0,0.0,0.0
52720,2021-03-01,0.0,1.0,0.0,0.0,0.0,0.0
52720,2021-10-01,0.0,1.0,1.0,0.0,0.0,0.0
52720,2022-03-01,0.0,3.0,0.0,0.0,0.0,0.0
52786,2019-03-01,0.0,1.0,0.0,0.0,0.0,0.0
52786,2020-01-01,0.0,1.0,0.0,0.0,0.0,0.0
52786,2021-01-01,0.0,1.0,0.0,0.0,0.0,0.0
52786,2021-03-01,0.0,1.0,0.0,0.0,0.0,0.0
52786,2021-12-01,1.0,0.0,0.0,0.0,0.0,0.0
52786,2022-03-01,0.0,3.0,0.0,0.0,0.0,0.0
52786,2022-05-01,0.0,3.0,0.0,0.0,0.0,0.0
52788,2022-04-01,0.0,0.0,0.0,0.0,3.0,0.0
52788,2022-05-01,0.0,3.0,0.0,0.0,0.0,0.0
52835,2019-04-01,1.0,0.0,0.0,0.0,0.0,0.0
52835,2019-06-01,1.0,0.0,0.0,0.0,0.0,0.0
52835,2020-12-01,0.0,0.0,0.0,1.0,0.0,0.0
52835,2021-06-01,1.0,0.0,0.0,0.0,0.0,0.0
52835,2022-04-01,3.0,0.0,0.0,0.0,0.0,0.0
52838,2019-04-01,1.0,1.0,0.0,0.0,0.0,0.0
52838,2021-03-01,1.0,0.0,0.0,1.0,0.0,0.0
52838,2021-04-01,0.0,1.0,0.0,0.0,0.0,0.0
52838,2021-05-01,1.0,2.0,0.0,0.0,0.0,0.0
52838,2021-06-01,0.0,2.0,0.0,0.0,0.0,0.0
52838,2021-11-01,1.0,0.0,0.0,0.0,0.0,0.0
52838,2022-02-01,0.0,3.0,0.0,0.0,0.0,0.0
52838,2022-03-01,0.0,3.0,0.0,0.0,0.0,0.0
52838,2022-04-01,3.0,0.0,0.0,0.0,0.0,0.0
52838,2022-05-01,0.0,3.0,0.0,0.0,0.0,0.0
52838,2022-06-01,0.0,3.0,0.0,0.0,0.0,0.0
52838,2022-07-01,0.0,0.0,0.0,0.0,0.0,3.0
52838,2022-08-01,3.0,0.0,0.0,0.0,0.0,0.0
52885,2021-03-01,0.0,1.0,0.0,0.0,0.0,0.0
52885,2022-02-01,3.0,0.0,0.0,0.0,0.0,0.0
54001,2019-06-01,0.0,0.0,1.0,0.0,0.0,0.0
54001,2019-07-01,0.0,0.0,1.0,0.0,0.0,0.0
54001,2019-08-01,0.0,1.0,0.0,0.0,0.0,0.0
54001,2019-10-01,0.0,0.0,1.0,0.0,0.0,0.0
54001,2020-01-01,0.0,0.0,1.0,0.0,0.0,0.0
54001,2020-10-01,2.0,0.0,0.0,0.0,0.0,0.0
54001,2020-11-01,4.0,0.0,0.0,0.0,1.0,0.0
54001,2021-04-01,1.0,0.0,0.0,0.0,0.0,0.0
54001,2021-06-01,1.0,1.0,0.0,0.0,0.0,0.0
54001,2021-10-01,2.0,0.0,0.0,0.0,0.0,0.0
54001,2022-04-01,3.0,3.0,0.0,0.0,0.0,0.0
54001,2022-05-01,3.0,0.0,0.0,3.0,0.0,0.0
54001,2022-09-01,0.0,0.0,3.0,0.0,0.0,0.0
54003,2019-08-01,0.0,0.0,1.0,0.0,0.0,0.0
54003,2020-09-01,1.0,0.0,1.0,0.0,0.0,0.0
54003,2020-11-01,0.0,1.0,0.0,0.0,0.0,0.0
54003,2021-02-01,0.0,0.0,2.0,0.0,0.0,0.0
54003,2021-04-01,2.0,0.0,1.0,0.0,1.0,0.0
54003,2021-05-01,0.0,1.0,0.0,0.0,0.0,0.0
54003,2021-06-01,1.0,2.0,0.0,0.0,0.0,0.0
54003,2021-07-01,1.0,0.0,2.0,0.0,0.0,0.0
54003,2021-08-01,0.0,0.0,1.0,0.0,0.0,0.0
54003,2021-09-01,0.0,2.0,2.0,0.0,0.0,0.0
54003,2021-10-01,0.0,0.0,0.0,0.0,1.0,0.0
54003,2022-04-01,0.0,0.0,0.0,3.0,0.0,0.0
54003,2022-05-01,0.0,3.0,0.0,0.0,0.0,0.0
54003,2022-06-01,0.0,0.0,0.0,0.0,3.0,0.0
54051,2019-04-01,0.0,1.0,0.0,0.0,0.0,0.0
54051,2020-09-01,1.0,1.0,0.0,0.0,0.0,0.0
54051,2020-10-01,0.0,1.0,0.0,0.0,0.0,0.0
54051,2020-11-01,0.0,3.0,0.0,0.0,1.0,0.0
54051,2021-04-01,0.0,0.0,1.0,1.0,0.0,0.0
54051,2021-06-01,0.0,1.0,0.0,0.0,1.0,0.0
54051,2021-11-01,0.0,1.0,0.0,1.0,0.0,0.0
54051,2022-04-01,0.0,12.0,0.0,0.0,0.0,0.0
54051,2022-05-01,0.0,9.0,0.0,0.0,3.0,0.0
54051,2022-06-01,0.0,3.0,0.0,0.0,3.0,0.0
54051,2022-07-01,0.0,3.0,0.0,0.0,0.0,0.0
54099,2020-09-01,0.0,0.0,0.0,1.0,0.0,0.0
54099,2020-10-01,0.0,0.0,1.0,0.0,1.0,0.0
54099,2020-11-01,0.0,1.0,0.0,0.0,0.0,0.0
54099,2020-12-01,0.0,1.0,0.0,0.0,0.0,0.0
54099,2021-06-01,0.0,1.0,0.0,0.0,0.0,0.0
54099,2021-08-01,1.0,1.0,1.0,0.0,0.0,0.0
54099,2021-09-01,0.0,2.0,0.0,0.0,0.0,0.0
54099,2022-05-01,0.0,0.0,0.0,6.0,0.0,0.0
54099,2022-06-01,6.0,0.0,0.0,0.0,0.0,0.0
54109,2020-11-01,0.0,2.0,0.0,0.0,0.0,0.0
54109,2021-04-01,0.0,4.0,0.0,0.0,0.0,0.0
54109,2021-05-01,0.0,3.0,0.0,0.0,0.0,0.0
54109,2021-09-01,0.0,2.0,0.0,0.0,0.0,0.0
54109,2021-10-01,0.0,1.0,0.0,0.0,0.0,0.0
54109,2021-11-01,0.0,1.0,0.0,0.0,0.0,0.0
54109,2022-04-01,0.0,12.0,0.0,0.0,0.0,0.0
54109,2022-05-01,0.0,18.0,0.0,0.0,0.0,0.0
54109,2022-06-01,0.0,3.0,0.0,0.0,0.0,0.0
54109,2022-09-01,0.0,0.0,0.0,0.0,3.0,0.0
54125,2020-02-01,0.0,0.0,0.0,0.0,0.0,1.0
54125,2020-07-01,0.0,0.0,0.0,1.0,0.0,0.0
54125,2020-11-01,0.0,2.0,0.0,0.0,0.0,0.0
54125,2021-06-01,0.0,1.0,0.0,0.0,0.0,0.0
54125,2021-07-01,0.0,6.0,0.0,0.0,0.0,0.0
54125,2021-08-01,0.0,1.0,0.0,0.0,0.0,0.0
54125,2022-05-01,0.0,6.0,0.0,0.0,0.0,0.0
54128,2019-04-01,0.0,1.0,0.0,0.0,0.0,0.0
54128,2019-09-01,0.0,0.0,1.0,0.0,0.0,0.0
54128,2020-11-01,0.0,2.0,0.0,1.0,0.0,0.0
54128,2021-04-01,0.0,1.0,1.0,0.0,0.0,0.0
54128,2021-05-01,0.0,2.0,0.0,0.0,0.0,0.0
54128,2021-07-01,0.0,0.0,1.0,0.0,0.0,0.0
54128,2021-10-01,0.0,1.0,0.0,1.0,0.0,0.0
54128,2021-11-01,0.0,1.0,0.0,0.0,1.0,0.0
54128,2022-03-01,0.0,0.0,3.0,0.0,0.0,0.0
54128,2022-04-01,3.0,0.0,0.0,0.0,0.0,0.0
54128,2022-05-01,0.0,9.0,0.0,0.0,3.0,0.0
54172,2019-05-01,0.0,0.0,1.0,0.0,0.0,0.0
54172,2019-07-01,0.0,0.0,1.0,0.0,0.0,0.0
54172,2019-11-01,0.0,1.0,0.0,0.0,0.0,0.0
54172,2020-09-01,0.0,1.0,0.0,0.0,0.0,0.0
54172,2020-11-01,0.0,2.0,0.0,0.0,0.0,0.0
54172,2021-08-01,1.0,0.0,0.0,0.0,0.0,0.0
54172,2022-04-01,0.0,3.0,0.0,0.0,0.0,0.0
54172,2022-05-01,0.0,3.0,0.0,0.0,0.0,0.0
54172,2022-06-01,6.0,0.0,0.0,3.0,0.0,0.0
54174,2019-06-01,0.0,0.0,0.0,0.0,1.0,0.0
54174,2020-07-01,0.0,0.0,0.0,1.0,0.0,0.0
54174,2020-09-01,0.0,1.0,0.0,0.0,0.0,0.0
54174,2020-11-01,0.0,1.0,0.0,0.0,0.0,0.0
54174,2021-05-01,0.0,0.0,0.0,0.0,1.0,0.0
54174,2021-07-01,0.0,4.0,0.0,0.0,1.0,0.0
54174,2021-08-01,1.0,3.0,0.0,0.0,0.0,0.0
54174,2022-03-01,0.0,0.0,3.0,0.0,0.0,0.0
54174,2022-04-01,0.0,3.0,0.0,0.0,0.0,0.0
54174,2022-05-01,0.0,3.0,0.0,3.0,0.0,0.0
54206,2020-09-01,0.0,1.0,0.0,0.0,0.0,0.0
54206,2020-11-01,0.0,1.0,0.0,0.0,0.0,0.0
54206,2021-04-01,0.0,0.0,1.0,0.0,0.0,0.0
54206,2021-07-01,0.0,1.0,0.0,0.0,0.0,0.0
54206,2021-08-01,1.0,1.0,0.0,0.0,0.0,0.0
54206,2022-04-01,0.0,3.0,0.0,0.0,0.0,0.0
54223,2019-08-01,0.0,0.0,1.0,0.0,0.0,0.0
54223,2020-10-01,0.0,1.0,0.0,0.0,0.0,0.0
54223,2020-11-01,1.0,2.0,0.0,0.0,0.0,0.0
54223,2021-05-01,0.0,2.0,0.0,0.0,0.0,0.0
54223,2021-09-01,0.0,0.0,1.0,0.0,0.0,0.0
54223,2021-11-01,1.0,0.0,0.0,0.0,0.0,0.0
54223,2022-02-01,0.0,3.0,0.0,0.0,0.0,0.0
54223,2022-03-01,0.0,3.0,0.0,0.0,0.0,0.0
54223,2022-04-01,0.0,6.0,0.0,0.0,0.0,0.0
54223,2022-09-01,0.0,9.0,0.0,0.0,0.0,0.0
54239,2019-07-01,0.0,0.0,1.0,0.0,0.0,0.0
54239,2019-11-01,0.0,0.0,0.0,0.0,1.0,0.0
54239,2020-09-01,0.0,1.0,0.0,0.0,0.0,0.0
54239,2020-10-01,0.0,1.0,0.0,0.0,0.0,0.0
54239,2020-11-01,0.0,1.0,0.0,0.0,0.0,0.0
54239,2021-03-01,0.0,1.0,0.0,0.0,0.0,0.0
54239,2021-05-01,0.0,1.0,0.0,0.0,0.0,0.0
54239,2021-07-01,0.0,0.0,1.0,0.0,0.0,0.0
54239,2021-08-01,0.0,2.0,0.0,0.0,0.0,0.0
54239,2021-10-01,0.0,1.0,0.0,0.0,0.0,0.0
54239,2021-11-01,1.0,1.0,0.0,0.0,0.0,0.0
54239,2022-03-01,0.0,3.0,0.0,0.0,0.0,0.0
54239,2022-04-01,0.0,3.0,0.0,0.0,0.0,0.0
54239,2022-05-01,3.0,3.0,0.0,0.0,0.0,0.0
54239,2022-09-01,3.0,0.0,0.0,0.0,0.0,0.0
54245,2019-08-01,0.0,0.0,1.0,0.0,0.0,0.0
54245,2019-09-01,0.0,0.0,1.0,0.0,0.0,0.0
54245,2020-09-01,0.0,1.0,0.0,0.0,0.0,0.0
54245,2020-10-01,0.0,1.0,0.0,0.0,0.0,0.0
54245,2022-05-01,0.0,3.0,0.0,0.0,0.0,0.0
54245,2022-09-01,0.0,0.0,0.0,0.0,3.0,0.0
54250,2020-09-01,0.0,1.0,1.0,0.0,0.0,0.0
54250,2021-03-01,0.0,1.0,0.0,0.0,0.0,0.0
54250,2021-12-01,1.0,0.0,0.0,0.0,0.0,0.0
54250,2022-05-01,0.0,0.0,0.0,0.0,3.0,0.0
54250,2022-07-01,0.0,0.0,0.0,3.0,0.0,0.0
54250,2022-09-01,3.0,0.0,0.0,0.0,0.0,0.0
54261,2019-04-01,0.0,0.0,0.0,0.0,1.0,0.0
54261,2019-10-01,0.0,0.0,1.0,0.0,0.0,0.0
54261,2019-11-01,0.0,0.0,0.0,1.0,0.0,0.0
54261,2020-01-01,1.0,0.0,0.0,0.0,0.0,0.0
54261,2020-10-01,0.0,0.0,1.0,0.0,1.0,0.0
54261,2020-11-01,2.0,0.0,0.0,0.0,0.0,0.0
54261,2021-04-01,1.0,0.0,0.0,0.0,0.0,0.0
54261,2021-08-01,1.0,0.0,0.0,0.0,0.0,0.0
54261,2021-09-01,0.0,0.0,1.0,0.0,0.0,0.0
54261,2022-04-01,3.0,3.0,0.0,3.0,0.0,0.0
54261,2022-05-01,0.0,3.0,0.0,0.0,0.0,0.0
54313,2019-07-01,0.0,0.0,1.0,0.0,0.0,0.0
54313,2020-10-01,0.0,0.0,0.0,0.0,1.0,0.0
54313,2020-11-01,0.0,5.0,0.0,0.0,0.0,0.0
54313,2021-04-01,0.0,1.0,0.0,1.0,0.0,0.0
54313,2021-06-01,0.0,2.0,0.0,0.0,0.0,0.0
54313,2021-11-01,0.0,1.0,0.0,0.0,0.0,0.0
54313,2022-04-01,0.0,3.0,0.0,0.0,0.0,0.0
54313,2022-05-01,0.0,6.0,0.0,0.0,0.0,0.0
54313,2022-06-01,0.0,0.0,0.0,6.0,0.0,0.0
54344,2020-09-01,0.0,1.0,1.0,0.0,0.0,0.0
54344,2020-12-01,0.0,0.0,0.0,0.0,0.0,1.0
54344,2021-08-01,0.0,1.0,0.0,1.0,0.0,0.0
54344,2022-04-01,0.0,3.0,0.0,0.0,0.0,0.0
54344,2022-05-01,0.0,6.0,0.0,0.0,0.0,0.0
54344,2022-08-01,0.0,3.0,0.0,3.0,0.0,0.0
54344,2022-09-01,0.0,0.0,0.0,0.0,3.0,0.0
54347,2020-11-01,0.0,1.0,0.0,0.0,0.0,0.0
54347,2021-05-01,0.0,1.0,0.0,0.0,0.0,0.0
54347,2021-06-01,0.0,1.0,0.0,0.0,0.0,0.0
54347,2021-10-01,0.0,1.0,0.0,0.0,0.0,0.0
54347,2022-05-01,0.0,6.0,0.0,0.0,0.0,0.0
54377,2020-11-01,0.0,0.0,0.0,0.0,1.0,0.0
54377,2021-05-01,0.0,1.0,0.0,0.0,0.0,0.0
54377,2021-06-01,0.0,1.0,0.0,0.0,0.0,0.0
54377,2021-07-01,0.0,1.0,0.0,0.0,1.0,0.0
54377,2021-08-01,0.0,2.0,0.0,0.0,0.0,0.0
54377,2022-04-01,0.0,3.0,0.0,0.0,0.0,0.0
54377,2022-05-01,0.0,6.0,0.0,0.0,0.0,0.0
54385,2019-07-01,0.0,0.0,1.0,0.0,0.0,0.0
54385,2019-10-01,0.0,1.0,0.0,0.0,0.0,0.0
54385,2020-01-01,0.0,0.0,0.0,0.0,1.0,0.0
54385,2020-10-01,1.0,0.0,0.0,0.0,0.0,0.0
54385,2020-11-01,1.0,1.0,0.0,0.0,0.0,0.0
54385,2021-03-01,0.0,2.0,0.0,0.0,0.0,0.0
54385,2021-05-01,0.0,0.0,0.0,1.0,0.0,0.0
54385,2021-06-01,0.0,1.0,0.0,0.0,0.0,0.0
54385,2021-08-01,0.0,1.0,0.0,0.0,0.0,0.0
54385,2021-09-01,0.0,1.0,0.0,0.0,0.0,0.0
54385,2021-11-01,0.0,3.0,0.0,0.0,0.0,0.0
54385,2022-03-01,0.0,6.0,0.0,0.0,0.0,0.0
54385,2022-04-01,0.0,3.0,0.0,3.0,0.0,0.0
54398,2019-05-01,0.0,1.0,0.0,0.0,0.0,0.0
54398,2022-04-01,3.0,3.0,0.0,0.0,0.0,0.0
54398,2022-05-01,0.0,3.0,0.0,0.0,0.0,0.0
54405,2019-04-01,1.0,0.0,0.0,0.0,0.0,0.0
54405,2019-11-01,1.0,0.0,0.0,0.0,0.0,0.0
54405,2019-12-01,1.0,0.0,0.0,0.0,0.0,0.0
54405,2020-11-01,2.0,0.0,0.0,0.0,0.0,0.0
54405,2021-03-01,0.0,1.0,0.0,0.0,0.0,0.0
54405,2021-04-01,0.0,0.0,0.0,0.0,1.0,0.0
54405,2021-05-01,0.0,1.0,0.0,0.0,0.0,0.0
54405,2022-09-01,3.0,0.0,0.0,0.0,0.0,0.0
54418,2019-07-01,0.0,1.0,0.0,0.0,0.0,0.0
54418,2021-04-01,1.0,0.0,0.0,0.0,0.0,0.0
54418,2021-11-01,0.0,2.0,0.0,0.0,0.0,0.0
54418,2022-04-01,0.0,3.0,0.0,0.0,0.0,0.0
54418,2022-05-01,0.0,3.0,0.0,0.0,0.0,0.0
54480,2019-03-01,1.0,0.0,0.0,0.0,0.0,0.0
54480,2020-11-01,0.0,2.0,0.0,0.0,0.0,0.0
54480,2021-07-01,0.0,0.0,1.0,0.0,0.0,0.0
54480,2021-08-01,0.0,1.0,0.0,0.0,0.0,0.0
54480,2021-11-01,0.0,1.0,0.0,0.0,0.0,0.0
54480,2022-05-01,0.0,3.0,0.0,0.0,0.0,0.0
54480,2022-06-01,0.0,3.0,0.0,0.0,0.0,0.0
54498,2019-08-01,0.0,0.0,1.0,0.0,0.0,0.0
54498,2019-10-01,0.0,1.0,0.0,0.0,0.0,0.0
54498,2020-09-01,0.0,0.0,1.0,0.0,0.0,0.0
54498,2021-04-01,1.0,1.0,1.0,0.0,0.0,0.0
54498,2021-06-01,1.0,2.0,0.0,0.0,0.0,0.0
54498,2021-07-01,0.0,2.0,2.0,0.0,0.0,0.0
54498,2021-08-01,1.0,1.0,1.0,0.0,0.0,0.0
54498,2021-10-01,0.0,1.0,0.0,0.0,0.0,0.0
54498,2022-03-01,0.0,3.0,0.0,0.0,0.0,0.0
54498,2022-04-01,3.0,15.0,0.0,0.0,0.0,0.0
54498,2022-05-01,6.0,6.0,0.0,0.0,0.0,0.0
54498,2022-08-01,0.0,3.0,0.0,0.0,0.0,0.0
54518,2019-05-01,0.0,1.0,0.0,0.0,0.0,0.0
54518,2021-05-01,0.0,0.0,0.0,0.0,1.0,0.0
54518,2021-08-01,1.0,0.0,0.0,0.0,0.0,0.0
54518,2021-11-01,0.0,1.0,0.0,0.0,0.0,0.0
54518,2022-05-01,6.0,9.0,0.0,3.0,0.0,0.0
54520,2020-11-01,2.0,2.0,0.0,0.0,0.0,0.0
54520,2021-10-01,0.0,1.0,0.0,0.0,0.0,0.0
54520,2022-05-01,3.0,6.0,0.0,0.0,0.0,0.0
54520,2022-07-01,3.0,0.0,0.0,0.0,0.0,0.0
54553,2019-04-01,2.0,0.0,0.0,0.0,0.0,0.0
54553,2019-08-01,0.0,0.0,1.0,0.0,0.0,0.0
54553,2021-04-01,1.0,0.0,0.0,0.0,0.0,0.0
54553,2021-09-01,0.0,0.0,1.0,0.0,0.0,0.0
54553,2022-05-01,3.0,0.0,0.0,0.0,0.0,0.0
54599,2020-10-01,0.0,0.0,1.0,0.0,0.0,0.0
54599,2020-11-01,0.0,1.0,0.0,0.0,0.0,0.0
54599,2021-05-01,1.0,0.0,1.0,0.0,0.0,0.0
54599,2022-03-01,0.0,3.0,0.0,0.0,0.0,0.0
54660,2019-04-01,1.0,1.0,0.0,0.0,0.0,0.0
54660,2019-07-01,0.0,0.0,1.0,0.0,0.0,0.0
54660,2020-11-01,0.0,0.0,0.0,1.0,0.0,0.0
54660,2021-04-01,0.0,1.0,0.0,0.0,0.0,0.0
54660,2021-05-01,0.0,1.0,0.0,0.0,0.0,0.0
54660,2021-06-01,0.0,3.0,0.0,0.0,1.0,0.0
54660,2021-11-01,0.0,1.0,0.0,0.0,0.0,0.0
54660,2022-04-01,0.0,9.0,0.0,0.0,0.0,0.0
54660,2022-05-01,0.0,3.0,0.0,0.0,6.0,0.0
54670,2021-08-01,0.0,4.0,0.0,0.0,0.0,0.0
54670,2021-09-01,0.0,2.0,0.0,0.0,0.0,0.0
54670,2021-10-01,0.0,1.0,0.0,0.0,0.0,0.0
54670,2022-04-01,0.0,6.0,0.0,0.0,0.0,0.0
54670,2022-09-01,3.0,3.0,0.0,0.0,0.0,0.0
54673,2020-11-01,1.0,1.0,0.0,0.0,0.0,0.0
54673,2021-04-01,1.0,0.0,0.0,0.0,0.0,0.0
54673,2022-05-01,0.0,6.0,0.0,0.0,0.0,0.0
54680,2019-07-01,0.0,0.0,1.0,0.0,0.0,0.0
54680,2020-10-01,0.0,0.0,0.0,0.0,1.0,0.0
54680,2020-11-01,0.0,2.0,0.0,0.0,0.0,0.0
54680,2021-03-01,0.0,0.0,0.0,1.0,0.0,0.0
54680,2021-10-01,1.0,1.0,0.0,0.0,0.0,0.0
54720,2019-04-01,0.0,1.0,0.0,0.0,0.0,0.0
54720,2019-07-01,0.0,0.0,1.0,0.0,0.0,0.0
54720,2019-11-01,0.0,1.0,0.0,0.0,0.0,0.0
54720,2020-11-01,0.0,1.0,0.0,1.0,0.0,0.0
54720,2021-05-01,0.0,0.0,1.0,0.0,0.0,0.0
54720,2021-08-01,1.0,0.0,0.0,1.0,0.0,0.0
54720,2022-04-01,0.0,3.0,0.0,0.0,0.0,0.0
54720,2022-07-01,0.0,0.0,3.0,0.0,0.0,0.0
54743,2020-09-01,0.0,0.0,0.0,1.0,0.0,0.0
54743,2020-11-01,0.0,2.0,0.0,0.0,0.0,0.0
54743,2021-05-01,0.0,3.0,0.0,0.0,1.0,0.0
54743,2021-07-01,1.0,3.0,0.0,0.0,0.0,0.0
54743,2021-08-01,0.0,2.0,0.0,0.0,0.0,0.0
54743,2022-05-01,0.0,3.0,0.0,0.0,6.0,0.0
54800,2021-08-01,0.0,1.0,0.0,0.0,0.0,0.0
54800,2021-09-01,3.0,0.0,0.0,0.0,0.0,0.0
54800,2022-04-01,0.0,3.0,0.0,0.0,0.0,0.0
54800,2022-05-01,0.0,3.0,0.0,0.0,0.0,0.0
54800,2022-08-01,6.0,0.0,0.0,0.0,0.0,0.0
54810,2019-04-01,1.0,0.0,0.0,0.0,0.0,0.0
54810,2019-05-01,0.0,0.0,1.0,0.0,0.0,0.0
54810,2020-10-01,1.0,0.0,1.0,0.0,0.0,0.0
54810,2020-11-01,1.0,0.0,0.0,0.0,0.0,0.0
54810,2021-04-01,1.0,1.0,0.0,0.0,0.0,0.0
54810,2021-08-01,2.0,1.0,0.0,0.0,0.0,0.0
54810,2021-10-01,1.0,0.0,0.0,0.0,0.0,0.0
54810,2022-04-01,6.0,0.0,0.0,0.0,0.0,0.0
54810,2022-05-01,9.0,0.0,0.0,0.0,0.0,0.0
54810,2022-09-01,6.0,0.0,0.0,0.0,0.0,0.0
54820,2019-04-01,1.0,0.0,0.0,0.0,2.0,0.0
54820,2019-05-01,0.0,1.0,0.0,0.0,0.0,0.0
54820,2019-06-01,0.0,1.0,0.0,0.0,0.0,0.0
54820,2019-07-01,0.0,0.0,1.0,0.0,0.0,0.0
54820,2020-08-01,0.0,2.0,0.0,0.0,0.0,0.0
54820,2020-09-01,0.0,1.0,0.0,0.0,0.0,0.0
54820,2020-11-01,1.0,3.0,0.0,1.0,0.0,0.0
54820,2021-03-01,0.0,0.0,0.0,2.0,0.0,0.0
54820,2021-05-01,0.0,1.0,0.0,0.0,0.0,0.0
54820,2021-06-01,0.0,3.0,0.0,2.0,0.0,0.0
54820,2021-07-01,1.0,3.0,0.0,0.0,2.0,0.0
54820,2021-08-01,2.0,3.0,0.0,0.0,0.0,0.0
54820,2022-05-01,0.0,6.0,0.0,0.0,0.0,0.0
54820,2022-06-01,0.0,3.0,0.0,0.0,0.0,0.0
54820,2022-07-01,3.0,0.0,0.0,0.0,0.0,0.0
54871,2020-11-01,0.0,1.0,0.0,0.0,0.0,0.0
54871,2021-05-01,0.0,1.0,0.0,0.0,0.0,0.0
54871,2021-06-01,0.0,1.0,0.0,0.0,0.0,0.0
54871,2021-08-01,0.0,2.0,0.0,0.0,0.0,0.0
54871,2021-10-01,0.0,0.0,0.0,0.0,1.0,0.0
54871,2021-11-01,0.0,0.0,0.0,0.0,1.0,0.0
54871,2022-04-01,0.0,3.0,0.0,3.0,0.0,0.0
54871,2022-05-01,0.0,3.0,0.0,0.0,0.0,0.0
54874,2020-10-01,1.0,0.0,0.0,0.0,0.0,0.0
54874,2020-11-01,2.0,1.0,0.0,0.0,0.0,0.0
54874,2021-04-01,1.0,0.0,0.0,0.0,0.0,0.0
54874,2021-05-01,0.0,1.0,1.0,1.0,0.0,0.0
54874,2021-07-01,0.0,0.0,1.0,0.0,0.0,0.0
54874,2021-11-01,1.0,0.0,0.0,0.0,0.0,0.0
54874,2022-09-01,0.0,0.0,0.0,3.0,0.0,0.0
63001,2019-02-01,0.0,0.0,1.0,0.0,0.0,0.0
63001,2019-03-01,1.0,0.0,0.0,0.0,0.0,0.0
63001,2019-04-01,0.0,1.0,0.0,0.0,0.0,0.0
63001,2019-05-01,0.0,1.0,1.0,0.0,0.0,0.0
63001,2019-09-01,0.0,1.0,2.0,0.0,0.0,0.0
63001,2019-11-01,0.0,0.0,1.0,0.0,0.0,0.0
63001,2019-12-01,0.0,1.0,0.0,0.0,0.0,0.0
63001,2020-03-01,0.0,0.0,1.0,0.0,0.0,0.0
63001,2020-04-01,0.0,1.0,0.0,0.0,0.0,0.0
63001,2020-07-01,0.0,0.0,1.0,0.0,0.0,0.0
63001,2020-08-01,0.0,1.0,0.0,0.0,0.0,0.0
63001,2020-10-01,0.0,1.0,0.0,0.0,0.0,0.0
63001,2020-11-01,1.0,0.0,0.0,0.0,0.0,0.0
63001,2020-12-01,0.0,1.0,0.0,0.0,0.0,0.0
63001,2021-04-01,0.0,0.0,1.0,0.0,0.0,0.0
63001,2021-06-01,0.0,0.0,1.0,0.0,0.0,0.0
63001,2021-08-01,0.0,0.0,1.0,0.0,0.0,0.0
63001,2021-10-01,0.0,1.0,1.0,0.0,0.0,0.0
63001,2021-11-01,1.0,2.0,0.0,0.0,0.0,0.0
63111,2019-04-01,0.0,1.0,0.0,0.0,0.0,0.0
63111,2019-08-01,0.0,0.0,1.0,0.0,0.0,0.0
63111,2019-11-01,1.0,0.0,0.0,0.0,0.0,0.0
63111,2021-03-01,0.0,2.0,0.0,0.0,0.0,0.0
63111,2021-10-01,1.0,0.0,0.0,0.0,0.0,0.0
63111,2021-11-01,0.0,1.0,0.0,0.0,0.0,0.0
63130,2019-09-01,0.0,0.0,2.0,0.0,0.0,0.0
63130,2019-10-01,1.0,0.0,0.0,0.0,0.0,0.0
63130,2019-11-01,0.0,0.0,1.0,0.0,0.0,0.0
63130,2020-01-01,0.0,1.0,0.0,0.0,0.0,0.0
63130,2020-12-01,0.0,1.0,0.0,0.0,0.0,0.0
63130,2021-02-01,0.0,1.0,0.0,0.0,0.0,0.0
63130,2021-03-01,0.0,1.0,1.0,1.0,0.0,0.0
63130,2021-08-01,0.0,0.0,1.0,0.0,0.0,0.0
63130,2021-11-01,1.0,2.0,1.0,0.0,0.0,0.0
63130,2022-04-01,3.0,0.0,3.0,0.0,0.0,0.0
63190,2019-04-01,0.0,0.0,1.0,0.0,0.0,0.0
63190,2019-05-01,0.0,0.0,1.0,0.0,0.0,0.0
63190,2019-11-01,1.0,0.0,0.0,0.0,0.0,0.0
63190,2021-02-01,0.0,0.0,2.0,0.0,0.0,0.0
63190,2021-03-01,0.0,2.0,0.0,0.0,0.0,0.0
63190,2021-09-01,0.0,0.0,1.0,0.0,0.0,0.0
63190,2021-11-01,0.0,2.0,1.0,0.0,0.0,0.0
63212,2019-09-01,0.0,0.0,2.0,0.0,0.0,0.0
63212,2021-03-01,0.0,1.0,2.0,0.0,0.0,0.0
63212,2021-06-01,1.0,0.0,0.0,0.0,0.0,0.0
63212,2021-10-01,0.0,0.0,1.0,0.0,0.0,0.0
63212,2021-11-01,0.0,1.0,0.0,0.0,0.0,0.0
63212,2022-03-01,0.0,3.0,0.0,0.0,0.0,0.0
63272,2021-02-01,0.0,0.0,1.0,0.0,0.0,0.0
63272,2021-03-01,0.0,2.0,0.0,0.0,0.0,0.0
63272,2021-06-01,0.0,1.0,0.0,0.0,0.0,0.0
63272,2021-08-01,0.0,1.0,0.0,0.0,0.0,0.0
63272,2021-10-01,0.0,1.0,2.0,0.0,0.0,0.0
63272,2021-11-01,0.0,1.0,0.0,0.0,0.0,0.0
63302,2019-04-01,0.0,2.0,0.0,0.0,0.0,0.0
63302,2019-07-01,0.0,0.0,1.0,0.0,0.0,0.0
63302,2021-03-01,0.0,3.0,0.0,0.0,0.0,0.0
63302,2021-06-01,0.0,1.0,0.0,0.0,0.0,0.0
63302,2021-10-01,0.0,1.0,0.0,0.0,0.0,0.0
63302,2021-11-01,0.0,6.0,1.0,0.0,0.0,0.0
63302,2022-05-01,0.0,3.0,0.0,0.0,0.0,0.0
63302,2022-08-01,3.0,0.0,0.0,0.0,0.0,0.0
63401,2019-04-01,0.0,0.0,1.0,0.0,0.0,0.0
63401,2019-07-01,0.0,0.0,1.0,0.0,0.0,0.0
63401,2019-09-01,0.0,0.0,1.0,0.0,0.0,0.0
63401,2019-10-01,0.0,0.0,1.0,0.0,0.0,0.0
63401,2020-04-01,0.0,0.0,1.0,0.0,0.0,0.0
63401,2020-06-01,1.0,0.0,0.0,0.0,0.0,0.0
63401,2021-03-01,1.0,0.0,0.0,0.0,0.0,0.0
63401,2021-06-01,0.0,0.0,1.0,0.0,0.0,0.0
63401,2021-11-01,1.0,0.0,0.0,0.0,0.0,0.0
63401,2022-03-01,0.0,0.0,3.0,0.0,0.0,0.0
63401,2022-04-01,6.0,0.0,0.0,0.0,0.0,0.0
63401,2022-05-01,3.0,0.0,0.0,0.0,0.0,0.0
63401,2022-06-01,3.0,0.0,0.0,0.0,0.0,0.0
63470,2019-02-01,0.0,0.0,1.0,0.0,0.0,0.0
63470,2019-04-01,0.0,1.0,0.0,0.0,0.0,0.0
63470,2019-06-01,0.0,1.0,0.0,0.0,0.0,0.0
63470,2020-01-01,0.0,1.0,0.0,0.0,0.0,0.0
63470,2020-07-01,0.0,0.0,1.0,0.0,0.0,0.0
63470,2021-03-01,0.0,2.0,2.0,0.0,0.0,0.0
63470,2021-04-01,0.0,0.0,1.0,0.0,0.0,0.0
63470,2021-05-01,0.0,0.0,1.0,0.0,0.0,0.0
63470,2021-07-01,0.0,1.0,0.0,0.0,0.0,0.0
63470,2021-08-01,0.0,2.0,0.0,0.0,0.0,0.0
63470,2021-10-01,0.0,0.0,1.0,0.0,0.0,0.0
63470,2021-11-01,0.0,1.0,0.0,0.0,0.0,0.0
63470,2022-04-01,3.0,0.0,0.0,0.0,0.0,0.0
63548,2019-04-01,0.0,4.0,0.0,0.0,0.0,0.0
63548,2021-03-01,1.0,1.0,0.0,0.0,0.0,0.0
63548,2021-11-01,0.0,3.0,0.0,0.0,0.0,0.0
63548,2022-02-01,0.0,3.0,3.0,0.0,0.0,0.0
63548,2022-03-01,0.0,3.0,0.0,0.0,0.0,0.0
63548,2022-04-01,0.0,3.0,0.0,0.0,0.0,0.0
63548,2022-05-01,0.0,0.0,3.0,0.0,0.0,0.0
63594,2019-04-01,0.0,0.0,1.0,0.0,0.0,0.0
63594,2019-06-01,0.0,0.0,0.0,0.0,1.0,0.0
63594,2021-02-01,0.0,0.0,1.0,0.0,0.0,0.0
63594,2021-09-01,0.0,0.0,1.0,0.0,0.0,0.0
63594,2021-11-01,0.0,0.0,1.0,0.0,0.0,0.0
63594,2022-04-01,0.0,3.0,0.0,0.0,0.0,0.0
63690,2020-12-01,0.0,1.0,0.0,0.0,0.0,0.0
63690,2021-03-01,0.0,1.0,0.0,0.0,0.0,0.0
63690,2021-06-01,0.0,1.0,1.0,0.0,0.0,0.0
63690,2021-11-01,0.0,1.0,0.0,0.0,0.0,0.0
63690,2022-03-01,0.0,6.0,0.0,0.0,0.0,0.0
63690,2022-08-01,0.0,0.0,0.0,0.0,3.0,0.0
63690,2022-09-01,0.0,0.0,0.0,0.0,3.0,0.0
66001,2019-01-01,0.0,0.0,1.0,0.0,0.0,0.0
66001,2019-02-01,0.0,0.0,2.0,0.0,0.0,0.0
66001,2019-03-01,0.0,0.0,1.0,0.0,0.0,0.0
66001,2019-05-01,1.0,2.0,2.0,0.0,0.0,0.0
66001,2019-06-01,1.0,2.0,0.0,0.0,0.0,0.0
66001,2019-07-01,0.0,0.0,1.0,0.0,0.0,0.0
66001,2019-08-01,0.0,0.0,1.0,0.0,0.0,0.0
66001,2019-09-01,0.0,0.0,2.0,0.0,0.0,0.0
66001,2019-10-01,2.0,1.0,1.0,0.0,0.0,0.0
66001,2019-11-01,0.0,2.0,0.0,0.0,0.0,0.0
66001,2020-02-01,0.0,0.0,1.0,0.0,0.0,0.0
66001,2020-03-01,0.0,0.0,6.0,0.0,0.0,0.0
66001,2020-04-01,0.0,0.0,2.0,0.0,0.0,0.0
66001,2020-06-01,0.0,0.0,1.0,0.0,0.0,0.0
66001,2020-07-01,0.0,3.0,0.0,0.0,0.0,0.0
66001,2020-11-01,0.0,4.0,3.0,0.0,0.0,0.0
66001,2020-12-01,1.0,1.0,2.0,0.0,0.0,0.0
66001,2021-01-01,0.0,0.0,1.0,0.0,0.0,0.0
66001,2021-02-01,1.0,0.0,4.0,0.0,0.0,0.0
66001,2021-03-01,0.0,2.0,1.0,0.0,0.0,0.0
66001,2021-04-01,0.0,1.0,0.0,0.0,0.0,0.0
66001,2021-06-01,0.0,4.0,0.0,0.0,0.0,0.0
66001,2021-07-01,1.0,1.0,0.0,0.0,0.0,0.0
66001,2021-08-01,0.0,2.0,1.0,0.0,0.0,0.0
66001,2021-10-01,2.0,2.0,1.0,0.0,1.0,0.0
66001,2021-11-01,1.0,3.0,0.0,0.0,0.0,0.0
66001,2022-02-01,0.0,3.0,6.0,0.0,0.0,0.0
66001,2022-03-01,0.0,3.0,0.0,0.0,0.0,0.0
66001,2022-05-01,0.0,6.0,3.0,0.0,0.0,0.0
66001,2022-07-01,0.0,3.0,3.0,0.0,0.0,0.0
66001,2022-08-01,0.0,0.0,3.0,0.0,0.0,0.0
66001,2022-09-01,0.0,6.0,0.0,0.0,0.0,0.0
66045,2019-06-01,0.0,0.0,2.0,0.0,0.0,0.0
66045,2019-07-01,0.0,1.0,0.0,0.0,0.0,0.0
66045,2019-10-01,0.0,1.0,0.0,0.0,0.0,0.0
66045,2020-06-01,0.0,1.0,0.0,0.0,0.0,0.0
66045,2020-07-01,0.0,0.0,1.0,0.0,0.0,0.0
66045,2020-11-01,0.0,1.0,0.0,0.0,0.0,0.0
66045,2021-03-01,0.0,4.0,1.0,0.0,0.0,0.0
66045,2021-04-01,1.0,0.0,0.0,0.0,0.0,0.0
66045,2021-05-01,0.0,2.0,0.0,1.0,0.0,0.0
66045,2021-06-01,0.0,0.0,1.0,0.0,0.0,0.0
66045,2021-10-01,0.0,0.0,1.0,0.0,0.0,0.0
66045,2021-12-01,0.0,1.0,0.0,0.0,0.0,0.0
66045,2022-01-01,0.0,3.0,0.0,0.0,0.0,0.0
66045,2022-06-01,0.0,6.0,0.0,0.0,0.0,0.0
66075,2019-02-01,0.0,0.0,1.0,0.0,0.0,0.0
66075,2019-03-01,0.0,0.0,1.0,0.0,0.0,0.0
66075,2019-10-01,0.0,0.0,2.0,0.0,0.0,0.0
66075,2019-11-01,0.0,1.0,0.0,0.0,0.0,0.0
66075,2020-02-01,0.0,0.0,0.0,0.0,0.0,1.0
66075,2020-03-01,0.0,0.0,1.0,0.0,0.0,0.0
66075,2020-05-01,0.0,1.0,1.0,0.0,0.0,0.0
66075,2020-06-01,0.0,0.0,1.0,1.0,0.0,0.0
66075,2020-07-01,0.0,1.0,0.0,0.0,0.0,0.0
66075,2020-10-01,0.0,0.0,1.0,0.0,0.0,0.0
66075,2020-11-01,0.0,1.0,2.0,0.0,0.0,0.0
66075,2020-12-01,0.0,0.0,3.0,0.0,0.0,0.0
66075,2021-03-01,0.0,0.0,2.0,0.0,0.0,0.0
66075,2021-04-01,0.0,0.0,1.0,0.0,0.0,0.0
66075,2021-05-01,0.0,0.0,3.0,0.0,0.0,0.0
66075,2021-07-01,0.0,0.0,1.0,0.0,0.0,0.0
66075,2021-08-01,0.0,2.0,0.0,0.0,0.0,0.0
66075,2021-09-01,0.0,1.0,0.0,0.0,0.0,0.0
66075,2021-10-01,0.0,0.0,1.0,0.0,0.0,0.0
66075,2021-11-01,0.0,1.0,0.0,0.0,0.0,0.0
66075,2022-02-01,0.0,0.0,6.0,0.0,0.0,0.0
66075,2022-03-01,0.0,6.0,3.0,0.0,0.0,0.0
66075,2022-08-01,0.0,0.0,9.0,0.0,0.0,0.0
66075,2022-09-01,0.0,0.0,3.0,3.0,0.0,0.0
66088,2019-04-01,0.0,0.0,2.0,0.0,0.0,0.0
66088,2019-05-01,0.0,1.0,0.0,0.0,0.0,0.0
66088,2019-07-01,0.0,0.0,2.0,0.0,0.0,0.0
66088,2019-10-01,0.0,0.0,1.0,0.0,0.0,0.0
66088,2020-05-01,0.0,1.0,2.0,0.0,0.0,0.0
66088,2020-07-01,0.0,0.0,1.0,0.0,0.0,0.0
66088,2020-09-01,0.0,0.0,1.0,0.0,0.0,0.0
66088,2020-10-01,0.0,0.0,1.0,0.0,0.0,0.0
66088,2020-11-01,0.0,0.0,1.0,0.0,0.0,0.0
66088,2021-05-01,0.0,3.0,0.0,0.0,0.0,0.0
66088,2021-06-01,0.0,0.0,1.0,0.0,0.0,0.0
66088,2021-10-01,0.0,1.0,2.0,0.0,0.0,0.0
66088,2022-02-01,0.0,6.0,6.0,0.0,0.0,0.0
66088,2022-03-01,3.0,6.0,0.0,0.0,0.0,0.0
66088,2022-04-01,3.0,6.0,0.0,0.0,0.0,0.0
66088,2022-05-01,0.0,0.0,6.0,0.0,0.0,0.0
66170,2019-01-01,0.0,0.0,1.0,0.0,0.0,0.0
66170,2019-02-01,0.0,0.0,1.0,0.0,0.0,0.0
66170,2019-03-01,0.0,0.0,1.0,0.0,0.0,0.0
66170,2019-05-01,1.0,2.0,0.0,0.0,0.0,0.0
66170,2019-06-01,0.0,1.0,0.0,0.0,0.0,0.0
66170,2019-07-01,1.0,0.0,0.0,0.0,0.0,0.0
66170,2019-10-01,0.0,2.0,1.0,0.0,0.0,0.0
66170,2019-11-01,0.0,1.0,2.0,0.0,0.0,0.0
66170,2019-12-01,0.0,1.0,0.0,0.0,0.0,0.0
66170,2020-02-01,0.0,0.0,1.0,0.0,0.0,0.0
66170,2020-04-01,0.0,0.0,1.0,0.0,0.0,0.0
66170,2020-06-01,2.0,1.0,0.0,0.0,0.0,0.0
66170,2020-08-01,0.0,0.0,1.0,0.0,0.0,0.0
66170,2020-09-01,0.0,0.0,2.0,0.0,0.0,0.0
66170,2020-12-01,0.0,1.0,0.0,0.0,0.0,0.0
66170,2021-02-01,0.0,1.0,1.0,0.0,0.0,0.0
66170,2021-03-01,2.0,1.0,3.0,0.0,0.0,0.0
66170,2021-04-01,0.0,0.0,2.0,0.0,0.0,0.0
66170,2021-05-01,0.0,1.0,0.0,0.0,0.0,0.0
66170,2021-08-01,0.0,0.0,1.0,0.0,0.0,0.0
66170,2021-10-01,2.0,1.0,0.0,0.0,0.0,0.0
66170,2021-12-01,1.0,0.0,0.0,0.0,0.0,0.0
66170,2022-01-01,0.0,3.0,3.0,0.0,0.0,0.0
66170,2022-02-01,0.0,0.0,6.0,0.0,0.0,0.0
66170,2022-03-01,0.0,3.0,3.0,0.0,0.0,0.0
66170,2022-05-01,0.0,3.0,0.0,0.0,0.0,0.0
66170,2022-07-01,3.0,0.0,0.0,0.0,0.0,0.0
66318,2019-04-01,1.0,1.0,0.0,0.0,0.0,0.0
66318,2020-04-01,0.0,0.0,1.0,0.0,0.0,0.0
66318,2020-07-01,0.0,1.0,1.0,0.0,0.0,0.0
66318,2020-08-01,0.0,0.0,1.0,0.0,0.0,0.0
66318,2020-09-01,1.0,0.0,0.0,0.0,0.0,0.0
66318,2021-01-01,0.0,0.0,0.0,1.0,0.0,0.0
66318,2021-03-01,0.0,0.0,1.0,0.0,0.0,0.0
66318,2021-05-01,0.0,2.0,0.0,0.0,0.0,0.0
66318,2021-08-01,0.0,3.0,1.0,0.0,0.0,0.0
66318,2021-10-01,0.0,1.0,1.0,0.0,0.0,0.0
66318,2021-12-01,1.0,0.0,0.0,0.0,0.0,0.0
66318,2022-02-01,0.0,3.0,0.0,0.0,0.0,0.0
66318,2022-09-01,0.0,3.0,0.0,0.0,0.0,0.0
66383,2019-02-01,0.0,0.0,1.0,0.0,0.0,0.0
66383,2019-04-01,0.0,0.0,1.0,0.0,0.0,0.0
66383,2019-05-01,0.0,1.0,0.0,0.0,0.0,0.0
66383,2019-07-01,0.0,0.0,1.0,0.0,0.0,0.0
66383,2019-10-01,0.0,0.0,2.0,0.0,0.0,0.0
66383,2019-12-01,0.0,0.0,1.0,0.0,0.0,0.0
66383,2020-02-01,0.0,0.0,1.0,0.0,0.0,0.0
66383,2020-05-01,0.0,0.0,1.0,0.0,0.0,0.0
66383,2020-07-01,0.0,0.0,1.0,0.0,0.0,0.0
66383,2020-08-01,0.0,0.0,1.0,0.0,0.0,0.0
66383,2020-09-01,0.0,0.0,1.0,0.0,0.0,0.0
66383,2020-10-01,0.0,0.0,1.0,0.0,0.0,0.0
66383,2020-11-01,0.0,1.0,0.0,0.0,0.0,0.0
66383,2020-12-01,0.0,0.0,1.0,0.0,0.0,0.0
66383,2021-01-01,0.0,1.0,0.0,0.0,0.0,0.0
66383,2021-02-01,0.0,0.0,1.0,0.0,0.0,0.0
66383,2021-03-01,0.0,1.0,0.0,0.0,0.0,0.0
66383,2021-04-01,0.0,2.0,1.0,0.0,0.0,0.0
66383,2021-05-01,0.0,0.0,1.0,0.0,0.0,0.0
66383,2021-07-01,0.0,0.0,1.0,0.0,0.0,0.0
66383,2021-10-01,0.0,0.0,1.0,0.0,0.0,0.0
66383,2021-11-01,0.0,3.0,0.0,0.0,0.0,0.0
66383,2022-03-01,6.0,3.0,0.0,0.0,0.0,0.0
66383,2022-04-01,0.0,3.0,3.0,0.0,0.0,0.0
66383,2022-05-01,0.0,3.0,0.0,0.0,0.0,0.0
66383,2022-08-01,0.0,0.0,3.0,0.0,0.0,0.0
66400,2019-02-01,1.0,0.0,0.0,0.0,0.0,0.0
66400,2019-11-01,0.0,0.0,1.0,0.0,0.0,0.0
66400,2020-03-01,0.0,0.0,2.0,0.0,0.0,0.0
66400,2020-10-01,0.0,1.0,0.0,0.0,0.0,0.0
66400,2021-05-01,0.0,0.0,0.0,1.0,0.0,0.0
66400,2021-06-01,0.0,0.0,1.0,0.0,0.0,0.0
66400,2021-11-01,1.0,0.0,0.0,0.0,0.0,0.0
66400,2022-03-01,3.0,0.0,0.0,0.0,0.0,0.0
66400,2022-09-01,0.0,0.0,3.0,0.0,0.0,0.0
66440,2019-01-01,1.0,0.0,0.0,0.0,0.0,0.0
66440,2019-03-01,0.0,0.0,1.0,0.0,0.0,0.0
66440,2019-04-01,0.0,1.0,1.0,0.0,0.0,0.0
66440,2019-07-01,1.0,0.0,0.0,0.0,0.0,0.0
66440,2019-10-01,0.0,0.0,2.0,0.0,0.0,0.0
66440,2019-11-01,0.0,3.0,0.0,0.0,0.0,0.0
66440,2020-04-01,0.0,0.0,2.0,0.0,0.0,0.0
66440,2020-05-01,0.0,1.0,0.0,0.0,0.0,0.0
66440,2020-06-01,0.0,1.0,0.0,1.0,0.0,0.0
66440,2020-07-01,0.0,3.0,1.0,0.0,0.0,0.0
66440,2020-10-01,1.0,0.0,0.0,0.0,0.0,0.0
66440,2020-11-01,2.0,0.0,0.0,0.0,0.0,0.0
66440,2020-12-01,0.0,1.0,0.0,0.0,0.0,0.0
66440,2021-02-01,1.0,0.0,1.0,0.0,0.0,0.0
66440,2021-03-01,0.0,4.0,0.0,0.0,0.0,0.0
66440,2021-04-01,0.0,0.0,1.0,0.0,0.0,0.0
66440,2021-06-01,0.0,1.0,1.0,0.0,0.0,0.0
66440,2021-08-01,0.0,1.0,0.0,0.0,0.0,0.0
66440,2021-09-01,0.0,1.0,0.0,0.0,0.0,0.0
66440,2021-10-01,0.0,0.0,1.0,0.0,0.0,0.0
66440,2022-03-01,0.0,3.0,0.0,0.0,0.0,0.0
66440,2022-04-01,0.0,6.0,0.0,0.0,0.0,0.0
66440,2022-08-01,0.0,3.0,0.0,0.0,0.0,0.0
66456,2019-03-01,0.0,1.0,0.0,0.0,0.0,0.0
66456,2019-04-01,0.0,1.0,0.0,0.0,0.0,0.0
66456,2019-08-01,0.0,1.0,0.0,0.0,0.0,0.0
66456,2019-10-01,0.0,1.0,0.0,0.0,0.0,0.0
66456,2019-11-01,0.0,4.0,0.0,0.0,0.0,0.0
66456,2020-01-01,0.0,1.0,0.0,0.0,0.0,0.0
66456,2020-07-01,1.0,0.0,0.0,0.0,0.0,0.0
66456,2021-02-01,0.0,2.0,0.0,0.0,0.0,0.0
66456,2021-03-01,0.0,2.0,0.0,0.0,0.0,0.0
66456,2021-05-01,0.0,2.0,0.0,0.0,0.0,0.0
66456,2021-06-01,0.0,1.0,0.0,0.0,0.0,0.0
66456,2021-07-01,1.0,0.0,0.0,0.0,0.0,0.0
66456,2021-10-01,1.0,3.0,1.0,0.0,0.0,0.0
66456,2021-11-01,0.0,2.0,0.0,0.0,0.0,0.0
66456,2022-02-01,0.0,3.0,0.0,0.0,0.0,0.0
66456,2022-03-01,0.0,0.0,3.0,0.0,0.0,0.0
66572,2019-03-01,1.0,0.0,0.0,0.0,0.0,0.0
66572,2019-07-01,0.0,0.0,1.0,0.0,0.0,0.0
66572,2019-11-01,0.0,1.0,0.0,0.0,0.0,0.0
66572,2020-05-01,0.0,0.0,0.0,1.0,0.0,0.0
66572,2020-07-01,0.0,1.0,0.0,0.0,0.0,0.0
66572,2020-09-01,0.0,0.0,1.0,0.0,0.0,0.0
66572,2020-11-01,0.0,2.0,0.0,0.0,0.0,0.0
66572,2020-12-01,1.0,0.0,0.0,0.0,0.0,0.0
66572,2021-04-01,0.0,0.0,1.0,0.0,1.0,0.0
66572,2021-09-01,0.0,0.0,1.0,0.0,0.0,0.0
66572,2021-10-01,0.0,1.0,0.0,0.0,0.0,0.0
66572,2021-12-01,0.0,2.0,0.0,0.0,0.0,0.0
66572,2022-05-01,0.0,3.0,6.0,0.0,0.0,0.0
66572,2022-06-01,0.0,3.0,0.0,0.0,0.0,0.0
66572,2022-09-01,0.0,0.0,3.0,0.0,0.0,0.0
66594,2019-10-01,0.0,0.0,1.0,0.0,0.0,0.0
66594,2020-04-01,0.0,0.0,1.0,0.0,0.0,0.0
66594,2020-05-01,0.0,0.0,1.0,0.0,0.0,0.0
66594,2020-09-01,0.0,0.0,1.0,0.0,0.0,0.0
66594,2020-11-01,0.0,1.0,0.0,0.0,0.0,0.0
66594,2021-02-01,0.0,0.0,0.0,1.0,0.0,0.0
66594,2021-05-01,0.0,1.0,1.0,0.0,0.0,0.0
66594,2021-06-01,0.0,0.0,1.0,0.0,0.0,0.0
66594,2021-07-01,0.0,1.0,0.0,0.0,0.0,0.0
66594,2021-10-01,0.0,0.0,1.0,0.0,0.0,0.0
66594,2021-12-01,0.0,1.0,0.0,0.0,0.0,0.0
66594,2022-03-01,3.0,0.0,0.0,0.0,0.0,0.0
66594,2022-04-01,3.0,3.0,3.0,0.0,0.0,0.0
66594,2022-05-01,0.0,0.0,0.0,3.0,0.0,0.0
66594,2022-06-01,0.0,3.0,0.0,0.0,0.0,0.0
66594,2022-08-01,0.0,3.0,0.0,0.0,0.0,0.0
66594,2022-09-01,0.0,3.0,0.0,0.0,0.0,0.0
66682,2019-02-01,0.0,0.0,1.0,0.0,0.0,0.0
66682,2019-03-01,1.0,0.0,1.0,0.0,0.0,0.0
66682,2019-05-01,0.0,1.0,0.0,0.0,0.0,0.0
66682,2019-07-01,0.0,0.0,1.0,0.0,0.0,0.0
66682,2019-09-01,0.0,0.0,1.0,0.0,0.0,0.0
66682,2019-11-01,0.0,0.0,2.0,0.0,0.0,0.0
66682,2020-01-01,0.0,2.0,0.0,0.0,0.0,0.0
66682,2020-03-01,0.0,0.0,1.0,0.0,0.0,0.0
66682,2020-10-01,0.0,0.0,1.0,0.0,0.0,0.0
66682,2020-11-01,0.0,0.0,1.0,0.0,0.0,0.0
66682,2020-12-01,1.0,0.0,0.0,0.0,0.0,0.0
66682,2021-03-01,3.0,1.0,0.0,1.0,0.0,0.0
66682,2021-05-01,0.0,0.0,1.0,0.0,0.0,0.0
66682,2021-09-01,0.0,1.0,0.0,0.0,0.0,0.0
66682,2021-11-01,0.0,1.0,0.0,0.0,0.0,0.0
66682,2022-01-01,0.0,6.0,0.0,0.0,0.0,0.0
66682,2022-02-01,3.0,0.0,3.0,0.0,0.0,0.0
66682,2022-03-01,0.0,0.0,3.0,0.0,0.0,0.0
66682,2022-04-01,0.0,0.0,0.0,6.0,0.0,0.0
66682,2022-05-01,3.0,0.0,0.0,0.0,0.0,0.0
66682,2022-09-01,0.0,6.0,0.0,0.0,0.0,0.0
66687,2019-07-01,0.0,2.0,0.0,0.0,0.0,0.0
66687,2020-08-01,0.0,0.0,1.0,0.0,0.0,0.0
66687,2021-03-01,0.0,1.0,0.0,0.0,0.0,0.0
66687,2021-04-01,0.0,1.0,0.0,0.0,0.0,0.0
66687,2021-05-01,0.0,2.0,0.0,1.0,0.0,0.0
66687,2021-06-01,0.0,0.0,1.0,0.0,0.0,0.0
66687,2021-10-01,1.0,0.0,2.0,0.0,0.0,0.0
66687,2022-03-01,0.0,3.0,0.0,0.0,0.0,0.0
66687,2022-04-01,0.0,3.0,0.0,0.0,0.0,0.0
66687,2022-07-01,0.0,3.0,0.0,0.0,0.0,0.0
66687,2022-08-01,0.0,0.0,3.0,0.0,0.0,0.0
68001,2019-04-01,0.0,2.0,2.0,0.0,0.0,0.0
68001,2019-08-01,0.0,0.0,1.0,0.0,0.0,0.0
68001,2020-03-01,0.0,0.0,0.0,0.0,1.0,0.0
68001,2020-09-01,0.0,1.0,0.0,0.0,0.0,0.0
68001,2020-10-01,0.0,0.0,1.0,0.0,0.0,0.0
68001,2020-11-01,0.0,1.0,0.0,0.0,0.0,0.0
68001,2021-08-01,0.0,1.0,0.0,0.0,0.0,0.0
68001,2022-02-01,3.0,3.0,3.0,0.0,0.0,0.0
68001,2022-04-01,0.0,3.0,0.0,0.0,0.0,0.0
68001,2022-06-01,0.0,0.0,0.0,3.0,0.0,0.0
68001,2022-08-01,0.0,0.0,3.0,0.0,0.0,0.0
68013,2019-01-01,0.0,0.0,0.0,0.0,0.0,1.0
68013,2020-12-01,0.0,0.0,0.0,1.0,0.0,0.0
68051,2020-01-01,0.0,0.0,0.0,0.0,0.0,1.0
68077,2019-04-01,1.0,0.0,0.0,0.0,0.0,0.0
68077,2019-08-01,0.0,0.0,1.0,0.0,0.0,0.0
68077,2020-06-01,1.0,0.0,0.0,0.0,0.0,0.0
68077,2020-10-01,1.0,0.0,0.0,0.0,0.0,0.0
68077,2021-05-01,0.0,0.0,1.0,0.0,0.0,0.0
68079,2019-06-01,0.0,1.0,0.0,0.0,0.0,0.0
68079,2019-08-01,0.0,0.0,1.0,0.0,0.0,0.0
68079,2019-09-01,0.0,0.0,1.0,0.0,0.0,0.0
68079,2020-01-01,0.0,0.0,0.0,0.0,0.0,1.0
68079,2020-09-01,0.0,1.0,0.0,0.0,0.0,0.0
68081,2019-05-01,0.0,0.0,1.0,0.0,0.0,0.0
68081,2019-06-01,0.0,0.0,1.0,0.0,0.0,0.0
68081,2019-08-01,0.0,0.0,2.0,0.0,0.0,0.0
68081,2019-10-01,0.0,0.0,1.0,0.0,0.0,0.0
68081,2019-11-01,0.0,1.0,0.0,0.0,0.0,0.0
68081,2020-08-01,1.0,0.0,0.0,0.0,0.0,0.0
68081,2020-09-01,0.0,0.0,1.0,0.0,0.0,0.0
68081,2020-12-01,1.0,0.0,0.0,0.0,0.0,0.0
68081,2021-03-01,1.0,0.0,0.0,0.0,0.0,0.0
68081,2021-06-01,0.0,1.0,0.0,0.0,0.0,0.0
68081,2021-08-01,0.0,1.0,1.0,0.0,0.0,0.0
68081,2021-11-01,1.0,0.0,0.0,0.0,0.0,0.0
68081,2022-04-01,3.0,0.0,0.0,0.0,0.0,0.0
68081,2022-09-01,6.0,3.0,3.0,0.0,0.0,0.0
68092,2019-08-01,0.0,0.0,2.0,0.0,0.0,0.0
68092,2020-10-01,1.0,0.0,0.0,0.0,0.0,0.0
68092,2020-11-01,0.0,0.0,0.0,1.0,0.0,0.0
68092,2021-11-01,1.0,0.0,0.0,0.0,0.0,0.0
68101,2019-11-01,1.0,0.0,0.0,0.0,0.0,0.0
68101,2020-04-01,1.0,0.0,0.0,0.0,0.0,0.0
68101,2021-11-01,1.0,0.0,0.0,0.0,0.0,0.0
68101,2022-05-01,6.0,3.0,0.0,0.0,0.0,0.0
68132,2020-11-01,0.0,1.0,0.0,0.0,0.0,0.0
68147,2019-05-01,0.0,1.0,0.0,0.0,0.0,0.0
68147,2020-11-01,0.0,0.0,0.0,1.0,0.0,0.0
68147,2021-05-01,0.0,1.0,1.0,0.0,0.0,0.0
68147,2021-09-01,0.0,1.0,0.0,0.0,0.0,0.0
68152,2019-08-01,0.0,0.0,1.0,0.0,0.0,0.0
68152,2020-11-01,0.0,0.0,0.0,0.0,1.0,0.0
68152,2022-09-01,0.0,0.0,0.0,3.0,0.0,0.0
68160,2019-04-01,0.0,1.0,0.0,0.0,0.0,0.0
68160,2020-03-01,0.0,0.0,0.0,1.0,0.0,0.0
68160,2020-04-01,1.0,0.0,0.0,1.0,0.0,0.0
68160,2021-10-01,1.0,0.0,0.0,0.0,0.0,0.0
68160,2022-08-01,0.0,0.0,3.0,0.0,0.0,0.0
68162,2019-05-01,1.0,0.0,0.0,0.0,0.0,0.0
68162,2019-11-01,0.0,0.0,1.0,0.0,0.0,0.0
68162,2020-06-01,0.0,0.0,1.0,0.0,0.0,0.0
68162,2020-11-01,0.0,0.0,0.0,1.0,0.0,0.0
68162,2021-01-01,0.0,0.0,0.0,0.0,0.0,1.0
68162,2021-10-01,0.0,0.0,1.0,0.0,0.0,0.0
68167,2019-04-01,0.0,1.0,1.0,0.0,0.0,0.0
68167,2021-04-01,0.0,0.0,1.0,0.0,0.0,0.0
68167,2022-05-01,0.0,0.0,0.0,3.0,0.0,0.0
68169,2019-04-01,0.0,0.0,0.0,0.0,1.0,0.0
68169,2022-05-01,0.0,0.0,0.0,3.0,0.0,0.0
68169,2022-06-01,3.0,0.0,0.0,0.0,0.0,0.0
68169,2022-09-01,0.0,0.0,0.0,3.0,0.0,0.0
68176,2019-05-01,0.0,1.0,0.0,0.0,0.0,0.0
68176,2020-07-01,0.0,0.0,0.0,2.0,0.0,0.0
68176,2020-10-01,0.0,1.0,0.0,0.0,0.0,0.0
68176,2020-11-01,0.0,1.0,0.0,0.0,0.0,0.0
68176,2021-04-01,0.0,0.0,0.0,1.0,0.0,0.0
68179,2020-09-01,0.0,0.0,0.0,1.0,0.0,0.0
68179,2021-09-01,1.0,0.0,0.0,0.0,0.0,0.0
68190,2019-04-01,0.0,1.0,0.0,0.0,0.0,0.0
68190,2019-11-01,1.0,0.0,0.0,0.0,0.0,0.0
68190,2020-09-01,0.0,0.0,0.0,1.0,0.0,0.0
68190,2020-12-01,0.0,0.0,0.0,1.0,0.0,0.0
68190,2021-07-01,0.0,1.0,1.0,0.0,0.0,0.0
68190,2021-08-01,0.0,0.0,0.0,1.0,0.0,0.0
68190,2021-10-01,0.0,1.0,0.0,0.0,0.0,0.0
68190,2021-11-01,2.0,1.0,0.0,0.0,0.0,0.0
68190,2022-03-01,0.0,3.0,0.0,0.0,0.0,0.0
68190,2022-04-01,3.0,3.0,0.0,0.0,0.0,0.0
68190,2022-09-01,0.0,0.0,0.0,3.0,0.0,0.0
68207,2020-11-01,0.0,1.0,0.0,0.0,0.0,0.0
68207,2021-02-01,0.0,0.0,1.0,0.0,0.0,0.0
68207,2021-07-01,1.0,0.0,0.0,0.0,0.0,0.0
68209,2020-05-01,0.0,0.0,1.0,0.0,0.0,0.0
68209,2021-03-01,1.0,0.0,0.0,0.0,0.0,0.0
68217,2019-04-01,1.0,1.0,1.0,0.0,0.0,0.0
68217,2021-03-01,0.0,1.0,0.0,0.0,0.0,0.0
68217,2022-02-01,0.0,3.0,0.0,0.0,0.0,0.0
68217,2022-04-01,0.0,3.0,0.0,0.0,0.0,0.0
68229,2020-07-01,0.0,0.0,1.0,0.0,0.0,0.0
68229,2020-09-01,0.0,0.0,2.0,0.0,0.0,0.0
68229,2021-05-01,0.0,0.0,0.0,1.0,0.0,0.0
68229,2021-06-01,0.0,0.0,1.0,0.0,0.0,0.0
68235,2019-05-01,0.0,0.0,0.0,0.0,1.0,0.0
68235,2021-06-01,0.0,0.0,0.0,1.0,0.0,0.0
68235,2021-11-01,0.0,0.0,0.0,2.0,0.0,0.0
68235,2022-05-01,0.0,3.0,0.0,3.0,3.0,0.0
68245,2020-06-01,0.0,0.0,1.0,0.0,0.0,0.0
68245,2021-06-01,1.0,0.0,0.0,0.0,0.0,0.0
68255,2019-03-01,0.0,0.0,2.0,0.0,0.0,0.0
68255,2019-07-01,0.0,0.0,1.0,0.0,0.0,0.0
68255,2019-10-01,0.0,1.0,0.0,0.0,0.0,0.0
68255,2020-09-01,0.0,1.0,0.0,0.0,0.0,0.0
68255,2021-04-01,0.0,0.0,0.0,1.0,0.0,0.0
68264,2021-02-01,0.0,1.0,1.0,0.0,0.0,0.0
68264,2022-02-01,3.0,3.0,6.0,0.0,0.0,0.0
68264,2022-05-01,0.0,0.0,0.0,3.0,0.0,0.0
68266,2019-08-01,0.0,0.0,1.0,0.0,0.0,0.0
68266,2021-12-01,1.0,0.0,0.0,0.0,0.0,0.0
68271,2019-05-01,0.0,1.0,0.0,0.0,0.0,0.0
68271,2021-10-01,0.0,0.0,0.0,1.0,0.0,0.0
68276,2019-04-01,0.0,1.0,0.0,0.0,0.0,0.0
68276,2019-08-01,0.0,0.0,1.0,0.0,0.0,0.0
68276,2020-01-01,0.0,0.0,0.0,0.0,1.0,0.0
68276,2020-03-01,0.0,0.0,0.0,1.0,0.0,0.0
68276,2020-04-01,0.0,1.0,0.0,0.0,0.0,0.0
68276,2021-04-01,0.0,0.0,0.0,1.0,0.0,0.0
68276,2021-06-01,0.0,1.0,0.0,0.0,0.0,0.0
68276,2021-07-01,0.0,0.0,2.0,0.0,0.0,0.0
68276,2021-08-01,0.0,1.0,0.0,0.0,0.0,0.0
68276,2022-08-01,0.0,3.0,0.0,0.0,0.0,0.0
68276,2022-09-01,0.0,3.0,0.0,0.0,0.0,0.0
68298,2019-03-01,0.0,0.0,0.0,0.0,1.0,0.0
68298,2019-04-01,0.0,0.0,0.0,0.0,1.0,0.0
68298,2020-02-01,0.0,1.0,0.0,0.0,0.0,0.0
68298,2021-10-01,2.0,1.0,0.0,0.0,0.0,0.0
68298,2022-09-01,0.0,0.0,0.0,3.0,0.0,0.0
68307,2019-04-01,1.0,0.0,0.0,0.0,0.0,0.0
68307,2020-01-01,1.0,0.0,0.0,0.0,0.0,0.0
68307,2020-03-01,0.0,0.0,0.0,1.0,0.0,0.0
68307,2020-04-01,1.0,0.0,0.0,0.0,0.0,0.0
68307,2021-11-01,0.0,1.0,0.0,0.0,0.0,0.0
68307,2022-06-01,3.0,0.0,0.0,0.0,0.0,0.0
68318,2022-05-01,3.0,0.0,0.0,0.0,0.0,0.0
68318,2022-09-01,3.0,0.0,0.0,0.0,0.0,0.0
68320,2019-05-01,0.0,1.0,0.0,0.0,0.0,0.0
68320,2019-07-01,0.0,0.0,1.0,0.0,0.0,0.0
68322,2020-07-01,0.0,0.0,1.0,0.0,0.0,0.0
68322,2021-12-01,1.0,0.0,0.0,0.0,0.0,0.0
68324,2019-02-01,0.0,0.0,0.0,0.0,0.0,1.0
68324,2019-05-01,0.0,1.0,0.0,0.0,0.0,0.0
68344,2019-05-01,0.0,0.0,0.0,0.0,1.0,0.0
68344,2020-09-01,1.0,0.0,0.0,0.0,0.0,0.0
68344,2022-06-01,0.0,3.0,0.0,0.0,0.0,0.0
68368,2022-07-01,0.0,0.0,3.0,0.0,0.0,0.0
68377,2019-01-01,0.0,1.0,0.0,0.0,0.0,0.0
68377,2022-05-01,3.0,0.0,0.0,0.0,0.0,0.0
68385,2019-01-01,0.0,1.0,0.0,0.0,0.0,0.0
68385,2019-06-01,0.0,1.0,0.0,0.0,0.0,0.0
68385,2019-08-01,0.0,0.0,1.0,0.0,0.0,0.0
68385,2019-10-01,0.0,1.0,0.0,0.0,0.0,0.0
68385,2020-09-01,0.0,0.0,0.0,1.0,0.0,0.0
68385,2022-08-01,0.0,0.0,3.0,0.0,0.0,0.0
68406,2019-08-01,0.0,0.0,1.0,0.0,0.0,0.0
68406,2020-11-01,0.0,1.0,0.0,0.0,0.0,0.0
68406,2021-08-01,0.0,0.0,1.0,0.0,0.0,0.0
68406,2022-04-01,6.0,0.0,0.0,0.0,0.0,0.0
68418,2020-01-01,0.0,0.0,0.0,0.0,0.0,1.0
68418,2020-12-01,0.0,0.0,0.0,0.0,0.0,1.0
68418,2022-09-01,0.0,3.0,0.0,0.0,0.0,0.0
68425,2019-03-01,0.0,0.0,0.0,0.0,0.0,1.0
68425,2020-11-01,0.0,1.0,0.0,0.0,0.0,0.0
68432,2019-02-01,0.0,1.0,0.0,0.0,0.0,0.0
68432,2019-06-01,1.0,0.0,0.0,0.0,0.0,0.0
68432,2021-10-01,1.0,0.0,0.0,0.0,0.0,0.0
68432,2021-11-01,0.0,0.0,0.0,2.0,0.0,0.0
68432,2022-08-01,0.0,0.0,0.0,3.0,0.0,0.0
68444,2019-03-01,0.0,0.0,1.0,0.0,0.0,0.0
68444,2019-04-01,0.0,1.0,0.0,0.0,0.0,0.0
68444,2019-06-01,0.0,1.0,0.0,0.0,0.0,0.0
68444,2020-10-01,1.0,0.0,0.0,0.0,0.0,0.0
68444,2020-11-01,0.0,1.0,0.0,0.0,0.0,0.0
68464,2019-07-01,0.0,0.0,1.0,0.0,0.0,0.0
68464,2019-08-01,0.0,0.0,0.0,0.0,1.0,0.0
68464,2020-11-01,0.0,0.0,0.0,1.0,0.0,0.0
68464,2021-05-01,0.0,0.0,0.0,1.0,0.0,0.0
68464,2021-06-01,0.0,0.0,0.0,1.0,0.0,0.0
68464,2021-07-01,0.0,0.0,1.0,0.0,0.0,0.0
68464,2021-09-01,0.0,0.0,0.0,1.0,0.0,0.0
68464,2022-07-01,0.0,0.0,6.0,0.0,0.0,0.0
68468,2019-05-01,0.0,0.0,0.0,0.0,1.0,0.0
68468,2022-09-01,0.0,0.0,3.0,0.0,0.0,0.0
68498,2019-07-01,1.0,0.0,0.0,0.0,0.0,0.0
68498,2021-12-01,1.0,0.0,0.0,0.0,0.0,0.0
68498,2022-06-01,0.0,0.0,3.0,0.0,0.0,0.0
68500,2021-08-01,0.0,0.0,1.0,0.0,0.0,0.0
68500,2021-10-01,0.0,0.0,1.0,0.0,0.0,0.0
68500,2022-09-01,0.0,0.0,3.0,0.0,0.0,0.0
68502,2021-04-01,0.0,0.0,0.0,1.0,0.0,0.0
68502,2021-11-01,0.0,0.0,0.0,1.0,0.0,0.0
68502,2022-03-01,0.0,3.0,0.0,0.0,0.0,0.0
68502,2022-04-01,0.0,3.0,0.0,3.0,0.0,0.0
68502,2022-09-01,0.0,3.0,0.0,3.0,0.0,0.0
68522,2022-09-01,0.0,3.0,0.0,0.0,0.0,0.0
68524,2019-11-01,0.0,0.0,1.0,0.0,0.0,0.0
68524,2020-10-01,0.0,0.0,1.0,0.0,0.0,0.0
68524,2021-12-01,1.0,0.0,0.0,0.0,0.0,0.0
68524,2022-09-01,0.0,3.0,0.0,0.0,0.0,0.0
68533,2020-03-01,0.0,0.0,1.0,0.0,0.0,0.0
68533,2020-06-01,0.0,1.0,0.0,0.0,0.0,0.0
68533,2022-06-01,0.0,6.0,0.0,0.0,0.0,0.0
68547,2019-04-01,0.0,0.0,1.0,0.0,0.0,0.0
68547,2019-05-01,1.0,0.0,0.0,0.0,0.0,0.0
68547,2020-02-01,0.0,0.0,0.0,0.0,1.0,0.0
68547,2020-03-01,0.0,0.0,0.0,0.0,1.0,0.0
68547,2020-04-01,1.0,0.0,0.0,0.0,0.0,0.0
68547,2020-07-01,0.0,0.0,0.0,1.0,0.0,0.0
68547,2020-10-01,1.0,0.0,0.0,0.0,0.0,0.0
68547,2021-06-01,0.0,2.0,0.0,0.0,0.0,0.0
68547,2021-07-01,0.0,0.0,2.0,0.0,0.0,0.0
68547,2022-05-01,0.0,3.0,0.0,0.0,0.0,0.0
68547,2022-08-01,0.0,0.0,3.0,0.0,0.0,0.0
68549,2020-11-01,0.0,0.0,0.0,1.0,0.0,0.0
68572,2019-01-01,0.0,0.0,1.0,0.0,0.0,0.0
68572,2019-03-01,0.0,1.0,0.0,0.0,0.0,0.0
68572,2020-05-01,0.0,1.0,0.0,0.0,0.0,0.0
68572,2021-06-01,0.0,0.0,0.0,1.0,0.0,0.0
68573,2019-05-01,0.0,1.0,0.0,0.0,0.0,0.0
68573,2019-08-01,0.0,0.0,1.0,0.0,0.0,0.0
68573,2020-09-01,0.0,0.0,0.0,1.0,0.0,0.0
68573,2020-11-01,1.0,0.0,0.0,0.0,0.0,0.0
68573,2021-05-01,0.0,0.0,0.0,1.0,0.0,0.0
68573,2021-08-01,2.0,0.0,0.0,0.0,0.0,0.0
68573,2022-04-01,6.0,0.0,0.0,0.0,0.0,0.0
68575,2019-06-01,2.0,0.0,0.0,0.0,0.0,0.0
68575,2019-09-01,0.0,0.0,1.0,0.0,0.0,0.0
68575,2019-10-01,1.0,0.0,0.0,0.0,0.0,0.0
68575,2020-07-01,0.0,1.0,0.0,0.0,0.0,0.0
68575,2020-08-01,1.0,0.0,0.0,0.0,0.0,0.0
68575,2020-11-01,1.0,0.0,0.0,0.0,0.0,0.0
68575,2021-06-01,1.0,0.0,0.0,0.0,0.0,0.0
68575,2021-07-01,0.0,1.0,0.0,0.0,0.0,0.0
68575,2021-09-01,1.0,0.0,0.0,0.0,0.0,0.0
68575,2021-11-01,1.0,0.0,0.0,0.0,0.0,0.0
68575,2022-04-01,3.0,0.0,0.0,0.0,0.0,0.0
68575,2022-09-01,0.0,0.0,3.0,0.0,0.0,0.0
68615,2019-04-01,0.0,1.0,0.0,0.0,0.0,0.0
68615,2019-05-01,0.0,0.0,1.0,0.0,0.0,0.0
68615,2019-07-01,0.0,0.0,1.0,0.0,0.0,0.0
68615,2019-08-01,0.0,0.0,1.0,0.0,0.0,0.0
68615,2019-09-01,0.0,0.0,1.0,0.0,0.0,0.0
68615,2020-03-01,0.0,0.0,1.0,0.0,0.0,0.0
68615,2020-08-01,0.0,0.0,2.0,0.0,0.0,0.0
68615,2020-10-01,1.0,0.0,0.0,0.0,0.0,0.0
68615,2020-11-01,1.0,1.0,0.0,0.0,0.0,0.0
68615,2021-04-01,0.0,0.0,0.0,1.0,0.0,0.0
68615,2021-05-01,0.0,0.0,0.0,1.0,0.0,0.0
68615,2021-06-01,0.0,0.0,0.0,1.0,0.0,0.0
68615,2021-11-01,1.0,0.0,0.0,0.0,0.0,0.0
68615,2022-04-01,3.0,0.0,0.0,0.0,0.0,0.0
68615,2022-06-01,3.0,0.0,0.0,0.0,0.0,0.0
68655,2019-09-01,0.0,0.0,1.0,0.0,0.0,0.0
68655,2019-11-01,1.0,0.0,0.0,0.0,0.0,0.0
68655,2020-11-01,0.0,0.0,0.0,1.0,0.0,0.0
68655,2021-05-01,0.0,0.0,0.0,1.0,0.0,0.0
68655,2022-04-01,3.0,0.0,0.0,0.0,0.0,0.0
68655,2022-06-01,3.0,0.0,0.0,0.0,0.0,0.0
68655,2022-08-01,0.0,0.0,3.0,0.0,0.0,0.0
68669,2021-06-01,0.0,1.0,0.0,0.0,0.0,0.0
68669,2022-03-01,0.0,0.0,3.0,0.0,0.0,0.0
68669,2022-05-01,3.0,0.0,0.0,0.0,0.0,0.0
68669,2022-06-01,3.0,0.0,0.0,0.0,0.0,0.0
68669,2022-09-01,3.0,0.0,0.0,0.0,0.0,0.0
68673,2020-10-01,0.0,1.0,0.0,0.0,0.0,0.0
68673,2020-12-01,0.0,1.0,0.0,0.0,0.0,0.0
68679,2020-10-01,1.0,0.0,0.0,0.0,0.0,0.0
68679,2020-11-01,1.0,0.0,0.0,0.0,0.0,0.0
68679,2021-11-01,1.0,0.0,0.0,0.0,0.0,0.0
68689,2019-03-01,0.0,1.0,0.0,0.0,0.0,0.0
68689,2019-05-01,0.0,0.0,0.0,0.0,1.0,0.0
68689,2019-10-01,0.0,2.0,0.0,0.0,0.0,0.0
68689,2020-04-01,0.0,1.0,0.0,0.0,0.0,0.0
68689,2020-10-01,1.0,0.0,0.0,0.0,0.0,0.0
68689,2021-02-01,0.0,1.0,0.0,0.0,0.0,0.0
68689,2021-04-01,0.0,1.0,0.0,0.0,0.0,0.0
68689,2021-05-01,1.0,0.0,0.0,0.0,0.0,0.0
68689,2022-04-01,0.0,3.0,0.0,0.0,0.0,0.0
68705,2019-05-01,0.0,1.0,0.0,0.0,1.0,0.0
68705,2021-03-01,0.0,1.0,0.0,0.0,0.0,0.0
68705,2021-08-01,0.0,2.0,0.0,0.0,0.0,0.0
68705,2021-10-01,0.0,1.0,0.0,0.0,0.0,0.0
68705,2022-04-01,0.0,0.0,0.0,0.0,3.0,0.0
68705,2022-05-01,3.0,0.0,0.0,3.0,0.0,0.0
68705,2022-08-01,0.0,6.0,0.0,0.0,0.0,0.0
68705,2022-09-01,3.0,0.0,0.0,0.0,0.0,0.0
68720,2019-05-01,0.0,1.0,0.0,0.0,0.0,0.0
68720,2019-08-01,0.0,0.0,1.0,0.0,0.0,0.0
68720,2022-04-01,0.0,0.0,0.0,3.0,0.0,0.0
68720,2022-07-01,0.0,3.0,0.0,0.0,0.0,0.0
68745,2019-05-01,0.0,1.0,0.0,0.0,0.0,0.0
68745,2019-08-01,0.0,0.0,1.0,0.0,0.0,0.0
68745,2020-07-01,1.0,0.0,0.0,0.0,0.0,0.0
68745,2020-09-01,0.0,0.0,0.0,1.0,0.0,0.0
68745,2021-09-01,0.0,0.0,0.0,1.0,0.0,0.0
68745,2022-05-01,0.0,0.0,0.0,6.0,0.0,0.0
68755,2020-09-01,1.0,0.0,0.0,0.0,0.0,0.0
68755,2020-12-01,0.0,0.0,1.0,0.0,0.0,0.0
68755,2021-02-01,0.0,0.0,1.0,0.0,0.0,0.0
68755,2021-08-01,1.0,0.0,0.0,0.0,0.0,0.0
68770,2020-11-01,0.0,0.0,0.0,1.0,0.0,0.0
68770,2021-11-01,1.0,0.0,0.0,0.0,0.0,0.0
68773,2021-10-01,0.0,0.0,1.0,0.0,0.0,0.0
68780,2019-10-01,0.0,1.0,0.0,0.0,0.0,0.0
68780,2022-05-01,0.0,0.0,0.0,3.0,0.0,0.0
68820,2019-05-01,2.0,0.0,0.0,0.0,0.0,0.0
68820,2020-11-01,0.0,1.0,0.0,0.0,0.0,0.0
68820,2021-09-01,1.0,0.0,0.0,0.0,0.0,0.0
68820,2022-05-01,0.0,0.0,0.0,3.0,0.0,0.0
68855,2019-08-01,0.0,0.0,1.0,0.0,0.0,0.0
68855,2022-09-01,0.0,3.0,0.0,0.0,0.0,0.0
68861,2019-07-01,0.0,0.0,1.0,0.0,0.0,0.0
68861,2020-06-01,0.0,1.0,0.0,0.0,0.0,0.0
68861,2020-08-01,0.0,1.0,0.0,0.0,0.0,0.0
68861,2020-09-01,0.0,0.0,1.0,0.0,0.0,0.0
68861,2021-07-01,1.0,0.0,0.0,0.0,0.0,0.0
68861,2021-09-01,0.0,1.0,0.0,0.0,0.0,0.0
68861,2022-05-01,0.0,3.0,0.0,0.0,0.0,0.0
68872,2019-07-01,0.0,0.0,1.0,0.0,0.0,0.0
68872,2020-09-01,0.0,0.0,1.0,0.0,0.0,0.0
68872,2021-10-01,0.0,0.0,0.0,1.0,0.0,0.0
68895,2019-08-01,2.0,0.0,0.0,0.0,0.0,0.0
68895,2020-05-01,1.0,0.0,0.0,0.0,0.0,1.0
68895,2020-07-01,0.0,0.0,0.0,0.0,0.0,1.0
68895,2022-04-01,3.0,0.0,0.0,0.0,0.0,0.0
70001,2019-05-01,1.0,0.0,0.0,0.0,0.0,0.0
70001,2019-06-01,0.0,0.0,1.0,0.0,0.0,0.0
70001,2019-07-01,0.0,0.0,1.0,0.0,0.0,0.0
70001,2019-09-01,1.0,0.0,1.0,0.0,0.0,0.0
70001,2020-04-01,0.0,0.0,1.0,0.0,0.0,0.0
70001,2020-05-01,0.0,0.0,1.0,0.0,0.0,0.0
70001,2020-06-01,1.0,0.0,1.0,0.0,0.0,0.0
70001,2020-08-01,0.0,0.0,1.0,0.0,0.0,0.0
70001,2020-09-01,1.0,0.0,1.0,0.0,0.0,0.0
70001,2020-10-01,0.0,0.0,0.0,1.0,0.0,0.0
70001,2020-11-01,1.0,0.0,0.0,0.0,0.0,0.0
70001,2021-04-01,1.0,0.0,0.0,0.0,0.0,0.0
70001,2021-06-01,1.0,0.0,0.0,0.0,0.0,0.0
70001,2021-08-01,1.0,0.0,0.0,0.0,0.0,0.0
70001,2022-03-01,0.0,0.0,0.0,3.0,0.0,0.0
70110,2020-06-01,1.0,0.0,0.0,0.0,0.0,0.0
70110,2021-02-01,0.0,0.0,0.0,0.0,0.0,1.0
70110,2021-08-01,0.0,0.0,1.0,0.0,0.0,0.0
70124,2019-07-01,0.0,0.0,1.0,0.0,0.0,0.0
70124,2019-10-01,1.0,0.0,0.0,0.0,0.0,0.0
70124,2020-06-01,0.0,0.0,1.0,0.0,0.0,0.0
70124,2020-07-01,0.0,0.0,1.0,0.0,0.0,0.0
70124,2020-09-01,1.0,0.0,1.0,0.0,0.0,0.0
70124,2021-04-01,1.0,0.0,0.0,0.0,0.0,0.0
70124,2021-07-01,0.0,0.0,1.0,0.0,0.0,0.0
70124,2021-08-01,2.0,0.0,0.0,0.0,0.0,0.0
70124,2022-06-01,3.0,0.0,0.0,0.0,0.0,0.0
70204,2020-06-01,0.0,0.0,1.0,0.0,0.0,0.0
70204,2021-01-01,0.0,0.0,0.0,0.0,0.0,1.0
70204,2021-06-01,1.0,0.0,0.0,0.0,0.0,0.0
70204,2021-07-01,1.0,0.0,0.0,0.0,0.0,0.0
70204,2021-11-01,1.0,0.0,0.0,0.0,0.0,0.0
70204,2022-08-01,0.0,3.0,0.0,0.0,0.0,0.0
70215,2019-07-01,0.0,0.0,1.0,0.0,0.0,0.0
70215,2020-08-01,0.0,1.0,0.0,0.0,0.0,0.0
70215,2020-11-01,1.0,0.0,0.0,0.0,0.0,0.0
70215,2021-02-01,0.0,0.0,1.0,0.0,0.0,0.0
70215,2021-08-01,0.0,0.0,0.0,1.0,0.0,0.0
70221,2019-06-01,0.0,0.0,1.0,0.0,0.0,0.0
70221,2019-09-01,0.0,0.0,1.0,0.0,0.0,0.0
70221,2020-06-01,3.0,0.0,1.0,0.0,0.0,0.0
70221,2020-07-01,1.0,0.0,0.0,0.0,0.0,0.0
70221,2020-08-01,1.0,0.0,0.0,0.0,0.0,0.0
70221,2020-09-01,1.0,0.0,0.0,0.0,0.0,0.0
70221,2020-11-01,3.0,0.0,0.0,0.0,0.0,0.0
70221,2021-06-01,1.0,0.0,1.0,0.0,0.0,0.0
70221,2021-08-01,1.0,0.0,0.0,0.0,0.0,0.0
70221,2021-09-01,0.0,0.0,1.0,0.0,0.0,0.0
70221,2022-07-01,0.0,0.0,3.0,0.0,0.0,0.0
70230,2021-02-01,0.0,0.0,0.0,0.0,0.0,1.0
70233,2020-06-01,1.0,0.0,0.0,0.0,0.0,0.0
70233,2021-05-01,0.0,0.0,2.0,0.0,0.0,0.0
70235,2020-02-01,1.0,0.0,0.0,0.0,0.0,0.0
70235,2020-09-01,2.0,0.0,0.0,0.0,0.0,0.0
70265,2019-06-01,1.0,0.0,0.0,0.0,0.0,0.0
70265,2019-10-01,1.0,0.0,0.0,0.0,0.0,0.0
70265,2020-06-01,0.0,0.0,1.0,0.0,0.0,0.0
70265,2020-08-01,0.0,0.0,1.0,0.0,0.0,0.0
70265,2021-08-01,2.0,0.0,0.0,0.0,0.0,0.0
70265,2022-04-01,3.0,0.0,0.0,0.0,0.0,0.0
70265,2022-06-01,6.0,0.0,0.0,0.0,0.0,0.0
70265,2022-07-01,0.0,0.0,3.0,0.0,0.0,0.0
70400,2019-07-01,0.0,0.0,1.0,0.0,0.0,0.0
70400,2020-06-01,2.0,0.0,3.0,2.0,0.0,0.0
70400,2020-07-01,0.0,0.0,1.0,0.0,0.0,0.0
70400,2021-09-01,1.0,0.0,0.0,0.0,0.0,0.0
70418,2020-06-01,0.0,1.0,0.0,0.0,0.0,0.0
70418,2020-08-01,1.0,0.0,0.0,0.0,0.0,0.0
70429,2019-09-01,0.0,0.0,1.0,0.0,0.0,0.0
70429,2019-10-01,1.0,0.0,0.0,0.0,0.0,0.0
70429,2020-04-01,0.0,0.0,1.0,0.0,0.0,0.0
70429,2020-05-01,0.0,0.0,1.0,0.0,0.0,0.0
70429,2020-06-01,0.0,0.0,1.0,0.0,0.0,0.0
70429,2020-07-01,0.0,0.0,2.0,0.0,0.0,0.0
70429,2020-09-01,1.0,0.0,0.0,0.0,0.0,0.0
70429,2020-11-01,1.0,0.0,1.0,0.0,0.0,0.0
70429,2021-09-01,1.0,0.0,0.0,0.0,0.0,0.0
70429,2022-06-01,3.0,0.0,0.0,0.0,0.0,0.0
70473,2021-02-01,0.0,0.0,0.0,0.0,0.0,1.0
70508,2019-06-01,0.0,1.0,1.0,0.0,0.0,0.0
70508,2019-07-01,0.0,0.0,1.0,0.0,0.0,0.0
70508,2019-08-01,0.0,0.0,2.0,0.0,0.0,0.0
70508,2019-10-01,1.0,1.0,0.0,0.0,0.0,0.0
70508,2020-06-01,1.0,0.0,0.0,0.0,0.0,0.0
70508,2020-07-01,1.0,0.0,0.0,0.0,0.0,0.0
70508,2020-09-01,1.0,0.0,0.0,0.0,0.0,0.0
70508,2020-11-01,1.0,0.0,0.0,0.0,0.0,0.0
70508,2021-01-01,0.0,0.0,0.0,0.0,0.0,1.0
70508,2022-03-01,0.0,0.0,3.0,0.0,0.0,0.0
70523,2021-02-01,0.0,0.0,0.0,0.0,0.0,1.0
70670,2020-06-01,1.0,0.0,1.0,0.0,0.0,0.0
70670,2020-10-01,0.0,0.0,0.0,1.0,0.0,0.0
70670,2021-01-01,0.0,0.0,0.0,0.0,0.0,1.0
70670,2021-05-01,1.0,0.0,0.0,0.0,0.0,0.0
70670,2021-11-01,0.0,0.0,1.0,0.0,0.0,0.0
70678,2019-10-01,1.0,0.0,0.0,0.0,0.0,0.0
70678,2020-09-01,0.0,0.0,1.0,0.0,0.0,0.0
70678,2021-05-01,0.0,0.0,1.0,0.0,0.0,0.0
70678,2021-07-01,0.0,0.0,2.0,0.0,0.0,0.0
70678,2021-08-01,1.0,0.0,0.0,0.0,0.0,0.0
70678,2022-06-01,3.0,0.0,0.0,0.0,0.0,0.0
70702,2021-04-01,0.0,0.0,1.0,0.0,0.0,0.0
70708,2019-07-01,0.0,0.0,1.0,0.0,0.0,0.0
70708,2020-10-01,0.0,0.0,1.0,0.0,0.0,0.0
70708,2021-07-01,0.0,0.0,1.0,0.0,0.0,0.0
70708,2021-08-01,2.0,0.0,0.0,0.0,0.0,0.0
70708,2022-09-01,3.0,0.0,0.0,0.0,0.0,0.0
70713,2019-07-01,0.0,0.0,1.0,0.0,0.0,0.0
70713,2020-07-01,0.0,1.0,0.0,0.0,0.0,0.0
70713,2020-09-01,2.0,0.0,0.0,0.0,0.0,0.0
70713,2020-11-01,2.0,0.0,1.0,0.0,0.0,0.0
70713,2021-07-01,1.0,0.0,1.0,0.0,0.0,0.0
70713,2021-10-01,1.0,0.0,1.0,0.0,0.0,0.0
70717,2019-06-01,0.0,0.0,0.0,0.0,1.0,0.0
70717,2020-06-01,1.0,0.0,0.0,0.0,0.0,0.0
70717,2020-09-01,1.0,0.0,0.0,0.0,0.0,0.0
70742,2019-06-01,1.0,0.0,0.0,0.0,0.0,0.0
70742,2020-06-01,2.0,0.0,0.0,0.0,0.0,0.0
70742,2020-09-01,1.0,0.0,0.0,0.0,0.0,0.0
70771,2019-07-01,0.0,0.0,1.0,0.0,0.0,0.0
70771,2020-04-01,0.0,0.0,0.0,0.0,0.0,1.0
70771,2020-06-01,0.0,0.0,1.0,0.0,0.0,0.0
70771,2020-09-01,1.0,0.0,0.0,0.0,0.0,0.0
70771,2020-11-01,3.0,0.0,1.0,0.0,0.0,0.0
70771,2020-12-01,1.0,0.0,0.0,0.0,0.0,0.0
70771,2021-07-01,0.0,0.0,1.0,0.0,0.0,0.0
70771,2021-08-01,1.0,0.0,0.0,0.0,0.0,0.0
70771,2021-09-01,1.0,0.0,1.0,0.0,0.0,0.0
70771,2022-06-01,3.0,0.0,0.0,0.0,0.0,0.0
70820,2020-06-01,1.0,0.0,0.0,0.0,0.0,0.0
70820,2020-08-01,1.0,0.0,0.0,0.0,0.0,0.0
70820,2020-11-01,1.0,0.0,1.0,0.0,0.0,0.0
70820,2021-02-01,0.0,0.0,0.0,0.0,0.0,1.0
70823,2021-01-01,0.0,0.0,0.0,0.0,0.0,1.0
70823,2021-03-01,0.0,0.0,0.0,0.0,0.0,1.0
70823,2021-06-01,1.0,0.0,0.0,0.0,0.0,0.0
73001,2019-04-01,2.0,1.0,0.0,0.0,0.0,0.0
73001,2019-05-01,1.0,2.0,0.0,0.0,0.0,0.0
73001,2019-07-01,0.0,1.0,0.0,0.0,0.0,0.0
73001,2019-10-01,0.0,1.0,0.0,0.0,0.0,0.0
73001,2020-07-01,0.0,1.0,0.0,0.0,0.0,0.0
73001,2020-08-01,0.0,1.0,0.0,0.0,0.0,0.0
73001,2021-01-01,0.0,1.0,0.0,0.0,0.0,0.0
73001,2021-03-01,0.0,1.0,0.0,0.0,0.0,0.0
73001,2021-04-01,0.0,0.0,0.0,1.0,0.0,0.0
73001,2021-06-01,1.0,0.0,0.0,0.0,0.0,0.0
73001,2021-09-01,0.0,0.0,0.0,0.0,1.0,0.0
73001,2021-10-01,1.0,0.0,0.0,0.0,0.0,0.0
73001,2021-12-01,0.0,1.0,0.0,0.0,0.0,0.0
73001,2022-03-01,0.0,3.0,0.0,0.0,0.0,0.0
73001,2022-04-01,0.0,3.0,0.0,0.0,0.0,0.0
73001,2022-05-01,0.0,3.0,0.0,0.0,0.0,0.0
73024,2019-06-01,1.0,0.0,0.0,0.0,0.0,0.0
73024,2019-10-01,0.0,0.0,1.0,0.0,0.0,0.0
73024,2020-02-01,0.0,1.0,0.0,0.0,0.0,0.0
73024,2021-09-01,0.0,0.0,2.0,0.0,0.0,0.0
73024,2021-11-01,0.0,1.0,0.0,0.0,0.0,0.0
73026,2019-09-01,0.0,0.0,1.0,0.0,0.0,0.0
73026,2020-08-01,0.0,1.0,0.0,0.0,0.0,0.0
73026,2022-03-01,0.0,3.0,0.0,0.0,0.0,0.0
73030,2022-02-01,3.0,0.0,0.0,0.0,0.0,0.0
73030,2022-03-01,0.0,0.0,0.0,3.0,0.0,0.0
73043,2019-04-01,0.0,1.0,0.0,0.0,0.0,0.0
73043,2020-06-01,0.0,0.0,1.0,0.0,0.0,0.0
73043,2020-11-01,1.0,0.0,0.0,0.0,0.0,0.0
73043,2021-03-01,0.0,1.0,0.0,0.0,0.0,0.0
73043,2021-05-01,0.0,1.0,0.0,0.0,0.0,0.0
73055,2021-04-01,0.0,0.0,1.0,0.0,0.0,0.0
73055,2022-01-01,0.0,3.0,0.0,0.0,0.0,0.0
73055,2022-02-01,0.0,0.0,3.0,0.0,0.0,0.0
73067,2020-03-01,0.0,1.0,0.0,0.0,0.0,0.0
73067,2020-07-01,2.0,0.0,0.0,0.0,0.0,0.0
73067,2021-10-01,1.0,0.0,0.0,0.0,0.0,0.0
73067,2022-03-01,0.0,12.0,0.0,0.0,0.0,0.0
73067,2022-04-01,0.0,3.0,0.0,0.0,0.0,0.0
73124,2019-12-01,0.0,1.0,0.0,0.0,0.0,0.0
73124,2020-01-01,0.0,1.0,0.0,0.0,0.0,0.0
73124,2020-06-01,0.0,1.0,0.0,0.0,0.0,0.0
73124,2020-07-01,0.0,2.0,0.0,0.0,0.0,0.0
73124,2020-12-01,0.0,1.0,0.0,0.0,0.0,0.0
73124,2021-05-01,0.0,3.0,0.0,1.0,0.0,0.0
73124,2021-06-01,0.0,1.0,0.0,0.0,0.0,0.0
73124,2021-08-01,0.0,1.0,0.0,0.0,0.0,0.0
73148,2020-01-01,0.0,0.0,0.0,0.0,0.0,1.0
73148,2020-03-01,0.0,0.0,1.0,0.0,0.0,0.0
73148,2022-03-01,0.0,0.0,3.0,0.0,0.0,0.0
73148,2022-04-01,3.0,0.0,0.0,3.0,0.0,0.0
73152,2019-09-01,0.0,0.0,1.0,0.0,0.0,0.0
73152,2020-06-01,0.0,0.0,1.0,0.0,0.0,0.0
73152,2021-04-01,0.0,1.0,0.0,0.0,0.0,0.0
73152,2021-08-01,0.0,1.0,0.0,0.0,0.0,0.0
73152,2022-01-01,0.0,3.0,0.0,0.0,0.0,0.0
73152,2022-02-01,0.0,6.0,0.0,0.0,0.0,0.0
73152,2022-03-01,0.0,3.0,0.0,0.0,0.0,0.0
73152,2022-05-01,0.0,3.0,0.0,0.0,0.0,0.0
73152,2022-08-01,0.0,0.0,3.0,0.0,0.0,0.0
73168,2019-02-01,0.0,1.0,0.0,0.0,0.0,0.0
73168,2019-03-01,0.0,1.0,0.0,0.0,0.0,0.0
73168,2019-04-01,1.0,0.0,1.0,0.0,0.0,0.0
73168,2019-06-01,0.0,1.0,0.0,0.0,0.0,0.0
73168,2019-11-01,0.0,2.0,0.0,0.0,0.0,0.0
73168,2019-12-01,0.0,0.0,0.0,0.0,1.0,0.0
73168,2020-01-01,1.0,0.0,0.0,0.0,0.0,0.0
73168,2020-03-01,0.0,0.0,0.0,0.0,0.0,1.0
73168,2020-07-01,0.0,1.0,0.0,0.0,0.0,0.0
73168,2020-11-01,0.0,2.0,1.0,0.0,0.0,0.0
73168,2020-12-01,0.0,1.0,0.0,0.0,0.0,0.0
73168,2021-01-01,0.0,0.0,1.0,0.0,0.0,0.0
73168,2021-04-01,0.0,1.0,0.0,1.0,0.0,0.0
73168,2021-05-01,0.0,1.0,0.0,0.0,0.0,0.0
73168,2021-08-01,0.0,0.0,2.0,0.0,0.0,0.0
73168,2021-09-01,0.0,0.0,1.0,0.0,0.0,0.0
73168,2021-10-01,0.0,1.0,2.0,1.0,0.0,0.0
73168,2021-11-01,0.0,0.0,1.0,0.0,0.0,0.0
73168,2022-03-01,0.0,3.0,0.0,0.0,0.0,0.0
73168,2022-04-01,0.0,0.0,0.0,3.0,0.0,0.0
73168,2022-05-01,0.0,3.0,0.0,3.0,0.0,0.0
73168,2022-06-01,0.0,3.0,0.0,0.0,0.0,0.0
73200,2020-08-01,0.0,1.0,0.0,0.0,0.0,0.0
73200,2020-12-01,0.0,1.0,0.0,0.0,0.0,0.0
73200,2021-06-01,2.0,0.0,0.0,0.0,0.0,0.0
73200,2021-12-01,1.0,0.0,0.0,0.0,0.0,0.0
73200,2022-06-01,0.0,0.0,0.0,3.0,0.0,0.0
73217,2020-03-01,0.0,0.0,1.0,0.0,0.0,0.0
73226,2019-11-01,0.0,0.0,1.0,0.0,0.0,0.0
73226,2020-03-01,1.0,0.0,0.0,0.0,0.0,0.0
73226,2021-03-01,0.0,1.0,0.0,0.0,0.0,0.0
73226,2021-10-01,0.0,0.0,1.0,0.0,0.0,0.0
73236,2019-03-01,0.0,0.0,1.0,0.0,0.0,0.0
73236,2020-10-01,1.0,0.0,0.0,0.0,0.0,0.0
73236,2021-01-01,1.0,1.0,0.0,0.0,0.0,0.0
73268,2020-05-01,0.0,0.0,1.0,0.0,0.0,0.0
73275,2019-11-01,1.0,0.0,0.0,0.0,0.0,0.0
73275,2021-03-01,0.0,0.0,1.0,0.0,0.0,0.0
73275,2021-08-01,1.0,0.0,0.0,0.0,0.0,0.0
73275,2022-04-01,6.0,0.0,0.0,0.0,0.0,0.0
73283,2019-03-01,1.0,0.0,0.0,0.0,0.0,0.0
73283,2019-10-01,1.0,0.0,0.0,0.0,0.0,0.0
73283,2020-03-01,0.0,2.0,0.0,0.0,0.0,0.0
73283,2020-04-01,0.0,0.0,1.0,0.0,0.0,0.0
73283,2020-05-01,0.0,0.0,1.0,0.0,0.0,0.0
73283,2020-09-01,0.0,1.0,0.0,0.0,0.0,0.0
73283,2021-02-01,0.0,1.0,0.0,0.0,0.0,0.0
73283,2021-04-01,0.0,2.0,0.0,0.0,0.0,0.0
73283,2021-05-01,0.0,1.0,0.0,0.0,0.0,0.0
73283,2021-08-01,1.0,0.0,0.0,0.0,0.0,0.0
73283,2021-09-01,0.0,2.0,0.0,0.0,0.0,0.0
73283,2022-01-01,0.0,0.0,3.0,0.0,0.0,0.0
73283,2022-03-01,3.0,6.0,0.0,0.0,0.0,0.0
73283,2022-04-01,0.0,3.0,0.0,0.0,0.0,0.0
73283,2022-06-01,0.0,3.0,0.0,0.0,0.0,0.0
73319,2019-10-01,1.0,0.0,0.0,0.0,0.0,0.0
73319,2020-04-01,0.0,0.0,1.0,0.0,0.0,0.0
73319,2021-06-01,2.0,0.0,0.0,0.0,0.0,0.0
73319,2022-04-01,3.0,0.0,0.0,0.0,0.0,0.0
73319,2022-05-01,0.0,0.0,0.0,3.0,0.0,0.0
73347,2019-04-01,0.0,1.0,0.0,0.0,0.0,0.0
73347,2019-07-01,0.0,1.0,0.0,0.0,0.0,0.0
73347,2020-06-01,0.0,0.0,1.0,0.0,0.0,0.0
73347,2021-04-01,0.0,1.0,0.0,0.0,0.0,0.0
73347,2021-12-01,0.0,1.0,0.0,0.0,0.0,0.0
73347,2022-01-01,0.0,3.0,0.0,0.0,0.0,0.0
73347,2022-02-01,0.0,3.0,0.0,0.0,0.0,0.0
73347,2022-03-01,0.0,3.0,0.0,0.0,0.0,0.0
73347,2022-04-01,0.0,6.0,0.0,0.0,0.0,0.0
73347,2022-06-01,0.0,9.0,0.0,0.0,0.0,0.0
73349,2020-02-01,0.0,0.0,1.0,0.0,0.0,0.0
73349,2021-03-01,0.0,0.0,2.0,0.0,0.0,0.0
73349,2021-04-01,1.0,0.0,0.0,0.0,0.0,0.0
73349,2021-10-01,1.0,0.0,0.0,0.0,0.0,0.0
73349,2022-05-01,3.0,0.0,0.0,0.0,0.0,0.0
73352,2021-03-01,0.0,1.0,0.0,0.0,0.0,0.0
73408,2019-04-01,0.0,1.0,0.0,0.0,0.0,0.0
73408,2020-06-01,1.0,0.0,0.0,0.0,0.0,0.0
73408,2022-02-01,0.0,0.0,0.0,3.0,0.0,0.0
73408,2022-04-01,0.0,3.0,0.0,0.0,0.0,0.0
73408,2022-06-01,0.0,6.0,0.0,0.0,0.0,0.0
73411,2019-03-01,0.0,1.0,0.0,0.0,0.0,0.0
73411,2019-04-01,0.0,1.0,0.0,0.0,0.0,0.0
73411,2019-05-01,0.0,1.0,0.0,0.0,0.0,0.0
73411,2019-10-01,0.0,0.0,1.0,0.0,0.0,0.0
73411,2019-12-01,0.0,1.0,0.0,0.0,0.0,0.0
73411,2020-06-01,0.0,0.0,2.0,0.0,0.0,0.0
73411,2020-07-01,1.0,0.0,0.0,0.0,0.0,0.0
73411,2020-08-01,1.0,0.0,0.0,0.0,0.0,0.0
73411,2021-09-01,3.0,0.0,0.0,0.0,0.0,0.0
73411,2022-03-01,0.0,9.0,0.0,0.0,0.0,0.0
73411,2022-04-01,0.0,6.0,0.0,0.0,0.0,0.0
73443,2022-09-01,3.0,0.0,0.0,0.0,0.0,0.0
73449,2019-05-01,0.0,1.0,0.0,0.0,0.0,0.0
73449,2019-11-01,1.0,0.0,0.0,0.0,0.0,0.0
73449,2020-03-01,1.0,0.0,0.0,0.0,0.0,0.0
73449,2020-10-01,0.0,0.0,1.0,0.0,0.0,0.0
73449,2020-12-01,1.0,0.0,0.0,0.0,0.0,0.0
73449,2021-04-01,2.0,0.0,0.0,0.0,0.0,0.0
73449,2021-05-01,1.0,0.0,0.0,0.0,0.0,0.0
73449,2022-04-01,0.0,0.0,0.0,3.0,0.0,0.0
73461,2020-06-01,1.0,0.0,0.0,0.0,0.0,0.0
73461,2021-05-01,0.0,3.0,0.0,0.0,0.0,0.0
73483,2019-11-01,1.0,0.0,0.0,0.0,0.0,0.0
73504,2019-10-01,0.0,0.0,1.0,0.0,0.0,0.0
73504,2019-12-01,0.0,0.0,1.0,0.0,0.0,0.0
73504,2020-02-01,0.0,0.0,1.0,0.0,0.0,0.0
73504,2020-05-01,0.0,0.0,1.0,0.0,0.0,0.0
73504,2020-07-01,1.0,0.0,0.0,0.0,0.0,0.0
73504,2020-09-01,0.0,0.0,1.0,0.0,0.0,0.0
73504,2021-08-01,0.0,0.0,1.0,0.0,0.0,0.0
73504,2021-10-01,0.0,0.0,1.0,0.0,0.0,0.0
73504,2022-01-01,0.0,3.0,0.0,0.0,0.0,0.0
73504,2022-02-01,0.0,3.0,0.0,0.0,0.0,0.0
73504,2022-03-01,3.0,6.0,3.0,0.0,0.0,0.0
73504,2022-04-01,6.0,6.0,3.0,3.0,0.0,0.0
73504,2022-05-01,6.0,3.0,0.0,0.0,0.0,0.0
73504,2022-09-01,0.0,0.0,3.0,0.0,0.0,0.0
73520,2019-04-01,0.0,1.0,0.0,0.0,0.0,0.0
73520,2019-11-01,0.0,0.0,2.0,0.0,0.0,0.0
73520,2021-03-01,0.0,1.0,0.0,0.0,0.0,0.0
73520,2021-09-01,0.0,0.0,1.0,0.0,0.0,0.0
73520,2022-01-01,0.0,3.0,0.0,0.0,0.0,0.0
73520,2022-04-01,0.0,3.0,0.0,0.0,0.0,0.0
73555,2019-04-01,0.0,2.0,0.0,0.0,0.0,0.0
73555,2019-10-01,0.0,1.0,0.0,0.0,0.0,0.0
73555,2020-02-01,0.0,0.0,0.0,0.0,1.0,0.0
73555,2020-04-01,0.0,0.0,1.0,0.0,0.0,0.0
73555,2020-06-01,0.0,0.0,1.0,0.0,0.0,0.0
73555,2020-11-01,0.0,0.0,1.0,0.0,0.0,0.0
73555,2021-05-01,0.0,2.0,0.0,0.0,0.0,0.0
73555,2021-09-01,0.0,1.0,0.0,0.0,0.0,0.0
73555,2021-11-01,0.0,1.0,0.0,0.0,0.0,0.0
73563,2019-11-01,1.0,0.0,1.0,0.0,0.0,0.0
73563,2021-03-01,0.0,2.0,0.0,0.0,0.0,0.0
73563,2021-04-01,0.0,1.0,0.0,0.0,0.0,0.0
73563,2021-05-01,1.0,0.0,0.0,0.0,0.0,0.0
73563,2021-06-01,0.0,2.0,0.0,0.0,0.0,0.0
73563,2021-11-01,0.0,1.0,0.0,0.0,0.0,0.0
73563,2022-07-01,0.0,3.0,0.0,0.0,0.0,0.0
73563,2022-09-01,0.0,3.0,0.0,0.0,0.0,0.0
73585,2019-03-01,0.0,0.0,1.0,0.0,0.0,0.0
73585,2019-04-01,1.0,0.0,0.0,0.0,0.0,0.0
73585,2019-09-01,0.0,0.0,1.0,0.0,0.0,0.0
73585,2019-10-01,0.0,0.0,1.0,0.0,0.0,0.0
73585,2019-11-01,1.0,0.0,0.0,0.0,0.0,0.0
73585,2020-09-01,0.0,0.0,1.0,0.0,0.0,0.0
73585,2021-03-01,1.0,0.0,1.0,0.0,0.0,0.0
73585,2021-04-01,0.0,0.0,1.0,0.0,0.0,0.0
73585,2021-10-01,0.0,0.0,1.0,0.0,0.0,0.0
73616,2019-05-01,0.0,1.0,0.0,0.0,0.0,0.0
73616,2020-12-01,0.0,1.0,0.0,0.0,0.0,0.0
73616,2021-08-01,0.0,0.0,1.0,0.0,0.0,0.0
73616,2021-09-01,0.0,0.0,1.0,0.0,0.0,0.0
73616,2022-02-01,0.0,3.0,0.0,0.0,0.0,0.0
73616,2022-03-01,0.0,6.0,0.0,0.0,0.0,0.0
73616,2022-04-01,0.0,3.0,0.0,0.0,0.0,0.0
73616,2022-06-01,0.0,0.0,0.0,3.0,0.0,0.0
73616,2022-07-01,3.0,6.0,0.0,0.0,0.0,0.0
73622,2020-07-01,0.0,1.0,0.0,0.0,0.0,0.0
73622,2020-08-01,0.0,1.0,0.0,0.0,0.0,0.0
73622,2021-05-01,0.0,1.0,0.0,0.0,0.0,0.0
73624,2019-06-01,0.0,1.0,0.0,0.0,0.0,0.0
73624,2019-10-01,0.0,1.0,0.0,0.0,0.0,0.0
73624,2020-02-01,0.0,0.0,1.0,0.0,0.0,0.0
73624,2020-07-01,0.0,0.0,0.0,1.0,0.0,0.0
73624,2020-08-01,0.0,1.0,1.0,0.0,0.0,0.0
73624,2021-09-01,0.0,1.0,0.0,0.0,0.0,0.0
73671,2019-07-01,0.0,0.0,1.0,0.0,0.0,0.0
73671,2021-04-01,1.0,0.0,0.0,0.0,0.0,0.0
73671,2022-04-01,0.0,0.0,0.0,3.0,0.0,0.0
73675,2021-04-01,1.0,2.0,0.0,0.0,0.0,0.0
73675,2022-03-01,0.0,0.0,3.0,0.0,0.0,0.0
73675,2022-04-01,0.0,3.0,0.0,0.0,0.0,0.0
73678,2021-06-01,1.0,1.0,0.0,1.0,0.0,0.0
73678,2022-05-01,3.0,0.0,0.0,0.0,0.0,0.0
73686,2019-04-01,0.0,2.0,0.0,0.0,0.0,0.0
73686,2020-06-01,0.0,0.0,1.0,0.0,0.0,0.0
73686,2021-05-01,0.0,1.0,0.0,0.0,0.0,0.0
73770,2021-10-01,0.0,0.0,1.0,0.0,0.0,0.0
73770,2022-07-01,0.0,3.0,0.0,0.0,0.0,0.0
73854,2019-05-01,0.0,1.0,0.0,0.0,0.0,0.0
73854,2020-03-01,1.0,0.0,0.0,0.0,0.0,0.0
73854,2021-06-01,1.0,1.0,0.0,0.0,0.0,0.0
73861,2019-04-01,0.0,1.0,0.0,0.0,0.0,0.0
73861,2019-09-01,0.0,0.0,1.0,0.0,0.0,0.0
73861,2020-02-01,0.0,0.0,1.0,0.0,0.0,0.0
73861,2020-04-01,1.0,0.0,0.0,0.0,0.0,0.0
73861,2020-06-01,0.0,0.0,1.0,0.0,0.0,0.0
73861,2020-09-01,0.0,0.0,1.0,0.0,0.0,0.0
73861,2020-12-01,1.0,0.0,0.0,0.0,0.0,0.0
73861,2021-09-01,1.0,0.0,1.0,0.0,0.0,0.0
73861,2022-03-01,3.0,0.0,0.0,0.0,0.0,0.0
73861,2022-04-01,0.0,3.0,0.0,0.0,0.0,0.0
73861,2022-05-01,0.0,0.0,0.0,3.0,0.0,0.0
73861,2022-07-01,0.0,6.0,0.0,0.0,0.0,0.0
73861,2022-08-01,0.0,0.0,3.0,0.0,0.0,0.0
73870,2019-02-01,0.0,1.0,0.0,0.0,0.0,0.0
73870,2019-05-01,0.0,1.0,0.0,0.0,0.0,0.0
73870,2019-09-01,0.0,0.0,1.0,0.0,0.0,0.0
73870,2019-11-01,0.0,0.0,1.0,0.0,0.0,0.0
73870,2020-02-01,0.0,0.0,1.0,0.0,0.0,0.0
73870,2020-03-01,0.0,0.0,1.0,0.0,0.0,0.0
73870,2020-08-01,0.0,0.0,1.0,0.0,0.0,0.0
73870,2021-04-01,0.0,1.0,1.0,0.0,0.0,0.0
73870,2021-05-01,0.0,0.0,0.0,1.0,0.0,0.0
73870,2021-08-01,0.0,1.0,0.0,0.0,0.0,0.0
73870,2022-02-01,0.0,6.0,0.0,0.0,0.0,0.0
73870,2022-04-01,0.0,3.0,0.0,0.0,0.0,0.0
73873,2019-04-01,0.0,1.0,0.0,0.0,0.0,0.0
73873,2020-01-01,0.0,0.0,1.0,0.0,0.0,0.0
73873,2021-03-01,1.0,1.0,0.0,0.0,0.0,0.0
73873,2021-10-01,0.0,0.0,1.0,0.0,0.0,0.0
73873,2021-11-01,1.0,0.0,0.0,0.0,0.0,0.0
73873,2022-02-01,0.0,0.0,3.0,0.0,0.0,0.0
73873,2022-03-01,0.0,6.0,0.0,3.0,0.0,0.0
76001,2019-03-01,0.0,0.0,1.0,0.0,0.0,0.0
76001,2019-06-01,0.0,1.0,0.0,0.0,0.0,0.0
76001,2019-08-01,0.0,1.0,0.0,0.0,0.0,0.0
76001,2020-01-01,0.0,1.0,0.0,0.0,0.0,0.0
76001,2021-03-01,0.0,2.0,0.0,0.0,0.0,0.0
76001,2022-03-01,3.0,3.0,3.0,0.0,0.0,0.0
76001,2022-06-01,0.0,3.0,0.0,0.0,0.0,0.0
76020,2019-09-01,0.0,0.0,1.0,0.0,0.0,0.0
76020,2021-08-01,1.0,0.0,0.0,0.0,0.0,0.0
76020,2022-08-01,0.0,0.0,3.0,0.0,0.0,0.0
76036,2020-06-01,1.0,0.0,0.0,0.0,0.0,0.0
76036,2021-03-01,0.0,1.0,0.0,0.0,0.0,0.0
76036,2022-01-01,3.0,0.0,0.0,0.0,0.0,0.0
76036,2022-03-01,0.0,0.0,3.0,0.0,0.0,0.0
76036,2022-04-01,0.0,0.0,3.0,0.0,0.0,0.0
76036,2022-06-01,3.0,0.0,0.0,0.0,0.0,0.0
76041,2021-03-01,0.0,1.0,0.0,0.0,0.0,0.0
76041,2022-08-01,0.0,3.0,0.0,0.0,0.0,0.0
76100,2019-06-01,1.0,0.0,0.0,0.0,0.0,0.0
76100,2021-03-01,1.0,1.0,0.0,0.0,0.0,0.0
76100,2021-11-01,0.0,1.0,0.0,0.0,0.0,0.0
76109,2019-01-01,2.0,0.0,0.0,0.0,0.0,0.0
76109,2019-10-01,1.0,0.0,0.0,0.0,0.0,0.0
76109,2019-12-01,1.0,0.0,0.0,0.0,0.0,0.0
76109,2020-06-01,1.0,0.0,0.0,0.0,0.0,0.0
76109,2020-07-01,0.0,0.0,1.0,0.0,0.0,0.0
76109,2020-10-01,1.0,0.0,1.0,0.0,0.0,0.0
76109,2020-11-01,1.0,0.0,0.0,0.0,0.0,0.0
76109,2021-03-01,2.0,1.0,0.0,0.0,0.0,0.0
76109,2022-05-01,3.0,0.0,0.0,0.0,0.0,0.0
76109,2022-09-01,3.0,0.0,3.0,0.0,0.0,0.0
76111,2021-03-01,0.0,2.0,0.0,0.0,0.0,0.0
76111,2021-11-01,0.0,1.0,0.0,0.0,0.0,0.0
76111,2022-09-01,0.0,3.0,0.0,0.0,0.0,0.0
76113,2021-03-01,0.0,1.0,1.0,1.0,0.0,0.0
76113,2021-12-01,1.0,0.0,0.0,0.0,0.0,0.0
76122,2021-03-01,0.0,0.0,0.0,2.0,0.0,0.0
76122,2021-11-01,0.0,1.0,0.0,0.0,0.0,0.0
76126,2022-03-01,3.0,0.0,0.0,0.0,0.0,0.0
76126,2022-06-01,0.0,3.0,0.0,0.0,0.0,0.0
76130,2021-03-01,0.0,0.0,0.0,1.0,0.0,0.0
76147,2019-03-01,0.0,0.0,1.0,0.0,0.0,0.0
76147,2021-06-01,0.0,0.0,1.0,0.0,0.0,0.0
76147,2022-01-01,3.0,0.0,0.0,0.0,0.0,0.0
76147,2022-03-01,3.0,0.0,0.0,0.0,0.0,0.0
76147,2022-08-01,3.0,0.0,0.0,0.0,0.0,0.0
76233,2020-07-01,0.0,0.0,1.0,0.0,0.0,0.0
76233,2020-10-01,0.0,0.0,1.0,0.0,0.0,0.0
76233,2020-11-01,1.0,0.0,0.0,0.0,0.0,0.0
76233,2021-03-01,1.0,1.0,0.0,0.0,0.0,0.0
76233,2021-06-01,0.0,0.0,0.0,1.0,0.0,0.0
76233,2022-04-01,3.0,0.0,0.0,0.0,0.0,0.0
76243,2021-03-01,0.0,1.0,0.0,0.0,0.0,0.0
76246,2020-09-01,0.0,0.0,1.0,0.0,0.0,0.0
76246,2020-11-01,0.0,0.0,0.0,1.0,0.0,0.0
76246,2022-03-01,0.0,3.0,0.0,0.0,0.0,0.0
76248,2019-04-01,0.0,1.0,0.0,0.0,0.0,0.0
76248,2021-03-01,0.0,0.0,0.0,1.0,0.0,0.0
76248,2021-11-01,1.0,0.0,0.0,0.0,0.0,0.0
76250,2019-04-01,0.0,1.0,0.0,0.0,0.0,0.0
76250,2021-11-01,1.0,0.0,0.0,0.0,0.0,0.0
76275,2019-04-01,1.0,0.0,0.0,0.0,0.0,0.0
76275,2021-03-01,2.0,0.0,0.0,1.0,0.0,0.0
76275,2022-01-01,0.0,0.0,0.0,3.0,0.0,0.0
76275,2022-06-01,9.0,0.0,0.0,0.0,0.0,0.0
76306,2021-03-01,0.0,3.0,0.0,0.0,0.0,0.0
76306,2021-11-01,0.0,0.0,0.0,1.0,0.0,0.0
76306,2022-04-01,0.0,0.0,0.0,3.0,0.0,0.0
76318,2021-11-01,0.0,0.0,1.0,0.0,0.0,0.0
76364,2019-04-01,0.0,1.0,0.0,0.0,0.0,0.0
76364,2019-05-01,1.0,0.0,0.0,0.0,0.0,0.0
76364,2019-06-01,3.0,2.0,0.0,0.0,0.0,0.0
76364,2019-07-01,0.0,0.0,1.0,0.0,0.0,0.0
76364,2019-10-01,0.0,2.0,1.0,0.0,0.0,0.0
76364,2020-03-01,0.0,0.0,1.0,0.0,0.0,0.0
76364,2020-05-01,0.0,0.0,1.0,0.0,0.0,0.0
76364,2021-03-01,1.0,0.0,0.0,0.0,0.0,0.0
76364,2021-04-01,0.0,0.0,1.0,0.0,0.0,0.0
76364,2022-02-01,3.0,3.0,0.0,0.0,6.0,0.0
76364,2022-06-01,0.0,0.0,3.0,0.0,0.0,0.0
76364,2022-09-01,0.0,0.0,0.0,3.0,0.0,0.0
76377,2020-11-01,1.0,0.0,0.0,0.0,0.0,0.0
76400,2019-10-01,1.0,0.0,0.0,0.0,0.0,0.0
76400,2020-09-01,0.0,0.0,1.0,0.0,0.0,0.0
76497,2021-03-01,0.0,1.0,0.0,0.0,0.0,0.0
76497,2021-11-01,0.0,1.0,0.0,0.0,0.0,0.0
76497,2022-06-01,6.0,3.0,0.0,3.0,0.0,0.0
76520,2021-03-01,0.0,0.0,1.0,1.0,0.0,0.0
76520,2021-11-01,1.0,0.0,0.0,0.0,0.0,0.0
76520,2022-06-01,3.0,0.0,0.0,0.0,0.0,0.0
76563,2021-03-01,0.0,1.0,0.0,1.0,0.0,0.0
76563,2022-06-01,0.0,3.0,0.0,0.0,0.0,0.0
76606,2020-04-01,0.0,0.0,1.0,0.0,0.0,0.0
76616,2021-06-01,0.0,0.0,1.0,0.0,0.0,0.0
76616,2021-11-01,1.0,0.0,0.0,0.0,0.0,0.0
76622,2019-04-01,1.0,0.0,0.0,0.0,0.0,0.0
76622,2019-06-01,1.0,0.0,0.0,0.0,0.0,0.0
76622,2019-10-01,1.0,0.0,0.0,0.0,0.0,0.0
76622,2021-09-01,1.0,0.0,0.0,0.0,0.0,0.0
76670,2021-03-01,1.0,1.0,0.0,0.0,0.0,0.0
76736,2019-08-01,0.0,0.0,1.0,0.0,0.0,0.0
76736,2021-03-01,0.0,1.0,0.0,0.0,0.0,0.0
76736,2021-12-01,1.0,0.0,0.0,0.0,0.0,0.0
76736,2022-04-01,3.0,0.0,0.0,0.0,0.0,0.0
76736,2022-08-01,0.0,0.0,3.0,0.0,0.0,0.0
76823,2020-09-01,0.0,0.0,1.0,0.0,0.0,0.0
76823,2021-03-01,0.0,1.0,2.0,0.0,0.0,0.0
76823,2021-10-01,0.0,0.0,1.0,0.0,0.0,0.0
76823,2022-04-01,0.0,3.0,0.0,0.0,0.0,0.0
76823,2022-07-01,0.0,0.0,0.0,3.0,0.0,0.0
76828,2021-03-01,0.0,0.0,1.0,0.0,0.0,0.0
76828,2021-10-01,0.0,0.0,0.0,1.0,0.0,0.0
76828,2022-09-01,0.0,0.0,3.0,0.0,0.0,0.0
76834,2021-03-01,1.0,0.0,0.0,1.0,0.0,0.0
76834,2021-05-01,1.0,0.0,0.0,0.0,0.0,0.0
76834,2022-04-01,3.0,0.0,0.0,0.0,0.0,0.0
76863,2021-03-01,1.0,0.0,0.0,0.0,0.0,0.0
76863,2021-11-01,1.0,0.0,0.0,0.0,0.0,0.0
76863,2022-06-01,0.0,3.0,0.0,0.0,0.0,0.0
76869,2021-12-01,1.0,0.0,0.0,0.0,0.0,0.0
76890,2020-11-01,1.0,0.0,0.0,0.0,0.0,0.0
76890,2021-12-01,1.0,0.0,0.0,0.0,0.0,0.0
76890,2022-03-01,3.0,0.0,0.0,0.0,0.0,0.0
76890,2022-06-01,3.0,0.0,0.0,0.0,0.0,0.0
76892,2019-03-01,1.0,0.0,0.0,0.0,0.0,0.0
76892,2019-06-01,1.0,0.0,0.0,0.0,0.0,0.0
76892,2020-08-01,0.0,0.0,1.0,0.0,0.0,0.0
76892,2020-10-01,0.0,0.0,1.0,0.0,0.0,0.0
76892,2021-12-01,1.0,0.0,0.0,0.0,0.0,0.0
76892,2022-06-01,3.0,6.0,0.0,0.0,0.0,0.0
81001,2019-06-01,1.0,0.0,0.0,0.0,0.0,0.0
81001,2020-05-01,0.0,0.0,1.0,0.0,0.0,0.0
81001,2020-07-01,1.0,0.0,0.0,0.0,0.0,0.0
81001,2021-03-01,1.0,0.0,0.0,0.0,0.0,0.0
81001,2021-05-01,1.0,0.0,0.0,0.0,0.0,0.0
81001,2021-06-01,2.0,0.0,0.0,0.0,0.0,0.0
81001,2021-07-01,1.0,0.0,0.0,0.0,0.0,0.0
81001,2022-04-01,0.0,0.0,3.0,0.0,0.0,0.0
81001,2022-07-01,6.0,0.0,0.0,0.0,0.0,0.0
81065,2019-06-01,2.0,0.0,0.0,0.0,0.0,0.0
81065,2019-07-01,1.0,0.0,0.0,0.0,0.0,0.0
81065,2020-07-01,1.0,0.0,0.0,0.0,0.0,0.0
81065,2021-05-01,1.0,0.0,0.0,0.0,0.0,0.0
81065,2021-06-01,1.0,0.0,0.0,0.0,0.0,0.0
81065,2021-07-01,1.0,0.0,0.0,0.0,0.0,0.0
81220,2021-07-01,1.0,0.0,0.0,0.0,0.0,0.0
81300,2019-05-01,1.0,0.0,0.0,0.0,0.0,0.0
81300,2021-03-01,0.0,0.0,0.0,1.0,0.0,0.0
81300,2021-06-01,4.0,0.0,0.0,0.0,0.0,0.0
81591,2021-06-01,1.0,0.0,0.0,0.0,0.0,0.0
81591,2021-07-01,1.0,0.0,0.0,0.0,0.0,0.0
81736,2020-11-01,1.0,0.0,0.0,0.0,0.0,0.0
81736,2021-03-01,0.0,0.0,0.0,2.0,0.0,0.0
81736,2021-05-01,1.0,0.0,0.0,0.0,0.0,0.0
81736,2021-06-01,1.0,0.0,0.0,0.0,0.0,0.0
81736,2022-08-01,3.0,6.0,0.0,0.0,0.0,0.0
81794,2019-05-01,1.0,0.0,0.0,0.0,0.0,0.0
81794,2020-11-01,1.0,0.0,0.0,0.0,0.0,0.0
81794,2021-03-01,0.0,0.0,0.0,1.0,0.0,0.0
81794,2021-06-01,1.0,0.0,0.0,0.0,0.0,0.0
81794,2021-07-01,1.0,0.0,0.0,0.0,0.0,0.0
81794,2021-08-01,1.0,0.0,0.0,0.0,0.0,0.0
85001,2019-06-01,0.0,1.0,0.0,0.0,0.0,0.0
85001,2019-08-01,0.0,0.0,1.0,0.0,0.0,0.0
85001,2019-10-01,1.0,0.0,0.0,1.0,0.0,0.0
85001,2020-06-01,1.0,0.0,0.0,1.0,0.0,0.0
85001,2022-05-01,0.0,3.0,0.0,0.0,0.0,0.0
85001,2022-07-01,0.0,3.0,0.0,0.0,0.0,0.0
85001,2022-09-01,0.0,0.0,3.0,0.0,0.0,0.0
85010,2019-11-01,0.0,1.0,0.0,0.0,0.0,0.0
85010,2021-07-01,0.0,1.0,0.0,0.0,0.0,0.0
85010,2021-08-01,0.0,1.0,0.0,0.0,0.0,0.0
85010,2021-09-01,0.0,1.0,0.0,0.0,0.0,0.0
85010,2022-05-01,3.0,0.0,3.0,0.0,0.0,0.0
85010,2022-07-01,3.0,3.0,0.0,0.0,0.0,0.0
85015,2019-06-01,0.0,1.0,0.0,0.0,0.0,0.0
85015,2019-07-01,0.0,1.0,2.0,0.0,0.0,0.0
85015,2020-08-01,0.0,0.0,0.0,0.0,1.0,0.0
85015,2020-10-01,0.0,1.0,0.0,0.0,0.0,0.0
85015,2022-04-01,0.0,3.0,3.0,0.0,0.0,0.0
85015,2022-05-01,0.0,0.0,3.0,0.0,0.0,0.0
85015,2022-08-01,0.0,3.0,3.0,0.0,0.0,0.0
85015,2022-09-01,3.0,0.0,0.0,0.0,0.0,0.0
85125,2019-05-01,1.0,0.0,0.0,0.0,0.0,0.0
85125,2019-06-01,1.0,0.0,0.0,0.0,0.0,0.0
85125,2019-08-01,0.0,0.0,1.0,0.0,0.0,0.0
85125,2020-07-01,0.0,0.0,0.0,1.0,0.0,0.0
85125,2020-11-01,1.0,0.0,0.0,0.0,0.0,0.0
85125,2021-09-01,1.0,0.0,2.0,0.0,0.0,0.0
85125,2022-04-01,0.0,0.0,3.0,0.0,0.0,0.0
85125,2022-05-01,3.0,0.0,0.0,0.0,0.0,0.0
85125,2022-08-01,0.0,0.0,3.0,0.0,0.0,0.0
85136,2022-05-01,0.0,3.0,0.0,0.0,0.0,0.0
85139,2019-08-01,0.0,0.0,1.0,0.0,0.0,0.0
85139,2021-09-01,0.0,0.0,1.0,0.0,0.0,0.0
85139,2022-05-01,3.0,0.0,0.0,0.0,0.0,0.0
85162,2019-07-01,0.0,0.0,1.0,0.0,0.0,0.0
85162,2019-08-01,0.0,0.0,1.0,0.0,0.0,0.0
85162,2021-04-01,0.0,1.0,0.0,0.0,0.0,0.0
85162,2022-01-01,0.0,0.0,3.0,0.0,0.0,0.0
85162,2022-05-01,3.0,0.0,0.0,0.0,0.0,0.0
85225,2019-07-01,0.0,0.0,1.0,0.0,0.0,0.0
85225,2019-08-01,1.0,0.0,1.0,0.0,0.0,0.0
85225,2020-11-01,0.0,2.0,0.0,0.0,0.0,0.0
85225,2021-09-01,0.0,1.0,0.0,1.0,0.0,0.0
85225,2022-01-01,0.0,0.0,0.0,3.0,0.0,0.0
85225,2022-05-01,0.0,6.0,3.0,0.0,0.0,0.0
85230,2019-08-01,0.0,0.0,1.0,0.0,0.0,0.0
85230,2021-05-01,2.0,0.0,0.0,0.0,0.0,0.0
85230,2022-07-01,0.0,0.0,3.0,0.0,0.0,0.0
85250,2019-05-01,1.0,0.0,1.0,0.0,0.0,0.0
85250,2019-06-01,1.0,0.0,0.0,0.0,0.0,0.0
85250,2019-07-01,0.0,0.0,1.0,0.0,0.0,0.0
85250,2020-06-01,1.0,0.0,0.0,0.0,0.0,0.0
85250,2020-10-01,1.0,0.0,0.0,0.0,0.0,0.0
85250,2020-11-01,1.0,0.0,0.0,0.0,0.0,0.0
85250,2022-05-01,3.0,0.0,0.0,0.0,0.0,0.0
85263,2019-08-01,0.0,0.0,1.0,0.0,0.0,0.0
85263,2020-07-01,0.0,0.0,0.0,1.0,0.0,0.0
85263,2020-08-01,1.0,0.0,0.0,0.0,0.0,0.0
85263,2021-04-01,1.0,0.0,0.0,1.0,0.0,0.0
85263,2021-09-01,1.0,0.0,0.0,0.0,0.0,0.0
85263,2022-04-01,0.0,0.0,0.0,3.0,0.0,0.0
85263,2022-05-01,0.0,6.0,0.0,0.0,0.0,0.0
85263,2022-07-01,3.0,0.0,0.0,0.0,0.0,0.0
85263,2022-08-01,3.0,0.0,0.0,0.0,0.0,0.0
85279,2020-05-01,0.0,0.0,1.0,0.0,0.0,0.0
85279,2021-10-01,1.0,0.0,0.0,0.0,0.0,0.0
85300,2020-10-01,0.0,0.0,0.0,1.0,0.0,0.0
85300,2021-07-01,1.0,0.0,0.0,0.0,0.0,0.0
85300,2022-08-01,0.0,0.0,0.0,3.0,0.0,0.0
85315,2021-06-01,0.0,0.0,1.0,0.0,0.0,0.0
85325,2021-09-01,0.0,0.0,1.0,0.0,0.0,0.0
85325,2022-04-01,0.0,0.0,3.0,0.0,0.0,0.0
85325,2022-05-01,3.0,0.0,3.0,0.0,0.0,0.0
85325,2022-07-01,3.0,0.0,0.0,0.0,0.0,0.0
85400,2019-06-01,0.0,1.0,0.0,0.0,0.0,0.0
85400,2019-08-01,0.0,1.0,0.0,0.0,0.0,0.0
85400,2019-10-01,1.0,0.0,0.0,0.0,0.0,0.0
85400,2020-10-01,1.0,0.0,0.0,0.0,0.0,0.0
85400,2021-02-01,1.0,0.0,0.0,0.0,0.0,0.0
85400,2021-05-01,0.0,1.0,0.0,0.0,0.0,0.0
85410,2021-11-01,0.0,0.0,0.0,1.0,0.0,0.0
85430,2019-06-01,1.0,0.0,0.0,0.0,0.0,0.0
85430,2019-07-01,1.0,0.0,0.0,0.0,0.0,0.0
85430,2020-07-01,1.0,0.0,0.0,0.0,0.0,0.0
85430,2022-04-01,0.0,0.0,3.0,0.0,0.0,0.0
85430,2022-08-01,3.0,0.0,0.0,0.0,0.0,0.0
85440,2020-09-01,0.0,1.0,0.0,0.0,0.0,0.0
85440,2022-07-01,0.0,0.0,3.0,0.0,0.0,0.0
85440,2022-08-01,6.0,0.0,0.0,0.0,0.0,0.0
86001,2019-01-01,0.0,1.0,0.0,0.0,0.0,0.0
86001,2019-04-01,0.0,1.0,0.0,0.0,0.0,0.0
86001,2019-05-01,0.0,1.0,0.0,0.0,0.0,0.0
86001,2019-06-01,1.0,3.0,0.0,0.0,0.0,0.0
86001,2019-07-01,0.0,1.0,0.0,0.0,0.0,0.0
86001,2019-11-01,0.0,1.0,0.0,0.0,0.0,0.0
86001,2019-12-01,0.0,3.0,0.0,0.0,0.0,0.0
86001,2020-07-01,1.0,1.0,0.0,0.0,0.0,0.0
86001,2020-12-01,0.0,0.0,0.0,1.0,0.0,0.0
86001,2021-02-01,0.0,1.0,0.0,0.0,0.0,0.0
86001,2021-05-01,0.0,1.0,0.0,0.0,0.0,0.0
86001,2021-06-01,0.0,2.0,0.0,0.0,0.0,0.0
86001,2021-07-01,0.0,1.0,0.0,1.0,0.0,0.0
86001,2022-02-01,0.0,0.0,3.0,0.0,0.0,0.0
86001,2022-05-01,0.0,3.0,0.0,0.0,0.0,0.0
86219,2019-05-01,1.0,0.0,0.0,0.0,0.0,0.0
86219,2019-06-01,1.0,0.0,0.0,0.0,1.0,0.0
86219,2021-07-01,1.0,0.0,0.0,0.0,0.0,0.0
86219,2022-07-01,3.0,0.0,0.0,0.0,0.0,0.0
86320,2019-06-01,1.0,0.0,0.0,0.0,1.0,0.0
86320,2020-09-01,0.0,0.0,1.0,0.0,0.0,0.0
86320,2021-01-01,0.0,0.0,0.0,1.0,0.0,0.0
86320,2021-04-01,2.0,0.0,0.0,0.0,0.0,0.0
86320,2021-06-01,1.0,0.0,0.0,0.0,0.0,0.0
86320,2021-12-01,0.0,0.0,0.0,1.0,0.0,0.0
86568,2019-06-01,1.0,0.0,0.0,0.0,0.0,0.0
86568,2020-12-01,2.0,0.0,0.0,0.0,0.0,1.0
86568,2021-02-01,0.0,0.0,1.0,0.0,0.0,0.0
86568,2021-05-01,1.0,0.0,0.0,1.0,0.0,0.0
86568,2021-06-01,1.0,0.0,0.0,0.0,0.0,0.0
86568,2021-07-01,1.0,0.0,0.0,0.0,0.0,0.0
86568,2022-03-01,3.0,0.0,0.0,0.0,0.0,0.0
86568,2022-04-01,3.0,0.0,0.0,0.0,0.0,0.0
86568,2022-08-01,0.0,0.0,3.0,0.0,0.0,0.0
86569,2019-05-01,1.0,0.0,0.0,0.0,0.0,0.0
86569,2019-06-01,1.0,0.0,0.0,0.0,0.0,0.0
86569,2019-10-01,0.0,0.0,1.0,0.0,0.0,0.0
86569,2020-01-01,0.0,0.0,1.0,0.0,0.0,0.0
86569,2020-06-01,0.0,0.0,1.0,0.0,0.0,0.0
86569,2020-11-01,0.0,0.0,1.0,0.0,0.0,0.0
86569,2021-05-01,1.0,0.0,0.0,0.0,0.0,0.0
86569,2021-06-01,1.0,0.0,0.0,0.0,0.0,0.0
86569,2021-07-01,1.0,0.0,0.0,0.0,0.0,0.0
86571,2019-05-01,1.0,0.0,0.0,0.0,0.0,0.0
86571,2020-10-01,1.0,0.0,0.0,0.0,0.0,0.0
86571,2021-02-01,0.0,0.0,1.0,0.0,0.0,0.0
86571,2021-06-01,1.0,0.0,0.0,0.0,0.0,0.0
86571,2021-07-01,1.0,0.0,0.0,0.0,0.0,0.0
86571,2021-10-01,1.0,0.0,0.0,0.0,0.0,0.0
86571,2022-05-01,0.0,3.0,0.0,0.0,0.0,0.0
86573,2019-06-01,1.0,0.0,0.0,0.0,0.0,0.0
86573,2020-11-01,0.0,0.0,1.0,0.0,0.0,0.0
86573,2021-07-01,1.0,0.0,0.0,0.0,0.0,0.0
86573,2022-04-01,0.0,0.0,3.0,0.0,0.0,0.0
86749,2019-05-01,1.0,0.0,0.0,0.0,0.0,0.0
86749,2019-06-01,1.0,0.0,0.0,0.0,0.0,0.0
86749,2020-06-01,1.0,0.0,0.0,0.0,0.0,0.0
86749,2020-07-01,1.0,0.0,0.0,0.0,0.0,0.0
86749,2021-07-01,0.0,0.0,0.0,0.0,1.0,0.0
86749,2021-10-01,0.0,0.0,0.0,0.0,1.0,0.0
86749,2022-04-01,6.0,0.0,0.0,0.0,0.0,0.0
86749,2022-07-01,3.0,3.0,0.0,0.0,0.0,0.0
86755,2019-06-01,1.0,1.0,0.0,0.0,1.0,0.0
86755,2020-07-01,1.0,0.0,0.0,0.0,0.0,0.0
86755,2021-05-01,1.0,0.0,0.0,0.0,0.0,0.0
86755,2021-07-01,0.0,0.0,0.0,0.0,1.0,0.0
86755,2022-07-01,3.0,0.0,0.0,3.0,3.0,0.0
86757,2020-05-01,0.0,0.0,0.0,1.0,0.0,0.0
86757,2020-09-01,0.0,0.0,1.0,0.0,0.0,0.0
86757,2021-06-01,1.0,0.0,0.0,0.0,0.0,0.0
86757,2022-03-01,0.0,3.0,0.0,0.0,0.0,0.0
86760,2019-05-01,3.0,0.0,0.0,0.0,0.0,0.0
86760,2019-06-01,1.0,1.0,1.0,0.0,0.0,0.0
86760,2020-07-01,1.0,0.0,0.0,0.0,0.0,0.0
86760,2021-03-01,0.0,1.0,0.0,0.0,0.0,0.0
86760,2021-06-01,1.0,0.0,0.0,0.0,0.0,0.0
86760,2021-07-01,1.0,0.0,0.0,0.0,0.0,0.0
86760,2022-07-01,3.0,0.0,0.0,0.0,0.0,0.0
86865,2019-05-01,1.0,0.0,0.0,0.0,0.0,0.0
86865,2019-06-01,0.0,0.0,0.0,0.0,1.0,0.0
86865,2020-11-01,1.0,0.0,0.0,0.0,0.0,0.0
86865,2021-03-01,0.0,0.0,1.0,0.0,0.0,0.0
86865,2021-06-01,1.0,0.0,0.0,0.0,0.0,0.0
86865,2021-10-01,1.0,0.0,0.0,0.0,0.0,0.0
86865,2022-04-01,3.0,0.0,0.0,0.0,0.0,0.0
86865,2022-05-01,3.0,0.0,0.0,0.0,0.0,0.0
86885,2019-05-01,0.0,1.0,0.0,0.0,0.0,0.0
86885,2019-06-01,1.0,0.0,0.0,0.0,0.0,0.0
86885,2019-12-01,1.0,0.0,0.0,0.0,0.0,0.0
86885,2021-01-01,1.0,1.0,0.0,0.0,0.0,0.0
86885,2021-06-01,1.0,0.0,0.0,0.0,0.0,0.0
86885,2021-10-01,1.0,0.0,0.0,0.0,0.0,0.0
88001,2019-05-01,0.0,0.0,1.0,0.0,0.0,0.0
88001,2019-11-01,0.0,1.0,1.0,0.0,0.0,0.0
88001,2020-01-01,0.0,1.0,0.0,0.0,0.0,0.0
88001,2020-11-01,0.0,0.0,2.0,0.0,0.0,0.0
88001,2022-05-01,3.0,0.0,0.0,0.0,0.0,0.0
88001,2022-07-01,0.0,0.0,3.0,0.0,0.0,0.0
88001,2022-08-01,0.0,0.0,3.0,0.0,0.0,0.0
88564,2020-11-01,0.0,0.0,1.0,0.0,0.0,0.0
91001,2019-07-01,0.0,1.0,0.0,0.0,0.0,0.0
91001,2021-10-01,0.0,0.0,1.0,0.0,0.0,0.0
91001,2022-02-01,3.0,0.0,0.0,0.0,0.0,0.0
91001,2022-03-01,0.0,3.0,0.0,0.0,0.0,0.0
91001,2022-08-01,0.0,0.0,3.0,0.0,0.0,0.0
91540,2020-08-01,0.0,1.0,0.0,0.0,0.0,0.0
91540,2021-06-01,1.0,0.0,0.0,0.0,0.0,0.0
91798,2020-04-01,0.0,1.0,0.0,0.0,0.0,0.0
94000,2019-03-01,0.0,0.0,1.0,0.0,0.0,0.0
94001,2019-03-01,0.0,0.0,3.0,0.0,0.0,0.0
94001,2019-08-01,1.0,0.0,0.0,0.0,0.0,0.0
94001,2019-11-01,0.0,0.0,1.0,0.0,0.0,0.0
94001,2020-03-01,0.0,0.0,1.0,0.0,0.0,0.0
94001,2020-09-01,0.0,0.0,1.0,0.0,0.0,0.0
95001,2019-04-01,0.0,0.0,1.0,0.0,0.0,0.0
95001,2019-06-01,1.0,0.0,0.0,0.0,0.0,0.0
95001,2019-09-01,0.0,1.0,0.0,0.0,0.0,0.0
95001,2020-03-01,0.0,0.0,1.0,0.0,0.0,0.0
95001,2021-04-01,1.0,0.0,0.0,0.0,0.0,0.0
95001,2021-05-01,3.0,0.0,0.0,0.0,0.0,0.0
95001,2022-05-01,3.0,0.0,0.0,0.0,0.0,0.0
95001,2022-08-01,3.0,0.0,0.0,0.0,0.0,0.0
95025,2020-09-01,0.0,0.0,1.0,0.0,0.0,0.0
95025,2021-02-01,0.0,0.0,1.0,0.0,0.0,0.0
95200,2019-09-01,1.0,0.0,0.0,0.0,0.0,0.0
95200,2021-05-01,3.0,0.0,0.0,0.0,0.0,0.0
97001,2019-06-01,1.0,0.0,0.0,0.0,0.0,0.0
97001,2019-07-01,2.0,0.0,1.0,0.0,0.0,0.0
97001,2019-09-01,0.0,0.0,1.0,0.0,0.0,0.0
97001,2020-08-01,0.0,0.0,1.0,0.0,0.0,0.0
97001,2021-05-01,2.0,0.0,0.0,0.0,0.0,0.0
97001,2021-09-01,0.0,0.0,1.0,0.0,0.0,0.0
97001,2022-05-01,9.0,0.0,0.0,0.0,0.0,0.0
97001,2022-09-01,0.0,3.0,0.0,0.0,0.0,0.0
97889,2022-09-01,0.0,0.0,3.0,0.0,0.0,0.0
99001,2019-02-01,0.0,0.0,1.0,0.0,0.0,0.0
99001,2019-04-01,0.0,0.0,1.0,0.0,0.0,0.0
99001,2019-07-01,2.0,0.0,0.0,0.0,0.0,0.0
99001,2020-04-01,0.0,0.0,1.0,0.0,0.0,0.0
99001,2020-11-01,1.0,0.0,0.0,0.0,0.0,0.0
99001,2021-06-01,0.0,0.0,0.0,1.0,0.0,0.0
99001,2021-07-01,1.0,0.0,0.0,0.0,0.0,0.0
99001,2021-08-01,1.0,0.0,0.0,0.0,0.0,0.0
99001,2021-09-01,0.0,0.0,1.0,0.0,0.0,0.0
99001,2021-10-01,0.0,0.0,1.0,0.0,0.0,0.0
99001,2022-07-01,6.0,0.0,0.0,0.0,0.0,0.0
99001,2022-08-01,0.0,0.0,3.0,0.0,0.0,0.0
99524,2019-05-01,1.0,0.0,0.0,0.0,0.0,0.0
99524,2021-05-01,1.0,0.0,0.0,0.0,0.0,0.0
99624,2021-05-01,2.0,0.0,0.0,0.0,0.0,0.0
99773,2021-07-01,1.0,0.0,0.0,0.0,0.0,0.0
